"id","name","isFork","commits","branches","releases","forks","mainLanguage","defaultBranch","license","homepage","watchers","stargazers","contributors","size","createdAt","pushedAt","updatedAt","totalIssues","openIssues","totalPullRequests","openPullRequests","blankLines","codeLines","commentLines","metrics","lastCommit","lastCommitSHA","hasWiki","isArchived","isDisabled","isLocked","languages","labels","topics"
"3984984","sosreport/sos",false,"4864","40","33","542","Python","main","GNU General Public License v2.0","http://sos.rtfd.org","43","511","301","20141","2011-07-11T04:58:15","2024-11-07T05:25:08","2024-11-07T05:25:12","1105","67","2710","46","12485","40553","15860","[{""language"":""Diff"",""blankLines"":1,""codeLines"":3,""commentLines"":7},{""language"":""JSON"",""blankLines"":0,""codeLines"":2,""commentLines"":0},{""language"":""Bourne Shell"",""blankLines"":31,""codeLines"":249,""commentLines"":37},{""language"":""PO File"",""blankLines"":2343,""codeLines"":6711,""commentLines"":2730},{""language"":""make"",""blankLines"":4,""codeLines"":9,""commentLines"":2},{""language"":""Text"",""blankLines"":9,""codeLines"":32,""commentLines"":0},{""language"":""YAML"",""blankLines"":50,""codeLines"":665,""commentLines"":28},{""language"":""reStructuredText"",""blankLines"":46,""codeLines"":57,""commentLines"":48},{""language"":""Markdown"",""blankLines"":57,""codeLines"":120,""commentLines"":0},{""language"":""Python"",""blankLines"":9934,""codeLines"":32646,""commentLines"":13008},{""language"":""INI"",""blankLines"":10,""codeLines"":59,""commentLines"":0}]","2024-11-07T05:25:08","44fae1638b750f0f1f00c9a614351082b611b8f8",true,false,false,false,"{""Python"":1992542,""Shell"":2262}","ack (ready for merge);affects ubuntu;changes needed;enhancement;feature request;good first issue;needs second ack;patch formatting;quick change;release note;rh qe;security",""
"3984988","enthought/traits",false,"3361","8","18","85","Python","main","Other",,"66","434","60","54850","2011-01-28T04:46:40","2024-10-07T08:29:32","2024-10-08T09:57:47","718","226","1082","5","18293","46464","19679","[{""language"":""DOS Batch"",""blankLines"":29,""codeLines"":212,""commentLines"":1},{""language"":""make"",""blankLines"":18,""codeLines"":89,""commentLines"":4},{""language"":""YAML"",""blankLines"":43,""codeLines"":241,""commentLines"":14},{""language"":""reStructuredText"",""blankLines"":2250,""codeLines"":5522,""commentLines"":1256},{""language"":""Markdown"",""blankLines"":0,""codeLines"":5,""commentLines"":0},{""language"":""TOML"",""blankLines"":5,""codeLines"":16,""commentLines"":0},{""language"":""Text"",""blankLines"":39,""codeLines"":343,""commentLines"":0},{""language"":""C"",""blankLines"":817,""codeLines"":4243,""commentLines"":826},{""language"":""HTML"",""blankLines"":2,""codeLines"":38,""commentLines"":0},{""language"":""Python"",""blankLines"":14924,""codeLines"":35027,""commentLines"":17560},{""language"":""CSS"",""blankLines"":166,""codeLines"":728,""commentLines"":18}]","2024-09-27T01:39:24","10954ebdccac9a1131e6cb978f75c00c3323fb63",true,false,false,false,"{""Python"":1991697,""C"":186961,""CSS"":808}","component: build;component: core;component: documentation;component: examples;component: test suite;component: trait-documenter;component: typing stubs;dependencies;easy;good first issue;needs traitsui 7.0;porting: backported to 6.1;porting: backported to 6.2;porting: backported to 6.3;porting: needs backport to 6.4;priority: blocking;priority: high;priority: low;resolution: done;resolution: duplicate;resolution: not a bug;resolution: out of date;resolution: rejected;resolution: third party;resolution: won't fix;topic: cython port;topic: hastraits initialization;topic: on_trait_change performance;topic: traits listener rework;type: bug;type: cleanup;type: discussion;type: enhancement;type: performance;type: refactor","attributes;dataclasses;gui;observer-pattern;python;runtime-typechecking;types"
"3985018","prody/prody",false,"9326","1","13","157","Python","main","Other","http://prody.csb.pitt.edu","25","433","49","133139","2010-10-31T03:57:43","2024-10-30T11:59:44","2024-10-30T11:59:49","693","63","1268","27","24406","96773","20608","[{""language"":""JSON"",""blankLines"":0,""codeLines"":1,""commentLines"":0},{""language"":""DOS Batch"",""blankLines"":0,""codeLines"":16,""commentLines"":0},{""language"":""Fortran 77"",""blankLines"":0,""codeLines"":6594,""commentLines"":2901},{""language"":""make"",""blankLines"":18,""codeLines"":56,""commentLines"":2},{""language"":""YAML"",""blankLines"":5,""codeLines"":33,""commentLines"":4},{""language"":""Lex"",""blankLines"":24,""codeLines"":195,""commentLines"":0},{""language"":""C/C++ Header"",""blankLines"":1847,""codeLines"":6925,""commentLines"":1311},{""language"":""TOML"",""blankLines"":0,""codeLines"":2,""commentLines"":0},{""language"":""C++"",""blankLines"":229,""codeLines"":862,""commentLines"":298},{""language"":""Text"",""blankLines"":13,""codeLines"":881,""commentLines"":0},{""language"":""JavaScript"",""blankLines"":95,""codeLines"":734,""commentLines"":177},{""language"":""XML"",""blankLines"":2,""codeLines"":1728,""commentLines"":0},{""language"":""Markdown"",""blankLines"":64,""codeLines"":110,""commentLines"":0},{""language"":""SVG"",""blankLines"":2,""codeLines"":5683,""commentLines"":2},{""language"":""reStructuredText"",""blankLines"":2355,""codeLines"":4302,""commentLines"":783},{""language"":""C"",""blankLines"":2484,""codeLines"":14732,""commentLines"":2562},{""language"":""HTML"",""blankLines"":52,""codeLines"":562,""commentLines"":4},{""language"":""Python"",""blankLines"":17055,""codeLines"":52573,""commentLines"":12520},{""language"":""CSS"",""blankLines"":161,""codeLines"":784,""commentLines"":44}]","2024-10-30T11:59:44","c49a2b2a97601ca2ab3f83af954a4d39beead146",true,false,false,false,"{""Python"":2855582,""C"":571675,""Fortran"":305467,""C++"":292041,""Lex"":7402,""Roff"":7402,""Makefile"":804,""Batchfile"":515}","archived;bug;enhancement;feature request","dynamics;protein;python"
"3985027","plone/products.cmfplone",false,"6287","71","0","191","Python","master","GNU General Public License v2.0","https://plone.org","172","254","169","130725","2011-09-25T01:41:32","2024-11-08T06:49:34","2024-11-08T02:46:57","2573","491","1475","17","13894","59486","4810","[{""language"":""TOML"",""blankLines"":10,""codeLines"":76,""commentLines"":7},{""language"":""SVG"",""blankLines"":0,""codeLines"":23,""commentLines"":1},{""language"":""Python"",""blankLines"":6396,""codeLines"":28719,""commentLines"":4316},{""language"":""CSS"",""blankLines"":0,""codeLines"":12,""commentLines"":0},{""language"":""INI"",""blankLines"":13,""codeLines"":101,""commentLines"":0},{""language"":""Cucumber"",""blankLines"":1,""codeLines"":5,""commentLines"":0},{""language"":""Text"",""blankLines"":339,""codeLines"":1016,""commentLines"":0},{""language"":""HTML"",""blankLines"":0,""codeLines"":4,""commentLines"":0},{""language"":""XML"",""blankLines"":1510,""codeLines"":13464,""commentLines"":90},{""language"":""reStructuredText"",""blankLines"":4381,""codeLines"":12676,""commentLines"":36},{""language"":""Jinja Template"",""blankLines"":5,""codeLines"":10,""commentLines"":0},{""language"":""RobotFramework"",""blankLines"":868,""codeLines"":2399,""commentLines"":317},{""language"":""JavaScript"",""blankLines"":1,""codeLines"":25,""commentLines"":1},{""language"":""YAML"",""blankLines"":1,""codeLines"":35,""commentLines"":2},{""language"":""Markdown"",""blankLines"":369,""codeLines"":921,""commentLines"":40}]","2024-11-08T02:46:52","cc765117de2b3b60cea9d0a5d58ce9ffa7a6d82c",false,false,false,false,"{""Python"":1487145,""RobotFramework"":130167,""Roff"":825,""JavaScript"":534,""Gherkin"":291,""CSS"":187,""HTML"":43}","01 type: bug;02 type: regression;03 type: feature (plip);04 type: enhancement;05 type: question;11 prio: blocker;12 prio: high;13 prio: normal;14 prio: low;21 status: confirmed;22 status: in-progress;23 status: testing;24 status: ready;25 status: deferred;31 needs: help;32 needs: review;33 needs: docs;34 needs: tests;35 needs: rebase;36 needs: cla;37 needs: release;41 lvl: easy;42 lvl: moderate;43 lvl: complex;51 target: patch;52 target: minor;53 target: major;99 hacktoberfest-accepted;99 tag: bssp;99 tag: cleanup;99 tag: dependencies;99 tag: documentation;99 tag: migration;99 tag: need an implementer;99 tag: plip 13260: remove cmf;99 tag: plip 3211 es6;99 tag: plone 5.2;99 tag: plone 6.0;99 tag: resource registry;99 tag: sprint;99 tag: ux accessibility;99 tag: ux editor;99 tag: ux integrator/themer;99 tag: ux site admin","hacktoberfest"
"3985711","camptocamp/c2cgeoportal",false,"19140","36","69","46","Python","master","Other","http://geomapfish.org","26","64","45","385877","2011-12-07T01:42:59","2024-11-09T08:05:43","2024-11-08T07:31:22","1032","5","10482","10","13684","69863","12861","[{""language"":""Properties"",""blankLines"":0,""codeLines"":10,""commentLines"":0},{""language"":""YAML"",""blankLines"":552,""codeLines"":10014,""commentLines"":466},{""language"":""Markdown"",""blankLines"":96,""codeLines"":191,""commentLines"":0},{""language"":""Bourne Shell"",""blankLines"":1,""codeLines"":7,""commentLines"":3},{""language"":""reStructuredText"",""blankLines"":2784,""codeLines"":3618,""commentLines"":2761},{""language"":""make"",""blankLines"":115,""codeLines"":557,""commentLines"":12},{""language"":""Bazel"",""blankLines"":1,""codeLines"":2,""commentLines"":0},{""language"":""Jinja Template"",""blankLines"":61,""codeLines"":442,""commentLines"":197},{""language"":""XML"",""blankLines"":167,""codeLines"":2840,""commentLines"":13},{""language"":""JavaScript"",""blankLines"":26,""codeLines"":177,""commentLines"":13},{""language"":""SQL"",""blankLines"":29,""codeLines"":297,""commentLines"":13},{""language"":""SVG"",""blankLines"":1,""codeLines"":91,""commentLines"":1},{""language"":""PO File"",""blankLines"":4,""codeLines"":40,""commentLines"":12},{""language"":""Text"",""blankLines"":54,""codeLines"":424,""commentLines"":0},{""language"":""Python"",""blankLines"":9404,""codeLines"":35410,""commentLines"":9039},{""language"":""CSS"",""blankLines"":23,""codeLines"":210,""commentLines"":71},{""language"":""INI"",""blankLines"":106,""codeLines"":419,""commentLines"":0},{""language"":""HTML"",""blankLines"":0,""codeLines"":164,""commentLines"":0},{""language"":""JSON"",""blankLines"":0,""codeLines"":13632,""commentLines"":0},{""language"":""Bourne Again Shell"",""blankLines"":89,""codeLines"":445,""commentLines"":141},{""language"":""JSON5"",""blankLines"":0,""codeLines"":203,""commentLines"":60},{""language"":""Dockerfile"",""blankLines"":140,""codeLines"":445,""commentLines"":57},{""language"":""Mako"",""blankLines"":15,""codeLines"":48,""commentLines"":0},{""language"":""TOML"",""blankLines"":16,""codeLines"":177,""commentLines"":2}]","2024-11-08T07:31:17","1c5d72334c89fc8cb7ea7cadb8efd87a8a586aed",true,false,false,false,"{""Python"":2116414,""PLpgSQL"":1595539,""Jinja"":30278,""Shell"":25011,""Makefile"":24290,""Dockerfile"":22900,""CSS"":7552,""JavaScript"":6048,""HTML"":4372,""Mako"":2352,""Starlark"":56}","autorebase:once;autorebase:opt-in;backport 2.6;backport 2.7;backport 2.8;backport 2.9;backport master;breaking;bug;chore;configuration error;dependencies;docker;documentation;enhancement;javascript;pull request welcome;python;refactor;security;security fix;security vulnerability;tests","geomapfish;gis;ogc;python;webgis-framework"
"3985745","hasgeek/funnel",false,"4388","47","0","52","Python","main","GNU Affero General Public License v3.0","https://hasgeek.com/","17","46","32","19207","2011-06-02T06:48:00","2024-11-05T12:09:54","2024-11-05T12:09:56","370","118","1761","19","21373","156888","16796","[{""language"":""make"",""blankLines"":41,""codeLines"":149,""commentLines"":1},{""language"":""Jinja Template"",""blankLines"":541,""codeLines"":10106,""commentLines"":266},{""language"":""YAML"",""blankLines"":19,""codeLines"":732,""commentLines"":19},{""language"":""Markdown"",""blankLines"":263,""codeLines"":390,""commentLines"":0},{""language"":""PO File"",""blankLines"":2072,""codeLines"":3610,""commentLines"":3558},{""language"":""JavaScript"",""blankLines"":816,""codeLines"":10992,""commentLines"":406},{""language"":""Bourne Shell"",""blankLines"":13,""codeLines"":85,""commentLines"":6},{""language"":""Sass"",""blankLines"":1629,""codeLines"":10615,""commentLines"":611},{""language"":""SVG"",""blankLines"":2,""codeLines"":2072,""commentLines"":4},{""language"":""TOML"",""blankLines"":370,""codeLines"":7190,""commentLines"":189},{""language"":""Text"",""blankLines"":122,""codeLines"":2720,""commentLines"":0},{""language"":""Python"",""blankLines"":12686,""codeLines"":66439,""commentLines"":10539},{""language"":""CSS"",""blankLines"":946,""codeLines"":10737,""commentLines"":309},{""language"":""Cucumber"",""blankLines"":95,""codeLines"":626,""commentLines"":10},{""language"":""INI"",""blankLines"":16,""codeLines"":81,""commentLines"":0},{""language"":""HTML"",""blankLines"":0,""codeLines"":165,""commentLines"":0},{""language"":""JSON"",""blankLines"":0,""codeLines"":19197,""commentLines"":0},{""language"":""Ruby"",""blankLines"":0,""codeLines"":7,""commentLines"":3},{""language"":""SCSS"",""blankLines"":1690,""codeLines"":10775,""commentLines"":858},{""language"":""Dockerfile"",""blankLines"":29,""codeLines"":140,""commentLines"":15},{""language"":""reStructuredText"",""blankLines"":7,""codeLines"":10,""commentLines"":0},{""language"":""Mako"",""blankLines"":16,""codeLines"":50,""commentLines"":2}]","2024-11-05T12:09:52","a98f6f5b026707085f410d8a4c24d61a30542869",true,false,false,false,"{""Python"":3087934,""Jinja"":568222,""JavaScript"":397505,""SCSS"":284217,""CSS"":232254,""Gherkin"":45907,""Dockerfile"":7934,""Makefile"":6762,""HTML"":5142,""Shell"":4406,""Mako"":1813,""Ruby"":372}","bug;code-architecture;data-model;dependencies;devops;duplicate;enhancement;evaluate;feature;javascript;later;markdown;membership;notifications;parked;priority-hi;priority-low;priority-medium;python;sanity;spam;tests;ui;unmerged-feature;wontfix","flask;flask-application;hacktoberfest;python"
"3985752","slapos/slapos",false,"16466","296","0","21","Python","master",,"https://slapos.nexedi.com","11","38","41","95630","2011-05-31T11:46:00","2024-11-08T04:58:05","2024-11-08T12:47:26","0","0","4","0","10420","116946","22375","[{""language"":""JSON"",""blankLines"":6,""codeLines"":11688,""commentLines"":0},{""language"":""Diff"",""blankLines"":2387,""codeLines"":58602,""commentLines"":11943},{""language"":""Jinja Template"",""blankLines"":526,""codeLines"":3888,""commentLines"":128},{""language"":""Markdown"",""blankLines"":291,""codeLines"":694,""commentLines"":0},{""language"":""Text"",""blankLines"":58,""codeLines"":5315,""commentLines"":0},{""language"":""Lua"",""blankLines"":3,""codeLines"":11,""commentLines"":0},{""language"":""INI"",""blankLines"":3,""codeLines"":12,""commentLines"":0},{""language"":""JavaScript"",""blankLines"":5,""codeLines"":132,""commentLines"":167},{""language"":""Bourne Shell"",""blankLines"":13,""codeLines"":116,""commentLines"":23},{""language"":""TOML"",""blankLines"":4,""codeLines"":43,""commentLines"":0},{""language"":""Bourne Again Shell"",""blankLines"":368,""codeLines"":1755,""commentLines"":628},{""language"":""C"",""blankLines"":15,""codeLines"":53,""commentLines"":29},{""language"":""reStructuredText"",""blankLines"":632,""codeLines"":1362,""commentLines"":115},{""language"":""HTML"",""blankLines"":4,""codeLines"":71,""commentLines"":0},{""language"":""Python"",""blankLines"":6088,""codeLines"":32430,""commentLines"":9336},{""language"":""XML"",""blankLines"":17,""codeLines"":774,""commentLines"":6}]","2024-11-08T12:47:19","2e5c7422b3f273161e0acbf1262aed0f8a7b161b",false,false,false,false,"{""Python"":1703438,""Jinja"":164223,""Shell"":145542,""PLpgSQL"":25129,""JavaScript"":12778,""PHP"":7309,""C"":3132,""HTML"":2004,""Lua"":244}","dependencies",""
"3985913","tinkerforge/generators",false,"5585","2","0","32","Python","master",,"http://www.tinkerforge.com/en/doc/Software/API_Bindings.html","14","14","15","21739","2011-08-24T01:38:48","2024-10-25T12:34:19","2024-10-25T12:34:22","24","2","37","3","48768","202118","65000","[{""language"":""Go"",""blankLines"":246,""codeLines"":1427,""commentLines"":164},{""language"":""Ruby"",""blankLines"":260,""codeLines"":967,""commentLines"":184},{""language"":""make"",""blankLines"":63,""codeLines"":183,""commentLines"":23},{""language"":""TOML"",""blankLines"":0,""codeLines"":7,""commentLines"":0},{""language"":""C/C++ Header"",""blankLines"":886,""codeLines"":1980,""commentLines"":1999},{""language"":""Text"",""blankLines"":1055,""codeLines"":4416,""commentLines"":0},{""language"":""Properties"",""blankLines"":4,""codeLines"":10,""commentLines"":12},{""language"":""Pascal"",""blankLines"":288,""codeLines"":2349,""commentLines"":312},{""language"":""Maven"",""blankLines"":5,""codeLines"":32,""commentLines"":0},{""language"":""JavaScript"",""blankLines"":13451,""codeLines"":57274,""commentLines"":13328},{""language"":""Perl"",""blankLines"":668,""codeLines"":2046,""commentLines"":179},{""language"":""Rust"",""blankLines"":283,""codeLines"":1800,""commentLines"":429},{""language"":""Bourne Shell"",""blankLines"":57,""codeLines"":115,""commentLines"":38},{""language"":""reStructuredText"",""blankLines"":36,""codeLines"":111,""commentLines"":0},{""language"":""MATLAB"",""blankLines"":53,""codeLines"":146,""commentLines"":24},{""language"":""CSS"",""blankLines"":259,""codeLines"":1395,""commentLines"":40},{""language"":""Qt"",""blankLines"":0,""codeLines"":92,""commentLines"":0},{""language"":""HTML"",""blankLines"":40,""codeLines"":480,""commentLines"":33},{""language"":""JSON"",""blankLines"":0,""codeLines"":15507,""commentLines"":0},{""language"":""Dockerfile"",""blankLines"":19,""codeLines"":43,""commentLines"":19},{""language"":""Java"",""blankLines"":1449,""codeLines"":7694,""commentLines"":1285},{""language"":""C++"",""blankLines"":394,""codeLines"":1164,""commentLines"":87},{""language"":""CMake"",""blankLines"":29,""codeLines"":107,""commentLines"":20},{""language"":""Markdown"",""blankLines"":78,""codeLines"":233,""commentLines"":0},{""language"":""Snakemake"",""blankLines"":0,""codeLines"":12,""commentLines"":0},{""language"":""PHP"",""blankLines"":371,""codeLines"":1062,""commentLines"":329},{""language"":""XML"",""blankLines"":25,""codeLines"":367,""commentLines"":29},{""language"":""Arduino Sketch"",""blankLines"":35,""codeLines"":116,""commentLines"":46},{""language"":""MSBuild script"",""blankLines"":0,""codeLines"":11,""commentLines"":0},{""language"":""C#"",""blankLines"":430,""codeLines"":1960,""commentLines"":352},{""language"":""Visual Basic .NET"",""blankLines"":20,""codeLines"":81,""commentLines"":12},{""language"":""Python"",""blankLines"":26019,""codeLines"":91733,""commentLines"":44954},{""language"":""C"",""blankLines"":2240,""codeLines"":7165,""commentLines"":1088},{""language"":""Diff"",""blankLines"":5,""codeLines"":33,""commentLines"":14}]","2024-10-25T12:34:16","0d500065f4724398c1012488e3595761e981c3f2",true,false,false,false,"{""Python"":6075521,""JavaScript"":3563666,""C"":478869,""Java"":414028,""Rust"":111124,""Pascal"":86464,""C#"":69520,""Perl"":65909,""Go"":54840,""PHP"":51155,""C++"":50989,""CSS"":50750,""Ruby"":41363,""HTML"":26218,""Mathematica"":10559,""CMake"":7320,""Makefile"":6093,""MATLAB"":6092,""Shell"":5586,""Visual Basic .NET"":4082,""Dockerfile"":3106}","",""
"3985924","locustio/locust",false,"5438","143","129","2989","Python","master","MIT License","https://locust.cloud","426","25017","270","28098","2011-02-17T11:08:03","2024-11-09T07:28:06","2024-11-10T07:04:02","1682","16","1246","7","8987","34126","4299","[{""language"":""TOML"",""blankLines"":30,""codeLines"":189,""commentLines"":4},{""language"":""CSV"",""blankLines"":0,""codeLines"":2,""commentLines"":0},{""language"":""HTML"",""blankLines"":9,""codeLines"":94,""commentLines"":1},{""language"":""Text"",""blankLines"":0,""codeLines"":17,""commentLines"":0},{""language"":""Python"",""blankLines"":5367,""codeLines"":21664,""commentLines"":3186},{""language"":""CSS"",""blankLines"":0,""codeLines"":8,""commentLines"":1},{""language"":""TypeScript"",""blankLines"":1142,""codeLines"":6840,""commentLines"":32},{""language"":""Dockerfile"",""blankLines"":10,""codeLines"":50,""commentLines"":17},{""language"":""JSON"",""blankLines"":0,""codeLines"":239,""commentLines"":0},{""language"":""reStructuredText"",""blankLines"":1492,""codeLines"":2205,""commentLines"":928},{""language"":""HCL"",""blankLines"":15,""codeLines"":76,""commentLines"":3},{""language"":""Bourne Shell"",""blankLines"":32,""codeLines"":122,""commentLines"":0},{""language"":""INI"",""blankLines"":6,""codeLines"":46,""commentLines"":7},{""language"":""JavaScript"",""blankLines"":24,""codeLines"":151,""commentLines"":75},{""language"":""make"",""blankLines"":11,""codeLines"":33,""commentLines"":2},{""language"":""YAML"",""blankLines"":65,""codeLines"":423,""commentLines"":43},{""language"":""Protocol Buffers"",""blankLines"":4,""codeLines"":11,""commentLines"":0},{""language"":""Markdown"",""blankLines"":742,""codeLines"":1583,""commentLines"":0},{""language"":""Sass"",""blankLines"":38,""codeLines"":373,""commentLines"":0}]","2024-11-09T07:28:06","6b40e2649ad57ce3340219b7fb678724b29652c3",true,false,false,false,"{""Python"":1036860,""TypeScript"":225516,""JavaScript"":17567,""Sass"":10400,""HTML"":3201,""Dockerfile"":1642,""Makefile"":1458,""Shell"":478}","bug;cantfix;dependencies;documentation;duplicate;feature request;hacktoberfest;invalid;needs reproducing;no-changelog;non-critical;priority;stale;waiting on contributor;web interface;windows;wontfix","benchmarking;hacktoberfest;http;load-generator;load-test;load-testing;load-tests;locust;performance;performance-testing;python"
"3985931","tweepy/tweepy",false,"3099","2","31","4607","Python","master","MIT License","https://www.tweepy.org","266","10396","198","13857","2009-07-06T04:15:34","2024-08-01T05:55:26","2024-08-02T08:42:03","1283","71","575","29","7089","87672","14558","[{""language"":""DOS Batch"",""blankLines"":8,""codeLines"":26,""commentLines"":1},{""language"":""PO File"",""blankLines"":3062,""codeLines"":12687,""commentLines"":4161},{""language"":""JSON"",""blankLines"":0,""codeLines"":6773,""commentLines"":0},{""language"":""JavaScript"",""blankLines"":1,""codeLines"":10,""commentLines"":8},{""language"":""YAML"",""blankLines"":7,""codeLines"":60180,""commentLines"":0},{""language"":""Markdown"",""blankLines"":145,""codeLines"":1115,""commentLines"":0},{""language"":""reStructuredText"",""blankLines"":786,""codeLines"":916,""commentLines"":1534},{""language"":""make"",""blankLines"":4,""codeLines"":9,""commentLines"":7},{""language"":""Text"",""blankLines"":2,""codeLines"":8,""commentLines"":0},{""language"":""Python"",""blankLines"":3074,""codeLines"":5948,""commentLines"":8847}]","2024-02-06T05:33:45","91a41c6e1c955d278c370d51d5cf43b05f7cd979",false,false,false,false,"{""Python"":624974}","api;blocked;bug;dependency;discussion;documentation;duplicate;feature;feature request;improvement;invalid;need follow-up;no reproduction;off-topic;question;rfc;stale;task;tests;unconfirmed bug;won't fix","python;twitter;twitter-api"
"3985943","pylons/pyramid",false,"11903","19","0","884","Python","main","Other","https://trypyramid.com/","163","3959","279","25453","2010-10-24T10:00:35","2024-10-26T09:29:26","2024-10-26T10:15:59","1055","71","2706","6","28367","89568","19082","[{""language"":""Mako"",""blankLines"":5,""codeLines"":17,""commentLines"":0},{""language"":""Text"",""blankLines"":405,""codeLines"":748,""commentLines"":0},{""language"":""YAML"",""blankLines"":7,""codeLines"":107,""commentLines"":7},{""language"":""Markdown"",""blankLines"":68,""codeLines"":139,""commentLines"":0},{""language"":""INI"",""blankLines"":390,""codeLines"":1352,""commentLines"":0},{""language"":""Bourne Shell"",""blankLines"":4,""codeLines"":17,""commentLines"":1},{""language"":""make"",""blankLines"":17,""codeLines"":86,""commentLines"":4},{""language"":""Jinja Template"",""blankLines"":67,""codeLines"":566,""commentLines"":0},{""language"":""SVG"",""blankLines"":0,""codeLines"":6,""commentLines"":0},{""language"":""PO File"",""blankLines"":6,""codeLines"":36,""commentLines"":15},{""language"":""TOML"",""blankLines"":41,""codeLines"":342,""commentLines"":2},{""language"":""Python"",""blankLines"":13459,""codeLines"":45516,""commentLines"":9263},{""language"":""CSS"",""blankLines"":0,""codeLines"":161,""commentLines"":0},{""language"":""reStructuredText"",""blankLines"":13732,""codeLines"":28412,""commentLines"":9756},{""language"":""HTML"",""blankLines"":0,""codeLines"":14,""commentLines"":4},{""language"":""JSON"",""blankLines"":0,""codeLines"":8,""commentLines"":0},{""language"":""XML"",""blankLines"":166,""codeLines"":12041,""commentLines"":30}]","2024-06-10T04:09:42","ef0f6861e5b439afe43983f6c7437c30a413a34d",true,false,false,false,"{""Python"":2137986}","blocked-external-lib;bugs;cookiecutters/scaffolds;dependencies;do-not-merge;docoverhaul;docs;feature-request;packaging;question;recreational;security;should-backport;sprintable","pylons;pyramid;python;web-framework;wsgi"
"3985982","tahoe-lafs/tahoe-lafs",false,"15864","184","1","246","Python","master","Other","https://tahoe-lafs.org/","64","1300","70","81448","2011-12-18T07:33:55","2024-11-08T06:05:27","2024-11-08T06:05:33","0","0","1378","21","30934","137310","27962","[{""language"":""Text"",""blankLines"":596,""codeLines"":3710,""commentLines"":0},{""language"":""Python"",""blankLines"":18774,""codeLines"":89456,""commentLines"":26225},{""language"":""CSS"",""blankLines"":73,""codeLines"":4290,""commentLines"":49},{""language"":""INI"",""blankLines"":29,""codeLines"":216,""commentLines"":0},{""language"":""Bourne Again Shell"",""blankLines"":6,""codeLines"":14,""commentLines"":1},{""language"":""Dockerfile"",""blankLines"":18,""codeLines"":97,""commentLines"":19},{""language"":""XHTML"",""blankLines"":198,""codeLines"":1240,""commentLines"":13},{""language"":""JSON"",""blankLines"":0,""codeLines"":38,""commentLines"":0},{""language"":""Lisp"",""blankLines"":15,""codeLines"":89,""commentLines"":17},{""language"":""TOML"",""blankLines"":10,""codeLines"":66,""commentLines"":8},{""language"":""reStructuredText"",""blankLines"":4274,""codeLines"":13234,""commentLines"":856},{""language"":""Markdown"",""blankLines"":12,""codeLines"":43,""commentLines"":0},{""language"":""Bourne Shell"",""blankLines"":110,""codeLines"":324,""commentLines"":174},{""language"":""XML"",""blankLines"":8,""codeLines"":85,""commentLines"":2},{""language"":""make"",""blankLines"":86,""codeLines"":374,""commentLines"":64},{""language"":""YAML"",""blankLines"":6643,""codeLines"":12289,""commentLines"":265},{""language"":""Nix"",""blankLines"":66,""codeLines"":385,""commentLines"":240},{""language"":""Diff"",""blankLines"":1,""codeLines"":4,""commentLines"":7},{""language"":""Cucumber"",""blankLines"":0,""codeLines"":2,""commentLines"":0},{""language"":""SVG"",""blankLines"":15,""codeLines"":11354,""commentLines"":22}]","2024-11-08T06:05:27","6cf67471f1ccb00bf72cd6574fdd1deb9259df9e",false,false,false,false,"{""Python"":5322284,""HTML"":49192,""Nix"":23604,""Shell"":19183,""Makefile"":9309,""CSS"":7193,""Emacs Lisp"":4634,""Gherkin"":297,""Dockerfile"":146,""Rich Text Format"":102}","benchmarking and performance;http storage protocol;nevow removal;not-for-merge;python 3 porting",""
"3985996","inducer/pyopencl",false,"3385","18","22","242","Python","main","Other","http://mathema.tician.de/software/pyopencl","50","1062","77","5802","2011-04-06T02:51:33","2024-10-18T06:58:53","2024-10-18T06:59:03","341","62","412","14","10216","29786","10246","[{""language"":""Bourne Shell"",""blankLines"":31,""codeLines"":60,""commentLines"":5},{""language"":""make"",""blankLines"":5,""codeLines"":11,""commentLines"":7},{""language"":""YAML"",""blankLines"":75,""codeLines"":494,""commentLines"":13},{""language"":""C/C++ Header"",""blankLines"":1265,""codeLines"":5917,""commentLines"":527},{""language"":""Vim Script"",""blankLines"":18,""codeLines"":36,""commentLines"":30},{""language"":""reStructuredText"",""blankLines"":1023,""codeLines"":958,""commentLines"":1249},{""language"":""Markdown"",""blankLines"":11,""codeLines"":41,""commentLines"":0},{""language"":""Python"",""blankLines"":6886,""codeLines"":16317,""commentLines"":7303},{""language"":""INI"",""blankLines"":8,""codeLines"":24,""commentLines"":0},{""language"":""OpenCL"",""blankLines"":441,""codeLines"":2938,""commentLines"":616},{""language"":""Jupyter Notebook"",""blankLines"":0,""codeLines"":22,""commentLines"":182},{""language"":""TOML"",""blankLines"":20,""codeLines"":182,""commentLines"":5},{""language"":""CMake"",""blankLines"":43,""codeLines"":165,""commentLines"":16},{""language"":""C++"",""blankLines"":380,""codeLines"":2597,""commentLines"":293},{""language"":""Text"",""blankLines"":10,""codeLines"":24,""commentLines"":0}]","2024-10-18T06:58:53","f842a999735ff8a3ae043efe7e96598586130d99",false,false,false,false,"{""Python"":756299,""C++"":302463,""C"":178438,""CMake"":7864,""Shell"":3680,""Vim Script"":2379,""Makefile"":323}","bug;dependencies;enhancement;need-info;reviewed;seeking-patch","amd;array;cuda;gpu;heterogeneous-parallel-programming;multidimensional-arrays;nvidia;opencl;opengl;parallel-algorithm;parallel-computing;performance;prefix-sum;pyopencl;python;reduction;scientific-computing;shared-memory;sorting"
"3986001","openstates/openstates-scrapers",false,"20868","127","0","465","Python","main","GNU General Public License v3.0","https://openstates.org","51","845","156","31493","2009-02-26T10:49:19","2024-11-09T06:20:28","2024-11-09T06:20:32","1509","2","3536","0","10217","59566","5047","[{""language"":""TOML"",""blankLines"":6,""codeLines"":39,""commentLines"":0},{""language"":""YAML"",""blankLines"":15,""codeLines"":237,""commentLines"":8},{""language"":""Python"",""blankLines"":10143,""codeLines"":58639,""commentLines"":5010},{""language"":""Markdown"",""blankLines"":6,""codeLines"":22,""commentLines"":0},{""language"":""HTML"",""blankLines"":0,""codeLines"":34,""commentLines"":0},{""language"":""JSON"",""blankLines"":0,""codeLines"":354,""commentLines"":0},{""language"":""XML"",""blankLines"":0,""codeLines"":24,""commentLines"":0},{""language"":""Dockerfile"",""blankLines"":16,""codeLines"":108,""commentLines"":4},{""language"":""Bourne Shell"",""blankLines"":27,""codeLines"":103,""commentLines"":25},{""language"":""reStructuredText"",""blankLines"":4,""codeLines"":6,""commentLines"":0}]","2024-11-09T06:20:28","e71c68e548984a9c94acf893bb26c8c3dd71ad3a",false,false,false,false,"{""Python"":2690607,""Shell"":5442,""Dockerfile"":2147}","automatic;data enhancement;data quality;good first issue;help wanted;infrastructure;ready;upstream","government;hacktoberfest;python;scrapers;states;united-states"
"3986300","dimagi/commcare-hq",false,"182123","3198","0","217","Python","master","BSD 3-Clause New or Revised License","https://www.dimagi.com/open-source/","49","498","146","776225","2009-07-09T05:00:07","2024-11-09T02:14:54","2024-11-08T03:15:50","99","23","35240","254","213299","1275748","169140","[{""language"":""Bourne Again Shell"",""blankLines"":42,""codeLines"":452,""commentLines"":51},{""language"":""Dockerfile"",""blankLines"":15,""codeLines"":53,""commentLines"":11},{""language"":""JSON"",""blankLines"":519,""codeLines"":230467,""commentLines"":0},{""language"":""CSV"",""blankLines"":0,""codeLines"":9788,""commentLines"":0},{""language"":""XML"",""blankLines"":214,""codeLines"":28068,""commentLines"":11},{""language"":""PHP"",""blankLines"":7,""codeLines"":55,""commentLines"":14},{""language"":""YAML"",""blankLines"":143,""codeLines"":17013,""commentLines"":166},{""language"":""Markdown"",""blankLines"":2298,""codeLines"":6816,""commentLines"":27},{""language"":""Sass"",""blankLines"":369,""codeLines"":2264,""commentLines"":73},{""language"":""Python"",""blankLines"":105056,""codeLines"":500115,""commentLines"":49476},{""language"":""Less"",""blankLines"":861,""codeLines"":5258,""commentLines"":119},{""language"":""INI"",""blankLines"":7,""codeLines"":18,""commentLines"":0},{""language"":""XHTML"",""blankLines"":0,""codeLines"":29,""commentLines"":0},{""language"":""SCSS"",""blankLines"":811,""codeLines"":5115,""commentLines"":149},{""language"":""Text"",""blankLines"":787,""codeLines"":17576,""commentLines"":0},{""language"":""Bourne Shell"",""blankLines"":206,""codeLines"":1044,""commentLines"":266},{""language"":""JavaScript"",""blankLines"":13442,""codeLines"":122642,""commentLines"":13274},{""language"":""PO File"",""blankLines"":78847,""codeLines"":238889,""commentLines"":100247},{""language"":""Jinja Template"",""blankLines"":20,""codeLines"":88,""commentLines"":0},{""language"":""make"",""blankLines"":14,""codeLines"":49,""commentLines"":10},{""language"":""reStructuredText"",""blankLines"":4691,""codeLines"":10966,""commentLines"":3535},{""language"":""SVG"",""blankLines"":0,""codeLines"":144,""commentLines"":1},{""language"":""SQL"",""blankLines"":198,""codeLines"":1614,""commentLines"":149},{""language"":""HTML"",""blankLines"":4548,""codeLines"":73086,""commentLines"":1440},{""language"":""CSS"",""blankLines"":204,""codeLines"":4139,""commentLines"":121}]","2024-11-08T03:15:42","24bac47eb4b38275b92475a412a350b9641a55b1",false,false,false,false,"{""Python"":24640708,""JavaScript"":5547202,""HTML"":3287197,""Less"":135447,""SCSS"":131581,""CSS"":99133,""PLpgSQL"":72802,""Shell"":68269,""Jinja"":3193,""PHP"":2434,""Makefile"":2431,""Dockerfile"":2412,""Roff"":101}","awaiting qa;breaking-maintenance;cep;cep: done;core compatibility;dependencies;dependencies/javascript;github_actions;migration-maintenance;open for review: do not merge;product/ab-test;product/admin;product/all-users-all-environments;product/custom;product/feature-flag;product/invisible;product/prod-india-all-users;qa passed;qa post deploy;reindex/migration;risk: high;risk: medium","commcare-hq"
"3986715","openmc-dev/openmc",false,"15515","13","20","497","Python","develop","Other","https://docs.openmc.org","72","772","133","72836","2011-07-21T12:33:27","2024-11-09T07:33:14","2024-11-10T02:18:50","1097","306","2087","64","38537","158810","50498","[{""language"":""JSON"",""blankLines"":0,""codeLines"":3563,""commentLines"":0},{""language"":""Dockerfile"",""blankLines"":35,""codeLines"":170,""commentLines"":35},{""language"":""Specman e"",""blankLines"":0,""codeLines"":4,""commentLines"":0},{""language"":""CMake"",""blankLines"":110,""codeLines"":496,""commentLines"":120},{""language"":""TOML"",""blankLines"":6,""codeLines"":71,""commentLines"":0},{""language"":""C++"",""blankLines"":7160,""codeLines"":36685,""commentLines"":7277},{""language"":""make"",""blankLines"":23,""codeLines"":113,""commentLines"":5},{""language"":""Text"",""blankLines"":20,""codeLines"":5178,""commentLines"":0},{""language"":""TeX"",""blankLines"":41,""codeLines"":621,""commentLines"":6},{""language"":""INI"",""blankLines"":0,""codeLines"":5,""commentLines"":0},{""language"":""Bourne Shell"",""blankLines"":66,""codeLines"":224,""commentLines"":35},{""language"":""CSV"",""blankLines"":0,""codeLines"":75,""commentLines"":0},{""language"":""Markdown"",""blankLines"":74,""codeLines"":206,""commentLines"":24},{""language"":""C/C++ Header"",""blankLines"":3103,""codeLines"":7084,""commentLines"":4088},{""language"":""XML"",""blankLines"":496,""codeLines"":23057,""commentLines"":106},{""language"":""YAML"",""blankLines"":50,""codeLines"":712,""commentLines"":6},{""language"":""reStructuredText"",""blankLines"":5370,""codeLines"":14108,""commentLines"":4537},{""language"":""SVG"",""blankLines"":3,""codeLines"":1681,""commentLines"":26},{""language"":""Cython"",""blankLines"":93,""codeLines"":294,""commentLines"":143},{""language"":""C"",""blankLines"":9,""codeLines"":31,""commentLines"":17},{""language"":""Python"",""blankLines"":21869,""codeLines"":64396,""commentLines"":34071},{""language"":""CSS"",""blankLines"":5,""codeLines"":22,""commentLines"":2},{""language"":""HTML"",""blankLines"":4,""codeLines"":14,""commentLines"":0}]","2024-11-09T07:33:14","c05132cb0de27f9a5db39b7cb5a9882439c823d1",true,false,false,false,"{""Python"":4260952,""C++"":1978122,""CMake"":25056,""Cython"":17127,""C"":14492,""Dockerfile"":9116,""Shell"":8569}","Good for first-timers;approximations;bounty;bugs;build system;cmfd;community input requested;data;depletion;documentation;geometry;help wanted;i/o;merging soon;mgxs;multi-group mode;on hold;other enhancement;performance;plots;projects;python api;random ray;tallies;test suite;thermal scattering;valgrind;xml","computational-physics;high-performance-computing;monte-carlo-simulation;neutron-transport;neutronics;nuclear-data;nuclear-energy;nuclear-engineering;nuclear-fusion;openmc;particle-transport;photon-transport;radiation-transport"
"3986755","astropy/photutils",false,"7690","7","30","138","Python","main","BSD 3-Clause New or Revised License","https://photutils.readthedocs.io","21","248","54","25486","2011-10-25T02:39:28","2024-11-04T04:29:38","2024-11-05T06:45:43","558","38","1388","6","12593","33145","20979","[{""language"":""SVG"",""blankLines"":2,""codeLines"":1084,""commentLines"":2},{""language"":""TOML"",""blankLines"":28,""codeLines"":278,""commentLines"":7},{""language"":""make"",""blankLines"":22,""codeLines"":106,""commentLines"":5},{""language"":""Text"",""blankLines"":0,""codeLines"":87,""commentLines"":0},{""language"":""Cython"",""blankLines"":193,""codeLines"":520,""commentLines"":249},{""language"":""Python"",""blankLines"":9288,""codeLines"":23992,""commentLines"":18882},{""language"":""CSS"",""blankLines"":3,""codeLines"":9,""commentLines"":0},{""language"":""INI"",""blankLines"":17,""codeLines"":121,""commentLines"":0},{""language"":""Markdown"",""blankLines"":0,""codeLines"":1,""commentLines"":0},{""language"":""YAML"",""blankLines"":80,""codeLines"":509,""commentLines"":89},{""language"":""DOS Batch"",""blankLines"":21,""codeLines"":150,""commentLines"":1},{""language"":""reStructuredText"",""blankLines"":2939,""codeLines"":6288,""commentLines"":1744}]","2024-10-28T02:31:54","81d7a7810b853e49ceb1bae1a8423b65871ed006",true,false,false,false,"{""Python"":1873300,""Cython"":32146}","affects-dev;aperture;api change;arch ci;background;bug;build all wheels;centroids;close?;daily ci;datasets;dependencies;detection;do-not-merge;docs;duplicate;enhancement;epsf;extern;feature request;geometry;infrastructure;installation;isophote;merge-when-ci-passes;morphology;no-changelog-entry-needed;performance;profiles;psf;psf_matching;question;ready-for-final-review;refactoring;releases;segmentation;testing;upstream fix required;utils;weekly ci","astronomy;astropy;astropy-affiliated;photometry;python;source-detection"
"3986785","astropy/specutils",false,"3059","7","34","127","Python","main",,"http://specutils.readthedocs.io/en/latest/","25","169","78","17229","2011-10-14T04:11:38","2024-11-05T05:58:05","2024-11-05T05:58:09","586","182","599","11","6101","15204","7316","[{""language"":""TOML"",""blankLines"":0,""codeLines"":4,""commentLines"":0},{""language"":""YAML"",""blankLines"":32,""codeLines"":284,""commentLines"":13},{""language"":""Python"",""blankLines"":4809,""codeLines"":12926,""commentLines"":5825},{""language"":""CSS"",""blankLines"":3,""codeLines"":12,""commentLines"":0},{""language"":""INI"",""blankLines"":12,""codeLines"":85,""commentLines"":0},{""language"":""make"",""blankLines"":22,""codeLines"":106,""commentLines"":5},{""language"":""reStructuredText"",""blankLines"":1202,""codeLines"":1637,""commentLines"":1472},{""language"":""DOS Batch"",""blankLines"":21,""codeLines"":150,""commentLines"":1}]","2024-11-05T05:57:55","9c132c92ab8fa442217fd314765dedbc04a36fad",true,false,false,false,"{""Python"":877712}","analysis;bug;data objects;dependencies;discussion;docs;effort-high;effort-low;enhancement;extra ci;feature;fitting;io;manipulation;modeling;no-changelog-entry-needed;performance;spectral-cube;testing","astropy"
"3987041","scrapy/scrapy",false,"10598","38","38","10553","Python","master","BSD 3-Clause New or Revised License","https://scrapy.org","1773","53044","374","26866","2010-02-22T02:01:14","2024-11-08T09:25:37","2024-11-09T06:30:58","3027","446","3435","221","20346","64084","13913","[{""language"":""Text"",""blankLines"":0,""codeLines"":25,""commentLines"":0},{""language"":""YAML"",""blankLines"":31,""codeLines"":267,""commentLines"":3},{""language"":""Python"",""blankLines"":11241,""codeLines"":49303,""commentLines"":6404},{""language"":""CSS"",""blankLines"":0,""codeLines"":9,""commentLines"":1},{""language"":""INI"",""blankLines"":27,""codeLines"":254,""commentLines"":0},{""language"":""Markdown"",""blankLines"":76,""codeLines"":152,""commentLines"":14},{""language"":""HTML"",""blankLines"":82,""codeLines"":345,""commentLines"":0},{""language"":""make"",""blankLines"":21,""codeLines"":70,""commentLines"":5},{""language"":""CSV"",""blankLines"":0,""codeLines"":18,""commentLines"":0},{""language"":""XML"",""blankLines"":1,""codeLines"":199,""commentLines"":0},{""language"":""Bourne Shell"",""blankLines"":1,""codeLines"":3,""commentLines"":3},{""language"":""reStructuredText"",""blankLines"":8866,""codeLines"":13439,""commentLines"":7483}]","2024-11-08T09:25:37","bcef96570bae6f1cc4321b1da40e1fe87da75f0c",true,false,false,false,"{""Python"":2348697,""HTML"":3290,""Roff"":2010,""Shell"":252}","asyncio;backward-incompatible;bug;ci;cleanup;contracts;discuss;docs;enhancement;good first issue;gsoc-candidate;hacktoberfest-accepted;help wanted;http;http/2;https;in progress;install;invalid;item loaders;link extraction;logging;macos;needs more info;not reproducible;patch available;performance;s3;security;spam;stale;typing;upstream issue;waiting feedback;windows;wontfix","crawler;crawling;framework;hacktoberfest;python;scraping;web-scraping;web-scraping-python"
"3987350","networkx/networkx",false,"7821","10","60","3249","Python","main","Other","https://networkx.org","277","14927","426","94205","2010-09-06T12:53:44","2024-11-07T06:13:57","2024-11-07T07:12:16","3213","178","3916","167","34494","187803","66080","[{""language"":""make"",""blankLines"":22,""codeLines"":96,""commentLines"":4},{""language"":""Text"",""blankLines"":16,""codeLines"":78850,""commentLines"":0},{""language"":""SVG"",""blankLines"":1,""codeLines"":214,""commentLines"":1},{""language"":""PHP"",""blankLines"":99,""codeLines"":402,""commentLines"":0},{""language"":""Bourne Shell"",""blankLines"":5,""codeLines"":31,""commentLines"":2},{""language"":""JavaScript"",""blankLines"":16,""codeLines"":120,""commentLines"":12},{""language"":""YAML"",""blankLines"":114,""codeLines"":693,""commentLines"":39},{""language"":""Markdown"",""blankLines"":289,""codeLines"":991,""commentLines"":12},{""language"":""TOML"",""blankLines"":16,""codeLines"":216,""commentLines"":15},{""language"":""Python"",""blankLines"":30770,""codeLines"":94661,""commentLines"":63304},{""language"":""CSS"",""blankLines"":5,""codeLines"":33,""commentLines"":0},{""language"":""reStructuredText"",""blankLines"":3139,""codeLines"":10730,""commentLines"":2691},{""language"":""HTML"",""blankLines"":0,""codeLines"":12,""commentLines"":0},{""language"":""XML"",""blankLines"":2,""codeLines"":544,""commentLines"":0},{""language"":""JSON"",""blankLines"":0,""codeLines"":210,""commentLines"":0}]","2024-11-07T06:13:57","85ed62a8f4d305e0cf5948d40ffa6e6fe1ae3b65",false,false,false,false,"{""Python"":6143124}","close ?;discussion;dispatching;external;floating-point;good first issue;gsoc;invalid;lca;needs pr;needs review;new feature;nxep;outreachy-review;pydot;question;run:benchmark;sprint;type: api;type: bug fix;type: documentation;type: enhancements;type: highlights;type: maintenance;visualization","complex-networks;graph-algorithms;graph-analysis;graph-generation;graph-theory;graph-visualization;python;spec-0;spec-1;spec-4"
"3987368","frappe/erpnext",false,"50498","154","1000","7311","Python","develop","GNU General Public License v3.0","https://erpnext.com","624","21771","292","1231171","2011-06-08T08:20:56","2024-11-09T09:45:25","2024-11-09T09:44:28","15646","1938","27049","95","294352","1029546","722811","[{""language"":""PO File"",""blankLines"":239895,""codeLines"":568558,""commentLines"":704502},{""language"":""CSV"",""blankLines"":0,""codeLines"":32,""commentLines"":0},{""language"":""Bourne Shell"",""blankLines"":34,""codeLines"":87,""commentLines"":1},{""language"":""Sass"",""blankLines"":540,""codeLines"":2745,""commentLines"":4},{""language"":""TOML"",""blankLines"":405,""codeLines"":2712,""commentLines"":3},{""language"":""Python"",""blankLines"":46039,""codeLines"":202298,""commentLines"":16464},{""language"":""CSS"",""blankLines"":28,""codeLines"":160,""commentLines"":1},{""language"":""HTML"",""blankLines"":356,""codeLines"":5376,""commentLines"":50},{""language"":""XML"",""blankLines"":3,""codeLines"":242,""commentLines"":0},{""language"":""JSON"",""blankLines"":171,""codeLines"":182874,""commentLines"":0},{""language"":""SCSS"",""blankLines"":327,""codeLines"":1756,""commentLines"":4},{""language"":""YAML"",""blankLines"":191,""codeLines"":1095,""commentLines"":35},{""language"":""SVG"",""blankLines"":0,""codeLines"":201,""commentLines"":0},{""language"":""Text"",""blankLines"":122,""codeLines"":1069,""commentLines"":0},{""language"":""INI"",""blankLines"":3,""codeLines"":18,""commentLines"":0},{""language"":""Markdown"",""blankLines"":315,""codeLines"":2186,""commentLines"":29},{""language"":""JavaScript"",""blankLines"":5923,""codeLines"":58137,""commentLines"":1718}]","2024-11-09T09:44:21","e3cd6539c34891fae6aab3012b8c13145ccc84ec",true,false,false,false,"{""Python"":7924526,""JavaScript"":1777047,""HTML"":200081,""SCSS"":37700,""CSS"":2668,""Shell"":2304}","accounts;action required;agriculture;assets;awaiting confirmation;backport;backport develop;backport version-13-hotfix;backport version-14-hotfix;backport version-15-hotfix;breaking changes;bug;buying;can't-reproduce;ci-failing;communication;conflicts;construction;critical;crm;customisations;data-table;defer backport;dependencies;depends-on-frappe;develop;discussion;do not backport;do not squash;documentation;domains;dont squash;dont-merge;downloads;duplicate;e-commerce-fix;ecommerce;education;email;enhancement;enterprise;entry-level;feature-request;fix-conflicts;fix-linter;fix-sider-issues;fixed;foundation-funded;framework;frappe-chat;frappe-cloud;frappe-support;github issue;github_actions;good first issue;gst (india);healthcare;high priority;hospitality;hotfix;hr;hub;human-resources;important;inactive;installation;integrations;invalid;javascript;legal;loan management;localization;low priority;maintenance;manual-porting-required;manufacturing;marketing;medium priority;meta;migration;mobile-app;mobile-app-challenge;need-more-info;needs-description;needs-docs;needs-manual-testing;needs-patch;needs-screenshots;needs-semantic-title;needs-tests;needs-ui-test;no-stale;non-profit;old-backport version-12-hotfix;on-hold;paid development;payroll;pending (dev);performance;portal;pos;postgres;pre-release-testing;print format;project;project-management;projects;proposal;pull-request;qa;quality;question;ready for testing;refactor;regional;release-candidate;released;replied;reports;restaurant;reviewed;reviewing;revisit before release;safari 🍏;security;selling;services;setup;shareholder module;shopify;shopping-cart;shortlisted;skip manual testing;sponsor;squash;stale;statutory;stock;stretch-goal;subcontracting;support;system;tech-debt;testing;to-be-backported;to-validate;tools;traceback;translation;ui;unrelated test(s) failing;unsupported version;usability;user permission;ux;ux review required;v10;v12;v14 pre merge;v15;valid;version-11;version-12;version-13;version-13-release;waiting-for-fixes;website;wip;wontfix;work-in-progress","accounting;asset-management;crm;distribution;erp;erpnext;frappe;healthcare;hrms;manufacturing;point-of-sale;procurement;project-management;python;retail;support"
"3987969","django-oscar/django-oscar",false,"9109","96","10","2225","Python","master","BSD 3-Clause New or Revised License","http://oscarcommerce.com","269","6284","272","124586","2010-12-08T09:30:32","2024-11-07T09:44:09","2024-11-07T04:09:51","1505","91","2867","40","186509","500295","302630","[{""language"":""Groovy"",""blankLines"":3,""codeLines"":66,""commentLines"":4},{""language"":""SVG"",""blankLines"":0,""codeLines"":9,""commentLines"":0},{""language"":""Text"",""blankLines"":26,""codeLines"":188,""commentLines"":0},{""language"":""Python"",""blankLines"":11777,""codeLines"":48509,""commentLines"":6788},{""language"":""HTML"",""blankLines"":1203,""codeLines"":12107,""commentLines"":9},{""language"":""INI"",""blankLines"":16,""codeLines"":80,""commentLines"":2},{""language"":""CSV"",""blankLines"":0,""codeLines"":227,""commentLines"":0},{""language"":""JSON"",""blankLines"":0,""codeLines"":16123,""commentLines"":0},{""language"":""SCSS"",""blankLines"":219,""codeLines"":991,""commentLines"":83},{""language"":""Dockerfile"",""blankLines"":9,""codeLines"":16,""commentLines"":0},{""language"":""reStructuredText"",""blankLines"":3676,""codeLines"":7116,""commentLines"":1610},{""language"":""YAML"",""blankLines"":17,""codeLines"":216,""commentLines"":4},{""language"":""Markdown"",""blankLines"":20,""codeLines"":32,""commentLines"":0},{""language"":""make"",""blankLines"":50,""codeLines"":192,""commentLines"":23},{""language"":""JavaScript"",""blankLines"":73,""codeLines"":840,""commentLines"":105},{""language"":""Bourne Shell"",""blankLines"":2,""codeLines"":5,""commentLines"":5},{""language"":""Sass"",""blankLines"":218,""codeLines"":988,""commentLines"":83},{""language"":""PO File"",""blankLines"":169200,""codeLines"":412590,""commentLines"":293914}]","2024-09-26T05:43:06","bd92e7208cfe503026b61b762ec58606c942f027",true,false,false,false,"{""Python"":2415494,""HTML"":570069,""JavaScript"":41877,""SCSS"":21856,""Makefile"":4553,""Dockerfile"":534,""Shell"":308}","dashboard;dependencies;feedback wanted;github_actions;good first issue;help wanted;javascript;needs more work;needs tests;python;refactor;search;security;⌚ kept for reference;☁ bug;★ new feature;☒ outdated;☛ needs more info;☼ enhancement;⚑ high priority;⚛ research;✈ low-hanging fruit;✍ for review;✎ docs;✖ work-in-progress;✿ front-end;❓support question","django;django-oscar;ecommerce;oscar"
"3987974","mongodb/mongo-python-driver",false,"5969","29","41","1102","Python","master","Apache License 2.0","https://www.mongodb.com/docs/languages/python/pymongo-driver/current/","239","4144","178","26572","2009-01-15T03:18:06","2024-11-05T08:19:51","2024-11-05T08:19:56","0","0","1992","12","26687","451837","30708","[{""language"":""TOML"",""blankLines"":28,""codeLines"":266,""commentLines"":7},{""language"":""C"",""blankLines"":537,""codeLines"":4168,""commentLines"":493},{""language"":""Python"",""blankLines"":22323,""codeLines"":95907,""commentLines"":26483},{""language"":""CSS"",""blankLines"":37,""codeLines"":141,""commentLines"":0},{""language"":""reStructuredText"",""blankLines"":3064,""codeLines"":7321,""commentLines"":3216},{""language"":""HTML"",""blankLines"":3,""codeLines"":13,""commentLines"":2},{""language"":""JSON"",""blankLines"":8,""codeLines"":334133,""commentLines"":0},{""language"":""DOS Batch"",""blankLines"":8,""codeLines"":26,""commentLines"":1},{""language"":""C/C++ Header"",""blankLines"":134,""codeLines"":375,""commentLines"":196},{""language"":""Text"",""blankLines"":0,""codeLines"":41,""commentLines"":0},{""language"":""make"",""blankLines"":5,""codeLines"":12,""commentLines"":7},{""language"":""INI"",""blankLines"":2,""codeLines"":13,""commentLines"":0},{""language"":""Bourne Shell"",""blankLines"":159,""codeLines"":898,""commentLines"":122},{""language"":""JavaScript"",""blankLines"":16,""codeLines"":137,""commentLines"":40},{""language"":""YAML"",""blankLines"":223,""codeLines"":8021,""commentLines"":130},{""language"":""Markdown"",""blankLines"":140,""codeLines"":365,""commentLines"":11}]","2024-11-05T08:19:51","0733c4da44d4cd5c2a32c092762e639e14c3dc27",false,false,false,false,"{""Python"":5521554,""C"":184160,""Shell"":39103,""Makefile"":103}","dependencies;github_actions;python;tracked-in-jira","mongodb;mongodb-driver;pymongo;python;python-library"
"3987977","ckan/ckan",false,"26475","198","7","1996","Python","master","Other","https://ckan.org/","196","4468","292","214486","2011-11-10T06:42:17","2024-11-07T05:46:45","2024-11-07T05:46:35","3452","588","4572","160","118631","426807","143272","[{""language"":""XML"",""blankLines"":79,""codeLines"":878,""commentLines"":70},{""language"":""JavaScript"",""blankLines"":14320,""codeLines"":93065,""commentLines"":21268},{""language"":""Bourne Shell"",""blankLines"":56,""codeLines"":194,""commentLines"":28},{""language"":""reStructuredText"",""blankLines"":6412,""codeLines"":14459,""commentLines"":2657},{""language"":""Sass"",""blankLines"":2026,""codeLines"":10567,""commentLines"":1558},{""language"":""PO File"",""blankLines"":62843,""codeLines"":149970,""commentLines"":97965},{""language"":""Cucumber"",""blankLines"":8,""codeLines"":39,""commentLines"":0},{""language"":""Python"",""blankLines"":23020,""codeLines"":83316,""commentLines"":17663},{""language"":""CSS"",""blankLines"":5194,""codeLines"":35069,""commentLines"":181},{""language"":""HTML"",""blankLines"":1504,""codeLines"":10862,""commentLines"":9},{""language"":""JSON"",""blankLines"":7,""codeLines"":10279,""commentLines"":0},{""language"":""SCSS"",""blankLines"":2134,""codeLines"":11567,""commentLines"":1754},{""language"":""Dockerfile"",""blankLines"":5,""codeLines"":11,""commentLines"":7},{""language"":""Mako"",""blankLines"":25,""codeLines"":73,""commentLines"":0},{""language"":""SQL"",""blankLines"":18,""codeLines"":65,""commentLines"":28},{""language"":""TOML"",""blankLines"":20,""codeLines"":168,""commentLines"":3},{""language"":""SVG"",""blankLines"":2,""codeLines"":3,""commentLines"":0},{""language"":""YAML"",""blankLines"":396,""codeLines"":2416,""commentLines"":81},{""language"":""Text"",""blankLines"":187,""codeLines"":2776,""commentLines"":0},{""language"":""Markdown"",""blankLines"":190,""codeLines"":427,""commentLines"":0},{""language"":""INI"",""blankLines"":185,""codeLines"":603,""commentLines"":0}]","2024-11-07T05:46:28","81a7f4f75d3fcd336bbc1f68004968f27a6a048b",true,false,false,false,"{""Python"":4150162,""CSS"":1322580,""HTML"":753595,""JavaScript"":599512,""SCSS"":281113,""Shell"":7827,""PLpgSQL"":4227,""Mako"":4140,""Gherkin"":2551,""Dockerfile"":1045,""Smarty"":516}","accessibility;awaiting contributor feedback;awaiting tech team feedback;backport 2.10.5;backport 2.9.12;backport dev-v2.10;backport dev-v2.11;backport failed;backport pending;beginner friendly;dependencies;flask migration;good for contribution;long-standing;performance;python;releases;to discuss;ux;wip;wrong ckan;z backport 2.0.5;z backport 2.0.6;z backport 2.1.3;z backport 2.1.4;z backport 2.2.1;z backport 2.2.2;zbackport 2.0.7;zbackport 2.0.8;zbackport 2.0.9;zbackport 2.1.5;zbackport 2.1.6;zbackport 2.1.7;zbackport 2.10.0;zbackport 2.10.1;zbackport 2.10.3;zbackport 2.10.4;zbackport 2.2.3;zbackport 2.2.4;zbackport 2.2.5;zbackport 2.3.1;zbackport 2.3.2;zbackport 2.3.3;zbackport 2.3.4;zbackport 2.3.5;zbackport 2.4.1;zbackport 2.4.2;zbackport 2.4.3;zbackport 2.4.4;zbackport 2.4.6;zbackport 2.4.7;zbackport 2.4.8;zbackport 2.4.9;zbackport 2.5.10;zbackport 2.5.2;zbackport 2.5.3;zbackport 2.5.4;zbackport 2.5.5;zbackport 2.5.6;zbackport 2.5.7;zbackport 2.5.8;zbackport 2.5.9;zbackport 2.6.1;zbackport 2.6.10;zbackport 2.6.2;zbackport 2.6.3;zbackport 2.6.4;zbackport 2.6.5;zbackport 2.6.6;zbackport 2.6.7;zbackport 2.6.8;zbackport 2.6.9;zbackport 2.7.0;zbackport 2.7.1;zbackport 2.7.10;zbackport 2.7.11;zbackport 2.7.12;zbackport 2.7.3;zbackport 2.7.4;zbackport 2.7.5;zbackport 2.7.6;zbackport 2.7.7;zbackport 2.7.8;zbackport 2.7.9;zbackport 2.8.1;zbackport 2.8.10;zbackport 2.8.11;zbackport 2.8.2;zbackport 2.8.3;zbackport 2.8.4;zbackport 2.8.5;zbackport 2.8.6;zbackport 2.8.7;zbackport 2.8.8;zbackport 2.8.9;zbackport 2.9.0;zbackport 2.9.1;zbackport 2.9.11;zbackport 2.9.2;zbackport 2.9.3;zbackport 2.9.4;zbackport 2.9.5;zbackport 2.9.6;zbackport 2.9.7;zbackport 2.9.8;zbackport 2.9.9;zzbackport 2.9.10","api;catalog;ckan;ckanext;data;digitalpublicgoods;dpg;open-data;python;sdg16"
"3987982","zeromq/pyzmq",false,"3691","2","18","636","Python","main","BSD 3-Clause New or Revised License","http://zguide.zeromq.org/py:all","102","3718","168","6767","2010-07-21T07:20:37","2024-11-04T07:46:27","2024-11-05T02:28:37","1036","40","1005","4","6463","21052","5382","[{""language"":""C/C++ Header"",""blankLines"":55,""codeLines"":243,""commentLines"":33},{""language"":""make"",""blankLines"":39,""codeLines"":151,""commentLines"":13},{""language"":""reStructuredText"",""blankLines"":295,""codeLines"":215,""commentLines"":285},{""language"":""Bourne Shell"",""blankLines"":17,""codeLines"":71,""commentLines"":14},{""language"":""YAML"",""blankLines"":120,""codeLines"":675,""commentLines"":44},{""language"":""Markdown"",""blankLines"":1158,""codeLines"":3012,""commentLines"":0},{""language"":""Cython"",""blankLines"":101,""codeLines"":522,""commentLines"":141},{""language"":""C"",""blankLines"":4,""codeLines"":42,""commentLines"":4},{""language"":""Text"",""blankLines"":9,""codeLines"":62,""commentLines"":0},{""language"":""Python"",""blankLines"":4488,""codeLines"":14938,""commentLines"":4191},{""language"":""INI"",""blankLines"":4,""codeLines"":26,""commentLines"":0},{""language"":""Dockerfile"",""blankLines"":26,""codeLines"":140,""commentLines"":47},{""language"":""Jupyter Notebook"",""blankLines"":0,""codeLines"":69,""commentLines"":481},{""language"":""DOS Batch"",""blankLines"":5,""codeLines"":52,""commentLines"":40},{""language"":""TOML"",""blankLines"":29,""codeLines"":160,""commentLines"":21},{""language"":""CMake"",""blankLines"":104,""codeLines"":645,""commentLines"":61},{""language"":""C++"",""blankLines"":9,""codeLines"":29,""commentLines"":7}]","2024-11-04T07:46:25","163acca57058ef0dafd3c6bde87c68083c1379f6",true,false,false,false,"{""Python"":612336,""C++"":73265,""Jupyter Notebook"":35487,""CMake"":27861,""Cython"":22627,""C"":9684,""Batchfile"":3786,""Makefile"":2418,""Shell"":2277,""Dockerfile"":185}","build;dependencies;docs;gevent;help wanted;newfeatures;not pyzmq;pypy;question;windows","cython;python;zeromq"
"3987988","metabrainz/picard",false,"11373","19","78","384","Python","master","GNU General Public License v2.0","https://picard.musicbrainz.org","106","3774","116","84374","2011-08-16T10:30:23","2024-11-06T09:22:20","2024-11-07T07:02:06","0","0","2547","11","239121","679266","313121","[{""language"":""PowerShell"",""blankLines"":45,""codeLines"":224,""commentLines"":27},{""language"":""INI"",""blankLines"":2,""codeLines"":13,""commentLines"":0},{""language"":""Markdown"",""blankLines"":624,""codeLines"":2432,""commentLines"":30},{""language"":""PO File"",""blankLines"":226951,""codeLines"":575668,""commentLines"":293594},{""language"":""YAML"",""blankLines"":45,""codeLines"":702,""commentLines"":54},{""language"":""SVG"",""blankLines"":80,""codeLines"":7883,""commentLines"":74},{""language"":""Bourne Shell"",""blankLines"":39,""codeLines"":225,""commentLines"":30},{""language"":""TOML"",""blankLines"":1,""codeLines"":27,""commentLines"":0},{""language"":""C"",""blankLines"":39,""codeLines"":89,""commentLines"":66},{""language"":""Text"",""blankLines"":82,""codeLines"":392,""commentLines"":0},{""language"":""Python"",""blankLines"":11212,""codeLines"":70187,""commentLines"":19246},{""language"":""Qt"",""blankLines"":0,""codeLines"":9096,""commentLines"":0},{""language"":""Bourne Again Shell"",""blankLines"":1,""codeLines"":3,""commentLines"":0},{""language"":""XML"",""blankLines"":0,""codeLines"":16,""commentLines"":0},{""language"":""JSON"",""blankLines"":0,""codeLines"":12309,""commentLines"":0}]","2024-11-06T09:22:20","154aab5cbb65f1f02783c36d57ef7038b9689cd5",false,false,false,false,"{""Python"":4148293,""Shell"":10363,""PowerShell"":9590,""C"":5068}","abandoned;backport;backport 1.4.2;backport 1.4.x;backport 2.8.x;bug fix;decision required;dependencies;do not merge yet;doc update;duplicate;experimental;feature;needs more work;picard 2.x;picard 3.x;port to picard-plugins;ready to merge;refactoring;reverted;test please;update required","acoustid;audio;id3;music;music-tagger;musicbrainz;musicbrainz-picard;picard;python;tagger"
"3987996","cobbler/cobbler",false,"9625","16","42","654","Python","main","GNU General Public License v2.0","https://cobbler.github.io","136","2612","247","64096","2011-11-08T03:01:00","2024-10-10T11:10:57","2024-10-10T06:15:06","1601","309","2069","14","14829","62289","23882","[{""language"":""INI"",""blankLines"":0,""codeLines"":2,""commentLines"":0},{""language"":""Bourne Again Shell"",""blankLines"":314,""codeLines"":1501,""commentLines"":259},{""language"":""JSON"",""blankLines"":0,""codeLines"":10903,""commentLines"":0},{""language"":""Dockerfile"",""blankLines"":84,""codeLines"":601,""commentLines"":73},{""language"":""TOML"",""blankLines"":8,""codeLines"":47,""commentLines"":0},{""language"":""Text"",""blankLines"":0,""codeLines"":10,""commentLines"":0},{""language"":""Markdown"",""blankLines"":122,""codeLines"":309,""commentLines"":21},{""language"":""make"",""blankLines"":50,""codeLines"":177,""commentLines"":19},{""language"":""Jinja Template"",""blankLines"":4,""codeLines"":10,""commentLines"":0},{""language"":""XML"",""blankLines"":7,""codeLines"":415,""commentLines"":8},{""language"":""YAML"",""blankLines"":1349,""codeLines"":3608,""commentLines"":4449},{""language"":""Bourne Shell"",""blankLines"":100,""codeLines"":481,""commentLines"":31},{""language"":""reStructuredText"",""blankLines"":2397,""codeLines"":3997,""commentLines"":2078},{""language"":""Python"",""blankLines"":10394,""codeLines"":40225,""commentLines"":16944},{""language"":""CSS"",""blankLines"":0,""codeLines"":3,""commentLines"":0}]","2024-10-07T09:26:31","a24802f837cef3bfdcbbe95beac4f054710a8ffe",true,false,false,false,"{""Python"":2291882,""Shell"":96866,""Dockerfile"":20260,""Makefile"":6529,""Jinja"":307,""KerboScript"":53}","2.4.0;2.4.4;2.6.10;2.6.11;2.6.3;2.6.5;2.6.6;2.6.9;2.8.0;2.8.1;2.8.2;2.8.3;2.8.4;2.8.5;3.0.0;3.0.1;3.1.1;3.1.2;3.2.0;3.2.1;3.2.2;3.3.0;3.3.1;3.3.2;3.3.3;3.3.4;3.3.5;3.3.6;api;backport;bug report;ci;deprecated;documentation;enhancement;feature/PKG;feature/actions/import-iso;feature/actions/sync;good first issue;hacktoberfest-accepted;host-os/centos/7;host-os/centos/8;host-os/centos/9;host-os/debian/10;host-os/debian/11;host-os/debian/12;host-os/debian/9;host-os/opensuse-leap-15;host-os/opensuse-tumbleweed;host-os/rocky/8;host-os/rocky/9;host-os/ubuntu/16;host-os/ubuntu/18;host-os/ubuntu/20;host-os/ubuntu/22;main;no changelog;not reproducible;packaging;priority;pxe;security;tech-debt;tests;usability;web-interface;won't fix","cobbler;deployment;dhcp;hacktoberfest;pxe;python;tftp"
"3988007","mne-tools/mne-python",false,"18174","31","57","1323","Python","main","BSD 3-Clause New or Revised License","https://mne.tools","84","2720","353","163765","2011-01-28T03:31:13","2024-11-07T07:26:38","2024-11-08T03:58:23","4858","478","8064","69","49267","505713","88662","[{""language"":""Sass"",""blankLines"":3,""codeLines"":16,""commentLines"":0},{""language"":""TOML"",""blankLines"":27,""codeLines"":369,""commentLines"":29},{""language"":""CSV"",""blankLines"":0,""codeLines"":642,""commentLines"":0},{""language"":""Python"",""blankLines"":41204,""codeLines"":210165,""commentLines"":85194},{""language"":""CSS"",""blankLines"":39,""codeLines"":402,""commentLines"":129},{""language"":""reStructuredText"",""blankLines"":4930,""codeLines"":8347,""commentLines"":2996},{""language"":""HTML"",""blankLines"":3,""codeLines"":107,""commentLines"":4},{""language"":""Fortran 77"",""blankLines"":20,""codeLines"":425,""commentLines"":0},{""language"":""JSON"",""blankLines"":0,""codeLines"":262000,""commentLines"":0},{""language"":""make"",""blankLines"":42,""codeLines"":120,""commentLines"":8},{""language"":""Jinja Template"",""blankLines"":33,""codeLines"":623,""commentLines"":13},{""language"":""YAML"",""blankLines"":105,""codeLines"":1405,""commentLines"":108},{""language"":""Text"",""blankLines"":145,""codeLines"":9315,""commentLines"":0},{""language"":""TeX"",""blankLines"":223,""codeLines"":2277,""commentLines"":6},{""language"":""SVG"",""blankLines"":1,""codeLines"":3793,""commentLines"":34},{""language"":""Bourne Shell"",""blankLines"":51,""codeLines"":461,""commentLines"":32},{""language"":""Pascal"",""blankLines"":2348,""codeLines"":3552,""commentLines"":0},{""language"":""Markdown"",""blankLines"":33,""codeLines"":51,""commentLines"":17},{""language"":""JavaScript"",""blankLines"":60,""codeLines"":1643,""commentLines"":92}]","2024-11-07T07:26:37","46089954167343ff2e0d089b9a313674ef7475b6",true,false,false,false,"{""Python"":11155192,""Csound Document"":24999,""Jinja"":24110,""Shell"":23899,""HTML"":15066,""JavaScript"":10004,""CSS"":4483,""Makefile"":3157,""jq"":1060,""Sass"":257}","a11y;api;backport-candidate;backported;bug;dependencies;doc;easy;enh;eoss4;github_actions;hard;installation;maint;medium;needs-discussion;no-changelog-entry-needed;packaging;skip-changelog-checks;sprint-2023;still needs manual backport;tests;viz","ecog;eeg;electrocorticography;electroencephalography;machine-learning;magnetoencephalography;meg;neuroimaging;neuroscience;python;statistics;visualization"
"3988023","zatosource/zato",false,"14086","51","0","240","Python","main","GNU Affero General Public License v3.0","https://zato.io","79","1116","25","83621","2011-07-07T01:07:04","2024-11-08T07:29:59","2024-11-08T07:29:51","1037","0","129","0","109835","553138","99556","[{""language"":""SCSS"",""blankLines"":70,""codeLines"":334,""commentLines"":9},{""language"":""DOS Batch"",""blankLines"":43,""codeLines"":126,""commentLines"":60},{""language"":""make"",""blankLines"":136,""codeLines"":475,""commentLines"":11},{""language"":""YAML"",""blankLines"":18,""codeLines"":61,""commentLines"":17},{""language"":""Text"",""blankLines"":358,""codeLines"":2302,""commentLines"":0},{""language"":""SVG"",""blankLines"":0,""codeLines"":26,""commentLines"":1},{""language"":""INI"",""blankLines"":158,""codeLines"":651,""commentLines"":0},{""language"":""Bourne Shell"",""blankLines"":98,""codeLines"":360,""commentLines"":45},{""language"":""D"",""blankLines"":2,""codeLines"":19,""commentLines"":1},{""language"":""Markdown"",""blankLines"":485,""codeLines"":917,""commentLines"":4},{""language"":""JavaScript"",""blankLines"":47353,""codeLines"":368854,""commentLines"":44392},{""language"":""C/C++ Header"",""blankLines"":4026,""codeLines"":12020,""commentLines"":5229},{""language"":""Sass"",""blankLines"":77,""codeLines"":385,""commentLines"":0},{""language"":""TOML"",""blankLines"":7,""codeLines"":48,""commentLines"":23},{""language"":""Cython"",""blankLines"":450,""codeLines"":1096,""commentLines"":400},{""language"":""Python"",""blankLines"":50505,""codeLines"":114249,""commentLines"":48702},{""language"":""CSS"",""blankLines"":692,""codeLines"":8594,""commentLines"":440},{""language"":""reStructuredText"",""blankLines"":4,""codeLines"":7,""commentLines"":1},{""language"":""HTML"",""blankLines"":5353,""codeLines"":30000,""commentLines"":221},{""language"":""XML"",""blankLines"":0,""codeLines"":2,""commentLines"":0},{""language"":""TypeScript"",""blankLines"":0,""codeLines"":1,""commentLines"":0},{""language"":""JSON"",""blankLines"":0,""codeLines"":12611,""commentLines"":0}]","2024-11-08T07:29:38","53c98d86c8d6c0f7dc55fccb7ad414f14298fd5a",false,false,false,false,"{""Python"":8390898,""HTML"":1492540,""JavaScript"":1440642,""C"":644647,""CSS"":90500,""Cython"":78686,""C++"":66755,""Makefile"":18953,""Shell"":14329,""Batchfile"":6614,""SCSS"":6388,""Perl"":1844,""DTrace"":1008,""TypeScript"":14}","","5g;aerospace;airport;api;api-gateway;api-server;automation-framework;defense;enterprise;enterprise-service-bus;esb;fhir;healthcare;hl7;interoperability;low-code;orchestration-framework;python;soa;telecommunications"
"3988050","codespell-project/codespell",false,"5203","11","36","465","Python","main","GNU General Public License v2.0",,"24","1910","190","27285","2011-01-28T05:23:32","2024-11-08T12:11:24","2024-11-08T10:18:53","504","166","3068","55","545","68239","455","[{""language"":""TOML"",""blankLines"":16,""codeLines"":159,""commentLines"":7},{""language"":""YAML"",""blankLines"":8,""codeLines"":297,""commentLines"":20},{""language"":""C"",""blankLines"":5,""codeLines"":11,""commentLines"":2},{""language"":""Text"",""blankLines"":0,""codeLines"":64964,""commentLines"":0},{""language"":""Python"",""blankLines"":342,""codeLines"":2547,""commentLines"":357},{""language"":""make"",""blankLines"":12,""codeLines"":44,""commentLines"":0},{""language"":""INI"",""blankLines"":3,""codeLines"":16,""commentLines"":0},{""language"":""Bourne Shell"",""blankLines"":3,""codeLines"":11,""commentLines"":0},{""language"":""JSON"",""blankLines"":0,""codeLines"":14,""commentLines"":0},{""language"":""reStructuredText"",""blankLines"":156,""codeLines"":176,""commentLines"":69}]","2024-11-08T12:11:24","ce7c44eaad8bcdd25d1c84ca1f156defe28e1e55",true,false,false,false,"{""Python"":108564,""Makefile"":1573,""Shell"":289,""C"":205}","awaiting review;bug;dependencies;dictionary;duplicate;enhancement;good first issue;hacktoberfest;hacktoberfest-accepted;packaging;question;spam",""
"3988054","ilanschnell/bitarray",false,"3349","6","0","97","Python","master","Other",,"25","714","24","3200","2011-01-20T03:20:11","2024-10-18T01:01:21","2024-10-18T01:01:25","128","3","93","1","4028","16363","1947","[{""language"":""C"",""blankLines"":1128,""codeLines"":5266,""commentLines"":553},{""language"":""C/C++ Header"",""blankLines"":134,""codeLines"":639,""commentLines"":125},{""language"":""Text"",""blankLines"":26,""codeLines"":58,""commentLines"":0},{""language"":""Python"",""blankLines"":1757,""codeLines"":8678,""commentLines"":814},{""language"":""make"",""blankLines"":19,""codeLines"":50,""commentLines"":0},{""language"":""reStructuredText"",""blankLines"":945,""codeLines"":1572,""commentLines"":451},{""language"":""INI"",""blankLines"":1,""codeLines"":13,""commentLines"":0},{""language"":""YAML"",""blankLines"":11,""codeLines"":48,""commentLines"":4},{""language"":""Markdown"",""blankLines"":7,""codeLines"":39,""commentLines"":0}]","2024-10-18T01:01:18","798a3c2fecd693593cc20dc89ee22e627c1ccdee",false,false,false,false,"{""Python"":292959,""C"":192492,""C++"":16187,""Makefile"":718}","dependencies",""
"3988055","tanghaibao/jcvi",false,"3039","1","0","186","Python","main","BSD 2-Clause Simplified License",,"36","757","18","19356","2010-12-01T11:18:02","2024-11-09T05:06:04","2024-11-09T05:06:07","484","43","220","0","15159","69721","10472","[{""language"":""Dockerfile"",""blankLines"":6,""codeLines"":23,""commentLines"":5},{""language"":""Unity-Prefab"",""blankLines"":0,""codeLines"":33,""commentLines"":7},{""language"":""TOML"",""blankLines"":1,""codeLines"":14,""commentLines"":0},{""language"":""CSV"",""blankLines"":0,""codeLines"":33,""commentLines"":0},{""language"":""make"",""blankLines"":6,""codeLines"":14,""commentLines"":2},{""language"":""YAML"",""blankLines"":36,""codeLines"":223,""commentLines"":0},{""language"":""Cython"",""blankLines"":51,""codeLines"":227,""commentLines"":37},{""language"":""Text"",""blankLines"":0,""codeLines"":1331,""commentLines"":0},{""language"":""Python"",""blankLines"":15009,""codeLines"":61594,""commentLines"":10421},{""language"":""Markdown"",""blankLines"":50,""codeLines"":153,""commentLines"":0},{""language"":""JSON"",""blankLines"":0,""codeLines"":6076,""commentLines"":0}]","2024-11-09T05:06:02","e48303c3cee2eb8860337b53d3b59bd65a1dfeae",true,false,false,false,"{""Python"":2543222,""Cython"":10465,""Dockerfile"":1144,""Makefile"":445}","algorithm;backlog;bug;good first issue;graphics;help needed;in progress;infrastructure;new feature;todo","allmaps;assembly;bioinformatics;blast;comparative-genomics;genetic-maps;genome-sequencing;genomics;sequence-alignments;synteny;variant-calling"
"3988065","hyperspy/hyperspy",false,"16351","6","43","210","Python","RELEASE_next_minor","GNU General Public License v3.0","https://hyperspy.org","23","517","70","314424","2011-08-19T01:14:36","2024-11-08T09:30:59","2024-11-08T09:04:46","1237","243","2162","32","17977","85159","30034","[{""language"":""TOML"",""blankLines"":15,""codeLines"":224,""commentLines"":9},{""language"":""Cython"",""blankLines"":44,""codeLines"":241,""commentLines"":46},{""language"":""C"",""blankLines"":0,""codeLines"":4,""commentLines"":0},{""language"":""Text"",""blankLines"":125,""codeLines"":2603,""commentLines"":0},{""language"":""Python"",""blankLines"":13776,""codeLines"":57566,""commentLines"":23999},{""language"":""CSS"",""blankLines"":2,""codeLines"":28,""commentLines"":1},{""language"":""HTML"",""blankLines"":12,""codeLines"":47,""commentLines"":0},{""language"":""XML"",""blankLines"":0,""codeLines"":1946,""commentLines"":0},{""language"":""CSV"",""blankLines"":0,""codeLines"":14853,""commentLines"":0},{""language"":""JSON"",""blankLines"":0,""codeLines"":57,""commentLines"":0},{""language"":""Jupyter Notebook"",""blankLines"":0,""codeLines"":170,""commentLines"":928},{""language"":""reStructuredText"",""blankLines"":3845,""codeLines"":6289,""commentLines"":4984},{""language"":""DOS Batch"",""blankLines"":21,""codeLines"":134,""commentLines"":1},{""language"":""YAML"",""blankLines"":64,""codeLines"":580,""commentLines"":62},{""language"":""TeX"",""blankLines"":9,""codeLines"":111,""commentLines"":0},{""language"":""Markdown"",""blankLines"":42,""codeLines"":133,""commentLines"":0},{""language"":""make"",""blankLines"":22,""codeLines"":108,""commentLines"":4},{""language"":""Jinja Template"",""blankLines"":0,""codeLines"":65,""commentLines"":0}]","2024-11-08T09:04:24","23ed96099b360a572be67a26ab2ad21c46d9110f",true,false,false,false,"{""Python"":3131403,""Jupyter Notebook"":35272,""Cython"":12210,""Jinja"":2118,""Batchfile"":103,""C"":29}","affects: demos;affects: documentation;affects: hyperspy_gui_ipywidgets;affects: hyperspy_gui_traitsui;affects: tests;affects: website;dependencies;github_actions;good first pr;release highlight;release: next major;release: next minor;release: next patch;run-extension-tests;run-packaging;status: feature request;status: fix-submitted;status: needs review;status: waiting for author;status: wip;status: wrong_branch;topic: non-uniform axis;type: api change;type: bug;type: bug-fix;type: bug?;type: enhancement;type: external bug;type: maintenance;type: new feature;type: proposal;type: regression;type: typo","data-analysis;data-visualization;life-sciences;materials-science;multi-dimensional;physical-sciences;python"
"3992596","getsentry/sentry",false,"75934","1988","137","4197","Python","master","Other","https://sentry.io","684","39098","339","529780","2010-08-30T10:06:41","2024-11-09T03:00:00","2024-11-09T09:33:35","13940","2690","65365","180","605994","2687766","657115","[{""language"":""JSX"",""blankLines"":196,""codeLines"":1310,""commentLines"":6},{""language"":""JSON"",""blankLines"":24,""codeLines"":162087,""commentLines"":0},{""language"":""PEG.js"",""blankLines"":124,""codeLines"":503,""commentLines"":41},{""language"":""Dockerfile"",""blankLines"":14,""codeLines"":76,""commentLines"":11},{""language"":""TypeScript"",""blankLines"":96173,""codeLines"":759237,""commentLines"":34856},{""language"":""INI"",""blankLines"":7,""codeLines"":72,""commentLines"":0},{""language"":""Less"",""blankLines"":1462,""codeLines"":8512,""commentLines"":1319},{""language"":""YAML"",""blankLines"":435,""codeLines"":3945,""commentLines"":540},{""language"":""Python"",""blankLines"":145335,""codeLines"":813420,""commentLines"":80409},{""language"":""CSS"",""blankLines"":0,""codeLines"":2,""commentLines"":1},{""language"":""make"",""blankLines"":38,""codeLines"":164,""commentLines"":17},{""language"":""HTML"",""blankLines"":1049,""codeLines"":7201,""commentLines"":11},{""language"":""Markdown"",""blankLines"":436,""codeLines"":1762,""commentLines"":4},{""language"":""SVG"",""blankLines"":14,""codeLines"":1287,""commentLines"":1},{""language"":""Bourne Shell"",""blankLines"":67,""codeLines"":335,""commentLines"":41},{""language"":""PO File"",""blankLines"":359175,""codeLines"":908124,""commentLines"":538863},{""language"":""EJS"",""blankLines"":3,""codeLines"":48,""commentLines"":0},{""language"":""XML"",""blankLines"":3,""codeLines"":104,""commentLines"":0},{""language"":""JavaScript"",""blankLines"":441,""codeLines"":7362,""commentLines"":634},{""language"":""Lua"",""blankLines"":283,""codeLines"":1596,""commentLines"":302},{""language"":""Text"",""blankLines"":562,""codeLines"":9670,""commentLines"":0},{""language"":""Bourne Again Shell"",""blankLines"":52,""codeLines"":159,""commentLines"":33},{""language"":""reStructuredText"",""blankLines"":87,""codeLines"":265,""commentLines"":0},{""language"":""TOML"",""blankLines"":14,""codeLines"":525,""commentLines"":26}]","2024-11-09T12:08:19","e08a4b745657adb77ae3f1d4b9415f9e1bd2d7d6",false,false,false,false,"{""Python"":39455465,""TypeScript"":26691827,""HTML"":262127,""Less"":219389,""Lua"":72919,""JavaScript"":29244,""Shell"":21734,""PEG.js"":19246,""Makefile"":7153,""Dockerfile"":4102,""EJS"":1803,""Ruby"":708}","component: analytics;component: api;component: auth;component: beacon;component: ci;component: core frontend (react);component: debugger;component: developer environment;component: documentation;component: event pipeline;component: feedback;component: grouping;component: i18n;component: inbound filters;component: integrations;component: issues;component: logging;component: monitoring;component: notifications;component: onboarding;component: package;component: performance;component: relay;component: releases;component: rules;component: sdk;component: search;component: source maps;component: ui;component: user crash report;component: workflow;dependencies;deploy: monitored;deploy: risky;design review;do not merge;easy task;enhancement;feature: alert rule;feature: errors;hacktoberfest :jack_o_lantern:;hacktoberfest-accepted;hackweek :zap:;help wanted;impact: large;impact: medium;impact: migration;impact: small;invalid;javascript;package: browser;papercut;platform: .net;platform: cocoa;platform: dart;platform: java;platform: javascript;platform: php;platform: python;platform: react native;platform: ruby;platform: unity;product area: alerts;product area: apis;product area: crons;product area: dashboards;product area: ddm;product area: discover;product area: explore;product area: footer;product area: help;product area: ingestion and filtering;product area: insights;product area: issues;product area: issues - source maps;product area: issues - suggested fix;product area: org relocation;product area: other;product area: performance;product area: processing;product area: profiling;product area: projects - project creation;product area: projects - project details;product area: releases;product area: replays;product area: settings;product area: settings - auth;product area: settings - developer settings;product area: settings - general;product area: settings - integrations;product area: settings - members;product area: settings - projects;product area: settings - relay;product area: settings - repositories;product area: settings - security & privacy;product area: settings - spend allocation;product area: settings - spike protection;product area: settings - subscription;product area: settings - teams;product area: sign in;product area: stats;product area: unknown;product area: user feedback;product area: what's new;python;quick win!;scope: backend;scope: frontend;se-ds;security;stale;sync: jira;trigger: getsentry tests;trigger: revert;trigger: silo db;type: bug;type: ci flakiness;type: design;type: feature request;type: improvement;type: support;type: support request;type: user feedback;waiting for: community;waiting for: product owner;waiting for: support;wcgw;web-vitals;wip","apm;crash-reporting;crash-reports;csp-report;devops;django;error-logging;error-monitoring;fair-source;hacktoberfest;monitor;monitoring;python;sentry;tag-production"
"3992613","pennersr/django-allauth",false,"3549","7","0","3033","Python","main","MIT License","https://allauth.org","197","9545","406","16178","2010-10-10T08:10:52","2024-11-08T12:56:19","2024-11-09T08:43:51","2387","1","1619","0","25250","113822","29524","[{""language"":""Nix"",""blankLines"":3,""codeLines"":44,""commentLines"":0},{""language"":""PO File"",""blankLines"":14457,""codeLines"":40703,""commentLines"":22903},{""language"":""XML"",""blankLines"":0,""codeLines"":850,""commentLines"":0},{""language"":""JavaScript"",""blankLines"":347,""codeLines"":3070,""commentLines"":52},{""language"":""Text"",""blankLines"":36,""codeLines"":213,""commentLines"":0},{""language"":""TOML"",""blankLines"":14,""codeLines"":37,""commentLines"":0},{""language"":""reStructuredText"",""blankLines"":2401,""codeLines"":5290,""commentLines"":985},{""language"":""Dockerfile"",""blankLines"":6,""codeLines"":28,""commentLines"":1},{""language"":""Lisp"",""blankLines"":0,""codeLines"":4,""commentLines"":1},{""language"":""JSON"",""blankLines"":0,""codeLines"":23015,""commentLines"":0},{""language"":""HTML"",""blankLines"":1,""codeLines"":2396,""commentLines"":0},{""language"":""INI"",""blankLines"":19,""codeLines"":148,""commentLines"":0},{""language"":""make"",""blankLines"":56,""codeLines"":224,""commentLines"":5},{""language"":""Python"",""blankLines"":7815,""codeLines"":34266,""commentLines"":5495},{""language"":""CSS"",""blankLines"":0,""codeLines"":3,""commentLines"":0},{""language"":""Markdown"",""blankLines"":59,""codeLines"":192,""commentLines"":0},{""language"":""YAML"",""blankLines"":36,""codeLines"":3339,""commentLines"":82}]","2024-11-08T12:47:50","0f19d2087fb5339e7db2ee2b7f7b6d9e7788ceef",false,false,false,false,"{""Python"":1557351,""HTML"":73782,""JavaScript"":14850,""Makefile"":2034,""Nix"":1255,""Emacs Lisp"":171,""Shell"":8}","abandoned;awaiting input;dependencies;design decision needed;documentation;feature request;fixme;future;good first issue;help wanted;low priority;needs improvement;rebase required;todo;unconfirmed","accounts;authentication;django;login;oauth2;openid-connect;passkeys;python;registration;saml;signup;social-login;two-factor-authentication;webauthn"
"3992619","laramies/theharvester",false,"3762","4","26","2014","Python","master",,"http://www.edge-security.com/","295","11420","85","7930","2011-01-01T08:40:15","2024-11-08T10:22:08","2024-11-09T12:04:24","428","18","1426","3","853","167298","572","[{""language"":""Markdown"",""blankLines"":65,""codeLines"":142,""commentLines"":0},{""language"":""INI"",""blankLines"":0,""codeLines"":9,""commentLines"":0},{""language"":""YAML"",""blankLines"":56,""codeLines"":225,""commentLines"":31},{""language"":""Text"",""blankLines"":0,""codeLines"":152889,""commentLines"":0},{""language"":""Python"",""blankLines"":717,""codeLines"":4953,""commentLines"":535},{""language"":""TOML"",""blankLines"":15,""codeLines"":95,""commentLines"":6},{""language"":""Dockerfile"",""blankLines"":0,""codeLines"":7,""commentLines"":0},{""language"":""JSON"",""blankLines"":0,""codeLines"":8978,""commentLines"":0}]","2024-11-01T10:07:36","25ca73c8ef085eb861acd6e0a2be48ca983ce6dd",true,false,false,false,"{""Python"":245483,""Dockerfile"":358}","bug;bug_fix;dependencies;enhancement;github_actions;good first issue;hacktoberfest-accepted;help wanted;kali bug;old theharvester;python;question;support;upstream","blueteam;discovery;emails;information-gathering;osint;python;recon;reconnaissance;redteam;subdomain-enumeration"
"3992639","openstack/swift",false,"10729","20","0","1065","Python","master","Apache License 2.0","https://opendev.org/openstack/swift","317","2632","295","69673","2010-07-22T01:50:07","2024-11-06T06:50:13","2024-11-07T07:33:10","0","0","38","0","50838","317955","53626","[{""language"":""SVG"",""blankLines"":0,""codeLines"":13966,""commentLines"":0},{""language"":""Bourne Again Shell"",""blankLines"":27,""codeLines"":108,""commentLines"":4},{""language"":""Fortran 77"",""blankLines"":38,""codeLines"":50,""commentLines"":2},{""language"":""JavaScript"",""blankLines"":42,""codeLines"":1059,""commentLines"":35},{""language"":""Pascal"",""blankLines"":135,""codeLines"":295,""commentLines"":0},{""language"":""PHP"",""blankLines"":570,""codeLines"":1212,""commentLines"":0},{""language"":""INI"",""blankLines"":24,""codeLines"":178,""commentLines"":0},{""language"":""Text"",""blankLines"":101,""codeLines"":787,""commentLines"":0},{""language"":""Jinja Template"",""blankLines"":22,""codeLines"":154,""commentLines"":0},{""language"":""reStructuredText"",""blankLines"":5669,""codeLines"":16451,""commentLines"":3486},{""language"":""Markdown"",""blankLines"":12,""codeLines"":38,""commentLines"":0},{""language"":""YAML"",""blankLines"":848,""codeLines"":5741,""commentLines"":347},{""language"":""Bourne Shell"",""blankLines"":25,""codeLines"":144,""commentLines"":20},{""language"":""Dockerfile"",""blankLines"":8,""codeLines"":60,""commentLines"":8},{""language"":""XML"",""blankLines"":0,""codeLines"":776,""commentLines"":0},{""language"":""JSON"",""blankLines"":0,""codeLines"":64,""commentLines"":0},{""language"":""PO File"",""blankLines"":1152,""codeLines"":5786,""commentLines"":97},{""language"":""HTML"",""blankLines"":11,""codeLines"":93,""commentLines"":0},{""language"":""Python"",""blankLines"":42154,""codeLines"":270993,""commentLines"":49627}]","2024-11-06T06:45:24","309b906df82fe92826dcda230d1410a534e0be3f",false,false,false,false,"{""Python"":15555095,""JavaScript"":40376,""Shell"":9454,""Jinja"":4306,""Dockerfile"":3072,""HTML"":1770,""C++"":377}","","service"
"3992654","django-helpdesk/django-helpdesk",false,"2610","1","38","640","Python","main","BSD 3-Clause New or Revised License",,"93","1549","122","25106","2010-10-14T12:59:09","2024-10-20T02:18:12","2024-10-20T02:18:18","654","112","531","3","53784","338790","47725","[{""language"":""make"",""blankLines"":51,""codeLines"":171,""commentLines"":32},{""language"":""YAML"",""blankLines"":22,""codeLines"":25490,""commentLines"":19},{""language"":""Markdown"",""blankLines"":518,""codeLines"":1629,""commentLines"":1},{""language"":""Bourne Shell"",""blankLines"":15,""codeLines"":43,""commentLines"":9},{""language"":""reStructuredText"",""blankLines"":681,""codeLines"":1316,""commentLines"":56},{""language"":""JSON"",""blankLines"":2,""codeLines"":68083,""commentLines"":0},{""language"":""PO File"",""blankLines"":14417,""codeLines"":36775,""commentLines"":17777},{""language"":""SCSS"",""blankLines"":549,""codeLines"":5206,""commentLines"":85},{""language"":""Dockerfile"",""blankLines"":16,""codeLines"":41,""commentLines"":7},{""language"":""Less"",""blankLines"":510,""codeLines"":4839,""commentLines"":63},{""language"":""Python"",""blankLines"":2935,""codeLines"":12645,""commentLines"":2260},{""language"":""CSS"",""blankLines"":10630,""codeLines"":55650,""commentLines"":1574},{""language"":""HTML"",""blankLines"":577,""codeLines"":4112,""commentLines"":107},{""language"":""Bourne Again Shell"",""blankLines"":2,""codeLines"":11,""commentLines"":1},{""language"":""TOML"",""blankLines"":0,""codeLines"":2,""commentLines"":0},{""language"":""SVG"",""blankLines"":0,""codeLines"":16141,""commentLines"":12},{""language"":""Sass"",""blankLines"":549,""codeLines"":5237,""commentLines"":54},{""language"":""JavaScript"",""blankLines"":22268,""codeLines"":100896,""commentLines"":25668},{""language"":""INI"",""blankLines"":2,""codeLines"":7,""commentLines"":0},{""language"":""Text"",""blankLines"":40,""codeLines"":496,""commentLines"":0}]","2024-10-20T02:18:12","b02e8d416275b7006bbd584f9a2643ac8e051377",true,false,false,false,"{""Python"":660412,""HTML"":209806,""JavaScript"":44436,""CSS"":13559,""SCSS"":7910,""Makefile"":2973,""Shell"":2309,""Dockerfile"":2031}","bug;documentation;enhancement;good first issue;hacktoberfest-accepted;help wanted;question;translations","bugs;cases;django;hacktoberfest;hacktoberfest2020;helpdesk;incidents;issues;python;servicedesk;support;tickets;tracker"
"3992751","openexoplanetcatalogue/open_exoplanet_catalogue",false,"5165","1","0","217","Python","master",,"http://openexoplanetcatalogue.com","99","1002","36","25198","2011-01-11T03:02:17","2024-11-10T07:02:12","2024-11-10T07:02:16","416","37","711","3","243","269375","111","[{""language"":""Markdown"",""blankLines"":49,""codeLines"":155,""commentLines"":0},{""language"":""YAML"",""blankLines"":4,""codeLines"":26,""commentLines"":0},{""language"":""XML"",""blankLines"":80,""codeLines"":268146,""commentLines"":0},{""language"":""JSON"",""blankLines"":0,""codeLines"":145,""commentLines"":0},{""language"":""XSD"",""blankLines"":0,""codeLines"":227,""commentLines"":19},{""language"":""Python"",""blankLines"":110,""codeLines"":676,""commentLines"":92}]","2024-11-10T07:02:11","1c10ccd5a68c7a5d7c70849bdd3020c5b672b122",true,false,false,false,"{""Python"":33522}","data entry;structure",""
"3992864","materialsproject/pymatgen",false,"25726","12","295","864","Python","master","Other","https://pymatgen.org","112","1510","248","1077242","2011-10-23T04:10:39","2024-11-04T08:58:36","2024-11-05T11:37:40","1345","174","2710","44","86505","1318279","57777","[{""language"":""SVG"",""blankLines"":0,""codeLines"":2674,""commentLines"":0},{""language"":""TOML"",""blankLines"":23,""codeLines"":271,""commentLines"":13},{""language"":""Sass"",""blankLines"":2,""codeLines"":5,""commentLines"":0},{""language"":""INI"",""blankLines"":2,""codeLines"":14,""commentLines"":0},{""language"":""DOS Batch"",""blankLines"":23,""codeLines"":166,""commentLines"":1},{""language"":""Text"",""blankLines"":1979,""codeLines"":28689,""commentLines"":0},{""language"":""make"",""blankLines"":24,""codeLines"":124,""commentLines"":5},{""language"":""Jupyter Notebook"",""blankLines"":0,""codeLines"":12,""commentLines"":72},{""language"":""reStructuredText"",""blankLines"":602,""codeLines"":684,""commentLines"":1213},{""language"":""JSON"",""blankLines"":0,""codeLines"":111613,""commentLines"":0},{""language"":""CSS"",""blankLines"":383,""codeLines"":1593,""commentLines"":62},{""language"":""HTML"",""blankLines"":37034,""codeLines"":341535,""commentLines"":219},{""language"":""ReScript"",""blankLines"":1,""codeLines"":86,""commentLines"":0},{""language"":""Bourne Again Shell"",""blankLines"":4,""codeLines"":4,""commentLines"":11},{""language"":""Fortran 77"",""blankLines"":0,""codeLines"":3,""commentLines"":1},{""language"":""JavaScript"",""blankLines"":124,""codeLines"":780,""commentLines"":186},{""language"":""Windows Module Definition"",""blankLines"":0,""codeLines"":56,""commentLines"":0},{""language"":""CSV"",""blankLines"":0,""codeLines"":2010,""commentLines"":0},{""language"":""YAML"",""blankLines"":8864,""codeLines"":236780,""commentLines"":481},{""language"":""C Shell"",""blankLines"":29,""codeLines"":192,""commentLines"":17},{""language"":""Markdown"",""blankLines"":1639,""codeLines"":10493,""commentLines"":0},{""language"":""SCSS"",""blankLines"":2,""codeLines"":5,""commentLines"":0},{""language"":""XML"",""blankLines"":0,""codeLines"":414696,""commentLines"":7},{""language"":""Python"",""blankLines"":35597,""codeLines"":164808,""commentLines"":55302},{""language"":""Cython"",""blankLines"":173,""codeLines"":986,""commentLines"":187}]","2024-10-30T01:46:31","bd9fba9ec62437b5b62fbd0b2c2c723216cc5a2c",false,false,false,false,"{""Python"":10032914,""Cython"":45316,""Shell"":10690,""Jupyter Notebook"":2159}","analysis;api;ase;awaiting user;best practice;breaking;bug;charge;ci;cif;cli;compatability;contributing;core;cp2k;critical;cython;data viz;dependencies;deprecation;discussion;docs;duplicate;dx;ecosystem;electronic structure;enhancement;ext;feature;feature request;fix;github actions;good first issue;hash;help;help wanted;housekeeping;imports;install;invalid;io;lammps;license;linting;linux;lobster;magmoms;md;memory;mixing-schemes;ml;molecules;needs discussion;needs file dedup;needs investigation;needs repro;needs testing;nn;out of scope;outdated;performance;phonon;pkg;provenance;python;qchem;question;refactor;release;ruby;security;serialization;stale;surfaces;symmetry;tests;trafos;types;upstream;urgent;ux;vasp;windows;wip;wont fix","materials;materials-informatics;materials-science;python;science"
"3993178","git-big-picture/git-big-picture",false,"1422","2","7","80","Python","main","GNU General Public License v3.0","https://pypi.org/project/git-big-picture/","19","544","14","7544","2011-03-16T01:27:59","2024-11-08T09:27:42","2024-11-08T09:27:39","40","11","452","0","526","1747","818","[{""language"":""Python"",""blankLines"":249,""codeLines"":1171,""commentLines"":445},{""language"":""Bourne Shell"",""blankLines"":25,""codeLines"":92,""commentLines"":75},{""language"":""Text"",""blankLines"":1,""codeLines"":18,""commentLines"":0},{""language"":""reStructuredText"",""blankLines"":209,""codeLines"":251,""commentLines"":181},{""language"":""TOML"",""blankLines"":1,""codeLines"":14,""commentLines"":0},{""language"":""YAML"",""blankLines"":41,""codeLines"":201,""commentLines"":117}]","2024-11-08T09:27:35","c178d173e353cb1d605e99685cbc58a677eb8c8c",false,false,false,false,"{""Python"":57455,""Shell"":6652,""Roff"":3314}","bug;enhancement;obsolete;releasing;security","command-line-tool;git;graphviz;python;python3;svg;version-control;visualization"
"3993767","mitmproxy/mitmproxy",false,"10761","9","67","4030","Python","main","MIT License","https://mitmproxy.org","625","36681","403","62858","2010-02-16T04:10:13","2024-11-02T11:37:19","2024-11-03T09:22:56","3381","313","2999","31","17704","145759","8679","[{""language"":""XML"",""blankLines"":37,""codeLines"":3713,""commentLines"":23},{""language"":""JavaScript"",""blankLines"":351,""codeLines"":4562,""commentLines"":224},{""language"":""PEG"",""blankLines"":54,""codeLines"":356,""commentLines"":36},{""language"":""TOML"",""blankLines"":32,""codeLines"":302,""commentLines"":5},{""language"":""Bourne Again Shell"",""blankLines"":3,""codeLines"":9,""commentLines"":0},{""language"":""PowerShell"",""blankLines"":0,""codeLines"":6,""commentLines"":0},{""language"":""SCSS"",""blankLines"":66,""codeLines"":1934,""commentLines"":57},{""language"":""Dockerfile"",""blankLines"":16,""codeLines"":57,""commentLines"":3},{""language"":""JSON"",""blankLines"":4,""codeLines"":29366,""commentLines"":0},{""language"":""Less"",""blankLines"":198,""codeLines"":1189,""commentLines"":23},{""language"":""TypeScript"",""blankLines"":1454,""codeLines"":12917,""commentLines"":197},{""language"":""JSX"",""blankLines"":62,""codeLines"":451,""commentLines"":6},{""language"":""Python"",""blankLines"":13201,""codeLines"":66789,""commentLines"":7811},{""language"":""CSS"",""blankLines"":474,""codeLines"":11484,""commentLines"":110},{""language"":""INI"",""blankLines"":0,""codeLines"":6,""commentLines"":0},{""language"":""C"",""blankLines"":12,""codeLines"":68,""commentLines"":7},{""language"":""Text"",""blankLines"":1,""codeLines"":8,""commentLines"":0},{""language"":""HTML"",""blankLines"":24,""codeLines"":433,""commentLines"":2},{""language"":""SVG"",""blankLines"":0,""codeLines"":2677,""commentLines"":0},{""language"":""Jinja Template"",""blankLines"":1,""codeLines"":78,""commentLines"":6},{""language"":""YAML"",""blankLines"":42,""codeLines"":500,""commentLines"":14},{""language"":""Markdown"",""blankLines"":1224,""codeLines"":4204,""commentLines"":5},{""language"":""Bourne Shell"",""blankLines"":28,""codeLines"":110,""commentLines"":6},{""language"":""Sass"",""blankLines"":420,""codeLines"":4540,""commentLines"":144}]","2024-11-02T11:37:18","e1f6e2c8127cd16edc579de30e3a55d9a728f7bc",false,false,false,false,"{""Python"":2728885,""TypeScript"":448117,""JavaScript"":121441,""Less"":29532,""HTML"":10958,""Kaitai Struct"":3685,""CSS"":3618,""Shell"":3299,""Dockerfile"":702,""PowerShell"":258}","area/addons;area/console;area/contentviews;area/core;area/examples;area/infra;area/protocols;area/rust;area/tests;area/web;dependencies;github_actions;gsoc;help wanted;kind/bug;kind/docs;kind/feature;kind/question;kind/triage;kind/ux;nlnet;os/linux;os/osx;os/windows;prio/high;python;release-blocker;rfc;upstream","debugging;http;http2;man-in-the-middle;mitmproxy;proxy;python;security;ssl;tls;websocket"
"3993775","saltstack/salt",false,"121362","34","202","5476","Python","master","Apache License 2.0","https://docs.saltproject.io/salt/install-guide/en/latest/","534","14175","289","546827","2011-02-20T08:16:56","2024-11-06T03:54:07","2024-11-07T05:37:41","26581","2609","40396","234","207794","691855","241574","[{""language"":""make"",""blankLines"":48,""codeLines"":222,""commentLines"":15},{""language"":""Jinja Template"",""blankLines"":422,""codeLines"":3150,""commentLines"":147},{""language"":""PowerShell"",""blankLines"":541,""codeLines"":3063,""commentLines"":890},{""language"":""SQL"",""blankLines"":18,""codeLines"":85,""commentLines"":29},{""language"":""Bourne Shell"",""blankLines"":2101,""codeLines"":9868,""commentLines"":2651},{""language"":""reStructuredText"",""blankLines"":66212,""codeLines"":87715,""commentLines"":45576},{""language"":""zsh"",""blankLines"":35,""codeLines"":221,""commentLines"":23},{""language"":""Python"",""blankLines"":130867,""codeLines"":512361,""commentLines"":187962},{""language"":""Cython"",""blankLines"":20,""codeLines"":27,""commentLines"":29},{""language"":""C"",""blankLines"":3,""codeLines"":13,""commentLines"":0},{""language"":""C#"",""blankLines"":129,""codeLines"":735,""commentLines"":181},{""language"":""Bourne Again Shell"",""blankLines"":100,""codeLines"":609,""commentLines"":128},{""language"":""XSLT"",""blankLines"":20,""codeLines"":52,""commentLines"":25},{""language"":""SaltStack"",""blankLines"":99,""codeLines"":1053,""commentLines"":30},{""language"":""YAML"",""blankLines"":1797,""codeLines"":17787,""commentLines"":206},{""language"":""Markdown"",""blankLines"":1371,""codeLines"":6565,""commentLines"":135},{""language"":""Dockerfile"",""blankLines"":3,""codeLines"":7,""commentLines"":0},{""language"":""Fish Shell"",""blankLines"":65,""codeLines"":414,""commentLines"":81},{""language"":""XML"",""blankLines"":132,""codeLines"":925,""commentLines"":81},{""language"":""JSON"",""blankLines"":0,""codeLines"":4980,""commentLines"":0},{""language"":""WiX source"",""blankLines"":47,""codeLines"":353,""commentLines"":117},{""language"":""CSS"",""blankLines"":1017,""codeLines"":6150,""commentLines"":1100},{""language"":""Diff"",""blankLines"":39,""codeLines"":147,""commentLines"":109},{""language"":""HTML"",""blankLines"":160,""codeLines"":806,""commentLines"":65},{""language"":""SVG"",""blankLines"":1,""codeLines"":935,""commentLines"":3},{""language"":""TOML"",""blankLines"":8,""codeLines"":51,""commentLines"":0},{""language"":""DOS Batch"",""blankLines"":20,""codeLines"":196,""commentLines"":63},{""language"":""D"",""blankLines"":0,""codeLines"":4,""commentLines"":0},{""language"":""JavaScript"",""blankLines"":2351,""codeLines"":8957,""commentLines"":1913},{""language"":""TeX"",""blankLines"":68,""codeLines"":217,""commentLines"":0},{""language"":""INI"",""blankLines"":2,""codeLines"":17,""commentLines"":0},{""language"":""HCL"",""blankLines"":17,""codeLines"":70,""commentLines"":15},{""language"":""Text"",""blankLines"":81,""codeLines"":24100,""commentLines"":0}]","2024-10-23T11:20:51","66e5b97785b7de4e88cf84fafb41ff7ba3e4234e",true,false,false,false,"{""Python"":27152683,""Shell"":570011,""PowerShell"":156171,""NSIS"":75240,""C#"":50610,""Jinja"":42566,""SaltStack"":30189,""Batchfile"":14245,""HTML"":7935,""Rich Text Format"":4077,""XSLT"":4042,""Makefile"":3337,""HCL"":2338,""Cython"":1458,""Scilab"":1147,""Ruby"":961,""Scheme"":942,""Groovy"":537,""C"":493,""Roff"":192,""Dockerfile"":183}","abandoned;aix;alpine;aluminium;ansible guide;arch-linux;argon v3008.0;auto-test;awesome;backport:3005.x;backport:3006.x;backport:3007.x;backport:complete;backport:master;beacon;big-sur;boto;broken links;bug;bugfix-bckport;bytes-vs-strings;cannot-reproduce;centos;chlorine v3007.0;code-jam;community-docs;confirmed;core;debian;delta-proxy;dependency;deprecation;develop;doc-correction;doc-deprecated;doc-ex-missing;doc-obsolete;doc-param-missing;doc-question;doc-request;doc-rework;doc-rst-update;docker-images;docstring-update;documentation;downstream-bug;duplicate;effort-large;effort-medium;effort-small;effort-xl;effort-xmall;enhancement;epic;execution-module;expected-behavior;feature;fedora;file servers;fixed-pls-verify;flaky :snowflake:;freebsd;git and git fs guide;gitfs;good first issue;grains;has master-port;has-failing-test;help-wanted;info-needed;juniper;k8s-modules;known-issue;lazy-loader;lgpo;linux;loader;macos;magnesium;master-port;memory-leak;merge-conflict;module doc standards;msgpack;multi-master;must-fix;needs-changelog-file;needs-testcase;needs-triage;openbsd;openstack;opensuse;ops-improve;order;outputters;p1;p2;p3;p4;package-repo;packaging;pending-changes;pending-close;pending-community-assignment;pending-discussion;performance;phosphorus v3005.0;photonos;pillar;platform;point-release;proxy-minion;ps;python3;question;raet;raspberry-pi;reactor;regression;release-notes;renderers;requisite;retro;returners;reviewers-assigned;rhel;riot;runners;sales;salt install guide;salt-api;salt-call;salt-check;salt-cloud;salt-enhance;salt-extensions;salt-ssh;salt-syndic;saltclass;security;security and optimization;severity-critical;severity-high;severity-low;severity-medium;silicon v3004.0;skip-test-failures;slack;sles;solaris;solaris10;spm;stale;state-compiler;state-module;sudo_user;sulfur v3006.0;sulfur v3006.1;sulfur v3006.2;sulfur v3006.3;sulfur v3006.4;sulfur v3006.5;sulfur v3006.6;tech-debt;test-failure;test-fix;test:core;test:coverage;test:flaky-jail;test:full;test:no-fast;test:os:all;test:os:amazonlinux-2;test:os:amazonlinux-2-arm64;test:os:amazonlinux-2023;test:os:debian-11;test:os:debian-11-arm64;test:os:debian-12;test:os:debian-12-arm64;test:os:fedora-40;test:os:fedora-40-arm64;test:os:macos-12;test:os:macos-13;test:os:macos-13-arm64;test:os:opensuse-15;test:os:photonos-4;test:os:photonos-4-arm64;test:os:photonos-5;test:os:rockylinux-8;test:os:rockylinux-8-arm64;test:os:rockylinux-9;test:os:rockylinux-9-arm64;test:os:ubuntu-20.04;test:os:ubuntu-20.04-arm64;test:os:ubuntu-22.04;test:os:ubuntu-22.04-arm64;test:os:ubuntu-24.04;test:os:windows-2016;test:os:windows-2019;test:os:windows-2022;test:pkg;test:random-cache-seed;test:slow;tests;tests-passed;tiamat;time-estimate-long-term;time-estimate-quick-fix;time-estimate-single-day;time-estimate-sprint;transport;triage;ubuntu;upstream-bug;v2018.3;v2018.3.4;v2018.3.5;v2019.2;v2019.2.0;v2019.2.1;v2019.2.2;v2019.2.3;v2019.2.5;v2019.2x;v3000.1;v3000.2;v3000.3;v3000.4;v3000.5;v3000.6;v3000.7;v3000.8;v3000.9;v3001;v3001.1;v3001.2;v3001.3;v3001.4;v3001.5;v3001.6;v3001.7;v3001.8;v3002.1;v3002.2;v3002.3;v3002.4;v3002.5;v3002.6;v3003.1;v3003.2;v3003.3;vault;vmware;website;windows;won't-fix;yamlex;zd;zmq;zrelease-sodium;zreleased - 2015.8.11;zreleased - 2015.8.12;zreleased - 2016.11;zreleased - 2016.11.1;zreleased - 2016.11.2;zreleased - 2016.11.3;zreleased - 2016.11.4;zreleased - 2016.11.5;zreleased - 2016.11.6;zreleased - 2016.11.7;zreleased - 2016.11.8;zreleased - 2016.11.9;zreleased - 2016.3.2;zreleased - 2016.3.3;zreleased - 2016.3.4;zreleased - 2016.3.5;zreleased - 2016.3.6;zreleased - 2017.7;zreleased - 2017.7.0;zreleased - 2017.7.0rc1;zreleased - 2017.7.1;zreleased - 2017.7.2;zreleased - 2017.7.3;zreleased - 2017.7.4;zreleased - 2017.7.5;zreleased - 2017.7.6;zreleased - 2017.7.7;zreleased - 2017.7.8;zreleased - 2017.7.9;zreleased - 2018.3.0;zreleased - 2018.3.0rc1;zreleased - 2018.3.1;zreleased - 2018.3.2;zreleased - 2018.3.3;zreleased - beryllium;zreleased - boron;zreleased - carbon;zreleased - fluorine;zreleased - neon;zretired - rfc;zzz2019.2.1-port;zzz[done]-back-ported-bf;zzzwarroom","cloud;cloud-management;cloud-providers;cloud-provisioning;configuration-management;edge;event-management;event-stream;infrastructure;infrastructure-as-a-code;infrastructure-as-code;infrastructure-automation;infrastructure-management;iot;python;remote-execution;zeromq"
"3993790","statsmodels/statsmodels",false,"15563","20","29","2881","Python","main","BSD 3-Clause New or Revised License","http://www.statsmodels.org/devel/","282","10093","381","54443","2011-06-12T05:04:50","2024-10-28T11:44:12","2024-10-29T12:18:27","5457","2660","3951","169","75131","519370","152677","[{""language"":""MATLAB"",""blankLines"":605,""codeLines"":1582,""commentLines"":908},{""language"":""Fortran 90"",""blankLines"":23,""codeLines"":605,""commentLines"":15},{""language"":""JavaScript"",""blankLines"":57,""codeLines"":336,""commentLines"":140},{""language"":""CSV"",""blankLines"":8,""codeLines"":228666,""commentLines"":0},{""language"":""YAML"",""blankLines"":67,""codeLines"":733,""commentLines"":46},{""language"":""Markdown"",""blankLines"":45,""codeLines"":117,""commentLines"":0},{""language"":""XML"",""blankLines"":0,""codeLines"":9,""commentLines"":0},{""language"":""R"",""blankLines"":513,""codeLines"":2198,""commentLines"":506},{""language"":""Python"",""blankLines"":66584,""codeLines"":237795,""commentLines"":120041},{""language"":""Cython"",""blankLines"":796,""codeLines"":3881,""commentLines"":1403},{""language"":""TOML"",""blankLines"":1,""codeLines"":11,""commentLines"":2},{""language"":""SVG"",""blankLines"":1,""codeLines"":1465,""commentLines"":1},{""language"":""DOS Batch"",""blankLines"":18,""codeLines"":58,""commentLines"":2},{""language"":""INI"",""blankLines"":3,""codeLines"":64,""commentLines"":0},{""language"":""Assembly"",""blankLines"":54,""codeLines"":156,""commentLines"":91},{""language"":""Text"",""blankLines"":1292,""codeLines"":14219,""commentLines"":0},{""language"":""make"",""blankLines"":7,""codeLines"":26,""commentLines"":11},{""language"":""Jinja Template"",""blankLines"":20,""codeLines"":33,""commentLines"":1},{""language"":""C/C++ Header"",""blankLines"":6,""codeLines"":16,""commentLines"":2},{""language"":""reStructuredText"",""blankLines"":4198,""codeLines"":10782,""commentLines"":3387},{""language"":""Jupyter Notebook"",""blankLines"":0,""codeLines"":9776,""commentLines"":25778},{""language"":""Bourne Shell"",""blankLines"":32,""codeLines"":542,""commentLines"":25},{""language"":""JSON"",""blankLines"":0,""codeLines"":2878,""commentLines"":0},{""language"":""Stata"",""blankLines"":305,""codeLines"":1008,""commentLines"":306},{""language"":""HTML"",""blankLines"":471,""codeLines"":2009,""commentLines"":0},{""language"":""CSS"",""blankLines"":25,""codeLines"":405,""commentLines"":12}]","2024-10-28T11:44:12","4309a32d84c79fed3dbac5e281936031319ce346",true,false,false,false,"{""Python"":14826089,""AGS Script"":457842,""Cython"":226011,""HTML"":147816,""R"":110773,""MATLAB"":100389,""Stata"":50125,""Shell"":25814,""Fortran"":16671,""Assembly"":10031,""JavaScript"":1852,""Batchfile"":627,""C"":381}","backport;backport maintenance/0.13.x;backport maintenance/0.14.x;backport-manual;backwards-incompat;build;ci-random-failure;comp-base;comp-causal;comp-compositional;comp-datasets;comp-discrete;comp-distributions;comp-docs;comp-doe;comp-duration;comp-emplike;comp-extremes;comp-formula;comp-functional;comp-gam;comp-genmod;comp-graphics;comp-imputation;comp-io;comp-multivariate;comp-nonparametric;comp-othermod;comp-panel;comp-regression;comp-robust;comp-stats;comp-survey;comp-tools;comp-treatment;comp-tsa;comp-tsa-statespace;comp-tsa-vector-ar;corner-case;dependencies;design;documentation;duplicate;faq;good first issue;help wanted;maintenance;major feature;maybe_close;needs discussion;needs-release-note;needs-tests;pandas-integration;performance;prio-elev;prio-high;prio-low;question;reference;rejected;roadmap;superseded;support;topic-covtype;topic-diagnostic;topic-penalization;topic-post_estim;topic-predict;topic-weights;type-bug;type-bug-wrong;type-cleanup;type-enh;type-invalid;type-refactor;type-task;type-test;wishlist;won't fix","count-model;data-analysis;data-science;econometrics;forecasting;generalized-linear-models;hypothesis-testing;prediction;python;regression-models;robust-estimation;statistics;timeseries-analysis"
"3993797","scikit-image/scikit-image",false,"14178","24","34","2231","Python","main","Other","https://scikit-image.org","186","6082","357","81245","2011-07-07T10:07:20","2024-11-08T09:43:29","2024-11-09T05:33:35","2687","573","4526","238","25566","87100","42874","[{""language"":""JavaScript"",""blankLines"":2,""codeLines"":19,""commentLines"":0},{""language"":""XML"",""blankLines"":0,""codeLines"":1342,""commentLines"":163},{""language"":""C++"",""blankLines"":192,""codeLines"":978,""commentLines"":132},{""language"":""Bourne Again Shell"",""blankLines"":11,""codeLines"":21,""commentLines"":12},{""language"":""Text"",""blankLines"":204,""codeLines"":1017,""commentLines"":0},{""language"":""TOML"",""blankLines"":14,""codeLines"":194,""commentLines"":2},{""language"":""TeX"",""blankLines"":0,""codeLines"":28,""commentLines"":0},{""language"":""Fortran 77"",""blankLines"":14,""codeLines"":96,""commentLines"":0},{""language"":""reStructuredText"",""blankLines"":2034,""codeLines"":9264,""commentLines"":619},{""language"":""JSON"",""blankLines"":4,""codeLines"":136,""commentLines"":0},{""language"":""Diff"",""blankLines"":6,""codeLines"":102,""commentLines"":64},{""language"":""INI"",""blankLines"":0,""codeLines"":24,""commentLines"":0},{""language"":""make"",""blankLines"":21,""codeLines"":103,""commentLines"":4},{""language"":""C/C++ Header"",""blankLines"":88,""codeLines"":1669,""commentLines"":653},{""language"":""Python"",""blankLines"":19635,""codeLines"":59258,""commentLines"":35963},{""language"":""CSS"",""blankLines"":3,""codeLines"":9,""commentLines"":7},{""language"":""YAML"",""blankLines"":168,""codeLines"":1160,""commentLines"":134},{""language"":""Markdown"",""blankLines"":197,""codeLines"":666,""commentLines"":8},{""language"":""Cython"",""blankLines"":2675,""codeLines"":8269,""commentLines"":4825},{""language"":""C"",""blankLines"":151,""codeLines"":1536,""commentLines"":205},{""language"":""Meson"",""blankLines"":126,""codeLines"":1128,""commentLines"":69},{""language"":""Bourne Shell"",""blankLines"":21,""codeLines"":81,""commentLines"":14}]","2024-11-08T09:43:29","fc4ddc773937af7bfb1bf63b1ac66666024cd97c",true,false,false,false,"{""Python"":3281739,""Cython"":552181,""C"":235220,""C++"":44817,""Meson"":29805,""Shell"":5016,""JavaScript"":1940,""Makefile"":719}",":+1:  1st approval;:adhesive_bandage: type: bug fix;:arrow_down_small: deprecation;:arrow_up: upstream;:baby: type: new feature;:balance_scale: needs decision;:bar_chart: run-benchmark;:beer: hacktoberfest;:beers: hacktoberfest-accepted;:beginner: good first issue;:bug: bug;:bulb: solution identified;:chart_with_upwards_trend: type: performance;:computer: Arch specific;:cry: won't fix;:fast_forward: type: enhancement;:hand: wait for skimage2;:hiking_boot: Path to skimage2;:ice_cube: backburner;:mag: monitor;:monocle_face: needs review;:muscle: work in progress;:package: installation;:page_facing_up: type: documentation;:people_hugging: support;:pray: feature request;:question: needs info;:robot: type: infrastructure;:rocket: Quick win;:runner: sprint;:scroll: type: api;:sleeping: dormant;:sos: to take over;:speech_balloon: discussion;:thinking: planning;:trophy: type: highlight;:warning: Priority;:wave: outreachy;:wrench: type: maintenance;module: scikit-image-contrib;still needs manual backport;⚽ contributor's ball","computer-vision;image-processing;python"
"3993804","openstack/nova",false,"60999","10","0","2534","Python","master","Apache License 2.0","https://opendev.org/openstack/nova","435","3079","277","299267","2010-07-22T02:04:27","2024-11-06T06:46:56","2024-11-06T06:47:03","0","0","105","0","106018","500689","109516","[{""language"":""YAML"",""blankLines"":1609,""codeLines"":20971,""commentLines"":287},{""language"":""reStructuredText"",""blankLines"":11743,""codeLines"":23283,""commentLines"":10034},{""language"":""Bourne Shell"",""blankLines"":118,""codeLines"":477,""commentLines"":161},{""language"":""PO File"",""blankLines"":9202,""codeLines"":31471,""commentLines"":194},{""language"":""JSON"",""blankLines"":7,""codeLines"":17506,""commentLines"":0},{""language"":""Mako"",""blankLines"":6,""codeLines"":26,""commentLines"":0},{""language"":""XML"",""blankLines"":2,""codeLines"":828,""commentLines"":1},{""language"":""Text"",""blankLines"":18,""codeLines"":291,""commentLines"":0},{""language"":""Fortran 77"",""blankLines"":2258,""codeLines"":3968,""commentLines"":267},{""language"":""Python"",""blankLines"":79043,""codeLines"":389380,""commentLines"":98565},{""language"":""CSS"",""blankLines"":5,""codeLines"":27,""commentLines"":0},{""language"":""SVG"",""blankLines"":34,""codeLines"":6339,""commentLines"":7},{""language"":""TOML"",""blankLines"":0,""codeLines"":3,""commentLines"":0},{""language"":""Pascal"",""blankLines"":81,""codeLines"":167,""commentLines"":0},{""language"":""INI"",""blankLines"":203,""codeLines"":2304,""commentLines"":0},{""language"":""PHP"",""blankLines"":1689,""codeLines"":3648,""commentLines"":0}]","2024-11-06T06:45:13","3b530ac15b4bd79167703cb0d71ff7d3b53ec2f9",false,false,false,false,"{""Python"":23564236,""Smarty"":529632,""Shell"":26123,""C++"":3545,""NASL"":3545,""Mako"":1952}","","service"
"3993810","frappe/frappe",false,"47830","57","1000","3435","Python","develop","MIT License","https://frappeframework.com","214","7247","300","434410","2011-06-08T08:14:16","2024-11-09T06:42:45","2024-11-09T06:46:35","6012","1846","22122","87","187973","629985","315901","[{""language"":""SQL"",""blankLines"":59,""codeLines"":553,""commentLines"":70},{""language"":""JSON"",""blankLines"":1,""codeLines"":41176,""commentLines"":0},{""language"":""Jinja Template"",""blankLines"":0,""codeLines"":10,""commentLines"":0},{""language"":""YAML"",""blankLines"":311,""codeLines"":2046,""commentLines"":67},{""language"":""SCSS"",""blankLines"":2509,""codeLines"":14639,""commentLines"":394},{""language"":""Markdown"",""blankLines"":506,""codeLines"":1984,""commentLines"":36},{""language"":""HTML"",""blankLines"":566,""codeLines"":7688,""commentLines"":140},{""language"":""Python"",""blankLines"":31094,""codeLines"":110153,""commentLines"":15085},{""language"":""CSS"",""blankLines"":333,""codeLines"":8092,""commentLines"":93},{""language"":""Bourne Shell"",""blankLines"":30,""codeLines"":115,""commentLines"":2},{""language"":""Less"",""blankLines"":3,""codeLines"":215,""commentLines"":2},{""language"":""PO File"",""blankLines"":138033,""codeLines"":321522,""commentLines"":295065},{""language"":""Sass"",""blankLines"":2459,""codeLines"":12731,""commentLines"":341},{""language"":""SVG"",""blankLines"":193,""codeLines"":10335,""commentLines"":14},{""language"":""JavaScript"",""blankLines"":11034,""codeLines"":84993,""commentLines"":4408},{""language"":""XML"",""blankLines"":0,""codeLines"":27,""commentLines"":0},{""language"":""INI"",""blankLines"":3,""codeLines"":18,""commentLines"":0},{""language"":""Text"",""blankLines"":49,""codeLines"":6241,""commentLines"":0},{""language"":""Vuejs Component"",""blankLines"":700,""codeLines"":6679,""commentLines"":174},{""language"":""CSV"",""blankLines"":0,""codeLines"":111,""commentLines"":0},{""language"":""TOML"",""blankLines"":90,""codeLines"":657,""commentLines"":10}]","2024-11-09T06:42:45","e2e484e547eabf2e089432ee1d1e8fd9862ef656",true,false,false,false,"{""Python"":4542860,""JavaScript"":2646166,""SCSS"":296873,""HTML"":265528,""Vue"":173553,""CSS"":49398,""Less"":10921,""Shell"":3398,""Jinja"":388,""Makefile"":99}","accessibility;add-description;add-docs;add-test-cases;add-visuals;api design;backport develop;backport version-14-hotfix;backport version-15-hotfix;blocking;breaking change;browser-support;bug;buying;cant-reproduce;complexity: high;conflicts;critical;data import;datatable;debug-gha;defer backport;dependencies;depracattions;design;desk-beta;discussion;do not backport;do not squash;docs-pending;docs-required;documentation;dont-merge;dx;email;experimental;feature-request;fix-frappe-linter;fix-sider-issues;fix-tests;fixed;foundation-funded;framework;frappe-chat;frappe-support;github-externship;github_actions;global search;good first issue;hacktoberfest;hacktoberfest-accepted;help-wanted;high priority;hotfix;how-to;i18n;ignore-flaky-test;inactive;invalid;ios safari 💩;javascript;localization;low priority;major;medium priority;meta;minor;mobile;need-more-info;needs-backport;needs-design-discussion;needs-detailed-design;needs-semantic-title;no-stale;paid-development;performance;postgres;project-management;proposal;pull-request;python;qa;ready for testing;rebase;refactor;release;released;requires manual test;requires security review;resolve-conflicts;resolve-failing-checks;resolved;review-codacy;run server tests;run ui tests;security;selling;shortlisted;skip ci;skip manual testing;squash;system;test-required;tests-failing;to-validate;translation;travis-failing;ui-test-pending;ui-test-required;under design review;update-branch;update-docs;urgent;user-interface;ux;v13.19.0;v14 pre merge;v14 pre release;v15;v16;valid;validated;version-11;version-12;waiting-for-suggested-changes;website;wip;wontfix","cms;email;erpnext;frappe;full-stack;hacktoberfest;javascript;low-code;mariadb;multitenant;postgres;python;rest-api;security;socket-io;web-framework;webhooks"
"3993822","openstack/neutron",false,"28596","10","0","1457","Python","master","Apache License 2.0","https://opendev.org/openstack/neutron","274","1401","275","179985","2011-09-16T04:04:08","2024-11-08T05:45:16","2024-11-08T05:45:20","0","0","60","0","73629","401196","62209","[{""language"":""Bourne Again Shell"",""blankLines"":6,""codeLines"":36,""commentLines"":2},{""language"":""SVG"",""blankLines"":14,""codeLines"":50982,""commentLines"":60},{""language"":""INI"",""blankLines"":106,""codeLines"":747,""commentLines"":0},{""language"":""Text"",""blankLines"":266,""codeLines"":1130,""commentLines"":0},{""language"":""make"",""blankLines"":16,""codeLines"":76,""commentLines"":4},{""language"":""Jinja Template"",""blankLines"":138,""codeLines"":451,""commentLines"":0},{""language"":""YAML"",""blankLines"":176,""codeLines"":8356,""commentLines"":218},{""language"":""reStructuredText"",""blankLines"":12158,""codeLines"":31702,""commentLines"":8648},{""language"":""Mako"",""blankLines"":5,""codeLines"":30,""commentLines"":0},{""language"":""SQL"",""blankLines"":10,""codeLines"":19,""commentLines"":21},{""language"":""Ruby"",""blankLines"":5,""codeLines"":35,""commentLines"":2},{""language"":""Bourne Shell"",""blankLines"":266,""codeLines"":1056,""commentLines"":331},{""language"":""PO File"",""blankLines"":4459,""codeLines"":15925,""commentLines"":105},{""language"":""XML"",""blankLines"":22,""codeLines"":101,""commentLines"":0},{""language"":""Python"",""blankLines"":55975,""codeLines"":290524,""commentLines"":52818},{""language"":""CSS"",""blankLines"":7,""codeLines"":26,""commentLines"":0}]","2024-11-08T05:28:22","28b2e819e3196cf46cf2a644f18439f7c0169cc7",false,false,false,false,"{""Python"":16972962,""Shell"":54997,""Jinja"":2773,""Ruby"":1257,""Mako"":1048}","","service"
"3993823","wbond/package_control_channel",false,"15504","2","0","3621","Python","master",,"https://packagecontrol.io/docs/developers","40","1243","390","20611","2011-08-05T03:56:41","2024-11-06T11:04:20","2024-11-06T11:04:27","161","2","8830","13","279","54265","179","[{""language"":""YAML"",""blankLines"":7,""codeLines"":35,""commentLines"":1},{""language"":""Markdown"",""blankLines"":13,""codeLines"":26,""commentLines"":27},{""language"":""JSON"",""blankLines"":0,""codeLines"":52553,""commentLines"":0},{""language"":""Python"",""blankLines"":256,""codeLines"":1639,""commentLines"":151},{""language"":""INI"",""blankLines"":3,""codeLines"":12,""commentLines"":0}]","2024-11-06T11:04:19","369c957fc47392ac991194059770b05749f47e6b",true,false,false,false,"{""Python"":73336}","awaiting objection;duplicate;feedback provided;feedback required;mergeable;non-package;pending review;question;removal;stale;takeover;timeout",""
"3993841","gpodder/gpodder",false,"5360","18","67","204","Python","master","GNU General Public License v3.0","http://gpodder.org/","45","1276","169","36614","2011-04-28T08:53:14","2024-10-06T06:08:30","2024-10-06T06:08:34","933","278","693","23","26623","79933","30507","[{""language"":""make"",""blankLines"":46,""codeLines"":104,""commentLines"":32},{""language"":""YAML"",""blankLines"":15,""codeLines"":94,""commentLines"":5},{""language"":""Markdown"",""blankLines"":86,""codeLines"":168,""commentLines"":0},{""language"":""Bourne Shell"",""blankLines"":129,""codeLines"":611,""commentLines"":88},{""language"":""PO File"",""blankLines"":20559,""codeLines"":52437,""commentLines"":24572},{""language"":""Python"",""blankLines"":5739,""codeLines"":19689,""commentLines"":5764},{""language"":""Glade"",""blankLines"":1,""codeLines"":4298,""commentLines"":28},{""language"":""SVG"",""blankLines"":1,""codeLines"":1765,""commentLines"":1},{""language"":""XML"",""blankLines"":0,""codeLines"":185,""commentLines"":0},{""language"":""XSLT"",""blankLines"":6,""codeLines"":19,""commentLines"":5},{""language"":""Qt"",""blankLines"":0,""codeLines"":434,""commentLines"":12},{""language"":""reStructuredText"",""blankLines"":19,""codeLines"":44,""commentLines"":0},{""language"":""INI"",""blankLines"":0,""codeLines"":2,""commentLines"":0},{""language"":""Text"",""blankLines"":18,""codeLines"":48,""commentLines"":0},{""language"":""TOML"",""blankLines"":4,""codeLines"":35,""commentLines"":0}]","2024-10-06T06:07:57","657001fd4bd15cbdf0cd24e7b17d090d8bb46231",true,false,false,false,"{""Python"":1187329,""Shell"":26614,""NSIS"":8326,""Makefile"":6397,""Roff"":3689,""XSLT"":866}","adaptive;blocked;bug;cli;dependencies;doc;duplicate;easy pick;enhancement;fixed-in-master;flatpak;has-patch;has-pull-request;help wanted;invalid;invalid-feed;macos;maintenance;mygpo;needs-confirmation;needs-info;podcastparser;question;regression;release-blocker;windows;wip;wontfix;youtube",""
"3993886","gem/oq-engine",false,"174789","418","69","277","Python","master","GNU Affero General Public License v3.0","https://github.com/gem/oq-engine/#openquake-engine","36","383","83","1038280","2010-06-28T02:59:42","2024-11-08T04:24:26","2024-11-08T09:01:40","1421","36","8698","12","53470","2002468","92049","[{""language"":""TOML"",""blankLines"":87,""codeLines"":670,""commentLines"":0},{""language"":""SVG"",""blankLines"":1,""codeLines"":737,""commentLines"":1},{""language"":""DOS Batch"",""blankLines"":8,""codeLines"":26,""commentLines"":1},{""language"":""INI"",""blankLines"":4185,""codeLines"":12913,""commentLines"":0},{""language"":""Text"",""blankLines"":117,""codeLines"":245921,""commentLines"":0},{""language"":""make"",""blankLines"":21,""codeLines"":78,""commentLines"":16},{""language"":""Jinja Template"",""blankLines"":21,""codeLines"":173,""commentLines"":0},{""language"":""C++"",""blankLines"":0,""codeLines"":107,""commentLines"":0},{""language"":""reStructuredText"",""blankLines"":5700,""codeLines"":15482,""commentLines"":3486},{""language"":""SQL"",""blankLines"":11,""codeLines"":67,""commentLines"":0},{""language"":""Bourne Shell"",""blankLines"":346,""codeLines"":1695,""commentLines"":461},{""language"":""Dockerfile"",""blankLines"":0,""codeLines"":46,""commentLines"":40},{""language"":""JSON"",""blankLines"":0,""codeLines"":364,""commentLines"":0},{""language"":""HTML"",""blankLines"":165,""codeLines"":1603,""commentLines"":16},{""language"":""CSS"",""blankLines"":79,""codeLines"":392,""commentLines"":65},{""language"":""Bourne Again Shell"",""blankLines"":13,""codeLines"":102,""commentLines"":17},{""language"":""Fortran 77"",""blankLines"":22,""codeLines"":95,""commentLines"":3},{""language"":""JavaScript"",""blankLines"":3811,""codeLines"":19833,""commentLines"":2963},{""language"":""Windows Module Definition"",""blankLines"":7,""codeLines"":51,""commentLines"":0},{""language"":""CSV"",""blankLines"":7,""codeLines"":1366154,""commentLines"":0},{""language"":""YAML"",""blankLines"":226,""codeLines"":2441,""commentLines"":319},{""language"":""Markdown"",""blankLines"":3089,""codeLines"":10566,""commentLines"":15},{""language"":""XML"",""blankLines"":6721,""codeLines"":196979,""commentLines"":374},{""language"":""Diff"",""blankLines"":1,""codeLines"":13,""commentLines"":15},{""language"":""Python"",""blankLines"":28832,""codeLines"":125960,""commentLines"":84257}]","2024-11-08T09:01:35","25b0d2f97d17562a209dfc5e3a34f97f73198e2d",true,false,false,false,"{""Python"":11028496,""Shell"":82455,""JavaScript"":80877,""HTML"":51094,""CSS"":7456,""C++"":6850,""Jinja"":6847,""BitBake"":3297}","AELO;backport;bug;critical;dependencies;documentation;enhancement;github_actions;inputs;internal;investigation;outputs;performance;proposal;wip","cluster;earthquakes;hazard;hazard-assessment;hpc;openquake;openquake-engine;psha;python;risk;risk-analysis;risk-assessment;scientific-computing;seismic"
"3997007","celery/celery",false,"12711","44","53","4670","Python","main","Other","https://docs.celeryq.dev","472","24848","395","35349","2009-04-24T11:31:24","2024-11-09T05:39:43","2024-11-10T03:08:52","5109","664","3573","60","32731","95152","18055","[{""language"":""DOS Batch"",""blankLines"":51,""codeLines"":267,""commentLines"":30},{""language"":""Dockerfile"",""blankLines"":32,""codeLines"":145,""commentLines"":24},{""language"":""reStructuredText"",""blankLines"":15941,""codeLines"":25272,""commentLines"":8299},{""language"":""XML"",""blankLines"":0,""codeLines"":58,""commentLines"":0},{""language"":""JSON"",""blankLines"":0,""codeLines"":2475,""commentLines"":0},{""language"":""Bourne Again Shell"",""blankLines"":7,""codeLines"":27,""commentLines"":1},{""language"":""Python"",""blankLines"":15906,""codeLines"":62719,""commentLines"":9369},{""language"":""HTML"",""blankLines"":6,""codeLines"":21,""commentLines"":0},{""language"":""TOML"",""blankLines"":4,""codeLines"":51,""commentLines"":0},{""language"":""zsh"",""blankLines"":5,""codeLines"":119,""commentLines"":9},{""language"":""SVG"",""blankLines"":0,""codeLines"":105,""commentLines"":0},{""language"":""Bourne Shell"",""blankLines"":154,""codeLines"":718,""commentLines"":76},{""language"":""Markdown"",""blankLines"":179,""codeLines"":412,""commentLines"":173},{""language"":""YAML"",""blankLines"":83,""codeLines"":587,""commentLines"":66},{""language"":""make"",""blankLines"":87,""codeLines"":358,""commentLines"":8},{""language"":""Text"",""blankLines"":247,""codeLines"":1698,""commentLines"":0},{""language"":""INI"",""blankLines"":29,""codeLines"":120,""commentLines"":0}]","2024-11-06T04:04:44","b468b91cbb84e3a0b84946607af5a90a58f0a643",true,false,false,false,"{""Python"":2970821,""Shell"":28762,""Dockerfile"":6341,""Makefile"":6084,""Batchfile"":2386,""Smarty"":1722}","amqp 1.0;backer ❤️;category: deployment;category: documentation;category: experimental features;category: packaging and release management;category: performance;category: project governance;category: results backend;category: tests;ci;component: amazon sqs broker;component: amqp results backend;component: app;component: arangodb results backend;component: auth serializer;component: autoreload;component: autoscaling;component: azure block blob results backend;component: azure service bus;component: azure storage queues broker;component: beanstalk broker;component: billiard;component: cache results backend;component: canvas;component: cassandra results backend;component: celery master;component: celerybeat;component: cli;component: cloudamqp broker;component: configuration;component: consul results backend;component: consumer;component: couchbase results backend;component: couchdb results backend;component: django;component: docker image;component: dynamodb results backend;component: eager mode;component: elasticsearch results backend;component: eta/countdown;component: eventlet workers pool;component: filesystem result backend;component: gevent workers pool;component: google cloud storage backend;component: gossip;component: iron mq broker;component: ironcache results backend;component: kombu;component: logging;component: memcached results backend;component: mongodb broker;component: mongodb results backend;component: prefork workers pool;component: pytest integration;component: qpid broker;component: rabbitmq broker;component: redis broker;component: redis results backend;component: remote debugger;component: result backend;component: rpc results backend;component: signals;component: solo worker pool;component: sphinx contrib;component: sqlalchemy;component: sqlalchemy database results backend;component: task execution;component: task routing;component: task serialization;component: threadpool workers pool;component: zookeeper broker;cython;dependencies;dev-version;events;flask;github_actions;good first issue;greenlet;hacktoberfest-accepted;haproxy;heartbeat;hiredis;inspect;issue type: bug report;issue type: documentation;issue type: enhancement;issue type: feature request;issue type: optimization;issue type: question;issue type: regression;issue type: task;memory leak;msgpack;multi;needs help;not funded;operating system: bsd;operating system: linux;operating system: macos;operating system: windows;pr type: backport;pr type: bugfix;pr type: cleanup;pr type: enhancement;pr type: feature;pr type: test case;priority: blocker;priority: critical;priority: low;priority: major;priority: none (no current effort);priority: normal;priority: trivial;pucurl;pyamqp;pycurl;python;python version: jython;python version: pypy;python version: pypy 3;python version: python 2;python version: python 3;redis-py;result;s3 result backend;serializer;severity: blocker;severity: critical;severity: low;severity: major;severity: normal;severity: trivial;sponsor ❤️;sprint candidate;status: cannot reproduce ✘;status: confirmed ✔;status: design decision needed ✘;status: duplicate ✘;status: feedback needed ✘;status: has documentation✔;status: has test coverage ✔;status: has testcase ✔;status: in progress;status: invalid ✘;status: needs backporting;status: needs documentation ✘;status: needs rebase ✘;status: needs test coverage ✘;status: needs testcase ✘;status: needs verification ✘;status: not a bug;status: ready for merge ✔;status: won't fix;status: works for me;todo;upstream bug;version: 3.0;version: 3.1;version: 4.0;version: 4.1;version: 4.2;version: 4.4;version: 5.0;worker;worker crashes;worker hangs","amqp;python;python-library;python3;queue-tasks;queue-workers;queued-jobs;redis;redis-queue;sqs;sqs-queue;task-manager;task-runner;task-scheduler"
"3997008","numpy/numpy",false,"37391","30","120","10072","Python","main","Other","https://numpy.org","599","27997","433","149835","2010-09-13T11:02:39","2024-11-08T07:09:39","2024-11-09T05:40:38","12859","1972","14810","206","124666","541910","191507","[{""language"":""DOS Batch"",""blankLines"":11,""codeLines"":52,""commentLines"":11},{""language"":""reStructuredText"",""blankLines"":23541,""codeLines"":68187,""commentLines"":16938},{""language"":""SWIG"",""blankLines"":330,""codeLines"":2573,""commentLines"":538},{""language"":""Cython"",""blankLines"":2874,""codeLines"":5747,""commentLines"":7652},{""language"":""C"",""blankLines"":40829,""codeLines"":167059,""commentLines"":71201},{""language"":""Python"",""blankLines"":47843,""codeLines"":180122,""commentLines"":82722},{""language"":""NAnt script"",""blankLines"":7,""codeLines"":31,""commentLines"":0},{""language"":""sed"",""blankLines"":0,""codeLines"":139,""commentLines"":12},{""language"":""Markdown"",""blankLines"":126,""codeLines"":370,""commentLines"":12},{""language"":""YAML"",""blankLines"":401,""codeLines"":2646,""commentLines"":401},{""language"":""CSV"",""blankLines"":0,""codeLines"":36702,""commentLines"":0},{""language"":""C++"",""blankLines"":2438,""codeLines"":16438,""commentLines"":1430},{""language"":""CMake"",""blankLines"":9,""codeLines"":47,""commentLines"":9},{""language"":""JSON"",""blankLines"":20,""codeLines"":88,""commentLines"":0},{""language"":""Fortran 90"",""blankLines"":132,""codeLines"":1000,""commentLines"":91},{""language"":""Fortran 77"",""blankLines"":71,""codeLines"":960,""commentLines"":109},{""language"":""CSS"",""blankLines"":17,""codeLines"":51,""commentLines"":6},{""language"":""Diff"",""blankLines"":350,""codeLines"":1817,""commentLines"":1556},{""language"":""HTML"",""blankLines"":2,""codeLines"":21,""commentLines"":0},{""language"":""Meson"",""blankLines"":198,""codeLines"":2526,""commentLines"":358},{""language"":""TOML"",""blankLines"":35,""codeLines"":183,""commentLines"":13},{""language"":""Bourne Shell"",""blankLines"":51,""codeLines"":323,""commentLines"":99},{""language"":""SVG"",""blankLines"":48,""codeLines"":19314,""commentLines"":11},{""language"":""INI"",""blankLines"":5,""codeLines"":62,""commentLines"":1},{""language"":""D"",""blankLines"":0,""codeLines"":1,""commentLines"":0},{""language"":""Pascal"",""blankLines"":25,""codeLines"":197,""commentLines"":273},{""language"":""make"",""blankLines"":48,""codeLines"":215,""commentLines"":44},{""language"":""C/C++ Header"",""blankLines"":4584,""codeLines"":32155,""commentLines"":8019},{""language"":""Fortran 95"",""blankLines"":0,""codeLines"":4,""commentLines"":1},{""language"":""Text"",""blankLines"":671,""codeLines"":2860,""commentLines"":0},{""language"":""TeX"",""blankLines"":0,""codeLines"":20,""commentLines"":0}]","2024-11-08T07:09:30","7c0e2e4224c6feb04a2ac4aa851f49a2c2f6189f",true,false,false,false,"{""Python"":11071092,""C"":6393018,""C++"":475637,""Cython"":187124,""Meson"":95328,""Fortran"":37421,""Shell"":17823,""JavaScript"":16928,""sed"":5706,""Dockerfile"":5129,""Smarty"":4129,""Forth"":3787,""Starlark"":1842,""Makefile"":1716,""D"":19,""Pascal"":16}","00 - bug;01 - enhancement;03 - maintenance;04 - documentation;05 - testing;06 - regression;07 - deprecation;08 - backport;09 - backport-candidate;10 - forwardport-candidate;14 - release;15 - discussion;16 - development;17 - task;23 - wish list;24 - pypy;25 - wip;26 - compiler;28 - benchmark;29 - intel/anaconda;30 - api;31 - third-party binaries;32 - installation;33 - question;34 - reversion;35 - how-to candidate;36 - build;38 - cross compilation;39 - free-threading;40 - array API standard;50 - duplicate;51 - in progress;52 -  inactive;53 - invalid;54 - needs decision;55 - needs work;56 - needs release note.;57 - close?;58 - ready for review;59 - needs tests;60 - major release;62 - python api;63 - c api;64 - good idea;HWY;c++;component: __array_function__;component: benchmarks;component: build;component: ci;component: contributing guide;component: distribution;component: documentation;component: nep;component: npy_math;component: numpy._core;component: numpy.array_api;component: numpy.ctypes;component: numpy.datetime64;component: numpy.distutils;component: numpy.dtype;component: numpy.einsum;component: numpy.f2py;component: numpy.fft;component: numpy.lib;component: numpy.linalg;component: numpy.ma;component: numpy.matrixlib;component: numpy.polynomial;component: numpy.random;component: numpy.strings;component: numpy.testing;component: numpy.ufunc;component: other;component: simd;component: swig;defunct — difficulty: intermediate;dependencies;embedded;github_actions;meson;numpy 2.0 api changes;patch;priority: high;priority: low;project;proposal;sprintable;sprintable - c;static typing;tracking / planning;triage review;triaged","numpy;python"
"3997018","scipy/scipy",false,"33735","31","93","5189","Python","main","BSD 3-Clause New or Revised License","https://scipy.org","349","13071","413","164571","2011-03-09T06:52:03","2024-11-09T01:44:37","2024-11-09T03:19:44","10397","1478","11438","285","142164","637898","289913","[{""language"":""Text"",""blankLines"":728,""codeLines"":105189,""commentLines"":0},{""language"":""Python"",""blankLines"":91964,""codeLines"":263109,""commentLines"":165898},{""language"":""INI"",""blankLines"":225,""codeLines"":491,""commentLines"":0},{""language"":""TOML"",""blankLines"":24,""codeLines"":146,""commentLines"":43},{""language"":""Unity-Prefab"",""blankLines"":0,""codeLines"":2,""commentLines"":0},{""language"":""Cython"",""blankLines"":8124,""codeLines"":22391,""commentLines"":12868},{""language"":""C"",""blankLines"":13445,""codeLines"":81285,""commentLines"":38749},{""language"":""SVG"",""blankLines"":4,""codeLines"":513,""commentLines"":0},{""language"":""PHP"",""blankLines"":50,""codeLines"":249,""commentLines"":0},{""language"":""Markdown"",""blankLines"":671,""codeLines"":2619,""commentLines"":18},{""language"":""YAML"",""blankLines"":340,""codeLines"":1979,""commentLines"":301},{""language"":""reStructuredText"",""blankLines"":9822,""codeLines"":34631,""commentLines"":7164},{""language"":""C++"",""blankLines"":3928,""codeLines"":18542,""commentLines"":2275},{""language"":""Fortran 90"",""blankLines"":17,""codeLines"":43,""commentLines"":8},{""language"":""JSON"",""blankLines"":18,""codeLines"":3032,""commentLines"":0},{""language"":""Fortran 77"",""blankLines"":2267,""codeLines"":40064,""commentLines"":42530},{""language"":""CSS"",""blankLines"":20,""codeLines"":71,""commentLines"":8},{""language"":""HTML"",""blankLines"":0,""codeLines"":11,""commentLines"":0},{""language"":""MATLAB"",""blankLines"":42,""codeLines"":94,""commentLines"":45},{""language"":""Meson"",""blankLines"":420,""codeLines"":5046,""commentLines"":248},{""language"":""Bourne Shell"",""blankLines"":75,""codeLines"":309,""commentLines"":107},{""language"":""make"",""blankLines"":43,""codeLines"":120,""commentLines"":32},{""language"":""TeX"",""blankLines"":0,""codeLines"":24,""commentLines"":0},{""language"":""C/C++ Header"",""blankLines"":9894,""codeLines"":57542,""commentLines"":19397},{""language"":""Pascal"",""blankLines"":18,""codeLines"":85,""commentLines"":0},{""language"":""Diff"",""blankLines"":16,""codeLines"":231,""commentLines"":205},{""language"":""DOS Batch"",""blankLines"":4,""codeLines"":13,""commentLines"":5},{""language"":""R"",""blankLines"":5,""codeLines"":67,""commentLines"":12}]","2024-11-09T01:44:37","1946f3e05c452cf5b78785c63bd31869a876db75",true,false,false,false,"{""Python"":18872451,""C"":5552980,""Fortran"":3064531,""C++"":2812650,""Cython"":1472619,""Meson"":156597,""TeX"":52106,""CMake"":29273,""Shell"":18216,""Dockerfile"":9885,""MATLAB"":4346,""R"":3059,""Starlark"":1900,""Batchfile"":888,""Makefile"":778}","3rd party binaries;array types;backport-candidate;benchmarks;branding;build issues;c/c++;ci;cython;defect;deprecated;documentation;duplicate;dx;enhancement;fortran;free-threading;github;good first issue;information;invalid;licensing;maintenance;meson;migrated from trac;needs-champion;needs-decision;needs-release-note;needs-work;official binaries;pythran;query;rfc;scipep;scipy._lib;scipy.cluster;scipy.constants;scipy.datasets;scipy.differentiate;scipy.fft;scipy.fftpack;scipy.integrate;scipy.interpolate;scipy.io;scipy.linalg;scipy.misc;scipy.ndimage;scipy.odr;scipy.optimize;scipy.signal;scipy.sparse;scipy.sparse.csgraph;scipy.sparse.linalg;scipy.spatial;scipy.special;scipy.stats;special-docs-marathon;sprint;static typing;task;technically infeasible;uarray;upstream bug;website;wontfix","algorithms;closember;python;scientific-computing;scipy"
"3997020","pypa/pip",false,"14873","3","0","3028","Python","main","MIT License","https://pip.pypa.io/","318","9524","397","71655","2011-03-06T02:30:46","2024-11-09T04:50:39","2024-11-10T08:45:02","7376","967","5628","151","29498","133639","30550","[{""language"":""Text"",""blankLines"":96,""codeLines"":1272,""commentLines"":0},{""language"":""Python"",""blankLines"":24822,""codeLines"":120209,""commentLines"":29413},{""language"":""reStructuredText"",""blankLines"":2677,""codeLines"":6575,""commentLines"":857},{""language"":""HTML"",""blankLines"":0,""codeLines"":92,""commentLines"":0},{""language"":""TOML"",""blankLines"":45,""codeLines"":276,""commentLines"":57},{""language"":""PowerShell"",""blankLines"":11,""codeLines"":61,""commentLines"":2},{""language"":""Diff"",""blankLines"":59,""codeLines"":271,""commentLines"":176},{""language"":""Markdown"",""blankLines"":1706,""codeLines"":4339,""commentLines"":11},{""language"":""YAML"",""blankLines"":82,""codeLines"":544,""commentLines"":34}]","2024-11-09T04:50:39","fe0925b3c00bf8956a0d33408df692ac364217d4",false,false,false,false,"{""Python"":5937533,""HTML"":3983,""PowerShell"":2137,""Jinja"":589}","!release blocker;auto-bitrotten;auto-locked;awaiting merge;bot:chronographer:provided;c: autocomplete;c: automation;c: build logic;c: cache;c: check;c: cli;c: configuration;c: constraint;c: debug;c: dependency resolution;c: direct url;c: download;c: editable;c: encoding;c: error messages;c: extras;c: finder;c: freeze;c: index;c: inspect;c: install report;c: keyring;c: list/show;c: logging;c: network connectivity;c: output;c: pep 517 impact;c: proxy;c: public api;c: requirement file;c: scripts;c: search;c: setup.py install;c: setup_requires;c: target;c: tests;c: uninstall;c: unnamed reqs;c: upgrade;c: user scheme;c: vcs;c: wheel;good first issue;help wanted;kind: backwards incompatible;kind: crash;kind: workaround;needs rebase or merge;os: linux;os: macos;os: windows;pep implementation;project: <downstream>;project: jython;project: pypy;project: setuptools;project: vendored dependency;project: virtualenv;python 2 only;resolution: deferred till pr;resolution: duplicate;resolution: invalid;resolution: known limitation;resolution: needs standard;resolution: no action;resolution: not a bug;resolution: out of scope;resolution: wrong project;s: awaiting response;s: needs triage;skip news;state: awaiting pr;state: blocked;state: needs discussion;state: needs eyes;state: needs reproducer;type: bug;type: deprecation;type: docs;type: enhancement;type: feature request;type: maintenance;type: performance;type: question;type: refactor;type: security;type: support;ux;ux: ecosystem research epic;ux: functionality research epic;ux: future work;ux: raised in user testing","packaging;pip;python"
"3997024","pallets/werkzeug",false,"5725","2","49","1733","Python","main","BSD 3-Clause New or Revised License","https://werkzeug.palletsprojects.com","223","6654","411","15968","2010-10-18T11:42:40","2024-11-08T03:54:02","2024-11-08T04:22:57","1200","3","1762","0","8544","28752","7229","[{""language"":""TOML"",""blankLines"":15,""codeLines"":105,""commentLines"":0},{""language"":""Bourne Shell"",""blankLines"":0,""codeLines"":7,""commentLines"":0},{""language"":""INI"",""blankLines"":9,""codeLines"":56,""commentLines"":0},{""language"":""Markdown"",""blankLines"":52,""codeLines"":124,""commentLines"":42},{""language"":""make"",""blankLines"":4,""codeLines"":9,""commentLines"":6},{""language"":""YAML"",""blankLines"":1,""codeLines"":187,""commentLines"":11},{""language"":""JavaScript"",""blankLines"":37,""codeLines"":292,""commentLines"":15},{""language"":""Text"",""blankLines"":5,""codeLines"":363,""commentLines"":0},{""language"":""JSON"",""blankLines"":0,""codeLines"":17,""commentLines"":0},{""language"":""DOS Batch"",""blankLines"":8,""codeLines"":26,""commentLines"":1},{""language"":""reStructuredText"",""blankLines"":1593,""codeLines"":4456,""commentLines"":776},{""language"":""XML"",""blankLines"":2,""codeLines"":16,""commentLines"":0},{""language"":""Python"",""blankLines"":6699,""codeLines"":21733,""commentLines"":6377},{""language"":""CSS"",""blankLines"":113,""codeLines"":636,""commentLines"":1},{""language"":""HTML"",""blankLines"":6,""codeLines"":725,""commentLines"":0}]","2024-11-08T03:53:55","7868bef5d978093a8baa0784464ebe5d775ae92a",false,false,false,false,"{""Python"":1061077,""JavaScript"":10068,""CSS"":6078,""Shell"":165,""HTML"":124}","asgi;bug;debugger;dependencies;docs;github_actions;good first issue;infrastructure;python;reloader;routing;save-for-sprint;security;server;standards;typing;user-agent","http;pallets;python;werkzeug;wsgi"
"3997031","buildbot/buildbot",false,"26511","23","79","1630","Python","master","GNU General Public License v2.0","https://www.buildbot.net","198","5276","326","77401","2010-07-06T05:56:53","2024-11-09T10:05:51","2024-11-09T10:05:58","1696","704","6410","24","57052","235317","46301","[{""language"":""Bourne Shell"",""blankLines"":116,""codeLines"":624,""commentLines"":83},{""language"":""RAML"",""blankLines"":272,""codeLines"":1891,""commentLines"":24},{""language"":""JavaScript"",""blankLines"":32,""codeLines"":184,""commentLines"":61},{""language"":""make"",""blankLines"":66,""codeLines"":266,""commentLines"":22},{""language"":""Jinja Template"",""blankLines"":31,""codeLines"":142,""commentLines"":0},{""language"":""SCSS"",""blankLines"":223,""codeLines"":1744,""commentLines"":84},{""language"":""reStructuredText"",""blankLines"":13372,""codeLines"":18181,""commentLines"":10966},{""language"":""Less"",""blankLines"":3,""codeLines"":20,""commentLines"":1},{""language"":""TypeScript"",""blankLines"":3776,""codeLines"":20252,""commentLines"":3479},{""language"":""Python"",""blankLines"":35736,""codeLines"":166861,""commentLines"":31412},{""language"":""Cucumber"",""blankLines"":0,""codeLines"":6,""commentLines"":0},{""language"":""Sass"",""blankLines"":197,""codeLines"":1662,""commentLines"":26},{""language"":""ASP.NET"",""blankLines"":22,""codeLines"":112,""commentLines"":0},{""language"":""XML"",""blankLines"":13,""codeLines"":76,""commentLines"":5},{""language"":""Markdown"",""blankLines"":23,""codeLines"":48,""commentLines"":0},{""language"":""YAML"",""blankLines"":77,""codeLines"":721,""commentLines"":77},{""language"":""TOML"",""blankLines"":60,""codeLines"":212,""commentLines"":2},{""language"":""Dockerfile"",""blankLines"":16,""codeLines"":42,""commentLines"":16},{""language"":""Mako"",""blankLines"":7,""codeLines"":17,""commentLines"":0},{""language"":""Pug"",""blankLines"":0,""codeLines"":19,""commentLines"":7},{""language"":""JSON"",""blankLines"":0,""codeLines"":576,""commentLines"":0},{""language"":""Text"",""blankLines"":1005,""codeLines"":3629,""commentLines"":0},{""language"":""CSS"",""blankLines"":15,""codeLines"":73,""commentLines"":12},{""language"":""HTML"",""blankLines"":2,""codeLines"":109,""commentLines"":18},{""language"":""INI"",""blankLines"":25,""codeLines"":79,""commentLines"":0},{""language"":""SVG"",""blankLines"":1963,""codeLines"":17771,""commentLines"":6}]","2024-11-09T10:05:51","7da70da87b814a46549e7743e5c936a3631ce1c3",true,false,false,false,"{""Python"":8417234,""TypeScript"":907895,""RAML"":83578,""SCSS"":43532,""Shell"":25218,""JavaScript"":13426,""Makefile"":13034,""Roff"":12270,""Jinja"":5762,""HTML"":5174,""Dockerfile"":2372,""Pug"":1138,""CSS"":1090,""Mako"":494,""Gherkin"":458,""Less"":341}","api;auth;bug;buildbot_worker;builder;bytes;changesource;codebase;console_view;database;db-mysql;db-postgres;db-sqlite;dependencies;diversity&inclusion;do not merge;documentation;easy;eight;eight regression;eight-compat;email;external_dep_bug;feature;file upload;flaky;good first issue;gsoc2019;help wanted;in progress;irc;javascript;large scale;latent worker;lock;maybe fixed;message queue;metric;needs docs;needs rebase;needs relnotes;needs reply;needs reproducer;needs tests;needs work;pending-backport;performance;plugin;py3;python;reconfigure;regression;release blocker;reporter;rfc;scheduler;secret;services;slow;sourcestep;sse;stalled;step;support;tech debt💰;test improvement;tls;triggering;try_scheduler;usability;waterfall_view;web ui;webhook;windows;worker","ci;ci-framework;continuous-integration;python"
"3997038","internetarchive/openlibrary",false,"19173","189","108","1362","Python","master","GNU Affero General Public License v3.0","https://openlibrary.org","173","5203","313","95112","2008-10-30T05:20:14","2024-11-08T08:38:27","2024-11-09T09:56:45","4292","803","5656","158","42044","219913","41627","[{""language"":""Vuejs Component"",""blankLines"":625,""codeLines"":5883,""commentLines"":485},{""language"":""Visualforce Page"",""blankLines"":0,""codeLines"":2988,""commentLines"":0},{""language"":""SQL"",""blankLines"":108,""codeLines"":683,""commentLines"":36},{""language"":""XML"",""blankLines"":321,""codeLines"":6160,""commentLines"":1138},{""language"":""JSON"",""blankLines"":1,""codeLines"":48588,""commentLines"":0},{""language"":""Dockerfile"",""blankLines"":29,""codeLines"":106,""commentLines"":38},{""language"":""Python"",""blankLines"":12713,""codeLines"":51693,""commentLines"":8944},{""language"":""CSS"",""blankLines"":43,""codeLines"":265,""commentLines"":5},{""language"":""HTML"",""blankLines"":2090,""codeLines"":14557,""commentLines"":85},{""language"":""Less"",""blankLines"":1630,""codeLines"":12205,""commentLines"":1267},{""language"":""SVG"",""blankLines"":1,""codeLines"":96,""commentLines"":4},{""language"":""TOML"",""blankLines"":10,""codeLines"":148,""commentLines"":33},{""language"":""PO File"",""blankLines"":21685,""codeLines"":53928,""commentLines"":24969},{""language"":""Bourne Shell"",""blankLines"":171,""codeLines"":652,""commentLines"":198},{""language"":""JavaScript"",""blankLines"":1839,""codeLines"":11404,""commentLines"":4213},{""language"":""CSV"",""blankLines"":0,""codeLines"":4,""commentLines"":0},{""language"":""Markdown"",""blankLines"":442,""codeLines"":944,""commentLines"":41},{""language"":""make"",""blankLines"":17,""codeLines"":55,""commentLines"":10},{""language"":""Text"",""blankLines"":164,""codeLines"":7656,""commentLines"":0},{""language"":""YAML"",""blankLines"":145,""codeLines"":1853,""commentLines"":161},{""language"":""INI"",""blankLines"":10,""codeLines"":45,""commentLines"":0}]","2024-11-08T08:31:13","6de38dee8385a3f9767fdaa32bb411fdb63ab964",true,false,false,false,"{""Python"":2362916,""HTML"":682899,""JavaScript"":609523,""Less"":287867,""Vue"":194790,""Shell"":33751,""PLpgSQL"":15936,""CSS"":4730,""Makefile"":3256,""Dockerfile"":1606,""MDX"":900}","1-off tasks;affects: admin/maintenance;affects: communications;affects: configuration;affects: data;affects: database;affects: developers;affects: documentation;affects: experience;affects: librarians;affects: mobile/responsive;affects: operations;affects: partners;affects: policy;affects: server;affects: ui;better world books;can it be closed?;data cleanup;dependencies;design research;editions;emails;epic;export;fellowship opportunity;good first issue;hacktoberfest;javascript;lead: @beccat123;lead: @bharatkalluri;lead: @bpmcneilly;lead: @cclauss;lead: @cdrini;lead: @danafein;lead: @davidscotson;lead: @debbiesan;lead: @dhruvmanila;lead: @finnless;lead: @guyjeangilles;lead: @hayoonc;lead: @hornc;lead: @jdlrobson;lead: @jimchamp;lead: @jimman2003;lead: @mekarpeles;lead: @mheiman;lead: @raybb;lead: @rebecca-shoptaw;lead: @sbwhitt;lead: @scottbarnes;lead: @seabelis;lead: @sivanc;lead: @szgrune;lead: @tabshaikh;metadata;module: authors;module: book genome;module: books page;module: borrowing / lending;module: carousels;module: cover service;module: data dumps;module: docker;module: following;module: import;module: infogami;module: integrated librarian environment (ile bar);module: javascript;module: main site navigation;module: memcache;module: merge queue;module: merging;module: mobile;module: permissions;module: search page(s);module: solr;module: solr builder;module: solr updater;module: thebestbookon.com;module: wikidata;needs: breakdown;needs: community discussion;needs: design feedback;needs: designs;needs: detail;needs: feedback;needs: help;needs: investigation;needs: lead;needs: patch deploy;needs: response;needs: review;needs: review assignee;needs: special deploy;needs: staff / internal;needs: staff decision;needs: submitter input;needs: testing;needs: triage;no-automation;on ol-jchamp;on ol-mek;on staging;on testing.openlibrary.org;openlibrary-client;patch deployed;primary focus;priority: 0;priority: 1;priority: 2;priority: 3;priority: 4;priority: requested;python;recaptcha;registration;regression;solr next;state: blocked;state: qa;state: work in progress;team: front-end;temporary;theme: accessibility;theme: affiliate api;theme: analytics;theme: barcode scanner;theme: book availability;theme: book page;theme: book sponsorship;theme: book tags;theme: bots;theme: css;theme: decentralization;theme: design;theme: development;theme: distribution;theme: editing;theme: identifiers;theme: internationalization;theme: library explorer;theme: lists;theme: marc records;theme: my books;theme: onboarding;theme: performance;theme: project management;theme: provisioning;theme: public apis;theme: publishers;theme: reading log;theme: reading stats;theme: record merging;theme: redirects;theme: search;theme: security;theme: seo;theme: series;theme: subjects;theme: testing;theme: trusted book providers;theme: unicode;theme: yearly reading goals;translations;type: bug;type: design proposal;type: epic;type: feature request;type: post-mortem;type: proposal;type: question;type: refactor/clean-up;type: subtask of epic;type: suggestion;type: upgrade;validation;wayback","books;hacktoberfest;internet-archive;library-catalogue;open-source"
"3997048","sabnzbd/sabnzbd",false,"9454","30","226","339","Python","develop","Other","http://sabnzbd.org","133","2302","86","192658","2011-08-10T08:28:06","2024-11-04T12:29:18","2024-11-04T09:15:59","1781","27","1085","2","27414","94784","35670","[{""language"":""INI"",""blankLines"":0,""codeLines"":21,""commentLines"":0},{""language"":""Text"",""blankLines"":611,""codeLines"":2418,""commentLines"":0},{""language"":""Python"",""blankLines"":7470,""codeLines"":34920,""commentLines"":9386},{""language"":""CSS"",""blankLines"":681,""codeLines"":4123,""commentLines"":98},{""language"":""HTML"",""blankLines"":11,""codeLines"":176,""commentLines"":13},{""language"":""PO File"",""blankLines"":17920,""codeLines"":45687,""commentLines"":24878},{""language"":""Bourne Shell"",""blankLines"":13,""codeLines"":38,""commentLines"":2},{""language"":""SVG"",""blankLines"":0,""codeLines"":558,""commentLines"":0},{""language"":""Markdown"",""blankLines"":31,""codeLines"":73,""commentLines"":0},{""language"":""YAML"",""blankLines"":47,""codeLines"":1048,""commentLines"":15},{""language"":""XML"",""blankLines"":0,""codeLines"":588,""commentLines"":1},{""language"":""JavaScript"",""blankLines"":629,""codeLines"":5077,""commentLines"":1276},{""language"":""JSON"",""blankLines"":0,""codeLines"":42,""commentLines"":0},{""language"":""DOS Batch"",""blankLines"":1,""codeLines"":15,""commentLines"":1}]","2024-11-04T08:08:53","629da51be71317e522dcb9dbce167e07a4ff94c2",false,false,false,false,"{""Python"":1958233,""JavaScript"":229214,""CSS"":85729,""NSIS"":31428,""HTML"":10829,""Shell"":1323,""Batchfile"":545,""SRecode Template"":2}","backlog;bug;dependencies;feature request;fixed;github_actions;help wanted;new feature;python;python 3;stale;support;upstream;work in progress","binary-newsreader;python;usenet"
"3997055","sopel-irc/sopel",false,"6265","40","72","403","Python","master","Other","https://sopel.chat","61","951","126","9707","2011-12-22T05:59:00","2024-10-26T12:49:00","2024-10-26T12:45:14","1256","141","1377","19","12137","33074","11745","[{""language"":""TOML"",""blankLines"":7,""codeLines"":76,""commentLines"":1},{""language"":""DOS Batch"",""blankLines"":23,""codeLines"":166,""commentLines"":1},{""language"":""reStructuredText"",""blankLines"":1329,""codeLines"":2435,""commentLines"":947},{""language"":""Bourne Shell"",""blankLines"":42,""codeLines"":160,""commentLines"":13},{""language"":""Markdown"",""blankLines"":81,""codeLines"":277,""commentLines"":0},{""language"":""YAML"",""blankLines"":100,""codeLines"":3735,""commentLines"":5},{""language"":""make"",""blankLines"":40,""codeLines"":160,""commentLines"":8},{""language"":""Bourne Again Shell"",""blankLines"":10,""codeLines"":28,""commentLines"":4},{""language"":""Text"",""blankLines"":0,""codeLines"":32,""commentLines"":0},{""language"":""Python"",""blankLines"":10496,""codeLines"":25924,""commentLines"":10764},{""language"":""CSS"",""blankLines"":6,""codeLines"":37,""commentLines"":2},{""language"":""INI"",""blankLines"":3,""codeLines"":44,""commentLines"":0}]","2024-10-26T12:45:09","2e8de02325c4842086eec16f4ee532437643bd5d",false,false,false,false,"{""Python"":1529684,""Shell"":6523,""Makefile"":1153}","breaking change;bug;bugfix;build;core/irc protocol handling;core/networking;core/plugin handling;declined;documentation;duplicate;easyfix;feature;hacktoberfest-accepted;high priority;housekeeping;invalid;long-term planning;low priority;medium priority;needs info;needs triage;not us;question;replaced;security;stale;tests;tracking;tweak;windows;work in progress","hacktoberfest;irc;irc-bot;irc-bot-framework;python"
"3998587","ytdl-org/youtube-dl",false,"18861","10","341","9998","Python","master","The Unlicense","http://ytdl-org.github.io/youtube-dl/","2201","131864","387","65185","2010-10-31T02:35:07","2024-10-15T08:11:28","2024-10-16T02:17:21","26617","3703","4946","496","18970","141236","12419","[{""language"":""INI"",""blankLines"":0,""codeLines"":14,""commentLines"":0},{""language"":""Text"",""blankLines"":4,""codeLines"":17,""commentLines"":0},{""language"":""Python"",""blankLines"":18082,""codeLines"":136462,""commentLines"":12009},{""language"":""zsh"",""blankLines"":5,""codeLines"":1,""commentLines"":18},{""language"":""Bourne Shell"",""blankLines"":46,""codeLines"":159,""commentLines"":20},{""language"":""YAML"",""blankLines"":6,""codeLines"":433,""commentLines"":41},{""language"":""Markdown"",""blankLines"":703,""codeLines"":2876,""commentLines"":243},{""language"":""make"",""blankLines"":56,""codeLines"":246,""commentLines"":10},{""language"":""DOS Batch"",""blankLines"":3,""codeLines"":13,""commentLines"":1},{""language"":""JSON"",""blankLines"":0,""codeLines"":76,""commentLines"":0},{""language"":""XML"",""blankLines"":3,""codeLines"":718,""commentLines"":5},{""language"":""reStructuredText"",""blankLines"":29,""codeLines"":23,""commentLines"":38},{""language"":""ActionScript"",""blankLines"":33,""codeLines"":198,""commentLines"":34}]","2024-08-06T07:59:09","c5098961b04ce83f4615f2a846c84f803b072639",false,false,false,false,"{""Python"":6343775,""Shell"":8791,""Makefile"":6235,""ActionScript"":4300,""Batchfile"":633}","account-needed;broken-ie;bug;build/update;cant-reproduce;clarification-needed;defunct;do-not-merge;documentation;drm;duplicate;external-bugs;fixed;geo-restricted;gh-pages;good first issue;hls;incomplete;invalid;linux;mpd;not-a-bug;nsfw;offtopic;out-of-scope;outdated-version;patch-available;pending-fixes;php;postprocessors;question;regression;request;site-support-request;site-update-request;spam;subtitles;test-needed;tv-provider-account-needed;windows;won't fix;yt-dlp",""
"3998588","pandas-dev/pandas",false,"35690","19","109","17949","Python","main","BSD 3-Clause New or Revised License","https://pandas.pydata.org","1110","43733","412","363188","2010-08-24T01:37:33","2024-11-09T11:57:58","2024-11-10T05:25:05","26972","3540","33258","83","137591","548503","160662","[{""language"":""TOML"",""blankLines"":69,""codeLines"":890,""commentLines"":206},{""language"":""Meson"",""blankLines"":28,""codeLines"":328,""commentLines"":13},{""language"":""SVG"",""blankLines"":33,""codeLines"":16315,""commentLines"":37},{""language"":""HTML"",""blankLines"":928,""codeLines"":12483,""commentLines"":56},{""language"":""Text"",""blankLines"":1,""codeLines"":94,""commentLines"":0},{""language"":""Python"",""blankLines"":101277,""codeLines"":406772,""commentLines"":116761},{""language"":""CSS"",""blankLines"":60,""codeLines"":440,""commentLines"":11},{""language"":""Cython"",""blankLines"":7724,""codeLines"":23717,""commentLines"":12100},{""language"":""C"",""blankLines"":1258,""codeLines"":7537,""commentLines"":1048},{""language"":""CSV"",""blankLines"":12,""codeLines"":36366,""commentLines"":0},{""language"":""Bourne Shell"",""blankLines"":33,""codeLines"":371,""commentLines"":40},{""language"":""Markdown"",""blankLines"":1439,""codeLines"":4310,""commentLines"":1},{""language"":""XSLT"",""blankLines"":5,""codeLines"":32,""commentLines"":0},{""language"":""YAML"",""blankLines"":292,""codeLines"":2904,""commentLines"":255},{""language"":""C/C++ Header"",""blankLines"":434,""codeLines"":1487,""commentLines"":598},{""language"":""XML"",""blankLines"":1,""codeLines"":194,""commentLines"":0},{""language"":""reStructuredText"",""blankLines"":23934,""codeLines"":33358,""commentLines"":27696},{""language"":""Jupyter Notebook"",""blankLines"":0,""codeLines"":465,""commentLines"":1747},{""language"":""Bourne Again Shell"",""blankLines"":11,""codeLines"":29,""commentLines"":14},{""language"":""Dockerfile"",""blankLines"":33,""codeLines"":87,""commentLines"":79},{""language"":""JSON"",""blankLines"":19,""codeLines"":324,""commentLines"":0}]","2024-11-09T11:57:58","4fcee0e431135bf6fa97440d4d7e17a96630fe6e",false,false,false,false,"{""Python"":20706522,""Cython"":1358226,""HTML"":457282,""C"":354157,""Shell"":24569,""Meson"":10917,""Smarty"":8486,""CSS"":6804,""Dockerfile"":5876,""XSLT"":1196,""Makefile"":463,""Batchfile"":180}","32bit;accessors;admin;algos;api - consistency;api design;apply;arm;arrow;astype;backported;benchmark;blocked;blocker;blocker for rc;bug;build;categorical;ci;clean;closing candidate;code style;community;compat;complex;conditionals;constructors;copy / view semantics;cov/corr;cut;dataframe;datetime;datetime.date;dependencies;deprecate;docs;downcasting;dtype conversions;duplicate report;duplicated;enhancement;expressions;extensionarray;filters;freq retention;frequency;good first issue;groupby;hashing;ideas;index;indexing;inplace;interchange;internals;interval;io csv;io data;io excel;io fixed width;io hdf5;io html;io json;io latex;io network;io parquet;io pickle;io sas;io sql;io stata;io xml;isin;linux;localization;master tracker;metadata;missing-data;mothballed;multi-block;multiindex;multithreading;na - maskedarrays;needs discussion;needs info;needs tests;needs triage;nested data;non-nano;nuisance columns;numba;numeric operations;os x;output-formatting;pdep;pdep missing values;pdep6-related;performance;period;pyarrow dtype retention;pypy;python 3.10;python 3.11;python 3.12;python 3.13;quantile;reduction operations;refactor;regression;release;rename;replace;resample;reshaping;roadmap;segfault;series;setitem-with-expansion;setops;sorting;sparse;sprints;stale;still needs manual backport;strings;styler;subclassing;testing;timedelta;timestamp;timezones;transformations;typing;ufuncs;unicode;unreliable test;upstream issue;usage question;visualization;vote;warnings;web;window;windows;​​​​​error reporting","alignment;data-analysis;data-science;flexible;pandas;python"
"3998593","qtile/qtile",false,"5562","1","22","701","Python","master","MIT License","http://qtile.org","96","4807","341","12663","2008-08-30T12:16:40","2024-11-08T09:34:30","2024-11-09T04:55:24","2076","151","2413","22","15513","55784","19060","[{""language"":""Nix"",""blankLines"":23,""codeLines"":116,""commentLines"":9},{""language"":""SVG"",""blankLines"":2,""codeLines"":171,""commentLines"":2},{""language"":""Bourne Shell"",""blankLines"":16,""codeLines"":38,""commentLines"":75},{""language"":""reStructuredText"",""blankLines"":1613,""codeLines"":2664,""commentLines"":1930},{""language"":""Text"",""blankLines"":0,""codeLines"":40,""commentLines"":0},{""language"":""YAML"",""blankLines"":15,""codeLines"":561,""commentLines"":17},{""language"":""Markdown"",""blankLines"":2,""codeLines"":6,""commentLines"":0},{""language"":""make"",""blankLines"":34,""codeLines"":165,""commentLines"":5},{""language"":""TOML"",""blankLines"":17,""codeLines"":107,""commentLines"":0},{""language"":""INI"",""blankLines"":10,""codeLines"":122,""commentLines"":0},{""language"":""Snakemake"",""blankLines"":2,""codeLines"":9,""commentLines"":15},{""language"":""Python"",""blankLines"":13745,""codeLines"":51569,""commentLines"":16984},{""language"":""CSS"",""blankLines"":1,""codeLines"":9,""commentLines"":3},{""language"":""Bourne Again Shell"",""blankLines"":33,""codeLines"":207,""commentLines"":20}]","2024-11-08T09:34:30","71d9707bb61bc47113106f483bbcdb269f48aa48",true,false,false,false,"{""Python"":2735025,""Shell"":11199,""Nix"":3895,""Makefile"":773}","area: core;area: docs;area: extensions;area: floating;area: fullscreen;area: github;area: layouts;area: multimonitor;area: packaging;area: widgets;core: wayland;core: x11;floating refactor;info: breaking change;info: easy;info: has workaround;info: important;kind: bug;kind: enhancement;kind: task;status: help wanted;status: missing test;status: stale;status: unconfirmed","python;qtile;wayland-compositor;window-manager;wlroots;x11-wm"
"3998602","gaphor/gaphor",false,"12330","18","65","200","Python","main",,"https://gaphor.org","46","1873","97","51308","2009-06-24T08:01:13","2024-11-09T09:41:03","2024-11-09T09:41:07","820","114","2704","5","45075","402621","35672","[{""language"":""make"",""blankLines"":48,""codeLines"":289,""commentLines"":5},{""language"":""YAML"",""blankLines"":54,""codeLines"":1116,""commentLines"":23},{""language"":""Dockerfile"",""blankLines"":1,""codeLines"":7,""commentLines"":2},{""language"":""JSON"",""blankLines"":5,""codeLines"":137,""commentLines"":0},{""language"":""XML"",""blankLines"":182,""codeLines"":262381,""commentLines"":105},{""language"":""DOS Batch"",""blankLines"":21,""codeLines"":133,""commentLines"":1},{""language"":""Qt"",""blankLines"":140,""codeLines"":3657,""commentLines"":10},{""language"":""reStructuredText"",""blankLines"":424,""codeLines"":399,""commentLines"":439},{""language"":""Ruby"",""blankLines"":14,""codeLines"":83,""commentLines"":5},{""language"":""TOML"",""blankLines"":35,""codeLines"":280,""commentLines"":0},{""language"":""INI"",""blankLines"":2,""codeLines"":3,""commentLines"":0},{""language"":""Text"",""blankLines"":183,""codeLines"":214,""commentLines"":0},{""language"":""Python"",""blankLines"":15153,""codeLines"":46224,""commentLines"":4052},{""language"":""CSS"",""blankLines"":116,""codeLines"":455,""commentLines"":33},{""language"":""JavaScript"",""blankLines"":2,""codeLines"":15,""commentLines"":0},{""language"":""PO File"",""blankLines"":27615,""codeLines"":67318,""commentLines"":30975},{""language"":""Bourne Shell"",""blankLines"":8,""codeLines"":34,""commentLines"":4},{""language"":""SVG"",""blankLines"":8,""codeLines"":16065,""commentLines"":8},{""language"":""Markdown"",""blankLines"":1064,""codeLines"":3811,""commentLines"":10}]","2024-11-09T09:41:02","56f790fde017a61e1ea710363cf4fa02af6f4c17",true,false,false,false,"{""Python"":2032017,""CSS"":8749,""NSIS"":6225,""Makefile"":4209,""Ruby"":3486,""Dockerfile"":558,""Shell"":415}","$$$;bug;chore;dependencies;documentation;feature;first-timers-only;fix;github_actions;gtk4;hacktoberfest;hypothesis;ideation;macos;not-quite-right;packaging;python;show stopper;skip-changelog;sysml v2;translation;up-for-grabs;upstream;windows","c4model;diagram;fta;gnome;gtk;mbse;model-based-systems-engineering;modeling;python;stpa;sysml;uml"
"3998604","sahana/eden",false,"14101","2","0","558","Python","master","Other","http://eden.sahanafoundation.org","48","386","72","235201","2011-12-20T05:49:16","2024-09-13T03:22:11","2024-09-13T03:22:27","137","24","1453","68","215848","1470811","394389","[{""language"":""Diff"",""blankLines"":1,""codeLines"":9,""commentLines"":7},{""language"":""XML"",""blankLines"":807,""codeLines"":13790,""commentLines"":120},{""language"":""DOS Batch"",""blankLines"":9,""codeLines"":54,""commentLines"":1},{""language"":""reStructuredText"",""blankLines"":548,""codeLines"":665,""commentLines"":615},{""language"":""Ruby"",""blankLines"":36,""codeLines"":167,""commentLines"":126},{""language"":""SCSS"",""blankLines"":6687,""codeLines"":24256,""commentLines"":15360},{""language"":""Dockerfile"",""blankLines"":7,""codeLines"":11,""commentLines"":0},{""language"":""JSON"",""blankLines"":7,""codeLines"":75,""commentLines"":0},{""language"":""SVG"",""blankLines"":14,""codeLines"":11307,""commentLines"":297},{""language"":""HTML"",""blankLines"":344,""codeLines"":17608,""commentLines"":622},{""language"":""Text"",""blankLines"":23,""codeLines"":249,""commentLines"":0},{""language"":""Python"",""blankLines"":78990,""codeLines"":532880,""commentLines"":136915},{""language"":""CSS"",""blankLines"":24848,""codeLines"":225938,""commentLines"":41255},{""language"":""CSV"",""blankLines"":90,""codeLines"":83886,""commentLines"":0},{""language"":""JavaScript"",""blankLines"":84159,""codeLines"":456767,""commentLines"":169911},{""language"":""PHP"",""blankLines"":30,""codeLines"":227,""commentLines"":75},{""language"":""Bourne Shell"",""blankLines"":28,""codeLines"":90,""commentLines"":39},{""language"":""Markdown"",""blankLines"":837,""codeLines"":3124,""commentLines"":0},{""language"":""Sass"",""blankLines"":6687,""codeLines"":24727,""commentLines"":14889},{""language"":""XSLT"",""blankLines"":11525,""codeLines"":74090,""commentLines"":13934},{""language"":""make"",""blankLines"":4,""codeLines"":9,""commentLines"":7},{""language"":""YAML"",""blankLines"":12,""codeLines"":59,""commentLines"":10},{""language"":""RobotFramework"",""blankLines"":155,""codeLines"":823,""commentLines"":206}]","2024-09-13T03:22:11","e1cbdd6b55ac30247049c72a6f416606fdc5267d",true,false,false,false,"{""Python"":42481920,""JavaScript"":21744149,""CSS"":5686975,""XSLT"":4605290,""HTML"":1545625,""SCSS"":1337994,""RobotFramework"":52266,""Ruby"":23274,""PHP"":15220,""Shell"":6084,""NSIS"":3934,""EJS"":3474,""Dockerfile"":1015,""Batchfile"":637}","admin;bug;cap;core;critical;crmt;css;documentation;dvr;enhancement;gis;i18n;install;major;messaging;minor;organization registry;person registry;s3;test;ui;wa-cop",""
"4000446","sympy/sympy",false,"59106","15","55","4428","Python","master","Other","https://sympy.org/","291","12971","444","186993","2010-04-30T08:37:14","2024-11-05T11:24:56","2024-11-05T11:25:05","13314","4413","13480","711","157865","477432","206463","[{""language"":""SVG"",""blankLines"":46,""codeLines"":8717,""commentLines"":92},{""language"":""XSLT"",""blankLines"":699,""codeLines"":7525,""commentLines"":467},{""language"":""Perl"",""blankLines"":54,""codeLines"":383,""commentLines"":0},{""language"":""TOML"",""blankLines"":16,""codeLines"":120,""commentLines"":17},{""language"":""INI"",""blankLines"":5,""codeLines"":27,""commentLines"":0},{""language"":""Markdown"",""blankLines"":2594,""codeLines"":9921,""commentLines"":72},{""language"":""Text"",""blankLines"":8,""codeLines"":63,""commentLines"":0},{""language"":""TeX"",""blankLines"":516,""codeLines"":804,""commentLines"":71},{""language"":""Bourne Shell"",""blankLines"":8,""codeLines"":45,""commentLines"":19},{""language"":""Scheme"",""blankLines"":0,""codeLines"":4,""commentLines"":0},{""language"":""YAML"",""blankLines"":154,""codeLines"":584,""commentLines"":109},{""language"":""make"",""blankLines"":29,""codeLines"":139,""commentLines"":6},{""language"":""JavaScript"",""blankLines"":9,""codeLines"":68,""commentLines"":0},{""language"":""Jupyter Notebook"",""blankLines"":0,""codeLines"":317,""commentLines"":10560},{""language"":""DOS Batch"",""blankLines"":10,""codeLines"":58,""commentLines"":1},{""language"":""ANTLR Grammar"",""blankLines"":84,""codeLines"":335,""commentLines"":11},{""language"":""Python"",""blankLines"":144354,""codeLines"":422475,""commentLines"":187312},{""language"":""CSS"",""blankLines"":16,""codeLines"":90,""commentLines"":39},{""language"":""reStructuredText"",""blankLines"":9210,""codeLines"":22480,""commentLines"":7603},{""language"":""HTML"",""blankLines"":3,""codeLines"":46,""commentLines"":7},{""language"":""JSON"",""blankLines"":19,""codeLines"":2854,""commentLines"":0},{""language"":""Dockerfile"",""blankLines"":5,""codeLines"":18,""commentLines"":55},{""language"":""XML"",""blankLines"":26,""codeLines"":359,""commentLines"":22}]","2024-11-05T11:24:56","91ab0d56601537db30574666941424d4c24f3083",true,false,false,false,"{""Python"":25722350,""XSLT"":366181,""ANTLR"":10016,""Perl"":7590,""JavaScript"":1881,""Shell"":946,""Dockerfile"":939,""Scheme"":125}","actions;add test to close;algebras;almost done;already solved in master;alternate python;assumptions;backwards incompatibility;bug;calculus;categories;cheatsheet;ci;ci: restarted;code quality;codegen;combinatorics;concrete;core;core.cache;core.evalf;core.numbers;core.relational;core.sympify;could close;coverage;critical;crypto;czi: codegen/biomech;czi: documentation;deprecation removal;diffgeom;discrete;documentation;domainmatrix;dropping python 2;duplicate;easy to fix;easy to revive;enhancement;evaluate;experimental;external;flake8;flint;floats;functions;functions.elementary.piecewise;geometry;github actions;good first issue;gotcha;gsoc;gsod;holonomic;imported;integrals;integrals.definite;integrals.heurisch;integrals.intpoly;integrals.manualintegrate;integrals.meijerg;integrals.risch;integrals.rubi;integrals.transforms;interactive;ipython;liealgebras;limits;linting;logic;maintainability;matching;matrices;matrices.expressions;merge conflict;mpmath;mypy;needs better patch;needs decision;needs review;noncommutative;ntheory;parsing;parsing.latex;performance;physics;physics.biomechanics;physics.continuum_mechanics;physics.control;physics.mechanics;physics.optics;physics.quantum;physics.quantum qip;physics.units;physics.vector;please take over;plotting;polys;pr: author's turn;printing;printing.latex;printing.mathml;printing.pretty;printing.tensorflow;priority: high;pyright;python3;regression;releasing;rfc;ringseries;security;series;sets;simplify;solvers;solvers.diophantine;solvers.dsolve;solvers.dsolve.constantsimp;solvers.dsolve.system;solvers.inequalities;solvers.linsolve;solvers.nonlinsolve;solvers.nsolve;solvers.pdsolve;solvers.rsolve;solvers.solve;solvers.solveset;stalled;stats;strategies;symengine;sympy gamma;sympy live;tensor;testing;travis;uncategorised;unevaluated;unify;utilities;utilities.autowrap;utilities.codegen;utilities.lambdify;vector;windows;wontfix;workflow;wrong result","computer-algebra;hacktoberfest;math;python;science"
"4002069","matplotlib/matplotlib",false,"51317","24","88","7647","Python","main",,"https://matplotlib.org/stable/","593","20265","419","456162","2011-02-19T03:17:12","2024-11-08T03:51:04","2024-11-09T02:50:34","10559","1199","18524","382","74693","592790","97803","[{""language"":""HTML"",""blankLines"":19,""codeLines"":226,""commentLines"":3},{""language"":""Jupyter Notebook"",""blankLines"":0,""codeLines"":149,""commentLines"":1457},{""language"":""JSON"",""blankLines"":0,""codeLines"":5244,""commentLines"":0},{""language"":""Meson"",""blankLines"":84,""codeLines"":956,""commentLines"":45},{""language"":""CSS"",""blankLines"":94,""codeLines"":384,""commentLines"":87},{""language"":""Glade"",""blankLines"":0,""codeLines"":22,""commentLines"":1},{""language"":""Bourne Shell"",""blankLines"":19,""codeLines"":45,""commentLines"":11},{""language"":""Lua"",""blankLines"":0,""codeLines"":2,""commentLines"":1},{""language"":""make"",""blankLines"":8,""codeLines"":31,""commentLines"":11},{""language"":""JavaScript"",""blankLines"":129,""codeLines"":786,""commentLines"":105},{""language"":""C/C++ Header"",""blankLines"":7956,""codeLines"":39927,""commentLines"":7675},{""language"":""XML"",""blankLines"":0,""codeLines"":65,""commentLines"":0},{""language"":""DOS Batch"",""blankLines"":12,""codeLines"":55,""commentLines"":2},{""language"":""Text"",""blankLines"":100,""codeLines"":370,""commentLines"":0},{""language"":""TOML"",""blankLines"":18,""codeLines"":257,""commentLines"":45},{""language"":""TeX"",""blankLines"":5,""codeLines"":25,""commentLines"":1},{""language"":""Objective-C"",""blankLines"":199,""codeLines"":1605,""commentLines"":97},{""language"":""INI"",""blankLines"":5,""codeLines"":33,""commentLines"":0},{""language"":""SVG"",""blankLines"":3,""codeLines"":317048,""commentLines"":2741},{""language"":""Python"",""blankLines"":45207,""codeLines"":152161,""commentLines"":74130},{""language"":""C"",""blankLines"":3,""codeLines"":16,""commentLines"":0},{""language"":""NAnt script"",""blankLines"":3,""codeLines"":16,""commentLines"":0},{""language"":""reStructuredText"",""blankLines"":14049,""codeLines"":45867,""commentLines"":9095},{""language"":""YAML"",""blankLines"":208,""codeLines"":2559,""commentLines"":168},{""language"":""Markdown"",""blankLines"":46,""codeLines"":96,""commentLines"":19},{""language"":""CSV"",""blankLines"":0,""codeLines"":603,""commentLines"":0},{""language"":""C++"",""blankLines"":6526,""codeLines"":24242,""commentLines"":2109}]","2024-11-07T11:19:28","38a8e15dca18187b162a211699b43379c91f3ff4",true,false,false,false,"{""Python"":9554027,""C++"":447900,""Jupyter Notebook"":97188,""Objective-C"":64326,""JavaScript"":34890,""Meson"":23964,""CSS"":7318,""C"":4919,""HTML"":4421,""Shell"":2376,""PostScript"":1782,""TeX"":326,""Lua"":139}","accessibility;api: argument checking;api: changes;api: consistency;api: default changes;backend: agg;backend: cairo;backend: inline;backend: ipympl;backend: pdf;backend: pgf;backend: ps;backend: svg;build;ci: run cibuildwheel;ci: run cygwin;ci: testing;community support;difficulty: easy;difficulty: hard;difficulty: medium;documentation;documentation: api;documentation: build;documentation: devdocs;documentation: examples;documentation: plot types;documentation: tags;documentation: tutorials;documentation: user guide;documentation: website;good first issue;governance;gui: gtk;gui: macosx;gui: nbagg;gui: qt;gui: tk;gui: webagg;gui: wx;hacktoberfest-accepted;hacktoberfest: spam;keep;maintenance;mentored: gsoc;mentored: hackathon;mentored: sprint;mentored: student project;mep: mep needed;mep: mep12;mep: mep13;mep: mep14;mep: mep15;mep: mep22;mep: mep25;mep: mep26;mep: mep27;new feature;os: apple;os: microsoft;os: microsoft/wsl;performance;pr: bugfix;pr: dependencies;release critical;status: closed as inactive;status: confirmed bug;status: downstream fix required;status: duplicate;status: has patch;status: inactive;status: invalid;status: merge with single review?;status: needs clarification;status: needs comment/discussion;status: needs confirmation;status: needs documentation;status: needs manual backport;status: needs merge;status: needs patch;status: needs rebase;status: needs review;status: needs revision;status: needs tests;status: needs workflow approval;status: orphaned pr;status: superseded;status: upstream fix required;status: waiting for other pr;status: won't or can't fix;status: work in progress;still needs manual backport;third-party integration;third-party integration: contourpy;third-party integration: jupyter;third-party integration: pandas;topic: animation;topic: annotation;topic: arrow;topic: axes;topic: backends;topic: canvas and figure manager;topic: categorical;topic: collections and mappables;topic: color/alpha;topic: color/color & colormaps;topic: color/colorbar;topic: color/cycle;topic: contour;topic: date handling;topic: dpi and resolution;topic: figures and subfigures;topic: geometry manager;topic: hatch;topic: hist;topic: images;topic: legend;topic: markers;topic: mpl_toolkit;topic: mplot3d;topic: path handling;topic: pcolor/pcolormesh;topic: pickle;topic: plotting methods;topic: polar;topic: pyplot api;topic: rcparams;topic: sankey;topic: spectral;topic: sphinx extension;topic: stem;topic: styles;topic: table;topic: testing;topic: text;topic: text/fonts;topic: text/mathtext;topic: text/unicode;topic: text/usetex;topic: ticks axis labels;topic: toolbar;topic: transforms and scales;topic: tri;topic: typing;topic: units and array ducktypes;topic: widgets/ui","data-science;data-visualization;gtk;matplotlib;plotting;python;qt;tk;wx"
"4108811","scikit-learn/scikit-learn",false,"31896","34","43","25391","Python","main","BSD 3-Clause New or Revised License","https://scikit-learn.org","2141","60057","408","164936","2010-08-17T09:43:38","2024-11-08T04:31:17","2024-11-09T06:25:23","11224","1527","17986","527","87664","278740","133388","[{""language"":""Bourne Again Shell"",""blankLines"":8,""codeLines"":20,""commentLines"":12},{""language"":""JavaScript"",""blankLines"":20,""codeLines"":111,""commentLines"":66},{""language"":""Bourne Shell"",""blankLines"":239,""codeLines"":919,""commentLines"":226},{""language"":""HTML"",""blankLines"":13,""codeLines"":309,""commentLines"":9},{""language"":""C/C++ Header"",""blankLines"":94,""codeLines"":289,""commentLines"":46},{""language"":""YAML"",""blankLines"":202,""codeLines"":2188,""commentLines"":271},{""language"":""Python"",""blankLines"":67819,""codeLines"":217997,""commentLines"":115422},{""language"":""CSS"",""blankLines"":63,""codeLines"":292,""commentLines"":60},{""language"":""Markdown"",""blankLines"":68,""codeLines"":140,""commentLines"":21},{""language"":""Cython"",""blankLines"":3544,""codeLines"":11718,""commentLines"":4938},{""language"":""C"",""blankLines"":155,""codeLines"":793,""commentLines"":185},{""language"":""SVG"",""blankLines"":0,""codeLines"":243,""commentLines"":38},{""language"":""Meson"",""blankLines"":83,""codeLines"":773,""commentLines"":124},{""language"":""SCSS"",""blankLines"":110,""codeLines"":452,""commentLines"":74},{""language"":""JSON"",""blankLines"":26,""codeLines"":185,""commentLines"":0},{""language"":""make"",""blankLines"":31,""codeLines"":127,""commentLines"":26},{""language"":""Jinja Template"",""blankLines"":8,""codeLines"":37,""commentLines"":4},{""language"":""Fortran 77"",""blankLines"":1,""codeLines"":10,""commentLines"":0},{""language"":""reStructuredText"",""blankLines"":14097,""codeLines"":33923,""commentLines"":11387},{""language"":""Text"",""blankLines"":164,""codeLines"":696,""commentLines"":0},{""language"":""DOS Batch"",""blankLines"":17,""codeLines"":126,""commentLines"":1},{""language"":""CSV"",""blankLines"":0,""codeLines"":1450,""commentLines"":0},{""language"":""C++"",""blankLines"":836,""codeLines"":5554,""commentLines"":449},{""language"":""TOML"",""blankLines"":66,""codeLines"":388,""commentLines"":29}]","2024-11-08T04:28:02","9012b787bdded56c7d189043b88f8dfc0dbe911a",true,false,false,false,"{""Python"":12179721,""Cython"":729259,""C++"":147429,""Shell"":46721,""C"":41901,""Meson"":32490,""CSS"":11277,""JavaScript"":1661,""Starlark"":1442,""Makefile"":1034}","api;arch:arm;array api;blocker;breaking change;bug;build / ci;c/c++;cuda ci;cython;dependencies;developer api;documentation;easy;enhancement;float32;free-threading;frontend;good first issue;good first pr to review;hacktoberfest;hacktoberfest-accepted;hard;help wanted;high priority;large scale;lock files;low priority;meta-issue;metadata routing;moderate;module:base;module:calibration;module:cluster;module:common;module:compose;module:covariance;module:cross_decomposition;module:datasets;module:decomposition;module:discriminant_analysis;module:ensemble;module:feature_extraction;module:feature_selection;module:gaussian_process;module:impute;module:inspection;module:isotonic;module:kernel_approximation;module:linear_model;module:manifold;module:metrics;module:mixture;module:model_selection;module:multiclass;module:multioutput;module:naive_bayes;module:neighbors;module:neural_network;module:pipeline;module:preprocessing;module:random_projection;module:semi_supervised;module:svm;module:test-suite;module:tree;module:utils;move to scikit-learn-extra;needs benchmarks;needs decision;needs decision - close;needs decision - include feature;needs info;needs investigation;needs reproducible code;needs triage;needs work;new feature;no changelog needed;numerical stability;os:linux;os:macos;os:windows;packaging;pandas compatibility;performance;pypy;question;quick review;refactor;regression;rfc;segfault;spam;sprint;stalled;superseded;to backport;upstream bug;validation;waiting for reviewer;waiting for second reviewer;wontfix;workflow","data-analysis;data-science;machine-learning;python;statistics"
"5367728","palewire/palewi.re",false,"1365","4","0","3","Python","main",,"https://palewi.re","5","14","3","273449","2009-03-02T03:32:45","2024-11-04T08:26:01","2024-11-04T03:07:21","217","7","71","1","651","4992","328","[{""language"":""Markdown"",""blankLines"":2,""codeLines"":4,""commentLines"":0},{""language"":""HTML"",""blankLines"":98,""codeLines"":729,""commentLines"":0},{""language"":""Python"",""blankLines"":458,""codeLines"":2460,""commentLines"":317},{""language"":""make"",""blankLines"":7,""codeLines"":13,""commentLines"":0},{""language"":""YAML"",""blankLines"":4,""codeLines"":41,""commentLines"":0},{""language"":""Text"",""blankLines"":0,""codeLines"":2,""commentLines"":0},{""language"":""Sass"",""blankLines"":41,""codeLines"":616,""commentLines"":0},{""language"":""SCSS"",""blankLines"":41,""codeLines"":605,""commentLines"":11},{""language"":""JSON"",""blankLines"":0,""codeLines"":521,""commentLines"":0},{""language"":""Bourne Shell"",""blankLines"":0,""codeLines"":1,""commentLines"":0}]","2024-11-04T03:07:16","c3bd0363e8a016093776b7dd42f0066ab5ee6918",false,false,false,false,"{""Python"":96004,""HTML"":43041,""SCSS"":16648,""Makefile"":297,""Procfile"":90,""Shell"":26}","dependencies;python","blog;data-journalism;django;journalism;news;python"
"6764482","domino14/webolith",false,"1569","64","50","7","Python","master","GNU General Public License v3.0","http://www.aerolith.org","8","37","5","14844","2011-06-05T12:23:46","2024-11-05T04:02:33","2024-11-05T04:02:37","205","41","263","5","6720","94335","6735","[{""language"":""SVG"",""blankLines"":0,""codeLines"":518,""commentLines"":0},{""language"":""JavaScript"",""blankLines"":2681,""codeLines"":13098,""commentLines"":2894},{""language"":""Text"",""blankLines"":28,""codeLines"":2654,""commentLines"":0},{""language"":""JSX"",""blankLines"":622,""codeLines"":6376,""commentLines"":440},{""language"":""Jupyter Notebook"",""blankLines"":0,""codeLines"":178,""commentLines"":376},{""language"":""YAML"",""blankLines"":17,""codeLines"":335,""commentLines"":14},{""language"":""JSON"",""blankLines"":6,""codeLines"":45976,""commentLines"":0},{""language"":""Dockerfile"",""blankLines"":11,""codeLines"":20,""commentLines"":2},{""language"":""TypeScript"",""blankLines"":650,""codeLines"":4516,""commentLines"":787},{""language"":""Markdown"",""blankLines"":295,""codeLines"":1152,""commentLines"":0},{""language"":""Python"",""blankLines"":1737,""codeLines"":9798,""commentLines"":1829},{""language"":""CSS"",""blankLines"":36,""codeLines"":6537,""commentLines"":81},{""language"":""Bourne Shell"",""blankLines"":1,""codeLines"":15,""commentLines"":2},{""language"":""HTML"",""blankLines"":406,""codeLines"":2445,""commentLines"":21},{""language"":""PO File"",""blankLines"":230,""codeLines"":717,""commentLines"":289}]","2024-11-05T04:02:31","d966106d922fc5d7d5bb405e6246a442901c3be6",true,false,false,false,"{""Python"":437283,""JavaScript"":366682,""TypeScript"":120554,""HTML"":119393,""Jupyter Notebook"":18291,""CSS"":2522,""Dockerfile"":982,""Shell"":516}","bug;chore;dependencies;do not merge;feature;help wanted;high priority;improvement;low priority;medium priority","anagrams;scrabble;study;words"
"7567241","mozilla/pontoon",false,"6113","1","29","528","Python","main","BSD 3-Clause New or Revised License","https://pontoon.mozilla.org","42","1464","101","46588","2011-02-19T11:25:51","2024-11-06T02:13:45","2024-11-06T02:29:24","827","340","2589","3","23779","128052","14955","[{""language"":""PO File"",""blankLines"":7,""codeLines"":35,""commentLines"":4},{""language"":""JavaScript"",""blankLines"":8257,""codeLines"":39934,""commentLines"":6359},{""language"":""Bourne Shell"",""blankLines"":13,""codeLines"":26,""commentLines"":8},{""language"":""reStructuredText"",""blankLines"":521,""codeLines"":998,""commentLines"":211},{""language"":""CSS"",""blankLines"":2946,""codeLines"":11772,""commentLines"":190},{""language"":""Bourne Again Shell"",""blankLines"":11,""codeLines"":35,""commentLines"":11},{""language"":""HTML"",""blankLines"":613,""codeLines"":4785,""commentLines"":22},{""language"":""Dockerfile"",""blankLines"":12,""codeLines"":36,""commentLines"":10},{""language"":""JSON"",""blankLines"":7,""codeLines"":13818,""commentLines"":0},{""language"":""YAML"",""blankLines"":25,""codeLines"":309,""commentLines"":32},{""language"":""Markdown"",""blankLines"":711,""codeLines"":1444,""commentLines"":5},{""language"":""Freemarker Template"",""blankLines"":289,""codeLines"":782,""commentLines"":0},{""language"":""DTD"",""blankLines"":65,""codeLines"":106,""commentLines"":111},{""language"":""XML"",""blankLines"":0,""codeLines"":54,""commentLines"":0},{""language"":""SVG"",""blankLines"":24,""codeLines"":443,""commentLines"":24},{""language"":""Python"",""blankLines"":8483,""codeLines"":36445,""commentLines"":6868},{""language"":""JSX"",""blankLines"":8,""codeLines"":49,""commentLines"":5},{""language"":""SQL"",""blankLines"":1,""codeLines"":1,""commentLines"":0},{""language"":""TypeScript"",""blankLines"":1692,""codeLines"":14420,""commentLines"":1062},{""language"":""Text"",""blankLines"":0,""codeLines"":2140,""commentLines"":0},{""language"":""Properties"",""blankLines"":6,""codeLines"":6,""commentLines"":16},{""language"":""make"",""blankLines"":62,""codeLines"":275,""commentLines"":16},{""language"":""Jinja Template"",""blankLines"":3,""codeLines"":53,""commentLines"":0},{""language"":""TOML"",""blankLines"":22,""codeLines"":82,""commentLines"":1},{""language"":""INI"",""blankLines"":1,""codeLines"":4,""commentLines"":0}]","2024-11-06T02:13:45","a7fa8f4c7d0d40131c4d3892fe915089bc5c9659",false,false,false,false,"{""Python"":1613830,""JavaScript"":741402,""TypeScript"":486808,""CSS"":258679,""HTML"":197758,""Fluent"":38562,""Makefile"":5719,""Shell"":3537,""Jinja"":2316,""Dockerfile"":1860,""Procfile"":311}","3rd party;admin;api;bug;checks;dashboard;dependencies;docs;enhancement;ftl;gamification;good first issue;javascript;l10n;light theme;llm;messaging center;notifications;p1;p2;p3;p4;p5;performance;pretranslation;profile;project config;python;search;search-2024;spec;sync;task;tech debt;terminology;typescript","design;django;javascript;localization;mozilla;pontoon;translation"
"23254166","swirhen/anime-podcast",false,"21130","1","0","0","Python","master",,"http://anime-podcast.g.hatena.ne.jp/","5","12","2","9523","2010-02-24T09:07:24","2024-11-09T09:00:26","2024-11-09T09:00:30","0","0","0","0","607","6308","497","[{""language"":""reStructuredText"",""blankLines"":0,""codeLines"":1,""commentLines"":0},{""language"":""Bourne Shell"",""blankLines"":40,""codeLines"":538,""commentLines"":77},{""language"":""Ruby"",""blankLines"":8,""codeLines"":64,""commentLines"":0},{""language"":""Text"",""blankLines"":0,""codeLines"":2628,""commentLines"":0},{""language"":""Python"",""blankLines"":559,""codeLines"":3077,""commentLines"":420}]","2024-11-09T09:00:10","2470e9c1e9cdda1c635238f0fb57364457aa0937",true,false,false,false,"{""Python"":154571,""Shell"":23126,""Ruby"":1953}","",""
"25678248","tomamic/fondinfo",false,"1289","1","0","19","Python","master","MIT License","http://tomamic.github.io","8","10","2","7180","2011-11-23T10:23:00","2024-10-30T07:18:36","2024-10-30T07:18:50","0","0","5","1","1070","4043","749","[{""language"":""Markdown"",""blankLines"":16,""codeLines"":38,""commentLines"":0},{""language"":""Text"",""blankLines"":3,""codeLines"":36,""commentLines"":0},{""language"":""Python"",""blankLines"":1051,""codeLines"":3969,""commentLines"":749}]","2024-10-30T07:18:36","5928fbc3683a2dac3376672499c4fe2ffa7a3f36",false,false,false,false,"{""Python"":159343,""C++"":58927,""Go"":52394,""Shell"":116,""Batchfile"":71}","",""
"33014189","sartography/spiffworkflow",false,"2120","9","17","312","Python","main","GNU Lesser General Public License v3.0",,"88","1683","43","32820","2009-12-25T09:11:22","2024-10-17T09:21:26","2024-10-17T09:21:32","144","6","277","0","6460","67555","7064","[{""language"":""make"",""blankLines"":40,""codeLines"":226,""commentLines"":9},{""language"":""YAML"",""blankLines"":14,""codeLines"":96,""commentLines"":10},{""language"":""Markdown"",""blankLines"":45,""codeLines"":132,""commentLines"":0},{""language"":""Bourne Shell"",""blankLines"":7,""codeLines"":33,""commentLines"":10},{""language"":""reStructuredText"",""blankLines"":908,""codeLines"":1295,""commentLines"":786},{""language"":""Dockerfile"",""blankLines"":0,""codeLines"":4,""commentLines"":0},{""language"":""XML"",""blankLines"":329,""codeLines"":27940,""commentLines"":274},{""language"":""JSON"",""blankLines"":0,""codeLines"":10003,""commentLines"":0},{""language"":""Diff"",""blankLines"":17,""codeLines"":241,""commentLines"":90},{""language"":""Text"",""blankLines"":0,""codeLines"":4,""commentLines"":0},{""language"":""Python"",""blankLines"":4872,""codeLines"":16156,""commentLines"":5859},{""language"":""TOML"",""blankLines"":7,""codeLines"":47,""commentLines"":0},{""language"":""SVG"",""blankLines"":4,""codeLines"":7838,""commentLines"":4},{""language"":""DOS Batch"",""blankLines"":8,""codeLines"":26,""commentLines"":1},{""language"":""XSD"",""blankLines"":208,""codeLines"":3506,""commentLines"":21},{""language"":""INI"",""blankLines"":1,""codeLines"":8,""commentLines"":0}]","2024-10-17T09:21:21","af2f8cad626613df166cba385cb4aea6246ef3a6",true,false,false,false,"{""Python"":1054879,""Makefile"":1428,""Shell"":1423,""Dockerfile"":190}","Bounty-Claim;Bounty-Compete;bug;enhancement;good first issue;question","bpmn;bpmn-engine;python;spiff-workflow;workflow;workflow-specification;workflowpatterns"
"44218694","pyepics/epicsapps",false,"1069","5","1","10","Python","master","Other","http://pyepics.github.io/epicsapps/","6","17","2","8824","2011-09-08T02:47:14","2024-11-08T10:39:18","2024-11-08T10:39:22","16","7","2","0","3705","15469","2676","[{""language"":""Markdown"",""blankLines"":17,""codeLines"":24,""commentLines"":0},{""language"":""Text"",""blankLines"":15,""codeLines"":67,""commentLines"":0},{""language"":""Python"",""blankLines"":2954,""codeLines"":14144,""commentLines"":2117},{""language"":""Bourne Shell"",""blankLines"":16,""codeLines"":51,""commentLines"":2},{""language"":""reStructuredText"",""blankLines"":139,""codeLines"":285,""commentLines"":17},{""language"":""HTML"",""blankLines"":6,""codeLines"":30,""commentLines"":0},{""language"":""YAML"",""blankLines"":0,""codeLines"":139,""commentLines"":0},{""language"":""make"",""blankLines"":20,""codeLines"":76,""commentLines"":4},{""language"":""DOS Batch"",""blankLines"":0,""codeLines"":3,""commentLines"":0},{""language"":""SQL"",""blankLines"":517,""codeLines"":551,""commentLines"":470},{""language"":""IDL"",""blankLines"":14,""codeLines"":41,""commentLines"":66},{""language"":""TOML"",""blankLines"":7,""codeLines"":58,""commentLines"":0}]","2024-11-08T10:39:15","013a16b13e3e2255c288260db8dd1fd46aa26acb",true,false,false,false,"{""Python"":708325,""Batchfile"":160}","",""
"47850500","neurodebian/neurodebian",false,"1667","24","1","19","Python","master",,"http://neuro.debian.net","22","69","15","12256","2010-11-18T02:55:53","2024-09-04T01:46:36","2024-09-04T01:46:42","54","30","40","3","3999","40124","5294","[{""language"":""YAML"",""blankLines"":10,""codeLines"":68,""commentLines"":20},{""language"":""TeX"",""blankLines"":143,""codeLines"":489,""commentLines"":98},{""language"":""reStructuredText"",""blankLines"":1776,""codeLines"":2646,""commentLines"":2246},{""language"":""PO File"",""blankLines"":310,""codeLines"":1836,""commentLines"":1020},{""language"":""Perl"",""blankLines"":66,""codeLines"":413,""commentLines"":126},{""language"":""Bourne Shell"",""blankLines"":39,""codeLines"":104,""commentLines"":45},{""language"":""Markdown"",""blankLines"":4,""codeLines"":54,""commentLines"":0},{""language"":""PHP"",""blankLines"":0,""codeLines"":279,""commentLines"":0},{""language"":""make"",""blankLines"":60,""codeLines"":205,""commentLines"":30},{""language"":""JavaScript"",""blankLines"":20,""codeLines"":63,""commentLines"":5},{""language"":""SVG"",""blankLines"":61,""codeLines"":28570,""commentLines"":39},{""language"":""Text"",""blankLines"":31,""codeLines"":216,""commentLines"":0},{""language"":""Python"",""blankLines"":566,""codeLines"":1892,""commentLines"":972},{""language"":""CSS"",""blankLines"":192,""codeLines"":788,""commentLines"":19},{""language"":""HTML"",""blankLines"":12,""codeLines"":127,""commentLines"":5},{""language"":""Diff"",""blankLines"":2,""codeLines"":24,""commentLines"":8},{""language"":""Bourne Again Shell"",""blankLines"":707,""codeLines"":2350,""commentLines"":661}]","2024-09-04T01:46:34","a4047d6162600c4060738081b9468715a9a81a19",true,false,false,false,"{""Python"":119905,""Shell"":113945,""TeX"":27005,""HTML"":21512,""Perl"":20895,""CSS"":14891,""Makefile"":7479,""Singularity"":5000,""JavaScript"":2515}","build tools;easy;needs-input;question;vm;website;wip",""
"47890944","barrucadu/dotfiles",false,"1802","1","0","2","Python","master",,,"4","25","10","17033","2009-05-06T09:42:10","2024-10-09T09:02:44","2024-10-09T09:02:49","1","0","2","0","167","898","208","[{""language"":""Bourne Again Shell"",""blankLines"":5,""codeLines"":34,""commentLines"":0},{""language"":""Markdown"",""blankLines"":3,""codeLines"":10,""commentLines"":0},{""language"":""Python"",""blankLines"":121,""codeLines"":751,""commentLines"":45},{""language"":""Nix"",""blankLines"":0,""codeLines"":3,""commentLines"":0},{""language"":""Lisp"",""blankLines"":28,""codeLines"":56,""commentLines"":163},{""language"":""Bourne Shell"",""blankLines"":1,""codeLines"":4,""commentLines"":0},{""language"":""zsh"",""blankLines"":9,""codeLines"":40,""commentLines"":0}]","2024-10-09T09:02:05","0af5d91e803db8059ff6a9442007ff9a367bb13f",true,false,false,false,"{""Python"":32979,""Emacs Lisp"":11884,""Shell"":10655,""Vim Script"":1881,""Nix"":26}","","can-t-have-spaces-in-tags;how-silly;no-apostrophes-either;shell;wow-such-dotfiles"
"49605559","reflectometry/refl1d",false,"2284","34","27","24","Python","master","BSD 3-Clause New or Revised License","https://refl1d.readthedocs.io/","16","18","13","6558","2011-05-16T06:57:36","2024-11-08T08:00:34","2024-11-08T07:58:48","129","81","95","13","6856","28914","11000","[{""language"":""TOML"",""blankLines"":12,""codeLines"":69,""commentLines"":9},{""language"":""SVG"",""blankLines"":0,""codeLines"":320,""commentLines"":0},{""language"":""Bourne Again Shell"",""blankLines"":2,""codeLines"":6,""commentLines"":0},{""language"":""Fortran 77"",""blankLines"":0,""codeLines"":537,""commentLines"":352},{""language"":""TypeScript"",""blankLines"":19,""codeLines"":188,""commentLines"":2},{""language"":""JSON"",""blankLines"":0,""codeLines"":33,""commentLines"":0},{""language"":""HTML"",""blankLines"":0,""codeLines"":16,""commentLines"":0},{""language"":""Python"",""blankLines"":5409,""codeLines"":17796,""commentLines"":9290},{""language"":""CSS"",""blankLines"":5,""codeLines"":22,""commentLines"":0},{""language"":""PowerShell"",""blankLines"":36,""codeLines"":121,""commentLines"":57},{""language"":""C++"",""blankLines"":370,""codeLines"":2316,""commentLines"":817},{""language"":""make"",""blankLines"":28,""codeLines"":123,""commentLines"":5},{""language"":""reStructuredText"",""blankLines"":573,""codeLines"":1634,""commentLines"":172},{""language"":""Markdown"",""blankLines"":65,""codeLines"":221,""commentLines"":0},{""language"":""C/C++ Header"",""blankLines"":74,""codeLines"":313,""commentLines"":156},{""language"":""YAML"",""blankLines"":46,""codeLines"":266,""commentLines"":19},{""language"":""Bourne Shell"",""blankLines"":56,""codeLines"":220,""commentLines"":71},{""language"":""JavaScript"",""blankLines"":11,""codeLines"":154,""commentLines"":9},{""language"":""Vuejs Component"",""blankLines"":111,""codeLines"":1066,""commentLines"":30},{""language"":""DOS Batch"",""blankLines"":27,""codeLines"":165,""commentLines"":11},{""language"":""INI"",""blankLines"":0,""codeLines"":8,""commentLines"":0},{""language"":""Text"",""blankLines"":12,""codeLines"":3320,""commentLines"":0}]","2024-11-08T07:58:43","295aa83523b4cffe0a57b86336447b4325131930",true,false,false,false,"{""Python"":907629,""C++"":127847,""Vue"":45011,""Fortran"":28300,""Shell"":12809,""PowerShell"":9963,""Inno Setup"":9808,""TypeScript"":4675,""JavaScript"":4375,""C"":3324,""AppleScript"":1796,""Batchfile"":1486,""Makefile"":640,""HTML"":500,""CSS"":75}","annoyance;before-release;bug;easy;feature request;hard;priority;webview",""
"51986604","redis/redis-py",false,"2394","29","71","2522","Python","master","MIT License",,"327","12649","387","9307","2009-11-06T10:22:26","2024-11-08T03:22:26","2024-11-08T06:22:52","1735","202","1684","61","12077","60180","17903","[{""language"":""INI"",""blankLines"":1,""codeLines"":41,""commentLines"":0},{""language"":""Python"",""blankLines"":11329,""codeLines"":51888,""commentLines"":13213},{""language"":""JSON"",""blankLines"":0,""codeLines"":215,""commentLines"":0},{""language"":""SVG"",""blankLines"":0,""codeLines"":10,""commentLines"":0},{""language"":""TOML"",""blankLines"":5,""codeLines"":30,""commentLines"":4},{""language"":""CSV"",""blankLines"":0,""codeLines"":4861,""commentLines"":0},{""language"":""Text"",""blankLines"":0,""codeLines"":180,""commentLines"":0},{""language"":""Markdown"",""blankLines"":143,""codeLines"":305,""commentLines"":0},{""language"":""make"",""blankLines"":24,""codeLines"":124,""commentLines"":5},{""language"":""YAML"",""blankLines"":122,""codeLines"":863,""commentLines"":203},{""language"":""Bourne Shell"",""blankLines"":36,""codeLines"":289,""commentLines"":31},{""language"":""reStructuredText"",""blankLines"":415,""codeLines"":627,""commentLines"":553},{""language"":""Jupyter Notebook"",""blankLines"":0,""codeLines"":742,""commentLines"":3894},{""language"":""Dockerfile"",""blankLines"":2,""codeLines"":5,""commentLines"":0}]","2024-10-22T02:45:57","00f5be420b397adfa1b9aa9c2761f7d8a27c0a9a",false,false,false,false,"{""Python"":2632938,""Shell"":8701,""Dockerfile"":96}","async;breakingchange;bug;cluster;dependencies;discussion;docs-review;duplicate;experimental;feature;good first issue;hacktoberfest-accepted;help-wanted;maintenance;need more info;question;ready-for-merge;redis-7;redis-py-5;redisearch;redisgraph;redisjson;run-benchmark;skip-changelog;stale;techdebt;tracking-issue;triage;update-docs;waiting-for-response;windows","python;redis;redis-client;redis-cluster;redis-py"
"57620171","pymc-devs/pymc",false,"10107","18","90","2010","Python","main","Other","https://docs.pymc.io/","225","8708","342","553039","2009-05-05T09:43:50","2024-11-07T05:21:51","2024-11-07T05:21:59","3320","248","4087","65","16823","63062","33741","[{""language"":""Bourne Shell"",""blankLines"":12,""codeLines"":40,""commentLines"":4},{""language"":""YAML"",""blankLines"":86,""codeLines"":1304,""commentLines"":99},{""language"":""Python"",""blankLines"":15000,""codeLines"":55851,""commentLines"":18744},{""language"":""Markdown"",""blankLines"":1151,""codeLines"":3879,""commentLines"":73},{""language"":""SVG"",""blankLines"":8,""codeLines"":339,""commentLines"":3},{""language"":""Jupyter Notebook"",""blankLines"":0,""codeLines"":629,""commentLines"":14018},{""language"":""Dockerfile"",""blankLines"":10,""codeLines"":26,""commentLines"":6},{""language"":""JSON"",""blankLines"":16,""codeLines"":66,""commentLines"":0},{""language"":""make"",""blankLines"":9,""codeLines"":30,""commentLines"":4},{""language"":""INI"",""blankLines"":0,""codeLines"":12,""commentLines"":0},{""language"":""reStructuredText"",""blankLines"":515,""codeLines"":731,""commentLines"":790},{""language"":""Text"",""blankLines"":5,""codeLines"":65,""commentLines"":0},{""language"":""TeX"",""blankLines"":0,""codeLines"":10,""commentLines"":0},{""language"":""TOML"",""blankLines"":11,""codeLines"":80,""commentLines"":0}]","2024-11-07T05:21:50","f5517186874107e72440ec9b55cd31ce77cc2a3d",true,false,false,false,"{""Python"":3134036,""Batchfile"":7240,""Shell"":1580,""Makefile"":1468,""Dockerfile"":1304}","beginner friendly;bug;dependencies;discussion closed;docs;don't merge;enhancements;feature request;fgraph;github ci/cd;gp;hackathon;help wanted;imputation;installation;jax;logprob;macos;maintenance;major;model;needs info;no releasenotes;numba;nutpie;pre-commit;pytensor;question;release;request discussion;samplers;shape problem;smc;tests;trace-backend;v3;v4;vi;winos;wontfix","bayesian-inference;mcmc;probabilistic-programming;pytensor;python;statistical-analysis;variational-inference"
"59316338","shapely/shapely",false,"2320","18","21","566","Python","main","BSD 3-Clause New or Revised License","https://shapely.readthedocs.io/en/stable/","90","3883","149","5160","2011-12-31T07:43:11","2024-10-30T10:40:27","2024-10-31T07:56:32","1212","258","886","30","8732","28182","11570","[{""language"":""C/C++ Header"",""blankLines"":118,""codeLines"":388,""commentLines"":138},{""language"":""reStructuredText"",""blankLines"":1551,""codeLines"":2399,""commentLines"":1741},{""language"":""make"",""blankLines"":15,""codeLines"":70,""commentLines"":4},{""language"":""Bourne Shell"",""blankLines"":10,""codeLines"":64,""commentLines"":11},{""language"":""YAML"",""blankLines"":63,""codeLines"":513,""commentLines"":50},{""language"":""Markdown"",""blankLines"":18,""codeLines"":29,""commentLines"":0},{""language"":""Python"",""blankLines"":5676,""codeLines"":17335,""commentLines"":8572},{""language"":""CSS"",""blankLines"":2,""codeLines"":8,""commentLines"":2},{""language"":""Text"",""blankLines"":147,""codeLines"":485,""commentLines"":0},{""language"":""TOML"",""blankLines"":15,""codeLines"":122,""commentLines"":42},{""language"":""Cython"",""blankLines"":145,""codeLines"":569,""commentLines"":110},{""language"":""C"",""blankLines"":927,""codeLines"":6002,""commentLines"":883},{""language"":""DOS Batch"",""blankLines"":6,""codeLines"":25,""commentLines"":6},{""language"":""JSON"",""blankLines"":22,""codeLines"":138,""commentLines"":0},{""language"":""Dockerfile"",""blankLines"":17,""codeLines"":35,""commentLines"":11}]","2024-10-30T10:40:26","81adc3fdfcb7dc9a6ec7eb578320e515c71dc6eb",true,false,false,false,"{""Python"":1038705,""C"":264370,""Cython"":30834,""Shell"":2191,""Batchfile"":916,""Makefile"":634,""Dockerfile"":501,""CSS"":282}","admin;binaries;bug;ci;ctypes;decision;dependencies;deprecation;documentation;downstream bug;enhancement;floating point precision;freezing;geos;good first issue;invalid;needs discussion;needs info;needs test;packaging;performance;release;security;shapely 2.0;shapely-1.8;speedups;splitting;task;upstream bug;windows;wontfix",""
"61007698","nickjcroucher/gubbins",false,"2418","24","32","49","Python","master","GNU General Public License v2.0","http://nickjcroucher.github.io/gubbins/","13","156","18","10204","2011-11-01T12:41:33","2024-06-07T01:48:09","2024-06-07T01:48:12","179","4","231","1","2534","17781","2001","[{""language"":""C/C++ Header"",""blankLines"":162,""codeLines"":468,""commentLines"":476},{""language"":""make"",""blankLines"":23,""codeLines"":109,""commentLines"":16},{""language"":""C++"",""blankLines"":3,""codeLines"":27,""commentLines"":21},{""language"":""CSV"",""blankLines"":0,""codeLines"":74,""commentLines"":0},{""language"":""SQL"",""blankLines"":0,""codeLines"":4736,""commentLines"":0},{""language"":""Bourne Shell"",""blankLines"":42,""codeLines"":225,""commentLines"":33},{""language"":""YAML"",""blankLines"":6,""codeLines"":91,""commentLines"":6},{""language"":""Markdown"",""blankLines"":413,""codeLines"":977,""commentLines"":2},{""language"":""Python"",""blankLines"":735,""codeLines"":4967,""commentLines"":798},{""language"":""Text"",""blankLines"":58,""codeLines"":287,""commentLines"":0},{""language"":""M4"",""blankLines"":74,""codeLines"":637,""commentLines"":0},{""language"":""C"",""blankLines"":844,""codeLines"":4217,""commentLines"":521},{""language"":""Puppet"",""blankLines"":16,""codeLines"":46,""commentLines"":4},{""language"":""R"",""blankLines"":158,""codeLines"":920,""commentLines"":124}]","2024-06-07T01:47:56","15a0c3ecf4fa9dbc5551dd47563cfccfca4bdf7a",true,false,false,false,"{""Python"":313324,""C"":251896,""R"":43258,""M4"":26399,""Shell"":7280,""Makefile"":6266,""C++"":1816,""Puppet"":1101}","bug;enhancement;installation;question","bioinformatics;bioinformatics-pipeline;genomics;global-health;infectious-diseases;next-generation-sequencing;pathogen;research;sequencing"
"62762381","gluejar/regluit",false,"7691","56","0","30","Python","master","Other","http://unglue.it","5","16","8","155557","2011-08-31T01:01:00","2024-10-28T05:32:47","2024-10-28T05:33:09","1","0","1064","0","9316","94773","4110","[{""language"":""JavaScript"",""blankLines"":179,""codeLines"":1713,""commentLines"":559},{""language"":""XML"",""blankLines"":0,""codeLines"":57,""commentLines"":0},{""language"":""YAML"",""blankLines"":1,""codeLines"":103,""commentLines"":0},{""language"":""Python"",""blankLines"":5008,""codeLines"":49345,""commentLines"":2872},{""language"":""CSS"",""blankLines"":129,""codeLines"":751,""commentLines"":200},{""language"":""Markdown"",""blankLines"":73,""codeLines"":176,""commentLines"":0},{""language"":""Bourne Shell"",""blankLines"":24,""codeLines"":97,""commentLines"":23},{""language"":""SVG"",""blankLines"":0,""codeLines"":3229,""commentLines"":3},{""language"":""Sass"",""blankLines"":938,""codeLines"":6930,""commentLines"":165},{""language"":""SCSS"",""blankLines"":938,""codeLines"":6841,""commentLines"":254},{""language"":""JSON"",""blankLines"":2,""codeLines"":12619,""commentLines"":0},{""language"":""HTML"",""blankLines"":1648,""codeLines"":11384,""commentLines"":33},{""language"":""Bourne Again Shell"",""blankLines"":3,""codeLines"":15,""commentLines"":1},{""language"":""Text"",""blankLines"":348,""codeLines"":1325,""commentLines"":0},{""language"":""XHTML"",""blankLines"":20,""codeLines"":178,""commentLines"":0},{""language"":""reStructuredText"",""blankLines"":5,""codeLines"":10,""commentLines"":0}]","2024-10-28T05:32:23","f8023913a0ed86cb7eaf63ca986f3694d78f02c8",true,false,false,false,"{""Python"":1975241,""HTML"":735969,""SCSS"":207701,""JavaScript"":42130,""CSS"":9849,""Shell"":4451}","",""
"67569049","cinemagoer/cinemagoer",false,"2007","14","6","353","Python","master","GNU General Public License v2.0","https://cinemagoer.github.io/","49","1227","67","5981","2010-08-01T05:34:24","2024-10-30T08:04:13","2024-10-30T08:04:18","339","76","147","3","7815","26476","7557","[{""language"":""DTD"",""blankLines"":35,""codeLines"":1020,""commentLines"":6},{""language"":""DOS Batch"",""blankLines"":8,""codeLines"":27,""commentLines"":1},{""language"":""PO File"",""blankLines"":3200,""codeLines"":6554,""commentLines"":3226},{""language"":""Bourne Shell"",""blankLines"":29,""codeLines"":137,""commentLines"":54},{""language"":""Markdown"",""blankLines"":19,""codeLines"":19,""commentLines"":0},{""language"":""INI"",""blankLines"":3,""codeLines"":21,""commentLines"":0},{""language"":""reStructuredText"",""blankLines"":788,""codeLines"":1267,""commentLines"":577},{""language"":""make"",""blankLines"":15,""codeLines"":48,""commentLines"":6},{""language"":""Text"",""blankLines"":623,""codeLines"":1632,""commentLines"":0},{""language"":""Python"",""blankLines"":3095,""codeLines"":15751,""commentLines"":3687}]","2024-10-30T08:04:13","3051a3a14bd1d0cffeca06854a2ab3602762badf",true,false,false,false,"{""Python"":803344,""Makefile"":1147}","bug;enhancement;feature request;good first issue;help needed;http;installer;legacy;mobile;new feature;s3;sql;support;testsuite","actors;cast;character;cinema;cinemagoer;company;database;db;imdb;internet-movie-database;movie;movie-database;movies;parser;python;scraper;sql"
"68274999","jelmer/dulwich",false,"4667","55","29","398","Python","master","Other","https://www.dulwich.io/","52","2058","192","17200","2009-03-22T05:09:18","2024-11-07T01:09:00","2024-11-07T01:09:00","517","87","879","13","8589","38032","9264","[{""language"":""TOML"",""blankLines"":26,""codeLines"":173,""commentLines"":0},{""language"":""Rust"",""blankLines"":71,""codeLines"":433,""commentLines"":75},{""language"":""Python"",""blankLines"":8001,""codeLines"":35822,""commentLines"":9151},{""language"":""C"",""blankLines"":0,""codeLines"":15,""commentLines"":0},{""language"":""make"",""blankLines"":47,""codeLines"":137,""commentLines"":4},{""language"":""Bourne Shell"",""blankLines"":21,""codeLines"":58,""commentLines"":27},{""language"":""reStructuredText"",""blankLines"":75,""codeLines"":205,""commentLines"":0},{""language"":""C/C++ Header"",""blankLines"":5,""codeLines"":11,""commentLines"":3},{""language"":""YAML"",""blankLines"":22,""codeLines"":306,""commentLines"":3},{""language"":""Markdown"",""blankLines"":77,""codeLines"":207,""commentLines"":0},{""language"":""DOS Batch"",""blankLines"":17,""codeLines"":103,""commentLines"":1},{""language"":""INI"",""blankLines"":3,""codeLines"":8,""commentLines"":0},{""language"":""Text"",""blankLines"":224,""codeLines"":554,""commentLines"":0}]","2024-11-07T01:08:44","f87ed2e730c42276a96f27e74868cb98e0a73566",false,false,false,false,"{""Python"":1794899,""Rust"":18630,""Shell"":4271,""Makefile"":1465,""C"":1251,""Roff"":41}","bug;contrib;dependencies;documentation;enhancement;github_actions;good first issue;help wanted;infrastructure;moreinfo;performance;porcelain;priority:low;priority:medium;python;rust;security;spec-conformity;testing;windows","cpython;dulwich;git;pypy;python;python-3;version-control"
"69557479","python-jsonschema/jsonschema",false,"2747","4","63","581","Python","main","MIT License","https://python-jsonschema.readthedocs.io","58","4619","98","3333","2011-12-30T03:37:43","2024-11-04T09:08:19","2024-11-05T05:01:29","844","35","392","2","3096","82288","2058","[{""language"":""make"",""blankLines"":30,""codeLines"":192,""commentLines"":5},{""language"":""Text"",""blankLines"":3,""codeLines"":165,""commentLines"":0},{""language"":""YAML"",""blankLines"":22,""codeLines"":253,""commentLines"":3},{""language"":""Python"",""blankLines"":2064,""codeLines"":8234,""commentLines"":1405},{""language"":""reStructuredText"",""blankLines"":719,""codeLines"":915,""commentLines"":643},{""language"":""INI"",""blankLines"":1,""codeLines"":9,""commentLines"":0},{""language"":""Markdown"",""blankLines"":162,""codeLines"":355,""commentLines"":1},{""language"":""JSON"",""blankLines"":46,""codeLines"":71807,""commentLines"":0},{""language"":""DOS Batch"",""blankLines"":23,""codeLines"":166,""commentLines"":1},{""language"":""TOML"",""blankLines"":26,""codeLines"":192,""commentLines"":0}]","2024-11-04T09:08:17","ba47f7f32014e67ec7dae58b924c9ebc0d89b173",false,false,false,false,"{""Python"":370898,""JavaScript"":1623}","bug;dependencies;dialects v2;enhancement;github_actions;help wanted;invalid;needs simplification;needs test upstream;pending deprecation;waiting for author;​​​​​error reporting","json;json-schema;jsonschema;schema;validation"
"69613475","pallets-eco/flask-sqlalchemy",false,"1140","2","22","900","Python","main","BSD 3-Clause New or Revised License","https://flask-sqlalchemy.readthedocs.io","112","4227","103","1617","2010-06-01T03:01:50","2024-10-24T09:36:05","2024-10-24T09:36:09","666","15","629","5","2056","5635","1419","[{""language"":""make"",""blankLines"":4,""codeLines"":9,""commentLines"":7},{""language"":""reStructuredText"",""blankLines"":743,""codeLines"":1039,""commentLines"":561},{""language"":""HTML"",""blankLines"":10,""codeLines"":159,""commentLines"":0},{""language"":""INI"",""blankLines"":10,""codeLines"":66,""commentLines"":0},{""language"":""YAML"",""blankLines"":1,""codeLines"":182,""commentLines"":11},{""language"":""Markdown"",""blankLines"":28,""codeLines"":49,""commentLines"":43},{""language"":""Text"",""blankLines"":0,""codeLines"":311,""commentLines"":0},{""language"":""Python"",""blankLines"":1213,""codeLines"":2971,""commentLines"":793},{""language"":""CSS"",""blankLines"":25,""codeLines"":109,""commentLines"":0},{""language"":""TOML"",""blankLines"":13,""codeLines"":89,""commentLines"":2},{""language"":""SVG"",""blankLines"":1,""codeLines"":625,""commentLines"":1},{""language"":""DOS Batch"",""blankLines"":8,""codeLines"":26,""commentLines"":1}]","2024-10-24T09:36:01","3e3e92ba557649ab5251eda860a67656cc8c10af",false,false,false,false,"{""Python"":140968}","bug;config;dependencies;docs;github_actions;pagination;python;tablename;tests","flask;flask-sqlalchemy;python;sqlalchemy"
"69738106","freely-given-org/bibleorgsys",false,"1327","2","1","20","Python","main","GNU General Public License v3.0","http://openscriptures.org/blog/2011/01/bible-organisational-system/","18","84","1","77473","2011-01-30T10:07:34","2024-10-01T06:09:23","2024-10-01T06:09:29","24","19","3","0","16962","646013","34975","[{""language"":""XSD"",""blankLines"":1959,""codeLines"":5902,""commentLines"":47},{""language"":""JSON"",""blankLines"":0,""codeLines"":175511,""commentLines"":0},{""language"":""YAML"",""blankLines"":9,""codeLines"":42,""commentLines"":8},{""language"":""C/C++ Header"",""blankLines"":14,""codeLines"":34,""commentLines"":14},{""language"":""Text"",""blankLines"":251,""codeLines"":4186,""commentLines"":0},{""language"":""TeX"",""blankLines"":76,""codeLines"":366,""commentLines"":160},{""language"":""XML"",""blankLines"":1323,""codeLines"":375906,""commentLines"":3132},{""language"":""reStructuredText"",""blankLines"":6,""codeLines"":16,""commentLines"":0},{""language"":""Markdown"",""blankLines"":27,""codeLines"":85,""commentLines"":0},{""language"":""Bourne Shell"",""blankLines"":7,""codeLines"":15,""commentLines"":41},{""language"":""C"",""blankLines"":67,""codeLines"":2261,""commentLines"":116},{""language"":""HTML"",""blankLines"":1,""codeLines"":28,""commentLines"":0},{""language"":""Python"",""blankLines"":13150,""codeLines"":81515,""commentLines"":31366},{""language"":""CSS"",""blankLines"":72,""codeLines"":146,""commentLines"":91}]","2024-10-01T06:09:10","af8ce255d036ec086749b3b2fb6351db9391d1f0",true,false,false,false,"{""Python"":8162257,""C"":45565,""TeX"":14916,""CSS"":10812,""HTML"":3217,""Shell"":2324}","documentation;fix non-working feature;minor bug fix;new feature request;refactoring / tidying-up;serious bug fix;testing","bcv;bible;converter;pypi;python;usfm;usx"
"72040646","plone/plone.app.layout",false,"1925","30","0","30","Python","master",,,"154","10","107","27832","2011-09-25T01:45:17","2024-11-06T03:05:23","2024-11-06T03:05:26","89","31","290","3","2327","8411","1039","[{""language"":""TOML"",""blankLines"":22,""codeLines"":94,""commentLines"":65},{""language"":""INI"",""blankLines"":34,""codeLines"":242,""commentLines"":0},{""language"":""Python"",""blankLines"":1098,""codeLines"":4510,""commentLines"":839},{""language"":""Text"",""blankLines"":46,""codeLines"":144,""commentLines"":0},{""language"":""reStructuredText"",""blankLines"":929,""codeLines"":1679,""commentLines"":11},{""language"":""YAML"",""blankLines"":16,""codeLines"":79,""commentLines"":86},{""language"":""XML"",""blankLines"":182,""codeLines"":1663,""commentLines"":38}]","2024-11-06T03:05:21","1c7334194ec5eb9e57f5306bfd5e227b0b78a294",false,false,false,false,"{""Python"":234017}","01 type: bug;02 type: regression;03 type: feature (plip);04 type: enhancement;05 type: question;11 prio: blocker;12 prio: high;13 prio: normal;14 prio: low;21 status: confirmed;22 status: in-progress;23 status: testing;24 status: ready;25 status: deferred;31 needs: help;32 needs: review;33 needs: docs;34 needs: tests;35 needs: rebase;36 needs: cla;37 needs: release;41 lvl: easy;42 lvl: moderate;43 lvl: complex;51 target: patch;52 target: minor;53 target: major;99 tag: plone 4.3.x;99 tag: plone 5.x",""
"73972689","breathe-doc/breathe",false,"1790","17","10","198","Python","main","Other","https://breathe-doc.org","23","741","99","2910","2009-02-03T06:52:25","2024-07-30T04:19:54","2024-07-30T04:19:57","592","181","374","11","5426","17026","6099","[{""language"":""TOML"",""blankLines"":8,""codeLines"":87,""commentLines"":5},{""language"":""SVG"",""blankLines"":0,""codeLines"":54,""commentLines"":3},{""language"":""C"",""blankLines"":19,""codeLines"":29,""commentLines"":39},{""language"":""Text"",""blankLines"":0,""codeLines"":57,""commentLines"":0},{""language"":""Python"",""blankLines"":2144,""codeLines"":10865,""commentLines"":2035},{""language"":""CSS"",""blankLines"":18,""codeLines"":78,""commentLines"":17},{""language"":""INI"",""blankLines"":5,""codeLines"":9,""commentLines"":0},{""language"":""XML"",""blankLines"":1,""codeLines"":168,""commentLines"":0},{""language"":""reStructuredText"",""blankLines"":2001,""codeLines"":2252,""commentLines"":1850},{""language"":""DOS Batch"",""blankLines"":111,""codeLines"":818,""commentLines"":2},{""language"":""C++"",""blankLines"":116,""codeLines"":170,""commentLines"":326},{""language"":""C/C++ Header"",""blankLines"":804,""codeLines"":1577,""commentLines"":1774},{""language"":""YAML"",""blankLines"":34,""codeLines"":221,""commentLines"":6},{""language"":""make"",""blankLines"":123,""codeLines"":502,""commentLines"":29},{""language"":""Bourne Shell"",""blankLines"":42,""codeLines"":139,""commentLines"":13}]","2024-07-30T04:19:54","62695c7e3eaf1190f7bb02ba7b396daf78da66f4",false,false,false,false,"{""Python"":554512,""Batchfile"":8180,""Makefile"":7593,""Shell"":1905}","analysis;bug;code;dependencies;discussion;documentation;duplicate;enhancement;packaging;regression;suggestion;support;test;upstream","doxygen;sphinx"
"75317489","mpmath/mpmath",false,"1979","1","2","183","Python","master","BSD 3-Clause New or Revised License","http://mpmath.org","42","964","58","18271","2011-12-07T06:09:08","2024-11-06T04:36:25","2024-11-06T04:36:29","568","106","300","0","9339","35989","19979","[{""language"":""reStructuredText"",""blankLines"":1024,""codeLines"":2124,""commentLines"":612},{""language"":""TeX"",""blankLines"":0,""codeLines"":7,""commentLines"":0},{""language"":""Python"",""blankLines"":8315,""codeLines"":33650,""commentLines"":19367},{""language"":""YAML"",""blankLines"":0,""codeLines"":130,""commentLines"":0},{""language"":""TOML"",""blankLines"":0,""codeLines"":78,""commentLines"":0}]","2024-11-06T04:36:25","b600dbcabf4b7406a61e82b9e607f754a9f12ff9",true,false,false,false,"{""Python"":2030696}","bug;docs;duplicate;enhancement;imported;invalid;need decision;opsys-all;priority-high;priority-low;priority-medium;question;testing;type-patch;type-task;wontfix","arbitrary-precision;complex-numbers;floating-point;multiprecision;numerical-integration;numerical-methods;numerical-optimization;ordinary-differential-equations;plotting;python;special-functions"
"76260730","enthought/envisage",false,"1501","7","17","26","Python","main","Other","http://docs.enthought.com/envisage/","55","81","35","9649","2011-04-28T03:07:06","2024-09-06T03:27:35","2024-09-06T03:27:04","203","32","382","2","6348","11903","7388","[{""language"":""make"",""blankLines"":15,""codeLines"":70,""commentLines"":4},{""language"":""YAML"",""blankLines"":36,""codeLines"":312,""commentLines"":15},{""language"":""reStructuredText"",""blankLines"":874,""codeLines"":2342,""commentLines"":126},{""language"":""INI"",""blankLines"":0,""codeLines"":7,""commentLines"":0},{""language"":""Markdown"",""blankLines"":10,""codeLines"":28,""commentLines"":0},{""language"":""HTML"",""blankLines"":19,""codeLines"":105,""commentLines"":0},{""language"":""Python"",""blankLines"":5298,""codeLines"":8588,""commentLines"":7243},{""language"":""Text"",""blankLines"":88,""codeLines"":371,""commentLines"":0},{""language"":""TOML"",""blankLines"":8,""codeLines"":80,""commentLines"":0}]","2024-09-06T03:26:59","26ffd88fc4308b3967ad6c7908a4771c08c710c8",true,false,false,false,"{""Python"":660092,""HTML"":6133}","component: documentation;component: examples;dependencies;github_actions;good-first-issue;type: bug;type: discussion;type: enhancement;type: refactor",""
"76375589","hhatto/autopep8",false,"2944","4","29","291","Python","main","MIT License","https://pypi.org/project/autopep8/","71","4579","51","3993","2010-12-29T08:08:51","2024-11-02T07:33:13","2024-11-02T07:33:18","508","121","262","4","3365","10866","7678","[{""language"":""INI"",""blankLines"":1,""codeLines"":13,""commentLines"":0},{""language"":""Python"",""blankLines"":3198,""codeLines"":10205,""commentLines"":7561},{""language"":""YAML"",""blankLines"":15,""codeLines"":131,""commentLines"":19},{""language"":""Markdown"",""blankLines"":9,""codeLines"":18,""commentLines"":0},{""language"":""make"",""blankLines"":18,""codeLines"":124,""commentLines"":0},{""language"":""Bourne Again Shell"",""blankLines"":3,""codeLines"":14,""commentLines"":0},{""language"":""TOML"",""blankLines"":5,""codeLines"":47,""commentLines"":0},{""language"":""reStructuredText"",""blankLines"":116,""codeLines"":314,""commentLines"":98}]","2024-11-02T07:33:13","e66c80734f97df2dbdae1275368d0f69f8c13519",false,false,false,false,"{""Python"":668126,""Makefile"":4457,""Shell"":264}","bug;dependencies;enhancement;needs patch;needs patch in pycodestyle;problem with 2to3;question;wontfix","codeformatter;formatter;pep8;python"
"78421536","geopython/pycsw",false,"3265","13","1","155","Python","master","MIT License","https://pycsw.org","20","207","48","8794","2011-09-11T07:38:07","2024-11-03T06:19:32","2024-11-03T06:19:34","480","86","559","6","7308","130661","13127","[{""language"":""PO File"",""blankLines"":939,""codeLines"":3661,""commentLines"":1163},{""language"":""Bourne Shell"",""blankLines"":2,""codeLines"":3,""commentLines"":0},{""language"":""Scheme"",""blankLines"":423,""codeLines"":1894,""commentLines"":0},{""language"":""Text"",""blankLines"":164,""codeLines"":684,""commentLines"":0},{""language"":""SVG"",""blankLines"":0,""codeLines"":36,""commentLines"":0},{""language"":""INI"",""blankLines"":2,""codeLines"":15,""commentLines"":0},{""language"":""Markdown"",""blankLines"":45,""codeLines"":100,""commentLines"":0},{""language"":""XSLT"",""blankLines"":0,""codeLines"":6,""commentLines"":0},{""language"":""make"",""blankLines"":32,""codeLines"":148,""commentLines"":5},{""language"":""YAML"",""blankLines"":255,""codeLines"":3222,""commentLines"":968},{""language"":""JSON"",""blankLines"":0,""codeLines"":163,""commentLines"":0},{""language"":""XSD"",""blankLines"":406,""codeLines"":50579,""commentLines"":4518},{""language"":""HTML"",""blankLines"":92,""codeLines"":1050,""commentLines"":1},{""language"":""Web Services Description"",""blankLines"":67,""codeLines"":643,""commentLines"":37},{""language"":""SQL"",""blankLines"":0,""codeLines"":6,""commentLines"":0},{""language"":""Python"",""blankLines"":3841,""codeLines"":16081,""commentLines"":4023},{""language"":""reStructuredText"",""blankLines"":940,""codeLines"":1233,""commentLines"":1511},{""language"":""Dockerfile"",""blankLines"":17,""codeLines"":29,""commentLines"":40},{""language"":""XML"",""blankLines"":83,""codeLines"":51108,""commentLines"":861}]","2024-11-03T06:19:30","3b4d247d204b071e6a6d88362865c30598562516",true,false,false,false,"{""Python"":1030145,""HTML"":38706,""Dockerfile"":2940,""Makefile"":677,""XSLT"":357,""Shell"":129}","OGC CSW;STAC API;admin;apps-frameworks;bug;database;docs;enhancement;formats;harvesting;has-patch;ogc api - records;osgeo-incubation;packaging;profiles;server;tests;website","csw;geospatial;metadata;ogc"
"79485281","bruvellu/cifonauta",false,"2535","44","0","5","Python","develop","GNU General Public License v3.0","http://cifonauta.cebimar.usp.br","4","21","10","8953","2010-11-23T04:36:40","2024-11-02T10:34:35","2024-11-02T10:34:34","242","44","102","0","11413","50735","10306","[{""language"":""SVG"",""blankLines"":0,""codeLines"":40,""commentLines"":2},{""language"":""Text"",""blankLines"":5,""codeLines"":101,""commentLines"":0},{""language"":""Python"",""blankLines"":3275,""codeLines"":14254,""commentLines"":2894},{""language"":""CSS"",""blankLines"":1203,""codeLines"":6841,""commentLines"":635},{""language"":""Markdown"",""blankLines"":383,""codeLines"":1061,""commentLines"":0},{""language"":""HTML"",""blankLines"":589,""codeLines"":4652,""commentLines"":27},{""language"":""XML"",""blankLines"":7,""codeLines"":5,""commentLines"":13},{""language"":""JavaScript"",""blankLines"":4096,""codeLines"":18846,""commentLines"":3350},{""language"":""PO File"",""blankLines"":1855,""codeLines"":4935,""commentLines"":3385}]","2024-11-02T10:34:15","abad3014131548488c94b2c582af3dcb615edaeb",false,false,false,false,"{""Python"":789514,""JavaScript"":347971,""HTML"":217363,""CSS"":192135,""PLpgSQL"":11017}","bug;dependency;feature;improvement","cnpq;database;django;image-database;marine-biology;postgresql;python;scientific;zoology"
"79544566","enthought/traitsui",false,"4752","49","22","95","Python","main","Other","http://docs.enthought.com/traitsui","71","295","76","54776","2011-04-18T10:32:33","2024-05-20T02:16:40","2024-05-17T04:39:39","953","434","1105","20","25428","71652","29411","[{""language"":""TOML"",""blankLines"":9,""codeLines"":66,""commentLines"":0},{""language"":""YAML"",""blankLines"":68,""codeLines"":536,""commentLines"":42},{""language"":""reStructuredText"",""blankLines"":2374,""codeLines"":6609,""commentLines"":917},{""language"":""DOS Batch"",""blankLines"":34,""codeLines"":228,""commentLines"":2},{""language"":""Markdown"",""blankLines"":9,""codeLines"":21,""commentLines"":0},{""language"":""Text"",""blankLines"":414,""codeLines"":1250,""commentLines"":0},{""language"":""Python"",""blankLines"":22308,""codeLines"":61127,""commentLines"":28417},{""language"":""CSS"",""blankLines"":171,""codeLines"":797,""commentLines"":29},{""language"":""make"",""blankLines"":21,""codeLines"":105,""commentLines"":4},{""language"":""HTML"",""blankLines"":20,""codeLines"":913,""commentLines"":0}]","2024-05-14T02:28:10","b3673a74c6a2317d0813947290e949eedff204f5",true,false,false,false,"{""Python"":3538451}","component: build;component: core;component: documentation;component: etsdemo;component: examples;component: test suite;dependencies;difficulty: advanced;difficulty: easy;difficulty: intermediate;ets backlog;good first issue;need backport to maint/*;priority: blocking;priority: high;priority: low;toolkit: qt;toolkit: wxpython4;type: bug;type: cleanup;type: discussion;type: enhancement;type: important;type: not-important;type: refactor",""
"82591550","cz-nic/pyoidc",false,"2742","13","32","258","Python","master","Other",,"30","713","59","8181","2011-11-10T08:28:04","2024-10-15T01:14:00","2024-10-15T01:14:02","338","63","541","9","15027","67732","14905","[{""language"":""INI"",""blankLines"":17,""codeLines"":64,""commentLines"":0},{""language"":""HTML"",""blankLines"":23,""codeLines"":117,""commentLines"":0},{""language"":""Text"",""blankLines"":3,""codeLines"":61,""commentLines"":0},{""language"":""Python"",""blankLines"":7667,""codeLines"":33984,""commentLines"":3502},{""language"":""CSS"",""blankLines"":3711,""codeLines"":17627,""commentLines"":39},{""language"":""Dockerfile"",""blankLines"":26,""codeLines"":133,""commentLines"":0},{""language"":""JSON"",""blankLines"":0,""codeLines"":242,""commentLines"":0},{""language"":""Mako"",""blankLines"":108,""codeLines"":860,""commentLines"":11},{""language"":""Elixir"",""blankLines"":10,""codeLines"":38,""commentLines"":10},{""language"":""reStructuredText"",""blankLines"":332,""codeLines"":650,""commentLines"":95},{""language"":""Markdown"",""blankLines"":131,""codeLines"":454,""commentLines"":0},{""language"":""Bourne Shell"",""blankLines"":27,""codeLines"":128,""commentLines"":8},{""language"":""YAML"",""blankLines"":30,""codeLines"":144,""commentLines"":55},{""language"":""JavaScript"",""blankLines"":2901,""codeLines"":12848,""commentLines"":11185},{""language"":""make"",""blankLines"":24,""codeLines"":93,""commentLines"":0},{""language"":""Jinja Template"",""blankLines"":17,""codeLines"":61,""commentLines"":0},{""language"":""SVG"",""blankLines"":0,""codeLines"":228,""commentLines"":0}]","2024-10-15T01:13:57","35b08953048c4d95680cdb5ef7f99a1ea97d1157",true,false,false,false,"{""Python"":1494211,""JavaScript"":132438,""Mako"":40054,""HTML"":5179,""Dockerfile"":4776,""Shell"":3535,""Makefile"":2874,""Jinja"":1642,""Elixir"":1461,""CSS"":157}","blocked;bug;dependencies;discussion;docker;documentation;duplicate;enhancement;examples;needs-confirmation;needs-reproduction;needs-test;newcomer-friendly;security;usage-question;wont-fix",""
"87047500","hyphanet/pyfreenet",false,"1014","8","0","24","Python","py3","Other","https://freenetproject.org/","25","60","12","2893","2009-04-25T02:03:03","2024-09-12T08:52:55","2024-09-12T08:53:00","15","4","23","2","13419","50737","24583","[{""language"":""INI"",""blankLines"":26,""codeLines"":193,""commentLines"":0},{""language"":""reStructuredText"",""blankLines"":3121,""codeLines"":5890,""commentLines"":2614},{""language"":""Markdown"",""blankLines"":0,""codeLines"":1,""commentLines"":0},{""language"":""Text"",""blankLines"":137,""codeLines"":13175,""commentLines"":0},{""language"":""Python"",""blankLines"":10108,""codeLines"":28950,""commentLines"":21951},{""language"":""Bourne Again Shell"",""blankLines"":16,""codeLines"":61,""commentLines"":4},{""language"":""YAML"",""blankLines"":0,""codeLines"":38,""commentLines"":0},{""language"":""Bourne Shell"",""blankLines"":8,""codeLines"":796,""commentLines"":11},{""language"":""SVG"",""blankLines"":3,""codeLines"":1633,""commentLines"":3}]","2024-09-12T08:52:55","94da0663166729661102b68378e6015bebdbad3b",true,false,false,false,"{""Python"":2374235,""Shell"":43781,""Roff"":27911}","",""
"87121890","plone/plone.app.event",false,"2883","22","0","37","Python","master","Other","https://pypi.python.org/pypi/plone.app.event","114","17","70","4870","2011-06-17T05:35:42","2024-11-07T11:21:19","2024-11-07T11:21:22","204","51","211","4","3415","11311","1584","[{""language"":""Text"",""blankLines"":0,""codeLines"":1,""commentLines"":0},{""language"":""Python"",""blankLines"":1338,""codeLines"":5709,""commentLines"":1142},{""language"":""CSS"",""blankLines"":51,""codeLines"":137,""commentLines"":9},{""language"":""HTML"",""blankLines"":649,""codeLines"":525,""commentLines"":16},{""language"":""INI"",""blankLines"":34,""codeLines"":238,""commentLines"":0},{""language"":""TOML"",""blankLines"":21,""codeLines"":95,""commentLines"":60},{""language"":""Cucumber"",""blankLines"":0,""codeLines"":2,""commentLines"":0},{""language"":""XML"",""blankLines"":145,""codeLines"":1501,""commentLines"":24},{""language"":""YAML"",""blankLines"":14,""codeLines"":72,""commentLines"":76},{""language"":""reStructuredText"",""blankLines"":926,""codeLines"":1705,""commentLines"":105},{""language"":""SVG"",""blankLines"":0,""codeLines"":1,""commentLines"":0},{""language"":""JavaScript"",""blankLines"":199,""codeLines"":1221,""commentLines"":140},{""language"":""RobotFramework"",""blankLines"":38,""codeLines"":103,""commentLines"":12},{""language"":""Markdown"",""blankLines"":0,""codeLines"":1,""commentLines"":0}]","2024-11-07T11:21:17","aedf39df2ef91c60a9cc48bb6429e961f85b7fdc",false,false,false,false,"{""Python"":284870,""JavaScript"":41501,""HTML"":23860,""RobotFramework"":7223,""CSS"":3952,""Gherkin"":116}","01 type: bug;02 type: regression;03 type: feature (plip);04 type: enhancement;05 type: question;11 prio: blocker;12 prio: high;13 prio: normal;14 prio: low;21 status: confirmed;22 status: in-progress;23 status: testing;24 status: ready;25 status: deferred;31 needs: help;32 needs: review;33 needs: docs;34 needs: tests;35 needs: rebase;36 needs: cla;37 needs: release;41 lvl: easy;42 lvl: moderate;43 lvl: complex;51 target: patch;52 target: minor;53 target: major;99 tag: developer;99 tag: plone 4.3.x;99 tag: plone 5.x;99 tag: ux accessibility",""
"87154360","reagle/thunderdell",false,"1089","3","0","5","Python","main","Other","http://reagle.org/joseph/2009/01/thunderdell.html","4","12","1","1609","2011-04-30T06:19:46","2024-10-22T01:53:13","2024-10-22T01:53:18","2","1","0","0","1122","107230","1307","[{""language"":""TOML"",""blankLines"":12,""codeLines"":78,""commentLines"":4},{""language"":""YAML"",""blankLines"":0,""codeLines"":581,""commentLines"":0},{""language"":""Markdown"",""blankLines"":1,""codeLines"":5,""commentLines"":0},{""language"":""Properties"",""blankLines"":16,""codeLines"":70,""commentLines"":179},{""language"":""Objective-C++"",""blankLines"":14,""codeLines"":1510,""commentLines"":0},{""language"":""Python"",""blankLines"":1065,""codeLines"":5741,""commentLines"":1124},{""language"":""Text"",""blankLines"":12,""codeLines"":99218,""commentLines"":0},{""language"":""HTML"",""blankLines"":2,""codeLines"":27,""commentLines"":0}]","2024-10-22T01:53:06","7df3204c98316d0813b379c4ba207af253f28754",true,false,false,false,"{""Python"":261307,""Shell"":9168,""HTML"":1295}","",""
"87158535","bumps/bumps",false,"1592","28","30","35","Python","master","Other",,"11","53","17","13128","2011-11-17T10:22:02","2024-11-08T07:45:24","2024-11-08T05:07:48","91","63","90","11","11989","76933","20312","[{""language"":""PowerShell"",""blankLines"":6,""codeLines"":26,""commentLines"":4},{""language"":""DOS Batch"",""blankLines"":27,""codeLines"":189,""commentLines"":13},{""language"":""INI"",""blankLines"":0,""codeLines"":8,""commentLines"":0},{""language"":""C/C++ Header"",""blankLines"":1026,""codeLines"":6918,""commentLines"":2539},{""language"":""Bourne Shell"",""blankLines"":39,""codeLines"":162,""commentLines"":66},{""language"":""Text"",""blankLines"":37,""codeLines"":222,""commentLines"":0},{""language"":""JavaScript"",""blankLines"":74,""codeLines"":722,""commentLines"":46},{""language"":""make"",""blankLines"":45,""codeLines"":189,""commentLines"":38},{""language"":""TOML"",""blankLines"":10,""codeLines"":82,""commentLines"":0},{""language"":""Cuda"",""blankLines"":77,""codeLines"":446,""commentLines"":140},{""language"":""C"",""blankLines"":183,""codeLines"":1098,""commentLines"":439},{""language"":""Python"",""blankLines"":7389,""codeLines"":22023,""commentLines"":14900},{""language"":""TypeScript"",""blankLines"":18,""codeLines"":188,""commentLines"":6},{""language"":""XML"",""blankLines"":2,""codeLines"":403,""commentLines"":0},{""language"":""C++"",""blankLines"":374,""codeLines"":1798,""commentLines"":699},{""language"":""Vuejs Component"",""blankLines"":325,""codeLines"":2520,""commentLines"":111},{""language"":""Markdown"",""blankLines"":17,""codeLines"":43,""commentLines"":0},{""language"":""YAML"",""blankLines"":52,""codeLines"":278,""commentLines"":14},{""language"":""Perl"",""blankLines"":8,""codeLines"":109,""commentLines"":0},{""language"":""MATLAB"",""blankLines"":8,""codeLines"":43,""commentLines"":0},{""language"":""HTML"",""blankLines"":1134,""codeLines"":36105,""commentLines"":932},{""language"":""reStructuredText"",""blankLines"":961,""codeLines"":2575,""commentLines"":308},{""language"":""CSS"",""blankLines"":176,""codeLines"":749,""commentLines"":57},{""language"":""JSON"",""blankLines"":0,""codeLines"":34,""commentLines"":0},{""language"":""Bourne Again Shell"",""blankLines"":1,""codeLines"":3,""commentLines"":0}]","2024-11-08T05:07:43","847436a61e8b958c52db4646df584fceaaf83a64",true,false,false,false,"{""Python"":1391353,""HTML"":608859,""C++"":462395,""C"":190026,""Vue"":100118,""Objective-C"":40804,""JavaScript"":25915,""Cuda"":22765,""CSS"":14992,""Inno Setup"":9470,""Shell"":9229,""TypeScript"":6192,""Makefile"":4887,""MATLAB"":2855,""M"":2855,""Perl"":2582,""Batchfile"":2484,""AppleScript"":1321,""PowerShell"":1211}","critical;dependencies",""
"90289455","pymodbus-dev/pymodbus",false,"2198","33","77","938","Python","dev","Other",,"103","2297","147","14184","2011-12-05T01:30:08","2024-11-08T08:34:46","2024-11-08T08:05:41","832","2","1352","2","4459","18081","5566","[{""language"":""TOML"",""blankLines"":39,""codeLines"":278,""commentLines"":2},{""language"":""reStructuredText"",""blankLines"":758,""codeLines"":2415,""commentLines"":907},{""language"":""Python"",""blankLines"":3602,""codeLines"":14741,""commentLines"":4643},{""language"":""CSS"",""blankLines"":2,""codeLines"":60,""commentLines"":0},{""language"":""YAML"",""blankLines"":32,""codeLines"":218,""commentLines"":1},{""language"":""Markdown"",""blankLines"":11,""codeLines"":16,""commentLines"":8},{""language"":""Bourne Shell"",""blankLines"":5,""codeLines"":13,""commentLines"":1},{""language"":""HTML"",""blankLines"":0,""codeLines"":82,""commentLines"":0},{""language"":""JSON"",""blankLines"":5,""codeLines"":245,""commentLines"":0},{""language"":""make"",""blankLines"":4,""codeLines"":6,""commentLines"":4},{""language"":""Bourne Again Shell"",""blankLines"":1,""codeLines"":7,""commentLines"":0}]","2024-11-08T08:05:37","5b6ac2d449430f9b48aea0a3b113d1934adaca31",true,false,false,false,"{""Python"":722429,""HTML"":2654,""CSS"":919,""Shell"":432,""Dockerfile"":314}","bug;dependencies;documentation update required;enhancements;help wanted;hold;in progress;in review;investigating;more information required;newfeaturerequest;no-issue-activity;no-pr-activity;not an issue","modbus;modbus-library;modbus-master;modbus-protocol;modbus-rtu;modbus-serial;modbus-slave;modbus-tcp;python"
"91175602","mavlink/mavlink",false,"3538","43","0","1911","Python","master","Other","http://mavlink.io","123","1718","191","14199","2011-08-12T06:51:52","2024-11-07T06:14:03","2024-11-07T10:05:04","622","70","1546","54","638","16307","936","[{""language"":""Markdown"",""blankLines"":43,""codeLines"":77,""commentLines"":0},{""language"":""Bourne Shell"",""blankLines"":27,""codeLines"":190,""commentLines"":55},{""language"":""CMake"",""blankLines"":23,""codeLines"":71,""commentLines"":7},{""language"":""XSLT"",""blankLines"":71,""codeLines"":316,""commentLines"":0},{""language"":""YAML"",""blankLines"":18,""codeLines"":177,""commentLines"":11},{""language"":""PHP"",""blankLines"":15,""codeLines"":44,""commentLines"":20},{""language"":""INI"",""blankLines"":10,""codeLines"":30,""commentLines"":0},{""language"":""Python"",""blankLines"":344,""codeLines"":1019,""commentLines"":501},{""language"":""CSS"",""blankLines"":15,""codeLines"":65,""commentLines"":0},{""language"":""Text"",""blankLines"":0,""codeLines"":2,""commentLines"":0},{""language"":""C"",""blankLines"":30,""codeLines"":126,""commentLines"":15},{""language"":""JSON"",""blankLines"":22,""codeLines"":1594,""commentLines"":0},{""language"":""XML"",""blankLines"":20,""codeLines"":12596,""commentLines"":327}]","2024-11-06T10:50:00","e221d46d4631a5b6f1e91040cb1fe4b6fa91ea43",true,false,false,false,"{""Python"":7591,""Shell"":7347,""CMake"":2860}","blocked;bug;dev call;documentation;duplicate;generators;pinned;question;stale;wontfix",""
"94500613","scipy-lectures/scientific-python-lectures",false,"2518","2","6","1187","Python","main","Other","https://lectures.scientific-python.org","164","3098","108","25319","2010-05-19T08:42:33","2024-10-07T04:52:46","2024-10-07T04:52:49","185","18","616","3","9204","31579","8895","[{""language"":""SVG"",""blankLines"":8,""codeLines"":7159,""commentLines"":16},{""language"":""Text"",""blankLines"":21,""codeLines"":4892,""commentLines"":0},{""language"":""TOML"",""blankLines"":12,""codeLines"":117,""commentLines"":4},{""language"":""Python"",""blankLines"":2435,""codeLines"":6150,""commentLines"":2311},{""language"":""CSS"",""blankLines"":15,""codeLines"":84,""commentLines"":0},{""language"":""CSV"",""blankLines"":0,""codeLines"":192,""commentLines"":0},{""language"":""Cython"",""blankLines"":50,""codeLines"":104,""commentLines"":112},{""language"":""C"",""blankLines"":94,""codeLines"":399,""commentLines"":105},{""language"":""HTML"",""blankLines"":15,""codeLines"":90,""commentLines"":10},{""language"":""Fortran 90"",""blankLines"":0,""codeLines"":6,""commentLines"":0},{""language"":""reStructuredText"",""blankLines"":6229,""codeLines"":9600,""commentLines"":5805},{""language"":""SWIG"",""blankLines"":245,""codeLines"":2250,""commentLines"":516},{""language"":""Bourne Shell"",""blankLines"":7,""codeLines"":52,""commentLines"":0},{""language"":""INI"",""blankLines"":0,""codeLines"":15,""commentLines"":0},{""language"":""make"",""blankLines"":33,""codeLines"":140,""commentLines"":7},{""language"":""JavaScript"",""blankLines"":5,""codeLines"":61,""commentLines"":5},{""language"":""C/C++ Header"",""blankLines"":0,""codeLines"":3,""commentLines"":0},{""language"":""YAML"",""blankLines"":32,""codeLines"":254,""commentLines"":4},{""language"":""Markdown"",""blankLines"":3,""codeLines"":11,""commentLines"":0}]","2024-10-07T04:52:46","bea3aac1a5ead405d7ab72aee14365243ec0e891",false,false,false,false,"{""Python"":272427,""C"":121196,""Cython"":7414,""Makefile"":6730,""HTML"":3596,""JavaScript"":2691,""CSS"":1801,""Shell"":1576,""SWIG"":1371,""Fortran"":191}","bug;coding & infrastructure;dependencies;easy;enhancement;github_actions;good first issue;look and feel;moderate difficulty;need contributor;new chapter;python;section:advanced-optimizing;section:intro-matplotlib;section:intro-numpy;section:intro-scipy;spam;sphinx;web skills;wontfix;writing",""
"94567882","shinken-solutions/shinken",false,"8570","16","0","339","Python","master","GNU Affero General Public License v3.0","http://www.shinken-monitoring.org","92","1132","127","50751","2010-11-23T11:02:56","2024-04-26T08:16:18","2024-04-26T08:16:26","1282","208","752","18","23342","69293","22723","[{""language"":""PHP"",""blankLines"":42,""codeLines"":105,""commentLines"":174},{""language"":""XML"",""blankLines"":132,""codeLines"":240,""commentLines"":12},{""language"":""Markdown"",""blankLines"":22,""codeLines"":21,""commentLines"":0},{""language"":""SVG"",""blankLines"":2,""codeLines"":1089,""commentLines"":2},{""language"":""Cucumber"",""blankLines"":3,""codeLines"":16,""commentLines"":1},{""language"":""Python"",""blankLines"":12086,""codeLines"":44284,""commentLines"":18662},{""language"":""Diff"",""blankLines"":25,""codeLines"":402,""commentLines"":176},{""language"":""DOS Batch"",""blankLines"":36,""codeLines"":214,""commentLines"":27},{""language"":""SQL"",""blankLines"":34,""codeLines"":178,""commentLines"":43},{""language"":""Ruby"",""blankLines"":101,""codeLines"":540,""commentLines"":23},{""language"":""Ant"",""blankLines"":10,""codeLines"":36,""commentLines"":16},{""language"":""make"",""blankLines"":48,""codeLines"":163,""commentLines"":130},{""language"":""INI"",""blankLines"":122,""codeLines"":567,""commentLines"":2},{""language"":""Text"",""blankLines"":121,""codeLines"":1109,""commentLines"":0},{""language"":""JavaScript"",""blankLines"":0,""codeLines"":14,""commentLines"":2},{""language"":""Bourne Shell"",""blankLines"":803,""codeLines"":2176,""commentLines"":1416},{""language"":""Perl"",""blankLines"":46,""codeLines"":146,""commentLines"":9},{""language"":""reStructuredText"",""blankLines"":9032,""codeLines"":13390,""commentLines"":1698},{""language"":""Bourne Again Shell"",""blankLines"":486,""codeLines"":3874,""commentLines"":314},{""language"":""CSS"",""blankLines"":0,""codeLines"":2,""commentLines"":0},{""language"":""HTML"",""blankLines"":46,""codeLines"":432,""commentLines"":2},{""language"":""Windows Resource File"",""blankLines"":111,""codeLines"":164,""commentLines"":0},{""language"":""Java"",""blankLines"":15,""codeLines"":66,""commentLines"":2},{""language"":""YAML"",""blankLines"":8,""codeLines"":35,""commentLines"":12},{""language"":""AMPLE"",""blankLines"":11,""codeLines"":30,""commentLines"":0}]","2024-04-26T08:16:18","62039bef9bc44fbe1805d66b6d2a9ea8aa9b38b7",false,false,false,false,"{""Python"":2847466,""Shell"":302148,""Roff"":25726,""Ruby"":19862,""PHP"":10710,""Makefile"":6228,""Perl"":5066,""Batchfile"":2934,""Java"":2294,""Gherkin"":908}","arbiter;broker;bug;cannot reproduce/please post a test;code quality;configuration;contrib;current roadmap;documentation;duplicated;feature;ifyouwantitdiy;livestatus;poller;reactionner;scheduler;setup;todo;tomovetootherrepo;tosort;typo;website / wiki;windows setup",""
"94643307","canonical/ubuntu-drivers-common",false,"1008","41","0","38","Python","master","GNU General Public License v2.0",,"36","40","30","2150","2011-01-18T05:07:17","2024-10-30T02:52:50","2024-10-30T10:09:34","34","21","75","4","3725","13239","3105","[{""language"":""Markdown"",""blankLines"":29,""codeLines"":78,""commentLines"":0},{""language"":""C/C++ Header"",""blankLines"":70,""codeLines"":175,""commentLines"":36},{""language"":""Bourne Shell"",""blankLines"":26,""codeLines"":84,""commentLines"":16},{""language"":""C"",""blankLines"":726,""codeLines"":3089,""commentLines"":355},{""language"":""Text"",""blankLines"":2,""codeLines"":4,""commentLines"":0},{""language"":""Python"",""blankLines"":2809,""codeLines"":9675,""commentLines"":2642},{""language"":""Perl"",""blankLines"":47,""codeLines"":66,""commentLines"":47},{""language"":""make"",""blankLines"":12,""codeLines"":45,""commentLines"":3},{""language"":""Bourne Again Shell"",""blankLines"":1,""codeLines"":13,""commentLines"":0},{""language"":""Snakemake"",""blankLines"":3,""codeLines"":10,""commentLines"":6}]","2024-10-30T02:52:42","924832c43d16ca4acd309153613ab45e0a4ed6f1",true,false,false,false,"{""Python"":639885,""C"":133080,""Perl"":3779,""Shell"":3729,""Makefile"":288}","",""
"94648009","piskvorky/gensim",false,"4534","24","43","4370","Python","develop","GNU Lesser General Public License v2.1","https://radimrehurek.com/gensim","432","15501","396","106262","2011-02-10T07:43:04","2024-08-10T11:58:55","2024-08-10T02:42:49","1847","382","1707","27","21348","133634","76626","[{""language"":""C/C++ Header"",""blankLines"":11,""codeLines"":63,""commentLines"":7},{""language"":""reStructuredText"",""blankLines"":4833,""codeLines"":2302,""commentLines"":12037},{""language"":""Markdown"",""blankLines"":728,""codeLines"":2362,""commentLines"":11},{""language"":""YAML"",""blankLines"":68,""codeLines"":329,""commentLines"":69},{""language"":""make"",""blankLines"":16,""codeLines"":76,""commentLines"":7},{""language"":""CSV"",""blankLines"":0,""codeLines"":46,""commentLines"":0},{""language"":""Diff"",""blankLines"":22,""codeLines"":396,""commentLines"":103},{""language"":""JSON"",""blankLines"":0,""codeLines"":10,""commentLines"":0},{""language"":""Jupyter Notebook"",""blankLines"":0,""codeLines"":5218,""commentLines"":37041},{""language"":""HTML"",""blankLines"":72,""codeLines"":1141,""commentLines"":79},{""language"":""TOML"",""blankLines"":0,""codeLines"":8,""commentLines"":6},{""language"":""Cython"",""blankLines"":904,""codeLines"":2679,""commentLines"":1408},{""language"":""Text"",""blankLines"":13,""codeLines"":52297,""commentLines"":0},{""language"":""Objective-C++"",""blankLines"":0,""codeLines"":936,""commentLines"":0},{""language"":""Python"",""blankLines"":11417,""codeLines"":27761,""commentLines"":23217},{""language"":""CSS"",""blankLines"":1855,""codeLines"":31689,""commentLines"":1216},{""language"":""PO File"",""blankLines"":315,""codeLines"":830,""commentLines"":557},{""language"":""JavaScript"",""blankLines"":644,""codeLines"":2285,""commentLines"":788},{""language"":""SVG"",""blankLines"":415,""codeLines"":3105,""commentLines"":1},{""language"":""Bourne Shell"",""blankLines"":35,""codeLines"":101,""commentLines"":79}]","2024-08-10T11:58:54","24684175a8b49a55ced4a6bb24ef096c3d2fdc3e",true,false,false,false,"{""Python"":2274981,""Cython"":189015,""Shell"":6379,""C++"":1200,""C"":837,""Jupyter Notebook"":626,""GDB"":189}","awaiting reply;breaks backward-compatibility;bug;conda;dependencies;difficulty easy;difficulty hard;difficulty medium;documentation;duplicate;fasttext;feature;good first issue;hacktoberfest;hacktoberfest-accepted;help wanted;housekeeping;impact high;impact low;impact medium;incubator project;interesting pr :star:;invalid;need info;performance;question;reach high;reach low;reach medium;security;stale;testing;wishlist","data-mining;data-science;document-similarity;fasttext;gensim;information-retrieval;machine-learning;natural-language-processing;neural-network;nlp;python;topic-modeling;word-embeddings;word-similarity;word2vec"
"94660624","GothenburgBitFactory/bugwarrior",false,"1536","21","0","208","Python","develop","GNU General Public License v3.0","http://pypi.python.org/pypi/bugwarrior","18","743","116","2339","2011-12-15T05:02:33","2024-10-24T10:12:43","2024-10-24T10:12:48","473","56","598","9","4045","16873","2167","[{""language"":""DOS Batch"",""blankLines"":29,""codeLines"":212,""commentLines"":1},{""language"":""INI"",""blankLines"":3,""codeLines"":18,""commentLines"":0},{""language"":""Text"",""blankLines"":121,""codeLines"":553,""commentLines"":0},{""language"":""Python"",""blankLines"":2477,""codeLines"":12411,""commentLines"":1057},{""language"":""HTML"",""blankLines"":9,""codeLines"":20,""commentLines"":0},{""language"":""TOML"",""blankLines"":15,""codeLines"":111,""commentLines"":75},{""language"":""YAML"",""blankLines"":9,""codeLines"":91,""commentLines"":12},{""language"":""make"",""blankLines"":28,""codeLines"":143,""commentLines"":6},{""language"":""reStructuredText"",""blankLines"":1352,""codeLines"":3311,""commentLines"":1016},{""language"":""Markdown"",""blankLines"":2,""codeLines"":3,""commentLines"":0}]","2024-10-24T10:12:43","97c1cb6dd9a3503b179de64504b7d99fa9bfe144",false,false,false,false,"{""Python"":541015,""Makefile"":6777,""Batchfile"":6708,""HTML"":684}","activecollab;azuredevops;bitbucket;bts;bug;bugzilla;deck;documentation;feature proposal;gerrit;github;gitlab;gmail;jira;logseq;megaplan;need info;needs docs;pagure;phabricator;question;rebase;redmine;regression;smallchange;taiga;teamlab;trac;trello;versionone;wip;youtrack",""
"94731265","4am-robotics/cob_common",false,"2117","21","0","136","Python","kinetic_dev","Apache License 2.0","https://mojin-robotics.de/","15","65","48","43599","2010-12-06T11:32:34","2024-02-20T09:12:15","2024-02-14T08:07:41","26","0","281","1","837","8630","261","[{""language"":""Markdown"",""blankLines"":2,""codeLines"":6,""commentLines"":0},{""language"":""reStructuredText"",""blankLines"":164,""codeLines"":1552,""commentLines"":0},{""language"":""CMake"",""blankLines"":18,""codeLines"":66,""commentLines"":0},{""language"":""Gencat NLS"",""blankLines"":11,""codeLines"":73,""commentLines"":0},{""language"":""Python"",""blankLines"":11,""codeLines"":26,""commentLines"":18},{""language"":""XML"",""blankLines"":625,""codeLines"":6865,""commentLines"":243},{""language"":""Bourne Shell"",""blankLines"":0,""codeLines"":8,""commentLines"":0},{""language"":""YAML"",""blankLines"":6,""codeLines"":34,""commentLines"":0}]","2024-02-20T08:07:55","23a226fd166bff0b71328cf63bafe213e4a28e9f",true,false,false,false,"{""Python"":2019,""CMake"":1803,""Shell"":229}","bug;sw",""
"94731382","4am-robotics/cob_command_tools",false,"2379","16","0","91","Python","noetic-devel","Apache License 2.0","http://wiki.ros.org/care-o-bot","21","38","46","10486","2011-10-27T09:24:52","2024-10-02T04:10:52","2024-10-02T04:10:54","39","0","305","1","1959","9726","1802","[{""language"":""CMake"",""blankLines"":50,""codeLines"":151,""commentLines"":10},{""language"":""Gencat NLS"",""blankLines"":2,""codeLines"":13,""commentLines"":0},{""language"":""C++"",""blankLines"":173,""codeLines"":1255,""commentLines"":108},{""language"":""YAML"",""blankLines"":6,""codeLines"":47,""commentLines"":9},{""language"":""reStructuredText"",""blankLines"":372,""codeLines"":2502,""commentLines"":36},{""language"":""DOS Batch"",""blankLines"":8,""codeLines"":26,""commentLines"":1},{""language"":""XML"",""blankLines"":63,""codeLines"":274,""commentLines"":19},{""language"":""Markdown"",""blankLines"":16,""codeLines"":67,""commentLines"":0},{""language"":""C/C++ Header"",""blankLines"":55,""codeLines"":100,""commentLines"":113},{""language"":""Python"",""blankLines"":1208,""codeLines"":5273,""commentLines"":1497},{""language"":""make"",""blankLines"":4,""codeLines"":9,""commentLines"":7},{""language"":""Bourne Again Shell"",""blankLines"":2,""codeLines"":9,""commentLines"":2}]","2024-10-02T04:10:28","1deaaf7cb10911ee06b34862157dc33b95962191",true,false,false,false,"{""Python"":314733,""C++"":45611,""CMake"":5418,""Batchfile"":795,""Makefile"":634,""Shell"":403}","bug;enhancement;sw",""
"94746257","lmfit/uncertainties",false,"2648","7","19","74","Python","master","Other","http://uncertainties.readthedocs.io/","12","579","20","9796","2010-06-11T07:50:15","2024-09-20T12:55:05","2024-09-20T12:55:08","149","59","98","7","2356","4995","3598","[{""language"":""make"",""blankLines"":9,""codeLines"":35,""commentLines"":4},{""language"":""YAML"",""blankLines"":13,""codeLines"":125,""commentLines"":25},{""language"":""Markdown"",""blankLines"":0,""codeLines"":5,""commentLines"":0},{""language"":""Bourne Shell"",""blankLines"":9,""codeLines"":17,""commentLines"":13},{""language"":""reStructuredText"",""blankLines"":531,""codeLines"":1272,""commentLines"":216},{""language"":""HTML"",""blankLines"":7,""codeLines"":36,""commentLines"":0},{""language"":""DOS Batch"",""blankLines"":16,""codeLines"":95,""commentLines"":1},{""language"":""Text"",""blankLines"":3,""codeLines"":8,""commentLines"":0},{""language"":""TOML"",""blankLines"":8,""codeLines"":62,""commentLines"":0},{""language"":""Python"",""blankLines"":1669,""codeLines"":2934,""commentLines"":3328},{""language"":""CSS"",""blankLines"":91,""codeLines"":406,""commentLines"":11}]","2024-09-20T12:55:05","9a4c27528e597c6a9320094e40063e173b0d908d",false,false,false,false,"{""Python"":277951,""Shell"":1387}","behavior;bug;documentation;installation problem;interface;internals;new feature;numpy+uncertainties;regression","autodiff;autodifferentiation;differentiation;error-propagation;uncertainties"
"95152930","inyokaproject/inyoka",false,"4446","3","0","4","Python","staging","Other","http://inyokaproject.org","12","13","30","24036","2011-08-12T07:30:26","2024-11-03T11:08:07","2024-11-03T11:08:11","369","104","993","1","13357","71251","9253","[{""language"":""SQL"",""blankLines"":1,""codeLines"":4,""commentLines"":2},{""language"":""make"",""blankLines"":24,""codeLines"":124,""commentLines"":5},{""language"":""YAML"",""blankLines"":29,""codeLines"":252,""commentLines"":15},{""language"":""JSON"",""blankLines"":0,""codeLines"":899,""commentLines"":0},{""language"":""Markdown"",""blankLines"":24,""codeLines"":45,""commentLines"":0},{""language"":""HTML"",""blankLines"":752,""codeLines"":6994,""commentLines"":1},{""language"":""Python"",""blankLines"":7844,""codeLines"":28728,""commentLines"":7042},{""language"":""Bourne Shell"",""blankLines"":6,""codeLines"":59,""commentLines"":2},{""language"":""Less"",""blankLines"":330,""codeLines"":3905,""commentLines"":269},{""language"":""PO File"",""blankLines"":2633,""codeLines"":6283,""commentLines"":99},{""language"":""Cucumber"",""blankLines"":78,""codeLines"":339,""commentLines"":0},{""language"":""SVG"",""blankLines"":2,""codeLines"":9865,""commentLines"":5},{""language"":""XML"",""blankLines"":3,""codeLines"":39,""commentLines"":0},{""language"":""JavaScript"",""blankLines"":322,""codeLines"":2326,""commentLines"":765},{""language"":""reStructuredText"",""blankLines"":1162,""codeLines"":2535,""commentLines"":1046},{""language"":""Text"",""blankLines"":104,""codeLines"":8526,""commentLines"":0},{""language"":""INI"",""blankLines"":4,""codeLines"":16,""commentLines"":0},{""language"":""TOML"",""blankLines"":16,""codeLines"":146,""commentLines"":1},{""language"":""DOS Batch"",""blankLines"":23,""codeLines"":166,""commentLines"":1}]","2024-11-03T11:08:07","b19096264a664f4d25fbbab0d7a799615cf08653",false,false,false,false,"{""Python"":1556071,""HTML"":294558,""JavaScript"":117698,""Less"":95572,""Gherkin"":13713,""Shell"":1603}","bug;calendar;dependencies;documentation;enhancement;feature;forum;general;ikhaya;planet;portal;ready-for-checkin;ready-for-testing;security;wiki;won't-fix;work-in-progress","calendar;django;forum;news;planet;python;wiki"
"95156686","MarketSquare/Rammbock",false,"1317","4","2","50","Python","master","Apache License 2.0",,"27","62","16","2158","2011-10-26T09:08:47","2024-08-20T09:37:35","2024-08-20T09:38:14","72","46","16","5","2047","7892","1130","[{""language"":""DOS Batch"",""blankLines"":0,""codeLines"":9,""commentLines"":0},{""language"":""Bourne Shell"",""blankLines"":0,""codeLines"":39,""commentLines"":0},{""language"":""reStructuredText"",""blankLines"":44,""codeLines"":78,""commentLines"":2},{""language"":""Python"",""blankLines"":1431,""codeLines"":4633,""commentLines"":1012},{""language"":""Text"",""blankLines"":47,""codeLines"":253,""commentLines"":0},{""language"":""RobotFramework"",""blankLines"":525,""codeLines"":2880,""commentLines"":116}]","2024-08-20T09:37:34","a55c760d2f07e90478093eeafcc3e907cb6c174e",true,false,false,false,"{""Python"":264829,""RobotFramework"":126038,""Shell"":992,""Batchfile"":221}","bug;bwic;duplicate;enhancement",""
"95193861","karpenoktem/kninfra",false,"3177","13","0","14","Python","master",,"http://karpenoktem.nl/","9","10","15","46147","2010-10-30T11:19:48","2024-10-07T08:42:14","2024-10-07T08:42:19","177","65","378","13","5603","28905","4936","[{""language"":""Bourne Shell"",""blankLines"":6,""codeLines"":9,""commentLines"":0},{""language"":""make"",""blankLines"":6,""codeLines"":12,""commentLines"":1},{""language"":""SaltStack"",""blankLines"":7,""codeLines"":306,""commentLines"":8},{""language"":""JavaScript"",""blankLines"":203,""codeLines"":1745,""commentLines"":167},{""language"":""Protocol Buffers"",""blankLines"":35,""codeLines"":96,""commentLines"":36},{""language"":""YAML"",""blankLines"":5,""codeLines"":881,""commentLines"":1},{""language"":""Markdown"",""blankLines"":23,""codeLines"":121,""commentLines"":0},{""language"":""Text"",""blankLines"":10,""codeLines"":30,""commentLines"":0},{""language"":""HTML"",""blankLines"":505,""codeLines"":4765,""commentLines"":8},{""language"":""Bourne Again Shell"",""blankLines"":20,""codeLines"":38,""commentLines"":5},{""language"":""SVG"",""blankLines"":11,""codeLines"":1058,""commentLines"":3},{""language"":""PO File"",""blankLines"":2603,""codeLines"":8437,""commentLines"":3408},{""language"":""Python"",""blankLines"":2000,""codeLines"":9614,""commentLines"":1171},{""language"":""CSS"",""blankLines"":169,""codeLines"":1793,""commentLines"":128}]","2024-10-07T08:42:03","06a07c4a5ef32455428c87efdf2e91ad03b44edc",false,false,false,false,"{""Python"":381627,""HTML"":202575,""JavaScript"":62729,""CSS"":52101,""SaltStack"":8096,""Shell"":1555,""Makefile"":923}","BarCo;Cilia;Daan;Fotoboek;Giedo;P: hoog;P: laag;P: normaal;Samba;Secretariaat;Smoelen;admin;forum;homepage;i18n;kntray;mailman;openvpn;planning;poll;postfix;python3;regression;salt;subscriptions;unix;wiki","karpe-noktem"
"95209054","django-commons/django-debug-toolbar",false,"2679","5","24","1050","Python","main","BSD 3-Clause New or Revised License","https://django-debug-toolbar.readthedocs.io","112","8087","264","8107","2008-08-28T06:58:04","2024-11-05T02:00:18","2024-11-05T08:23:46","919","61","1107","1","5913","20405","5767","[{""language"":""Markdown"",""blankLines"":6,""codeLines"":14,""commentLines"":0},{""language"":""reStructuredText"",""blankLines"":700,""codeLines"":1577,""commentLines"":261},{""language"":""YAML"",""blankLines"":52,""codeLines"":392,""commentLines"":22},{""language"":""make"",""blankLines"":12,""codeLines"":40,""commentLines"":7},{""language"":""Jinja Template"",""blankLines"":0,""codeLines"":17,""commentLines"":0},{""language"":""JavaScript"",""blankLines"":52,""codeLines"":660,""commentLines"":48},{""language"":""PO File"",""blankLines"":3358,""codeLines"":8874,""commentLines"":4188},{""language"":""INI"",""blankLines"":19,""codeLines"":114,""commentLines"":0},{""language"":""Python"",""blankLines"":1584,""codeLines"":6676,""commentLines"":1235},{""language"":""CSS"",""blankLines"":69,""codeLines"":674,""commentLines"":3},{""language"":""Text"",""blankLines"":9,""codeLines"":84,""commentLines"":0},{""language"":""HTML"",""blankLines"":35,""codeLines"":1159,""commentLines"":1},{""language"":""DOS Batch"",""blankLines"":8,""codeLines"":26,""commentLines"":1},{""language"":""TOML"",""blankLines"":9,""codeLines"":98,""commentLines"":1}]","2024-11-05T02:00:18","7f18cf578c9922f61fb4fe0f26716cffba68d561",true,false,false,false,"{""Python"":337409,""HTML"":39560,""JavaScript"":27238,""CSS"":16851,""Makefile"":1215,""Jinja"":501}","Djangonaut Space :rocket:;async 🦄;beginner friendly;blocker;bug;dependencies;documentation;encoding;feature;frontend;hacktoberfest;hacktoberfest-accepted;improvement;needs info;requirejs;support request;sync;third party request",""
