"id","name","isFork","commits","branches","releases","forks","mainLanguage","defaultBranch","license","homepage","watchers","stargazers","contributors","size","createdAt","pushedAt","updatedAt","totalIssues","openIssues","totalPullRequests","openPullRequests","blankLines","codeLines","commentLines","metrics","lastCommit","lastCommitSHA","hasWiki","isArchived","isDisabled","isLocked","languages","labels","topics"
"3485393","pydata/bottleneck",false,"1287","44","4","102","Python","master","BSD 2-Clause Simplified License",,"32","1064","30","13578","2010-11-27T11:21:22","2024-10-18T09:27:45","2024-10-18T10:39:17","244","46","216","8","2820","10298","3641","[{""language"":""reStructuredText"",""blankLines"":632,""codeLines"":1155,""commentLines"":289},{""language"":""DOS Batch"",""blankLines"":5,""codeLines"":38,""commentLines"":24},{""language"":""TOML"",""blankLines"":0,""codeLines"":7,""commentLines"":10},{""language"":""Dockerfile"",""blankLines"":0,""codeLines"":24,""commentLines"":0},{""language"":""make"",""blankLines"":19,""codeLines"":60,""commentLines"":2},{""language"":""C/C++ Header"",""blankLines"":149,""codeLines"":996,""commentLines"":126},{""language"":""Markdown"",""blankLines"":5,""codeLines"":18,""commentLines"":0},{""language"":""YAML"",""blankLines"":23,""codeLines"":138,""commentLines"":2},{""language"":""JSON"",""blankLines"":23,""codeLines"":173,""commentLines"":0},{""language"":""Bourne Shell"",""blankLines"":15,""codeLines"":83,""commentLines"":3},{""language"":""HTML"",""blankLines"":2,""codeLines"":10,""commentLines"":1},{""language"":""C"",""blankLines"":766,""codeLines"":3850,""commentLines"":1459},{""language"":""Python"",""blankLines"":1181,""codeLines"":3746,""commentLines"":1725}]","2024-10-18T09:27:12","17fbbc73b522ca3aeb281f76e825deab677c91af",false,false,false,false,"{""Python"":209517,""C"":204331,""Shell"":2557,""Batchfile"":2510,""Makefile"":1981,""Dockerfile"":683}","bug;enhancement;good first issue;help wanted;packaging;perf;py2","c;c-extension;fast;numpy;python"
"3490557","libgit2/pygit2",false,"2319","6","0","387","Python","master","Other","https://www.pygit2.org/","69","1616","195","8431","2010-11-08T04:27:48","2024-11-05T03:08:27","2024-11-05T03:08:32","661","183","648","3","7234","24205","6886","[{""language"":""TOML"",""blankLines"":8,""codeLines"":30,""commentLines"":0},{""language"":""Text"",""blankLines"":0,""codeLines"":4,""commentLines"":0},{""language"":""Python"",""blankLines"":3607,""codeLines"":8757,""commentLines"":4343},{""language"":""C"",""blankLines"":2109,""codeLines"":10796,""commentLines"":1038},{""language"":""DOS Batch"",""blankLines"":8,""codeLines"":26,""commentLines"":1},{""language"":""Bourne Shell"",""blankLines"":20,""codeLines"":197,""commentLines"":53},{""language"":""reStructuredText"",""blankLines"":742,""codeLines"":864,""commentLines"":773},{""language"":""C/C++ Header"",""blankLines"":389,""codeLines"":1710,""commentLines"":668},{""language"":""INI"",""blankLines"":2,""codeLines"":17,""commentLines"":0},{""language"":""YAML"",""blankLines"":38,""codeLines"":195,""commentLines"":4},{""language"":""Markdown"",""blankLines"":305,""codeLines"":1595,""commentLines"":0},{""language"":""make"",""blankLines"":6,""codeLines"":14,""commentLines"":6}]","2024-11-05T11:26:44","eba710e45bb40e18641c6531394bb46631e7f295",true,false,false,false,"{""Python"":547021,""C"":530906,""Shell"":8012,""Makefile"":139}","bug;change;documentation;feature;help needed;libgit2;packaging;stale;support;tests","git;python"
"3495364","pytables/pytables",false,"5226","16","18","273","Python","master","BSD 3-Clause New or Revised License","http://www.pytables.org","63","1310","109","41025","2011-06-03T07:44:46","2024-11-03T06:51:05","2024-11-03T06:51:08","734","152","466","6","24669","115749","24935","[{""language"":""DOS Batch"",""blankLines"":8,""codeLines"":27,""commentLines"":1},{""language"":""Jupyter Notebook"",""blankLines"":0,""codeLines"":221,""commentLines"":1045},{""language"":""SVG"",""blankLines"":1,""codeLines"":33196,""commentLines"":31},{""language"":""Cython"",""blankLines"":1608,""codeLines"":5508,""commentLines"":1757},{""language"":""C"",""blankLines"":1207,""codeLines"":4260,""commentLines"":1706},{""language"":""Diff"",""blankLines"":21,""codeLines"":170,""commentLines"":52},{""language"":""HTML"",""blankLines"":3,""codeLines"":11,""commentLines"":1},{""language"":""Python"",""blankLines"":16950,""codeLines"":58511,""commentLines"":17899},{""language"":""Bourne Shell"",""blankLines"":76,""codeLines"":498,""commentLines"":135},{""language"":""make"",""blankLines"":19,""codeLines"":61,""commentLines"":15},{""language"":""YAML"",""blankLines"":66,""codeLines"":445,""commentLines"":54},{""language"":""C/C++ Header"",""blankLines"":163,""codeLines"":495,""commentLines"":123},{""language"":""reStructuredText"",""blankLines"":4352,""codeLines"":10392,""commentLines"":2075},{""language"":""Markdown"",""blankLines"":13,""codeLines"":17,""commentLines"":0},{""language"":""TOML"",""blankLines"":25,""codeLines"":147,""commentLines"":30},{""language"":""CMake"",""blankLines"":16,""codeLines"":64,""commentLines"":11},{""language"":""Text"",""blankLines"":141,""codeLines"":1720,""commentLines"":0},{""language"":""TeX"",""blankLines"":0,""codeLines"":6,""commentLines"":0}]","2024-11-03T06:50:17","9c4d7316ad741e5a2091e8d9b25c956004185cc5",true,false,false,false,"{""Python"":3189121,""Cython"":294467,""C"":227112,""Jupyter Notebook"":38180,""Shell"":18244,""CMake"":3186,""Makefile"":2441,""Gnuplot"":2104}","aarch64/arm;ci;defect;dependencies;documentation;duplicate;enhancement;from_trac;github_actions;good first issues;help wanted;in progress;invalid;iteration;osx;osx-arm64;python;python3;setup;strings;task;tests;typing;website;wheel;windows;wontfix",""
"3561792","cellcognition/cecog",false,"2426","18","1","17","Python","master","Other","https://cellcognition-project.org","16","43","8","15369","2011-07-08T02:01:28","2024-06-18T07:52:51","2024-06-18T07:52:49","217","48","13","0","8597","36173","4432","[{""language"":""DOS Batch"",""blankLines"":9,""codeLines"":32,""commentLines"":5},{""language"":""XSD"",""blankLines"":2,""codeLines"":17,""commentLines"":0},{""language"":""Qt"",""blankLines"":0,""codeLines"":771,""commentLines"":0},{""language"":""HTML"",""blankLines"":279,""codeLines"":2008,""commentLines"":1},{""language"":""Python"",""blankLines"":5239,""codeLines"":19047,""commentLines"":2435},{""language"":""CSS"",""blankLines"":18,""codeLines"":83,""commentLines"":0},{""language"":""XML"",""blankLines"":27,""codeLines"":284,""commentLines"":0},{""language"":""SVG"",""blankLines"":1,""codeLines"":200,""commentLines"":1},{""language"":""make"",""blankLines"":5,""codeLines"":27,""commentLines"":7},{""language"":""Text"",""blankLines"":18,""codeLines"":44,""commentLines"":0},{""language"":""C/C++ Header"",""blankLines"":2934,""codeLines"":13384,""commentLines"":1967},{""language"":""C++"",""blankLines"":23,""codeLines"":53,""commentLines"":16},{""language"":""Markdown"",""blankLines"":19,""codeLines"":35,""commentLines"":0},{""language"":""INI"",""blankLines"":23,""codeLines"":188,""commentLines"":0}]","2024-06-18T07:52:44","351c4817cca81cfc56729f08d7d66dbf59cf732f",true,false,false,false,"{""Python"":998816,""C++"":607228,""NSIS"":4401,""Batchfile"":1375,""Makefile"":1088}","bug;dependencies;documentation;easy fix;feature;improvement;mac-built;testing;windows-built",""
"3570937","spacelog/spacelog",false,"1609","13","0","25","Python","main",,"http://spacelog.org","26","191","23","40123","2010-11-29T09:51:45","2024-10-13T04:12:34","2024-10-13T04:03:38","207","44","63","3","2555","14890","2562","[{""language"":""make"",""blankLines"":17,""codeLines"":69,""commentLines"":4},{""language"":""Ruby"",""blankLines"":4,""codeLines"":19,""commentLines"":0},{""language"":""YAML"",""blankLines"":0,""codeLines"":30,""commentLines"":0},{""language"":""Markdown"",""blankLines"":110,""codeLines"":401,""commentLines"":0},{""language"":""SCSS"",""blankLines"":254,""codeLines"":2730,""commentLines"":144},{""language"":""Dockerfile"",""blankLines"":12,""codeLines"":40,""commentLines"":3},{""language"":""Text"",""blankLines"":0,""codeLines"":9,""commentLines"":0},{""language"":""TOML"",""blankLines"":6,""codeLines"":24,""commentLines"":0},{""language"":""Sass"",""blankLines"":254,""codeLines"":2852,""commentLines"":22},{""language"":""SVG"",""blankLines"":0,""codeLines"":147,""commentLines"":0},{""language"":""JavaScript"",""blankLines"":114,""codeLines"":975,""commentLines"":318},{""language"":""XML"",""blankLines"":1,""codeLines"":132,""commentLines"":0},{""language"":""Perl"",""blankLines"":78,""codeLines"":601,""commentLines"":17},{""language"":""HTML"",""blankLines"":151,""codeLines"":1197,""commentLines"":10},{""language"":""Python"",""blankLines"":1554,""codeLines"":5664,""commentLines"":2044}]","2024-10-13T04:03:34","4d3bfefd8aae9e341d379ddd3c2cf8793c8e3e7a",true,false,false,false,"{""Python"":344420,""HTML"":57245,""CSS"":44927,""SCSS"":37545,""JavaScript"":32935,""Perl"":22688,""Makefile"":3242,""Dockerfile"":1247,""Ruby"":597,""Procfile"":104}","breakage;dependencies;design;documentation;minor;next top mission;pending review;responsive;tom stafford;transcription error",""
"3582528","baliga-lab/cmonkey2",false,"1316","6","0","16","Python","master","GNU Lesser General Public License v3.0",,"7","26","7","55264","2011-07-08T11:38:05","2024-04-15T06:54:54","2024-02-12T09:47:02","54","8","26","0","8777","394719","8344","[{""language"":""SVG"",""blankLines"":1,""codeLines"":510,""commentLines"":1},{""language"":""Text"",""blankLines"":0,""codeLines"":60,""commentLines"":0},{""language"":""Python"",""blankLines"":2402,""codeLines"":10608,""commentLines"":2392},{""language"":""CSS"",""blankLines"":125,""codeLines"":2560,""commentLines"":158},{""language"":""HTML"",""blankLines"":111,""codeLines"":772,""commentLines"":17},{""language"":""INI"",""blankLines"":20,""codeLines"":114,""commentLines"":0},{""language"":""CSV"",""blankLines"":0,""codeLines"":23249,""commentLines"":0},{""language"":""JSON"",""blankLines"":0,""codeLines"":127,""commentLines"":0},{""language"":""R"",""blankLines"":36,""codeLines"":280,""commentLines"":80},{""language"":""reStructuredText"",""blankLines"":347,""codeLines"":513,""commentLines"":129},{""language"":""Markdown"",""blankLines"":73,""codeLines"":129,""commentLines"":0},{""language"":""make"",""blankLines"":4,""codeLines"":10,""commentLines"":6},{""language"":""XML"",""blankLines"":0,""codeLines"":26477,""commentLines"":11},{""language"":""JavaScript"",""blankLines"":5618,""codeLines"":29105,""commentLines"":5532},{""language"":""Bourne Shell"",""blankLines"":40,""codeLines"":161,""commentLines"":18},{""language"":""SQL"",""blankLines"":0,""codeLines"":300044,""commentLines"":0}]","2024-04-15T06:53:35","1891433827dbff56f5db628e38dde7981127e6aa",true,false,false,false,"{""Python"":631571,""JavaScript"":389741,""HTML"":46517,""R"":16282,""CSS"":6514,""Shell"":5624}","",""
"3594542","midgetspy/sick-beard",false,"3979","19","4","1507","Python","development","GNU General Public License v3.0","http://code.google.com/p/sickbeard/","182","2887","120","12095","2010-03-16T09:09:33","2024-10-27T04:30:44","2024-10-27T04:30:51","0","0","991","113","18477","88750","18240","[{""language"":""Ruby"",""blankLines"":19,""codeLines"":84,""commentLines"":0},{""language"":""C"",""blankLines"":167,""codeLines"":1925,""commentLines"":237},{""language"":""Qt"",""blankLines"":0,""codeLines"":64,""commentLines"":0},{""language"":""Markdown"",""blankLines"":94,""codeLines"":150,""commentLines"":0},{""language"":""Text"",""blankLines"":121,""codeLines"":554,""commentLines"":0},{""language"":""Python"",""blankLines"":16399,""codeLines"":75299,""commentLines"":17156},{""language"":""CSS"",""blankLines"":981,""codeLines"":6648,""commentLines"":310},{""language"":""Bourne Shell"",""blankLines"":42,""codeLines"":155,""commentLines"":77},{""language"":""YAML"",""blankLines"":2,""codeLines"":11,""commentLines"":1},{""language"":""XML"",""blankLines"":18,""codeLines"":53,""commentLines"":24},{""language"":""JavaScript"",""blankLines"":634,""codeLines"":3807,""commentLines"":435}]","2024-10-27T04:30:44","c36f21f80802eb75ba5e7c4be9fd9d9fff6c023c",true,false,false,false,"{""Python"":4064774,""JavaScript"":171377,""C"":76128,""CSS"":45162,""Shell"":7221,""Ruby"":2461}","",""
"3594603","bikalims/bika.lims",false,"6828","15","14","168","Python","master","Other","http://www.bikalims.org","41","223","25","67183","2011-11-13T11:41:06","2024-10-29T09:08:19","2024-10-29T09:08:22","1441","38","887","5","105983","406182","137630","[{""language"":""COBOL"",""blankLines"":20,""codeLines"":111,""commentLines"":0},{""language"":""CoffeeScript"",""blankLines"":706,""codeLines"":4285,""commentLines"":1151},{""language"":""Properties"",""blankLines"":46,""codeLines"":147,""commentLines"":0},{""language"":""XML"",""blankLines"":3336,""codeLines"":32519,""commentLines"":1269},{""language"":""CSV"",""blankLines"":19,""codeLines"":61741,""commentLines"":0},{""language"":""DOS Batch"",""blankLines"":1,""codeLines"":8,""commentLines"":0},{""language"":""reStructuredText"",""blankLines"":1643,""codeLines"":3270,""commentLines"":54},{""language"":""Bourne Again Shell"",""blankLines"":3,""codeLines"":13,""commentLines"":4},{""language"":""Text"",""blankLines"":322,""codeLines"":2413,""commentLines"":0},{""language"":""Python"",""blankLines"":12108,""codeLines"":107906,""commentLines"":15645},{""language"":""CSS"",""blankLines"":93,""codeLines"":2018,""commentLines"":69},{""language"":""JavaScript"",""blankLines"":1891,""codeLines"":15981,""commentLines"":2379},{""language"":""RobotFramework"",""blankLines"":723,""codeLines"":4000,""commentLines"":627},{""language"":""PO File"",""blankLines"":85064,""codeLines"":171727,""commentLines"":116422},{""language"":""Markdown"",""blankLines"":8,""codeLines"":11,""commentLines"":0},{""language"":""YAML"",""blankLines"":0,""codeLines"":32,""commentLines"":10}]","2024-10-29T09:08:18","0e80e79807c9ca8fa901c1f677092aaa2077233e",true,false,false,false,"{""Python"":5054784,""JavaScript"":455675,""RobotFramework"":238331,""CoffeeScript"":219563,""CSS"":44113,""COBOL"":4893,""Shell"":3386,""Batchfile"":403}","lost;not ready;target: develop;target: master;target: support;tests: missing;tests: not required;type: bug;type: enhancement;type: feature;type: refactor;type: regression",""
"3598391","textmate/latex.tmbundle",false,"1526","2","10","66","Python","master",,,"18","97","33","6281","2009-06-09T06:35:33","2024-01-07T05:59:18","2024-01-06T07:44:34","144","24","55","0","2437","16766","4058","[{""language"":""Text"",""blankLines"":91,""codeLines"":3138,""commentLines"":0},{""language"":""C"",""blankLines"":29,""codeLines"":167,""commentLines"":27},{""language"":""Python"",""blankLines"":738,""codeLines"":1486,""commentLines"":1289},{""language"":""CSS"",""blankLines"":19,""codeLines"":140,""commentLines"":0},{""language"":""INI"",""blankLines"":3,""codeLines"":22,""commentLines"":0},{""language"":""Perl"",""blankLines"":650,""codeLines"":1465,""commentLines"":963},{""language"":""make"",""blankLines"":20,""codeLines"":38,""commentLines"":38},{""language"":""YAML"",""blankLines"":27,""codeLines"":167,""commentLines"":52},{""language"":""TeX"",""blankLines"":425,""codeLines"":992,""commentLines"":84},{""language"":""Bourne Shell"",""blankLines"":28,""codeLines"":130,""commentLines"":28},{""language"":""Markdown"",""blankLines"":19,""codeLines"":32,""commentLines"":0},{""language"":""JavaScript"",""blankLines"":18,""codeLines"":88,""commentLines"":12},{""language"":""XML"",""blankLines"":129,""codeLines"":7783,""commentLines"":0},{""language"":""Ruby"",""blankLines"":241,""codeLines"":1118,""commentLines"":1565}]","2024-01-07T05:39:23","90d3383ff86b7f4495e33c7c5240dde7308376ee",true,false,false,false,"{""Python"":125639,""Perl"":105978,""Ruby"":90613,""TeX"":66232,""C"":6928,""Shell"":6510,""JavaScript"":3521,""Makefile"":3259,""CSS"":2350,""Raku"":1015,""AppleScript"":895}","bug;command;duplicate;enhancement;feature;grammar;question;template;textmate issue;won’t fix",""
"3608884","ninja-ide/ninja-ide",false,"3224","4","1","256","Python","develop","GNU General Public License v3.0","http://ninja-ide.org","74","924","68","13340","2011-10-25T03:20:04","2024-02-26T09:46:46","2024-02-26T09:46:51","1102","191","1041","4","6991","59824","9780","[{""language"":""Text"",""blankLines"":0,""codeLines"":3,""commentLines"":0},{""language"":""Python"",""blankLines"":6489,""codeLines"":48602,""commentLines"":9690},{""language"":""JSON"",""blankLines"":14,""codeLines"":4879,""commentLines"":0},{""language"":""DOS Batch"",""blankLines"":0,""codeLines"":1,""commentLines"":0},{""language"":""Qt Linguist"",""blankLines"":1,""codeLines"":2732,""commentLines"":0},{""language"":""Markdown"",""blankLines"":37,""codeLines"":99,""commentLines"":0},{""language"":""QML"",""blankLines"":439,""codeLines"":3462,""commentLines"":90},{""language"":""make"",""blankLines"":8,""codeLines"":19,""commentLines"":0},{""language"":""YAML"",""blankLines"":3,""codeLines"":27,""commentLines"":0}]","2024-02-26T09:46:45","b62dd64b246c522a776cfc20c0e2c0c2215376b4",true,false,false,false,"{""Python"":2927106,""QML"":112913,""NSIS"":3404,""Shell"":1450,""Makefile"":499,""Batchfile"":14}","duplicate;editor;epic;good first issue;linux specific;mac specific;need information;plugins;priority: high;priority: highest;priority: low;priority: lowest;priority: medium;type: bug;type: chore;type: feature;type: refactor;type: test;windows specific","editor;ide;ninja-ide;pyqt5;python"
"3614545","dimagi/logistics",false,"9754","50","0","13","Python","main",,,"34","14","28","29316","2011-02-07T02:21:48","2024-02-02T02:43:48","2023-12-06T07:20:43","1","0","383","0","7114","55212","6153","[{""language"":""Text"",""blankLines"":17,""codeLines"":183,""commentLines"":0},{""language"":""Python"",""blankLines"":4979,""codeLines"":21081,""commentLines"":4221},{""language"":""CSS"",""blankLines"":391,""codeLines"":1933,""commentLines"":462},{""language"":""HTML"",""blankLines"":252,""codeLines"":3434,""commentLines"":17},{""language"":""CSV"",""blankLines"":0,""codeLines"":223,""commentLines"":0},{""language"":""JSON"",""blankLines"":0,""codeLines"":21248,""commentLines"":0},{""language"":""reStructuredText"",""blankLines"":114,""codeLines"":240,""commentLines"":27},{""language"":""DOS Batch"",""blankLines"":8,""codeLines"":26,""commentLines"":1},{""language"":""YAML"",""blankLines"":1,""codeLines"":77,""commentLines"":1},{""language"":""Markdown"",""blankLines"":337,""codeLines"":721,""commentLines"":0},{""language"":""make"",""blankLines"":4,""codeLines"":9,""commentLines"":7},{""language"":""JavaScript"",""blankLines"":639,""codeLines"":4264,""commentLines"":1010},{""language"":""PO File"",""blankLines"":181,""codeLines"":433,""commentLines"":119},{""language"":""SQL"",""blankLines"":191,""codeLines"":1340,""commentLines"":288}]","2024-02-02T02:43:43","2fe523414ef5fc9016758aee90673e8a44d3086c",true,false,false,false,"{""Python"":1186017,""JavaScript"":217669,""HTML"":132220,""CSS"":61537}","don't merge",""
"3618138","aosp-mirror/tools_repo",false,"1906","5","0","146","Python","main","Apache License 2.0",,"26","197","176","3703","2008-10-21T06:21:14","2024-11-06T05:02:24","2024-11-06T04:36:29","0","0","4","0","4645","18095","8701","[{""language"":""Bourne Shell"",""blankLines"":18,""codeLines"":92,""commentLines"":66},{""language"":""INI"",""blankLines"":6,""codeLines"":57,""commentLines"":0},{""language"":""Markdown"",""blankLines"":458,""codeLines"":1442,""commentLines"":0},{""language"":""Text"",""blankLines"":0,""codeLines"":1,""commentLines"":0},{""language"":""Python"",""blankLines"":4123,""codeLines"":16267,""commentLines"":8574},{""language"":""TOML"",""blankLines"":1,""codeLines"":3,""commentLines"":14},{""language"":""Bourne Again Shell"",""blankLines"":20,""codeLines"":98,""commentLines"":38},{""language"":""YAML"",""blankLines"":10,""codeLines"":58,""commentLines"":9},{""language"":""JSON"",""blankLines"":8,""codeLines"":51,""commentLines"":0},{""language"":""XML"",""blankLines"":1,""codeLines"":26,""commentLines"":0}]","2024-11-06T04:33:17","ab2d3211043e2cb42a55f56e5abf69d23103c105",false,true,false,false,"{""Python"":993884,""Shell"":9671}","",""
"3626679","diefenbach/django-lfs",false,"2497","6","0","221","Python","master","BSD 3-Clause New or Revised License","http://www.getlfs.com","52","605","21","22636","2011-12-21T04:57:58","2024-01-16T06:00:25","2024-01-11T08:16:37","110","24","120","9","41266","194326","44917","[{""language"":""reStructuredText"",""blankLines"":2639,""codeLines"":4614,""commentLines"":1064},{""language"":""HTML"",""blankLines"":1385,""codeLines"":15010,""commentLines"":18},{""language"":""Text"",""blankLines"":246,""codeLines"":1354,""commentLines"":0},{""language"":""Python"",""blankLines"":7762,""codeLines"":28578,""commentLines"":5681},{""language"":""CSS"",""blankLines"":1518,""codeLines"":40046,""commentLines"":2409},{""language"":""Markdown"",""blankLines"":6,""codeLines"":55,""commentLines"":0},{""language"":""JSON"",""blankLines"":0,""codeLines"":1074,""commentLines"":0},{""language"":""make"",""blankLines"":16,""codeLines"":74,""commentLines"":4},{""language"":""XML"",""blankLines"":2,""codeLines"":5375,""commentLines"":3},{""language"":""JavaScript"",""blankLines"":16431,""codeLines"":75339,""commentLines"":12434},{""language"":""PO File"",""blankLines"":11261,""codeLines"":22807,""commentLines"":23304}]","2024-01-16T05:59:35","3e6e96ec223a8184ae84fdeabd984745ea29e27f",false,false,false,false,"{""Python"":1457098,""HTML"":616262,""JavaScript"":591609,""CSS"":96584}","dependencies","django;ecommerce;online-shop;python"
"3629821","walterdejong/synctool",false,"1941","2","0","20","Python","main","GNU General Public License v2.0","http://www.heiho.net/synctool","7","72","5","3683","2010-12-22T08:31:47","2024-08-30T01:09:38","2024-08-30T01:02:35","37","0","20","0","4060","10420","2662","[{""language"":""Python"",""blankLines"":3199,""codeLines"":7069,""commentLines"":2358},{""language"":""CSS"",""blankLines"":28,""codeLines"":116,""commentLines"":15},{""language"":""Bourne Shell"",""blankLines"":164,""codeLines"":747,""commentLines"":117},{""language"":""HTML"",""blankLines"":7,""codeLines"":34,""commentLines"":0},{""language"":""make"",""blankLines"":8,""codeLines"":33,""commentLines"":0},{""language"":""Bourne Again Shell"",""blankLines"":87,""codeLines"":493,""commentLines"":97},{""language"":""Perl"",""blankLines"":87,""codeLines"":316,""commentLines"":73},{""language"":""YAML"",""blankLines"":21,""codeLines"":114,""commentLines"":2},{""language"":""Markdown"",""blankLines"":438,""codeLines"":1302,""commentLines"":0},{""language"":""JSON"",""blankLines"":21,""codeLines"":196,""commentLines"":0}]","2024-08-30T01:02:28","18c59fdbd48143b100a012c27dfb9641445ca3ce",true,false,false,false,"{""Python"":365717,""Shell"":42547,""Perl"":12627,""Makefile"":1516}","bug;documentation;feature request",""
"3641143","chapmanb/bcbb",false,"1488","3","0","244","Python","master",,"http://bcbio.wordpress.com","59","587","24","83211","2008-12-09T09:05:22","2024-01-29T01:59:57","2024-01-12T12:46:10","77","18","65","0","6513","54148","6191","[{""language"":""YAML"",""blankLines"":15,""codeLines"":619,""commentLines"":71},{""language"":""SCSS"",""blankLines"":138,""codeLines"":343,""commentLines"":132},{""language"":""SQL"",""blankLines"":6,""codeLines"":46,""commentLines"":18},{""language"":""Jupyter Notebook"",""blankLines"":0,""codeLines"":0,""commentLines"":204},{""language"":""reStructuredText"",""blankLines"":178,""codeLines"":530,""commentLines"":55},{""language"":""Bourne Shell"",""blankLines"":6,""codeLines"":34,""commentLines"":20},{""language"":""Markdown"",""blankLines"":600,""codeLines"":2710,""commentLines"":0},{""language"":""JavaScript"",""blankLines"":714,""codeLines"":1800,""commentLines"":744},{""language"":""CSV"",""blankLines"":0,""codeLines"":468,""commentLines"":0},{""language"":""make"",""blankLines"":27,""codeLines"":142,""commentLines"":5},{""language"":""Text"",""blankLines"":33,""codeLines"":698,""commentLines"":0},{""language"":""TeX"",""blankLines"":531,""codeLines"":3823,""commentLines"":530},{""language"":""INI"",""blankLines"":4,""codeLines"":24,""commentLines"":0},{""language"":""Clojure"",""blankLines"":37,""codeLines"":230,""commentLines"":3},{""language"":""Sass"",""blankLines"":138,""codeLines"":408,""commentLines"":67},{""language"":""SVG"",""blankLines"":18,""codeLines"":16833,""commentLines"":18},{""language"":""XML"",""blankLines"":18,""codeLines"":1502,""commentLines"":0},{""language"":""R"",""blankLines"":50,""codeLines"":270,""commentLines"":39},{""language"":""Python"",""blankLines"":2412,""codeLines"":15748,""commentLines"":3936},{""language"":""CSS"",""blankLines"":475,""codeLines"":2386,""commentLines"":345},{""language"":""HTML"",""blankLines"":1113,""codeLines"":5534,""commentLines"":4}]","2024-01-29T01:59:34","9c6d83ee3f0491f647a9ecd5947b13c99b478f26",false,false,false,false,"{""Python"":850664,""HTML"":248867,""TeX"":142313,""CSS"":90068,""JavaScript"":88232,""SCSS"":16872,""R"":14547,""Clojure"":9818,""Makefile"":6313,""Jupyter Notebook"":5429,""Shell"":2356}","",""
"3643539","agateau/yokadi",false,"1210","33","3","19","Python","master","GNU General Public License v3.0","http://yokadi.github.io","13","130","12","1946","2008-06-07T07:24:12","2024-11-06T08:13:03","2024-11-06T08:13:08","13","4","56","0","1926","6717","1422","[{""language"":""Bourne Again Shell"",""blankLines"":6,""codeLines"":15,""commentLines"":0},{""language"":""SVG"",""blankLines"":1,""codeLines"":446,""commentLines"":1},{""language"":""INI"",""blankLines"":0,""codeLines"":8,""commentLines"":0},{""language"":""Text"",""blankLines"":0,""codeLines"":10,""commentLines"":0},{""language"":""Python"",""blankLines"":1571,""codeLines"":5418,""commentLines"":1408},{""language"":""Vim Script"",""blankLines"":6,""codeLines"":18,""commentLines"":4},{""language"":""Bourne Shell"",""blankLines"":19,""codeLines"":60,""commentLines"":2},{""language"":""YAML"",""blankLines"":14,""codeLines"":85,""commentLines"":2},{""language"":""Markdown"",""blankLines"":309,""codeLines"":657,""commentLines"":5}]","2024-11-06T08:13:03","a26d2c7fc6f55d5b9c500cff8b390198c1f55c57",true,false,false,false,"{""Python"":278928,""Shell"":2011,""Vim Script"":908}","","commandline;gtd;python;sqlite;todo"
"3648777","jfisteus/eyegrade",false,"1077","15","4","14","Python","development","GNU General Public License v3.0","https://www.eyegrade.org/","9","49","5","41193","2011-09-19T04:15:34","2024-11-07T04:27:25","2024-11-07T04:27:29","162","27","3","0","3569","25693","2985","[{""language"":""CSV"",""blankLines"":0,""codeLines"":10,""commentLines"":0},{""language"":""XML"",""blankLines"":45,""codeLines"":641,""commentLines"":21},{""language"":""Bourne Shell"",""blankLines"":6,""codeLines"":33,""commentLines"":0},{""language"":""reStructuredText"",""blankLines"":463,""codeLines"":1522,""commentLines"":88},{""language"":""SVG"",""blankLines"":28,""codeLines"":2748,""commentLines"":28},{""language"":""PO File"",""blankLines"":668,""codeLines"":1710,""commentLines"":731},{""language"":""Python"",""blankLines"":2205,""codeLines"":13003,""commentLines"":2076},{""language"":""CSS"",""blankLines"":103,""codeLines"":327,""commentLines"":41},{""language"":""JSON"",""blankLines"":0,""codeLines"":18,""commentLines"":0},{""language"":""Qt Linguist"",""blankLines"":2,""codeLines"":5327,""commentLines"":0},{""language"":""Ruby"",""blankLines"":10,""codeLines"":55,""commentLines"":0},{""language"":""TOML"",""blankLines"":0,""codeLines"":3,""commentLines"":0},{""language"":""Text"",""blankLines"":0,""codeLines"":137,""commentLines"":0},{""language"":""YAML"",""blankLines"":4,""codeLines"":33,""commentLines"":0},{""language"":""TeX"",""blankLines"":22,""codeLines"":67,""commentLines"":0},{""language"":""Markdown"",""blankLines"":13,""codeLines"":59,""commentLines"":0}]","2024-11-07T04:26:34","1ba364dd8c0c3d5e7dd47da24d349b515292882c",true,false,false,false,"{""Python"":622733,""NSIS"":7443,""Ruby"":1011,""Shell"":905}","bug;documentation;easy;important;in-progress;irreproducible;long-term;on-hold;question;severe;todo;translations;wishlist;www",""
"3655492","uploadcare/pyuploadcare",false,"1121","3","40","31","Python","main","MIT License","https://uploadcare.com/","15","126","23","3505","2011-08-13T09:16:31","2024-09-24T01:32:04","2024-09-24T01:30:38","57","2","242","0","3253","18823","1370","[{""language"":""INI"",""blankLines"":3,""codeLines"":14,""commentLines"":0},{""language"":""JavaScript"",""blankLines"":0,""codeLines"":81,""commentLines"":35},{""language"":""make"",""blankLines"":41,""codeLines"":177,""commentLines"":7},{""language"":""YAML"",""blankLines"":217,""codeLines"":9882,""commentLines"":8},{""language"":""reStructuredText"",""blankLines"":395,""codeLines"":510,""commentLines"":275},{""language"":""Markdown"",""blankLines"":281,""codeLines"":616,""commentLines"":0},{""language"":""HTML"",""blankLines"":8,""codeLines"":40,""commentLines"":0},{""language"":""Python"",""blankLines"":2300,""codeLines"":7419,""commentLines"":1045},{""language"":""CSS"",""blankLines"":0,""codeLines"":3,""commentLines"":0},{""language"":""TOML"",""blankLines"":8,""codeLines"":81,""commentLines"":0}]","2024-09-24T01:30:34","1a1b08a5837d030e8a2a0b845fcc216d28a50acf",false,false,false,false,"{""Python"":315663,""Makefile"":1868,""HTML"":1324}","api;cdn;enhancement;in progress;issue;need-mode-info;widget;won't fix","cdn;file-system;file-upload;image-manipulation;image-processing;python;upload;uploader"
"3658913","hyperion-rt/hyperion",false,"1696","15","1","26","Python","main","BSD 2-Clause Simplified License","http://www.hyperion-rt.org","12","52","9","16925","2011-03-05T04:43:44","2024-10-18T09:26:33","2024-10-18T09:25:30","136","68","114","2","13655","43853","12392","[{""language"":""Bourne Shell"",""blankLines"":388,""codeLines"":2490,""commentLines"":388},{""language"":""C/C++ Header"",""blankLines"":139,""codeLines"":1667,""commentLines"":1861},{""language"":""reStructuredText"",""blankLines"":1892,""codeLines"":3557,""commentLines"":1374},{""language"":""INI"",""blankLines"":1,""codeLines"":32,""commentLines"":0},{""language"":""YAML"",""blankLines"":17,""codeLines"":102,""commentLines"":6},{""language"":""Markdown"",""blankLines"":67,""codeLines"":151,""commentLines"":0},{""language"":""make"",""blankLines"":15,""codeLines"":70,""commentLines"":4},{""language"":""TOML"",""blankLines"":2,""codeLines"":9,""commentLines"":0},{""language"":""C++"",""blankLines"":556,""codeLines"":4326,""commentLines"":1668},{""language"":""Text"",""blankLines"":0,""codeLines"":195,""commentLines"":0},{""language"":""Fortran 90"",""blankLines"":4096,""codeLines"":13651,""commentLines"":1978},{""language"":""Python"",""blankLines"":6162,""codeLines"":16248,""commentLines"":4945},{""language"":""CSS"",""blankLines"":1,""codeLines"":5,""commentLines"":0},{""language"":""M4"",""blankLines"":24,""codeLines"":203,""commentLines"":0},{""language"":""C"",""blankLines"":295,""codeLines"":1147,""commentLines"":168}]","2024-10-18T09:25:24","283747a9513ea24d10c60807ca147419b54be085",true,false,false,false,"{""Python"":886456,""Fortran"":566390,""C++"":424956,""C"":52169,""Makefile"":8813,""M4"":6731}","bug report;feature request;large feature;low priority;upstream-fix-required",""
"3662429","robertluptonthegood/eups",false,"2017","30","0","19","Python","master",,,"12","19","21","6338","2011-12-29T07:26:22","2024-08-22T09:39:27","2024-08-22T09:39:28","51","20","104","2","6267","24105","8444","[{""language"":""Text"",""blankLines"":69,""codeLines"":309,""commentLines"":0},{""language"":""Python"",""blankLines"":4866,""codeLines"":17088,""commentLines"":7225},{""language"":""M4"",""blankLines"":32,""codeLines"":263,""commentLines"":100},{""language"":""Bourne Shell"",""blankLines"":618,""codeLines"":3340,""commentLines"":822},{""language"":""C Shell"",""blankLines"":3,""codeLines"":4,""commentLines"":4},{""language"":""make"",""blankLines"":36,""codeLines"":132,""commentLines"":10},{""language"":""YAML"",""blankLines"":6,""codeLines"":48,""commentLines"":0},{""language"":""Perl"",""blankLines"":25,""codeLines"":83,""commentLines"":24},{""language"":""Markdown"",""blankLines"":1,""codeLines"":8,""commentLines"":0},{""language"":""TeX"",""blankLines"":465,""codeLines"":2277,""commentLines"":38},{""language"":""Lisp"",""blankLines"":10,""codeLines"":33,""commentLines"":35},{""language"":""Properties"",""blankLines"":6,""codeLines"":3,""commentLines"":16},{""language"":""Bourne Again Shell"",""blankLines"":130,""codeLines"":517,""commentLines"":170}]","2024-08-22T09:39:21","5e192f08d8d645972aa492e0e4e9711e69f46e52",true,false,false,false,"{""Python"":1174816,""Shell"":87463,""M4"":15067,""Makefile"":7280,""Perl"":3585,""Emacs Lisp"":2666}","",""
"3663348","zenoss/zenpacks.zenoss.openstackinfrastructure",false,"1736","13","1","17","Python","develop","GNU General Public License v2.0",,"96","37","32","23300","2011-05-25T10:18:22","2024-08-05T07:38:25","2024-08-05T07:38:01","21","9","543","0","6202","37630","4351","[{""language"":""Bourne Shell"",""blankLines"":95,""codeLines"":225,""commentLines"":73},{""language"":""XML"",""blankLines"":35,""codeLines"":6566,""commentLines"":26},{""language"":""JavaScript"",""blankLines"":28,""codeLines"":400,""commentLines"":12},{""language"":""make"",""blankLines"":18,""codeLines"":61,""commentLines"":17},{""language"":""Bourne Again Shell"",""blankLines"":4,""codeLines"":9,""commentLines"":8},{""language"":""YAML"",""blankLines"":106,""codeLines"":3421,""commentLines"":109},{""language"":""Markdown"",""blankLines"":626,""codeLines"":2196,""commentLines"":0},{""language"":""JSON"",""blankLines"":1,""codeLines"":6090,""commentLines"":0},{""language"":""Text"",""blankLines"":203,""codeLines"":696,""commentLines"":0},{""language"":""HTML"",""blankLines"":0,""codeLines"":53,""commentLines"":0},{""language"":""Python"",""blankLines"":5086,""codeLines"":17913,""commentLines"":4106}]","2024-08-05T07:37:19","321de1a96d7738c9e65f725b3b881f55530a50a4",true,false,false,false,"{""Python"":1058760,""Shell"":19066,""JavaScript"":16790,""Makefile"":1988}","bug;enhancement;provider;sloc:solutions",""
"3665153","mzmcbride/database-reports",false,"1017","3","0","14","Python","main","Other","https://en.wikipedia.org/wiki/Wikipedia:Database_reports","18","34","16","1367","2009-02-01T08:04:31","2024-09-30T04:18:09","2024-09-30T04:18:11","7","2","135","1","1831","8855","3572","[{""language"":""Bourne Shell"",""blankLines"":0,""codeLines"":10,""commentLines"":0},{""language"":""Rust"",""blankLines"":895,""codeLines"":5349,""commentLines"":953},{""language"":""TOML"",""blankLines"":2,""codeLines"":27,""commentLines"":1},{""language"":""Text"",""blankLines"":0,""codeLines"":870,""commentLines"":0},{""language"":""YAML"",""blankLines"":6,""codeLines"":66,""commentLines"":4},{""language"":""Python"",""blankLines"":911,""codeLines"":2486,""commentLines"":2614},{""language"":""Markdown"",""blankLines"":17,""codeLines"":47,""commentLines"":0}]","2024-09-30T04:18:07","f1c43652ca15263617c477218a318005ffe8839f",true,false,false,false,"{""Python"":202770,""Rust"":193169,""Shell"":389}","dependencies;github_actions;rust",""
"3667355","koalixswitzerland/koalixcrm",false,"1134","9","3","216","Python","master","BSD 3-Clause New or Revised License","www.koalix.org","53","510","8","9700","2011-03-01T09:51:31","2024-06-26T07:25:16","2024-06-27T09:24:30","199","49","162","3","5213","34271","3345","[{""language"":""Text"",""blankLines"":0,""codeLines"":22,""commentLines"":0},{""language"":""Python"",""blankLines"":2804,""codeLines"":19996,""commentLines"":1366},{""language"":""HTML"",""blankLines"":46,""codeLines"":602,""commentLines"":133},{""language"":""INI"",""blankLines"":0,""codeLines"":6,""commentLines"":0},{""language"":""Bourne Shell"",""blankLines"":12,""codeLines"":32,""commentLines"":12},{""language"":""YAML"",""blankLines"":19,""codeLines"":69,""commentLines"":6},{""language"":""Markdown"",""blankLines"":71,""codeLines"":189,""commentLines"":0},{""language"":""PO File"",""blankLines"":1956,""codeLines"":2647,""commentLines"":1643},{""language"":""XSLT"",""blankLines"":5,""codeLines"":8278,""commentLines"":15},{""language"":""SVG"",""blankLines"":4,""codeLines"":1739,""commentLines"":4},{""language"":""make"",""blankLines"":15,""codeLines"":70,""commentLines"":4},{""language"":""XML"",""blankLines"":36,""codeLines"":43,""commentLines"":87},{""language"":""JSON"",""blankLines"":1,""codeLines"":9,""commentLines"":0},{""language"":""Dockerfile"",""blankLines"":10,""codeLines"":13,""commentLines"":2},{""language"":""reStructuredText"",""blankLines"":234,""codeLines"":556,""commentLines"":73}]","2024-05-01T06:51:16","028b5c45173cd54f4a5a7bcf9d319e58e391750d",true,false,false,false,"{""Python"":1045008,""XSLT"":607266,""HTML"":30397,""Shell"":1965,""Dockerfile"":235}","blocker;bug;critical;dependencies;feature;good first issue;help wanted;improvement;major;minor;question","accounting-software;crm-system;django;python;xslt"
"3669296","clalancette/oz",false,"1227","4","2","129","Python","master","GNU Lesser General Public License v2.1",,"23","309","55","3333","2010-11-03T07:13:32","2024-10-17T11:35:04","2024-10-17T11:35:08","120","33","196","10","1954","10806","3394","[{""language"":""XML"",""blankLines"":15,""codeLines"":2287,""commentLines"":2},{""language"":""Bourne Shell"",""blankLines"":8,""codeLines"":21,""commentLines"":3},{""language"":""DOS Batch"",""blankLines"":0,""codeLines"":1,""commentLines"":0},{""language"":""Text"",""blankLines"":0,""codeLines"":5,""commentLines"":0},{""language"":""Python"",""blankLines"":1901,""codeLines"":7759,""commentLines"":3363},{""language"":""Containerfile"",""blankLines"":4,""codeLines"":21,""commentLines"":7},{""language"":""make"",""blankLines"":23,""codeLines"":62,""commentLines"":0},{""language"":""Perl"",""blankLines"":1,""codeLines"":614,""commentLines"":16},{""language"":""YAML"",""blankLines"":2,""codeLines"":36,""commentLines"":3}]","2024-10-17T11:35:03","60c4a41a259ec7b1a39b4509b9ffda01c5d0c3b8",true,false,false,false,"{""Python"":529943,""Perl"":52517,""Makefile"":2659,""Batchfile"":40}","","python;virtualization"
"3670713","malthe/chameleon",false,"1017","7","13","65","Python","master","Other","https://chameleon.readthedocs.io","15","174","53","2414","2011-02-20T11:56:49","2024-04-19T01:54:38","2024-04-07T12:22:38","258","18","167","0","3766","11902","2089","[{""language"":""make"",""blankLines"":15,""codeLines"":70,""commentLines"":4},{""language"":""YAML"",""blankLines"":6,""codeLines"":81,""commentLines"":13},{""language"":""XML"",""blankLines"":148,""codeLines"":2470,""commentLines"":43},{""language"":""reStructuredText"",""blankLines"":1317,""codeLines"":2502,""commentLines"":268},{""language"":""HTML"",""blankLines"":0,""codeLines"":32,""commentLines"":0},{""language"":""INI"",""blankLines"":17,""codeLines"":159,""commentLines"":0},{""language"":""Text"",""blankLines"":38,""codeLines"":158,""commentLines"":0},{""language"":""Python"",""blankLines"":2216,""codeLines"":6362,""commentLines"":1757},{""language"":""TOML"",""blankLines"":9,""codeLines"":68,""commentLines"":4}]","2024-04-19T01:54:35","da3cc82f12948d43d7c23daf00529c5405392b9a",false,false,false,false,"{""Python"":299670,""Makefile"":3135,""HTML"":918}","bug;cantfix;core;duplicate;feature;five.pt;needsdoc;notsure;release;tooling;wontfix;z3c.pt",""
"3671727","matthiask/plata",false,"1469","2","0","63","Python","main","BSD 3-Clause New or Revised License","https://plata-django-shop.readthedocs.io/","17","199","27","2882","2010-04-20T09:35:17","2024-10-02T06:29:20","2024-10-02T10:28:48","60","15","30","0","4381","13993","3198","[{""language"":""PO File"",""blankLines"":1399,""codeLines"":3314,""commentLines"":1717},{""language"":""Python"",""blankLines"":2365,""codeLines"":8471,""commentLines"":1432},{""language"":""INI"",""blankLines"":4,""codeLines"":57,""commentLines"":0},{""language"":""Text"",""blankLines"":399,""codeLines"":978,""commentLines"":0},{""language"":""HTML"",""blankLines"":147,""codeLines"":765,""commentLines"":8},{""language"":""TOML"",""blankLines"":5,""codeLines"":97,""commentLines"":21},{""language"":""make"",""blankLines"":15,""codeLines"":69,""commentLines"":4},{""language"":""reStructuredText"",""blankLines"":17,""codeLines"":55,""commentLines"":12},{""language"":""YAML"",""blankLines"":7,""codeLines"":84,""commentLines"":2},{""language"":""Bourne Shell"",""blankLines"":23,""codeLines"":103,""commentLines"":2}]","2024-10-02T06:26:17","f263bb9e2c987eed27b7a5e1ba13bc94336de08b",true,false,false,false,"{""Python"":340910,""HTML"":27224,""Shell"":115}","documentation;enhancement;feature;major bug;minor bug",""
"3675346","mnot/redbot",false,"2259","5","15","51","Python","main","Other","https://redbot.org/","22","530","24","18567","2009-04-16T09:45:53","2024-07-31T12:36:41","2024-07-31T05:14:44","243","22","77","4","1226","8449","676","[{""language"":""Text"",""blankLines"":69,""codeLines"":146,""commentLines"":0},{""language"":""Python"",""blankLines"":686,""codeLines"":3494,""commentLines"":579},{""language"":""CSS"",""blankLines"":69,""codeLines"":385,""commentLines"":16},{""language"":""HTML"",""blankLines"":31,""codeLines"":273,""commentLines"":0},{""language"":""INI"",""blankLines"":6,""codeLines"":22,""commentLines"":0},{""language"":""TOML"",""blankLines"":14,""codeLines"":88,""commentLines"":0},{""language"":""XML"",""blankLines"":4,""codeLines"":2164,""commentLines"":0},{""language"":""JSON"",""blankLines"":0,""codeLines"":7,""commentLines"":0},{""language"":""SCSS"",""blankLines"":77,""codeLines"":504,""commentLines"":15},{""language"":""Dockerfile"",""blankLines"":5,""codeLines"":21,""commentLines"":5},{""language"":""YAML"",""blankLines"":35,""codeLines"":212,""commentLines"":33},{""language"":""make"",""blankLines"":27,""codeLines"":53,""commentLines"":8},{""language"":""Sass"",""blankLines"":71,""codeLines"":477,""commentLines"":3},{""language"":""SVG"",""blankLines"":0,""codeLines"":5,""commentLines"":0},{""language"":""JavaScript"",""blankLines"":44,""codeLines"":442,""commentLines"":17},{""language"":""Markdown"",""blankLines"":88,""codeLines"":156,""commentLines"":0}]","2024-07-31T12:36:33","3d36f8664e6628aad82c206d49e2b92d98151add",false,false,false,false,"{""Python"":163263,""JavaScript"":14015,""HTML"":13713,""SCSS"":10474,""CSS"":9452,""Makefile"":2479,""Dockerfile"":822}","bug;dependencies;enhancement;github_actions;infrastructure;message;python;task;ui","http;lint;linter;protocol-analyser;python"
"3677045","migasfree/migasfree",false,"3320","1","25","7","Python","master","GNU General Public License v3.0","http://migasfree.org","12","32","6","9487","2010-04-19T07:25:12","2024-01-23T07:34:57","2023-09-24T10:28:59","299","6","6","0","7744","33383","6753","[{""language"":""SVG"",""blankLines"":1,""codeLines"":469,""commentLines"":2},{""language"":""Text"",""blankLines"":2,""codeLines"":45,""commentLines"":0},{""language"":""Python"",""blankLines"":3986,""codeLines"":19462,""commentLines"":923},{""language"":""CSS"",""blankLines"":210,""codeLines"":1922,""commentLines"":82},{""language"":""PO File"",""blankLines"":2784,""codeLines"":4521,""commentLines"":5552},{""language"":""HTML"",""blankLines"":656,""codeLines"":5319,""commentLines"":13},{""language"":""Markdown"",""blankLines"":34,""codeLines"":58,""commentLines"":0},{""language"":""JSON"",""blankLines"":0,""codeLines"":355,""commentLines"":0},{""language"":""JavaScript"",""blankLines"":71,""codeLines"":1232,""commentLines"":181}]","2024-01-23T07:34:43","67ad8d893a0501870428d69908c40424b3b210e6",true,false,false,false,"{""Python"":816171,""HTML"":243143,""JavaScript"":31513,""CSS"":18151}","bugfix;invalid;new feature;refactoring","deployments;desktop;django;inventory"
"3678040","aspp/pelita",false,"3280","9","12","68","Python","main","Other","https://github.com/ASPP/pelita_template","8","63","23","13530","2011-05-12T12:52:12","2024-10-14T03:38:01","2024-10-14T03:37:26","393","66","446","9","2719","8973","4681","[{""language"":""TOML"",""blankLines"":6,""codeLines"":56,""commentLines"":1},{""language"":""Bourne Shell"",""blankLines"":19,""codeLines"":72,""commentLines"":17},{""language"":""reStructuredText"",""blankLines"":25,""codeLines"":40,""commentLines"":22},{""language"":""Python"",""blankLines"":2587,""codeLines"":8468,""commentLines"":4623},{""language"":""CSS"",""blankLines"":1,""codeLines"":0,""commentLines"":0},{""language"":""make"",""blankLines"":4,""codeLines"":9,""commentLines"":7},{""language"":""Text"",""blankLines"":0,""codeLines"":8,""commentLines"":0},{""language"":""YAML"",""blankLines"":20,""codeLines"":212,""commentLines"":11},{""language"":""Markdown"",""blankLines"":57,""codeLines"":108,""commentLines"":0}]","2024-10-14T03:37:22","7226bfa6ea87d4fb52ffd3c47b1ea40a33543409",true,false,false,false,"{""Python"":547729,""Shell"":3540}","api;bug;discussion;docs;gameplay/rules;good first issue;gui;hall of shame;low-hanging fruit;meta;needs a test;needs docs in pelita_template;needs review;network;nice to have;not a bug;out of scope;pelita internals;should have;sprint;todo;tooling/build;tournament;wip – do not merge;wontfix","educational-game;hacktoberfest;python"
"3680638","voteit/voteit.core",false,"2766","10","1","9","Python","master","Other","voteit.se","13","45","7","5385","2011-05-03T06:33:28","2024-07-08T02:04:38","2024-07-08T02:05:19","367","35","4","1","7902","33719","9028","[{""language"":""Bourne Shell"",""blankLines"":8,""codeLines"":33,""commentLines"":11},{""language"":""reStructuredText"",""blankLines"":605,""codeLines"":762,""commentLines"":731},{""language"":""JavaScript"",""blankLines"":135,""codeLines"":1137,""commentLines"":108},{""language"":""make"",""blankLines"":28,""codeLines"":142,""commentLines"":6},{""language"":""YAML"",""blankLines"":4,""codeLines"":11,""commentLines"":0},{""language"":""XML"",""blankLines"":277,""codeLines"":3231,""commentLines"":7},{""language"":""Sass"",""blankLines"":1340,""codeLines"":6248,""commentLines"":1552},{""language"":""SVG"",""blankLines"":0,""codeLines"":107,""commentLines"":1},{""language"":""PO File"",""blankLines"":1335,""codeLines"":2442,""commentLines"":2445},{""language"":""HTML"",""blankLines"":0,""codeLines"":1,""commentLines"":0},{""language"":""Python"",""blankLines"":2731,""codeLines"":12288,""commentLines"":2557},{""language"":""CSS"",""blankLines"":92,""codeLines"":965,""commentLines"":34},{""language"":""Text"",""blankLines"":7,""codeLines"":128,""commentLines"":0},{""language"":""SCSS"",""blankLines"":1340,""codeLines"":6224,""commentLines"":1576}]","2024-07-08T02:04:38","64f86852148c11ac94069cdf980e3c415ad5fe8c",false,false,false,false,"{""Python"":675218,""SCSS"":234923,""JavaScript"":45024,""Shell"":1366,""HTML"":21}","critical;css;dependencies;documentation;javascript;optimisation;suggestion;translations;validation;views",""
"3685480","theano/theano",false,"28133","3","0","2518","Python","master","Other","https://www.github.com/pymc-devs/pytensor","543","9833","328","68115","2011-08-10T03:48:06","2024-01-15T03:16:24","2024-01-15T03:14:35","2681","593","4118","101","47164","182711","61690","[{""language"":""DOS Batch"",""blankLines"":33,""codeLines"":103,""commentLines"":26},{""language"":""Diff"",""blankLines"":3,""codeLines"":21,""commentLines"":27},{""language"":""HTML"",""blankLines"":45,""codeLines"":498,""commentLines"":1},{""language"":""Text"",""blankLines"":9049,""codeLines"":25804,""commentLines"":0},{""language"":""Python"",""blankLines"":34904,""codeLines"":128057,""commentLines"":54842},{""language"":""CSS"",""blankLines"":20,""codeLines"":117,""commentLines"":1},{""language"":""Cython"",""blankLines"":75,""codeLines"":365,""commentLines"":210},{""language"":""C"",""blankLines"":1972,""codeLines"":19912,""commentLines"":5183},{""language"":""SVG"",""blankLines"":0,""codeLines"":1621,""commentLines"":4},{""language"":""Markdown"",""blankLines"":3,""codeLines"":10,""commentLines"":0},{""language"":""make"",""blankLines"":9,""codeLines"":23,""commentLines"":3},{""language"":""YAML"",""blankLines"":26,""codeLines"":247,""commentLines"":19},{""language"":""C/C++ Header"",""blankLines"":25,""codeLines"":91,""commentLines"":25},{""language"":""XML"",""blankLines"":0,""codeLines"":228,""commentLines"":0},{""language"":""JavaScript"",""blankLines"":230,""codeLines"":1575,""commentLines"":293},{""language"":""Bourne Shell"",""blankLines"":150,""codeLines"":460,""commentLines"":127},{""language"":""Visual Studio Solution"",""blankLines"":1,""codeLines"":16,""commentLines"":1},{""language"":""Pascal"",""blankLines"":38,""codeLines"":81,""commentLines"":0},{""language"":""Cuda"",""blankLines"":143,""codeLines"":566,""commentLines"":175},{""language"":""TeX"",""blankLines"":415,""codeLines"":2751,""commentLines"":286},{""language"":""reStructuredText"",""blankLines"":1,""codeLines"":4,""commentLines"":0},{""language"":""Jupyter Notebook"",""blankLines"":0,""codeLines"":52,""commentLines"":452},{""language"":""Bourne Again Shell"",""blankLines"":22,""codeLines"":109,""commentLines"":15}]","2024-01-15T03:16:24","7505f23edd66fcdbbe04953f53c650b4d7cec4dd",true,false,false,false,"{""Python"":8234297,""C"":439051,""Shell"":32506,""Cuda"":31466,""Cython"":28407,""Batchfile"":4248,""HTML"":3085,""CSS"":1750}","bug;c code;ccw;ccw - in progress;ccw - reserved;ccw-test;ci/buildbot;clean up;closed as we stop development;contribution welcome;convolution;crash;critical;documentation;easy fix;enhancement;gpu;gpu - new back-end;high priority;interface;jenkins;lazy evaluation;libgpuarray;linear algebra;low priority;mac;medium priority;memory;nan;needsomeonetofinish;nice-to-have;not the place to request support;opencl;optimization;python code only;regression;scan;sparse;speed-up;stability;test;typedlist;windows",""
"3685494","datafolklabs/cement",false,"1611","32","0","117","Python","main","BSD 3-Clause New or Revised License","http://builtoncement.com","28","1246","36","5951","2009-12-05T04:04:12","2024-11-10T08:10:34","2024-11-10T07:43:26","637","74","102","1","7991","22859","8376","[{""language"":""Handlebars"",""blankLines"":0,""codeLines"":1,""commentLines"":0},{""language"":""TOML"",""blankLines"":23,""codeLines"":125,""commentLines"":19},{""language"":""PowerShell"",""blankLines"":19,""codeLines"":43,""commentLines"":103},{""language"":""reStructuredText"",""blankLines"":108,""codeLines"":138,""commentLines"":268},{""language"":""Dockerfile"",""blankLines"":8,""codeLines"":197,""commentLines"":2},{""language"":""JSON"",""blankLines"":0,""codeLines"":11,""commentLines"":0},{""language"":""Mustache"",""blankLines"":0,""codeLines"":4,""commentLines"":0},{""language"":""HTML"",""blankLines"":2,""codeLines"":23,""commentLines"":0},{""language"":""Text"",""blankLines"":1,""codeLines"":16,""commentLines"":0},{""language"":""Python"",""blankLines"":7403,""codeLines"":20898,""commentLines"":7938},{""language"":""make"",""blankLines"":26,""codeLines"":93,""commentLines"":0},{""language"":""Jinja Template"",""blankLines"":2,""codeLines"":11,""commentLines"":0},{""language"":""YAML"",""blankLines"":64,""codeLines"":303,""commentLines"":30},{""language"":""C"",""blankLines"":36,""codeLines"":278,""commentLines"":6},{""language"":""Bourne Shell"",""blankLines"":45,""codeLines"":163,""commentLines"":10},{""language"":""Markdown"",""blankLines"":254,""codeLines"":555,""commentLines"":0}]","2024-11-10T07:43:18","659c78369356da634ce55338c0a9a8c4ad41b412",false,false,false,false,"{""Python"":476287,""C"":7083,""Shell"":6972,""PowerShell"":4675,""Makefile"":2454,""Dockerfile"":1303,""Jinja"":481,""Mustache"":120,""Handlebars"":113,""Vim Script"":38}","automated pr;backward-incompatible;blocked;bug;chore;dev/2.11.x;doc;extension;feature;help-wanted;incompatible;low-hanging-fruit;not-a-bug;pending-feedback;portland;question;refactoring;stable/1.0.x;stable/2.0.x;stable/2.10.x;stable/2.2.x;stable/2.4.x;stable/2.6.x;stable/2.8.x;stable/3.0.x;stable/3.2.x;testing;undecided",""
"3685508","collective/icalendar",false,"1806","5","5","171","Python","main","Other","https://icalendar.readthedocs.io","119","990","107","2286","2011-08-17T02:16:35","2024-10-26T09:35:26","2024-10-26T09:35:31","304","61","402","6","2367","7920","1730","[{""language"":""INI"",""blankLines"":4,""codeLines"":44,""commentLines"":0},{""language"":""reStructuredText"",""blankLines"":738,""codeLines"":1478,""commentLines"":162},{""language"":""Markdown"",""blankLines"":10,""codeLines"":32,""commentLines"":15},{""language"":""Text"",""blankLines"":0,""codeLines"":5,""commentLines"":0},{""language"":""Python"",""blankLines"":1542,""codeLines"":5778,""commentLines"":1451},{""language"":""make"",""blankLines"":28,""codeLines"":138,""commentLines"":5},{""language"":""YAML"",""blankLines"":15,""codeLines"":239,""commentLines"":39},{""language"":""TOML"",""blankLines"":18,""codeLines"":145,""commentLines"":29},{""language"":""Bourne Shell"",""blankLines"":12,""codeLines"":61,""commentLines"":29}]","2024-10-26T09:35:26","569c40ba4a6d9ea27d17e9ad23361f0f4db2e9d6",false,false,false,false,"{""Python"":295036,""Shell"":3252}","blocker;dependencies;doc;feature;good first issue;hacktoberfest;hacktoberfest-accepted;help wanted;needs 4.x pr too;nlnet;support for non-standard files;tested and needs fix;work in progress","alarm;event;generator;hacktoberfest;icalendar;ics;journal;parser;rfc5545;todo"
"3685781","carlfk/veyepar",false,"2708","2","0","23","Python","master","MIT License",,"10","49","14","22777","2009-04-26T01:51:14","2024-08-18T03:59:13","2024-08-18T03:59:16","27","10","60","0","9207","90816","6925","[{""language"":""CSV"",""blankLines"":0,""codeLines"":50,""commentLines"":0},{""language"":""XML"",""blankLines"":126,""codeLines"":3023,""commentLines"":31},{""language"":""JavaScript"",""blankLines"":459,""codeLines"":1692,""commentLines"":405},{""language"":""Text"",""blankLines"":304,""codeLines"":796,""commentLines"":0},{""language"":""Snakemake"",""blankLines"":6,""codeLines"":5,""commentLines"":11},{""language"":""HTML"",""blankLines"":463,""codeLines"":2203,""commentLines"":27},{""language"":""Python"",""blankLines"":6729,""codeLines"":18293,""commentLines"":5380},{""language"":""CSS"",""blankLines"":110,""codeLines"":1655,""commentLines"":228},{""language"":""YAML"",""blankLines"":37,""codeLines"":205,""commentLines"":58},{""language"":""Markdown"",""blankLines"":20,""codeLines"":32,""commentLines"":0},{""language"":""Jinja Template"",""blankLines"":22,""codeLines"":84,""commentLines"":0},{""language"":""SVG"",""blankLines"":233,""codeLines"":61031,""commentLines"":38},{""language"":""Bourne Shell"",""blankLines"":698,""codeLines"":1747,""commentLines"":747}]","2024-08-18T03:59:09","317db779d2d669e3827f70f8723fc545b679de4b",true,false,false,false,"{""Python"":959552,""HTML"":92746,""Shell"":83893,""JavaScript"":73545,""CSS"":6132,""Jinja"":2344,""DIGITAL Command Language"":44}","dependencies;python",""
"3686596","payu-org/payu",false,"1168","17","5","26","Python","master","Apache License 2.0",,"6","19","20","2908","2011-10-24T01:35:40","2024-10-25T04:33:12","2024-10-25T04:33:08","310","95","219","5","4346","12406","3266","[{""language"":""reStructuredText"",""blankLines"":399,""codeLines"":964,""commentLines"":42},{""language"":""Python"",""blankLines"":3813,""codeLines"":10864,""commentLines"":3132},{""language"":""make"",""blankLines"":24,""codeLines"":124,""commentLines"":5},{""language"":""Bourne Again Shell"",""blankLines"":45,""codeLines"":114,""commentLines"":46},{""language"":""Text"",""blankLines"":0,""codeLines"":14,""commentLines"":0},{""language"":""YAML"",""blankLines"":48,""codeLines"":231,""commentLines"":24},{""language"":""TOML"",""blankLines"":5,""codeLines"":64,""commentLines"":3},{""language"":""Bourne Shell"",""blankLines"":12,""codeLines"":31,""commentLines"":14}]","2024-10-25T04:33:04","27aac372dba2752e1d58ab1d66db799e7891e103",true,false,false,false,"{""Python"":573564,""Shell"":1583}","bug;cleanup;cross platform;docs;feature;gadi;next release","climate;python;workflow"
"3687115","pytrainer/pytrainer",false,"1746","3","11","41","Python","master","GNU General Public License v2.0",,"19","128","20","5688","2011-12-04T09:58:37","2024-09-07T03:02:55","2024-09-07T03:03:00","85","29","194","4","11030","83379","13672","[{""language"":""Qt"",""blankLines"":0,""codeLines"":13326,""commentLines"":21},{""language"":""INI"",""blankLines"":1,""codeLines"":8,""commentLines"":0},{""language"":""Text"",""blankLines"":64,""codeLines"":150,""commentLines"":0},{""language"":""Python"",""blankLines"":2448,""codeLines"":14480,""commentLines"":3504},{""language"":""TOML"",""blankLines"":7,""codeLines"":42,""commentLines"":0},{""language"":""XSD"",""blankLines"":188,""codeLines"":8019,""commentLines"":21},{""language"":""XSLT"",""blankLines"":16,""codeLines"":207,""commentLines"":13},{""language"":""Perl"",""blankLines"":1174,""codeLines"":8774,""commentLines"":125},{""language"":""make"",""blankLines"":16,""codeLines"":78,""commentLines"":0},{""language"":""Markdown"",""blankLines"":9,""codeLines"":47,""commentLines"":0},{""language"":""Bourne Shell"",""blankLines"":20,""codeLines"":48,""commentLines"":14},{""language"":""YAML"",""blankLines"":4,""codeLines"":78,""commentLines"":0},{""language"":""PO File"",""blankLines"":7077,""codeLines"":15388,""commentLines"":9971},{""language"":""Glade"",""blankLines"":0,""codeLines"":75,""commentLines"":2},{""language"":""XML"",""blankLines"":6,""codeLines"":22659,""commentLines"":1}]","2024-09-07T03:02:54","3e9fd77d46e29d2584e7471de5e1f19fe015a5ed",true,false,false,false,"{""Python"":829446,""Perl"":378188,""XSLT"":44235,""Shell"":3118,""Makefile"":2489}","bug;core;extension;feature request;gui;plugin;python3;refactoring;units",""
"3688371","fls-bioinformatics-core/genomics",false,"2543","3","43","36","Python","devel","Other",,"18","78","3","4608","2011-06-15T01:00:22","2024-02-16T04:30:30","2023-12-19T04:02:48","53","8","165","0","6919","31573","17178","[{""language"":""Perl"",""blankLines"":250,""codeLines"":668,""commentLines"":268},{""language"":""R"",""blankLines"":65,""codeLines"":102,""commentLines"":72},{""language"":""make"",""blankLines"":24,""codeLines"":124,""commentLines"":5},{""language"":""reStructuredText"",""blankLines"":1051,""codeLines"":2580,""commentLines"":185},{""language"":""Markdown"",""blankLines"":503,""codeLines"":1097,""commentLines"":0},{""language"":""YAML"",""blankLines"":8,""codeLines"":69,""commentLines"":9},{""language"":""Bourne Shell"",""blankLines"":59,""codeLines"":4563,""commentLines"":2345},{""language"":""Text"",""blankLines"":6,""codeLines"":216,""commentLines"":0},{""language"":""Python"",""blankLines"":4864,""codeLines"":21658,""commentLines"":14201},{""language"":""Java"",""blankLines"":89,""codeLines"":496,""commentLines"":93}]","2024-02-16T04:30:29","c8de1342b69dfe22b6f3940c5084057ba7b3633e",true,false,false,false,"{""Python"":1555825,""Shell"":188884,""Perl"":34329,""Java"":19210,""R"":6688}","bug;bugfix;configuration;deprecation;documentation;enhancement;illumina;job runners;new-feature;packaging;python 2.6;python 2.7;python3;qc-pipeline;refactoring;solid;tabfile;testing;update;won't fix;won't implement;work in progress",""
"3689692","zestsoftware/zest.releaser",false,"1748","4","0","62","Python","master","GNU General Public License v2.0","https://zestreleaser.readthedocs.io","16","198","48","2405","2011-10-18T08:51:45","2024-07-01T10:01:02","2024-07-01T10:01:06","224","24","226","1","2446","7943","1136","[{""language"":""YAML"",""blankLines"":13,""codeLines"":91,""commentLines"":11},{""language"":""reStructuredText"",""blankLines"":1064,""codeLines"":2264,""commentLines"":41},{""language"":""Text"",""blankLines"":655,""codeLines"":2761,""commentLines"":0},{""language"":""Python"",""blankLines"":700,""codeLines"":2712,""commentLines"":1078},{""language"":""TOML"",""blankLines"":13,""codeLines"":96,""commentLines"":6},{""language"":""Dockerfile"",""blankLines"":0,""codeLines"":9,""commentLines"":0},{""language"":""INI"",""blankLines"":1,""codeLines"":10,""commentLines"":0}]","2024-07-01T10:01:02","b43e08e2aa0ecb233e5cc4cfd315142a92e1dbd7",true,false,false,false,"{""Python"":149055,""Dockerfile"":218}","bug;dependencies;major;minor;modernization;wishlist",""
"3689717","aplpy/aplpy",false,"1207","9","0","82","Python","main","Other","http://aplpy.github.com","17","171","35","5910","2011-01-04T03:20:56","2024-10-04T01:21:22","2024-10-04T01:21:26","343","151","165","17","2257","5453","1843","[{""language"":""DOS Batch"",""blankLines"":21,""codeLines"":148,""commentLines"":1},{""language"":""JSON"",""blankLines"":0,""codeLines"":21,""commentLines"":0},{""language"":""INI"",""blankLines"":16,""codeLines"":90,""commentLines"":0},{""language"":""make"",""blankLines"":22,""codeLines"":107,""commentLines"":5},{""language"":""TOML"",""blankLines"":12,""codeLines"":88,""commentLines"":6},{""language"":""Text"",""blankLines"":3,""codeLines"":11,""commentLines"":0},{""language"":""Python"",""blankLines"":1526,""codeLines"":3682,""commentLines"":1743},{""language"":""YAML"",""blankLines"":16,""codeLines"":142,""commentLines"":11},{""language"":""Markdown"",""blankLines"":3,""codeLines"":17,""commentLines"":0},{""language"":""reStructuredText"",""blankLines"":638,""codeLines"":1147,""commentLines"":77}]","2024-10-04T01:21:22","422ce58be9b8d62bd6d519e1446dd146484ad8d9",true,false,false,false,"{""Python"":218802}","bug;documentation;effort-high;effort-low;effort-medium;feature;help needed;package-expert;package-intermediate;package-novice;regions;testing;upstream-fix-required;wcsaxes-work-required",""
"3689761","cellprofiler/cellprofiler-analyst",false,"2448","15","6","74","Python","master","Other","http://cellprofileranalyst.org","21","139","16","74134","2011-11-10T06:57:45","2024-03-12T12:07:40","2024-01-19T10:12:29","288","69","40","4","4583","22046","4731","[{""language"":""JSON"",""blankLines"":0,""codeLines"":15,""commentLines"":0},{""language"":""make"",""blankLines"":39,""codeLines"":146,""commentLines"":5},{""language"":""YAML"",""blankLines"":1,""codeLines"":119,""commentLines"":1},{""language"":""Markdown"",""blankLines"":39,""codeLines"":69,""commentLines"":0},{""language"":""Bourne Shell"",""blankLines"":13,""codeLines"":21,""commentLines"":5},{""language"":""Mathematica"",""blankLines"":17,""codeLines"":17,""commentLines"":0},{""language"":""Python"",""blankLines"":3808,""codeLines"":20246,""commentLines"":4267},{""language"":""C"",""blankLines"":92,""codeLines"":343,""commentLines"":41},{""language"":""Bourne Again Shell"",""blankLines"":2,""codeLines"":3,""commentLines"":0},{""language"":""XML"",""blankLines"":0,""codeLines"":64,""commentLines"":0},{""language"":""reStructuredText"",""blankLines"":428,""codeLines"":598,""commentLines"":269},{""language"":""DOS Batch"",""blankLines"":0,""codeLines"":2,""commentLines"":0},{""language"":""Text"",""blankLines"":80,""codeLines"":290,""commentLines"":0},{""language"":""Properties"",""blankLines"":64,""codeLines"":113,""commentLines"":143}]","2024-03-12T12:07:40","8a7f924052867192b425e4b7f89137fadbbd93fa",true,false,false,false,"{""Python"":1187314,""C"":12830,""Shell"":2104,""Inno Setup"":1987,""Mathematica"":1429,""Makefile"":815,""Batchfile"":33}","bug;discussion;documentation;feature request;future consideration;has unit test;in progress;mac os;python3_port;ready;reproducible;sw grant;tracer;windows","cellprofiler;cellprofiler-analyst;image-analysis;machine-learning"
"3690004","kapsiry/sikteeri",false,"1366","11","5","21","Python","master","MIT License",,"9","31","13","3280","2011-03-04T07:49:25","2024-04-30T07:56:52","2024-04-30T07:56:56","7","1","161","5","2668","12265","1426","[{""language"":""CSV"",""blankLines"":3,""codeLines"":36,""commentLines"":0},{""language"":""XML"",""blankLines"":2,""codeLines"":55,""commentLines"":0},{""language"":""JavaScript"",""blankLines"":51,""codeLines"":440,""commentLines"":59},{""language"":""Text"",""blankLines"":69,""codeLines"":279,""commentLines"":0},{""language"":""Dockerfile"",""blankLines"":9,""codeLines"":28,""commentLines"":0},{""language"":""JSON"",""blankLines"":4,""codeLines"":296,""commentLines"":0},{""language"":""INI"",""blankLines"":0,""codeLines"":12,""commentLines"":0},{""language"":""YAML"",""blankLines"":0,""codeLines"":16,""commentLines"":1},{""language"":""Markdown"",""blankLines"":30,""codeLines"":59,""commentLines"":0},{""language"":""HTML"",""blankLines"":151,""codeLines"":1473,""commentLines"":8},{""language"":""Python"",""blankLines"":1703,""codeLines"":7697,""commentLines"":890},{""language"":""CSS"",""blankLines"":272,""codeLines"":1048,""commentLines"":35},{""language"":""Bourne Shell"",""blankLines"":26,""codeLines"":53,""commentLines"":25},{""language"":""PO File"",""blankLines"":348,""codeLines"":773,""commentLines"":408}]","2024-04-30T07:56:52","32ea8926173d5fdc556bdac77317ca77811cf9c9",false,false,false,false,"{""Python"":409875,""HTML"":58276,""CSS"":21557,""JavaScript"":14021,""Shell"":2537,""Dockerfile"":1091}","bugfix;feature",""
"3690672","digitalgreenorg/dg",false,"10487","133","8","8","Python","master",,,"26","13","31","670867","2011-11-09T04:04:45","2024-08-03T02:22:43","2024-08-03T02:22:57","218","30","823","33","100469","652111","83778","[{""language"":""SVG"",""blankLines"":32,""codeLines"":8337,""commentLines"":0},{""language"":""PO File"",""blankLines"":17193,""codeLines"":50476,""commentLines"":21369},{""language"":""INI"",""blankLines"":7,""codeLines"":24,""commentLines"":0},{""language"":""Markdown"",""blankLines"":156,""codeLines"":430,""commentLines"":0},{""language"":""PHP"",""blankLines"":4,""codeLines"":613,""commentLines"":0},{""language"":""JavaScript"",""blankLines"":49090,""codeLines"":278008,""commentLines"":46825},{""language"":""CSV"",""blankLines"":0,""codeLines"":598,""commentLines"":0},{""language"":""Text"",""blankLines"":261,""codeLines"":2713,""commentLines"":0},{""language"":""CoffeeScript"",""blankLines"":8,""codeLines"":22,""commentLines"":11},{""language"":""SQL"",""blankLines"":23,""codeLines"":267,""commentLines"":8},{""language"":""YAML"",""blankLines"":1,""codeLines"":7,""commentLines"":0},{""language"":""JSON"",""blankLines"":3,""codeLines"":1411,""commentLines"":0},{""language"":""XML"",""blankLines"":81,""codeLines"":11615,""commentLines"":28},{""language"":""TypeScript"",""blankLines"":221,""codeLines"":2997,""commentLines"":164},{""language"":""Python"",""blankLines"":11179,""codeLines"":102767,""commentLines"":10009},{""language"":""CSS"",""blankLines"":7795,""codeLines"":69307,""commentLines"":2787},{""language"":""HTML"",""blankLines"":14415,""codeLines"":122519,""commentLines"":2577}]","2024-08-03T02:22:43","04e17780727451e84ce2b9056b880145cc250aad",true,false,false,false,"{""Python"":8257426,""HTML"":4913972,""JavaScript"":4820962,""CSS"":967102,""PHP"":95748,""TypeScript"":87635,""CoffeeScript"":1080}","analytics;bug;coco admin;coco mobile;coco web;dependencies;dg website;enhancement;farmerbook;functionality;ivr;javascript;long-term;loop;loop admin;loop dashboard;loop helpline;loop payments;market information;new relic;old coco;performance issue;python;qa coco;raw data extraction tool;security;suggestion;training;training admin;training dashboard;ui issue","html;javascript;python"
"3692385","plone/plone.app.multilingual",false,"1642","22","0","47","Python","master",,"https://pypi.org/project/plone.app.multilingual","153","19","73","3648","2011-06-30T08:55:35","2024-11-07T02:22:02","2024-11-07T02:22:05","203","18","269","3","2759","10559","1460","[{""language"":""XML"",""blankLines"":262,""codeLines"":2352,""commentLines"":39},{""language"":""JavaScript"",""blankLines"":78,""codeLines"":379,""commentLines"":111},{""language"":""RobotFramework"",""blankLines"":61,""codeLines"":145,""commentLines"":19},{""language"":""reStructuredText"",""blankLines"":734,""codeLines"":1044,""commentLines"":9},{""language"":""INI"",""blankLines"":34,""codeLines"":244,""commentLines"":0},{""language"":""YAML"",""blankLines"":17,""codeLines"":80,""commentLines"":86},{""language"":""make"",""blankLines"":24,""codeLines"":124,""commentLines"":5},{""language"":""TOML"",""blankLines"":24,""codeLines"":105,""commentLines"":65},{""language"":""Cucumber"",""blankLines"":0,""codeLines"":1,""commentLines"":0},{""language"":""Text"",""blankLines"":3,""codeLines"":13,""commentLines"":0},{""language"":""Python"",""blankLines"":1503,""codeLines"":5952,""commentLines"":1125},{""language"":""CSS"",""blankLines"":19,""codeLines"":120,""commentLines"":1}]","2024-11-07T02:22:01","a173ada395b25b07fc4a40ff8681d1041c063058",false,false,false,false,"{""Python"":305423,""JavaScript"":19038,""RobotFramework"":8550,""CSS"":2601,""Gherkin"":77}","01 type: bug;02 type: regression;03 type: feature (plip);04 type: enhancement;05 type: question;11 prio: blocker;12 prio: high;13 prio: normal;14 prio: low;21 status: confirmed;22 status: in-progress;23 status: testing;24 status: ready;25 status: deferred;31 needs: help;32 needs: review;33 needs: docs;34 needs: tests;35 needs: rebase;36 needs: cla;37 needs: release;41 lvl: easy;42 lvl: moderate;43 lvl: complex;51 target: patch;52 target: minor;53 target: major;99 tag: migration;99 tag: targets pam 1.x;99 tag: targets pam 2.x;99 tag: targets pam 3.x",""
"3692427","plone/plone.app.discussion",false,"2295","14","0","47","Python","main",,"https://pypi.org/project/plone.app.discussion","152","16","93","5173","2011-09-25T01:38:25","2024-11-06T03:07:05","2024-11-06T03:07:14","46","20","200","1","3249","11178","1568","[{""language"":""Text"",""blankLines"":408,""codeLines"":1118,""commentLines"":0},{""language"":""Python"",""blankLines"":1542,""codeLines"":5778,""commentLines"":1336},{""language"":""reStructuredText"",""blankLines"":970,""codeLines"":1809,""commentLines"":5},{""language"":""INI"",""blankLines"":34,""codeLines"":244,""commentLines"":0},{""language"":""Cucumber"",""blankLines"":0,""codeLines"":3,""commentLines"":0},{""language"":""TOML"",""blankLines"":22,""codeLines"":92,""commentLines"":65},{""language"":""XML"",""blankLines"":190,""codeLines"":1897,""commentLines"":55},{""language"":""YAML"",""blankLines"":16,""codeLines"":78,""commentLines"":86},{""language"":""RobotFramework"",""blankLines"":67,""codeLines"":159,""commentLines"":21}]","2024-11-06T03:07:01","43541f326e9c0310de57a0c31e830b8d415f2964",false,false,false,false,"{""Python"":300326,""JavaScript"":24061,""RobotFramework"":6863,""Gherkin"":118}","01 type: bug;02 type: regression;03 type: feature (plip);04 type: enhancement;05 type: question;11 prio: blocker;12 prio: high;13 prio: normal;14 prio: low;21 status: confirmed;22 status: in-progress;23 status: testing;24 status: ready;25 status: deferred;31 needs: help;32 needs: review;33 needs: docs;34 needs: tests;35 needs: rebase;36 needs: cla;37 needs: release;41 lvl: easy;42 lvl: moderate;43 lvl: complex;51 target: patch;52 target: minor;53 target: major;99 tag: plone 4.3.x;99 tag: plone 5.x",""
"3692503","plone/plone.app.portlets",false,"1350","21","0","26","Python","master",,,"156","12","97","2727","2011-09-25T01:39:02","2024-11-06T03:01:01","2024-11-06T03:01:04","41","17","154","0","2757","11092","1273","[{""language"":""XML"",""blankLines"":343,""codeLines"":2641,""commentLines"":34},{""language"":""YAML"",""blankLines"":16,""codeLines"":78,""commentLines"":86},{""language"":""Text"",""blankLines"":3,""codeLines"":12,""commentLines"":0},{""language"":""Python"",""blankLines"":1667,""codeLines"":6702,""commentLines"":1083},{""language"":""INI"",""blankLines"":34,""codeLines"":242,""commentLines"":0},{""language"":""TOML"",""blankLines"":21,""codeLines"":94,""commentLines"":65},{""language"":""reStructuredText"",""blankLines"":673,""codeLines"":1323,""commentLines"":5}]","2024-11-06T03:00:59","2bfb5b58bc518c55e6637aa7ef741648011902b7",false,false,false,false,"{""Python"":330472,""JavaScript"":7468}","01 type: bug;02 type: regression;03 type: feature (plip);04 type: enhancement;05 type: question;11 prio: blocker;12 prio: high;13 prio: normal;14 prio: low;21 status: confirmed;22 status: in-progress;23 status: testing;24 status: ready;25 status: deferred;31 needs: help;32 needs: review;33 needs: docs;34 needs: tests;35 needs: rebase;36 needs: cla;37 needs: release;41 lvl: easy;42 lvl: moderate;43 lvl: complex;51 target: patch;52 target: minor;53 target: major;99 tag: plone 4.3.x;99 tag: plone 5.x",""
"3692562","rapidsms/rapidsms",false,"5954","2","5","306","Python","develop","BSD 3-Clause New or Revised License","https://rapidsms.readthedocs.io/en/latest/","65","649","34","6229","2009-02-19T10:21:40","2024-11-05T08:42:55","2024-11-05T08:42:52","301","49","203","0","5952","19950","3818","[{""language"":""DOS Batch"",""blankLines"":23,""codeLines"":166,""commentLines"":1},{""language"":""PO File"",""blankLines"":6,""codeLines"":59,""commentLines"":16},{""language"":""JavaScript"",""blankLines"":560,""codeLines"":1449,""commentLines"":379},{""language"":""make"",""blankLines"":24,""codeLines"":124,""commentLines"":5},{""language"":""Text"",""blankLines"":0,""codeLines"":5,""commentLines"":0},{""language"":""YAML"",""blankLines"":11,""codeLines"":90,""commentLines"":23},{""language"":""Python"",""blankLines"":1624,""codeLines"":5903,""commentLines"":1581},{""language"":""CSS"",""blankLines"":1008,""codeLines"":6362,""commentLines"":64},{""language"":""reStructuredText"",""blankLines"":2616,""codeLines"":4993,""commentLines"":1747},{""language"":""HTML"",""blankLines"":73,""codeLines"":744,""commentLines"":2},{""language"":""INI"",""blankLines"":6,""codeLines"":50,""commentLines"":0},{""language"":""TOML"",""blankLines"":1,""codeLines"":5,""commentLines"":0}]","2024-11-05T08:42:43","4cb4d1cbc43e84fa6c703aae0aa1db84286899ac",true,false,false,false,"{""Python"":305502,""HTML"":27782,""CSS"":8141,""JavaScript"":6928}","backends;bug;contrib;core;documentation;handlers;i18n;invalid;needs-review;proposal;review;tests",""
"3693707","stephenmcd/cartridge",false,"1480","3","11","301","Python","master","BSD 2-Clause Simplified License","http://cartridge.jupo.org","53","695","57","47376","2010-08-22T12:36:43","2024-02-22T09:25:54","2024-01-19T09:15:30","151","23","213","9","6651","19531","7836","[{""language"":""Text"",""blankLines"":9,""codeLines"":29,""commentLines"":0},{""language"":""INI"",""blankLines"":6,""codeLines"":72,""commentLines"":0},{""language"":""HTML"",""blankLines"":126,""codeLines"":937,""commentLines"":0},{""language"":""TOML"",""blankLines"":0,""codeLines"":15,""commentLines"":0},{""language"":""Python"",""blankLines"":801,""codeLines"":4940,""commentLines"":1422},{""language"":""CSS"",""blankLines"":116,""codeLines"":613,""commentLines"":46},{""language"":""PO File"",""blankLines"":5261,""codeLines"":11628,""commentLines"":6224},{""language"":""JSON"",""blankLines"":0,""codeLines"":339,""commentLines"":0},{""language"":""JavaScript"",""blankLines"":16,""codeLines"":78,""commentLines"":10},{""language"":""reStructuredText"",""blankLines"":309,""codeLines"":768,""commentLines"":124},{""language"":""YAML"",""blankLines"":7,""codeLines"":111,""commentLines"":10},{""language"":""Markdown"",""blankLines"":0,""codeLines"":1,""commentLines"":0}]","2024-02-22T09:25:54","abc4f04242834f13bacd979224452017be2fb304",true,false,false,false,"{""Python"":241826,""HTML"":32904,""CSS"":5988,""JavaScript"":3470}","released",""
"3693900","etetoolkit/ete",false,"3963","12","6","212","Python","ete4","GNU General Public License v3.0","http://etetoolkit.org","34","779","36","131189","2010-11-13T04:04:25","2024-09-28T01:37:39","2024-09-27T04:12:23","516","217","230","9","12164","98186","11637","[{""language"":""TOML"",""blankLines"":4,""codeLines"":41,""commentLines"":0},{""language"":""SVG"",""blankLines"":0,""codeLines"":368,""commentLines"":2},{""language"":""HTML"",""blankLines"":22,""codeLines"":153,""commentLines"":0},{""language"":""Text"",""blankLines"":0,""codeLines"":38,""commentLines"":0},{""language"":""Python"",""blankLines"":8553,""codeLines"":54422,""commentLines"":9801},{""language"":""CSS"",""blankLines"":86,""codeLines"":511,""commentLines"":18},{""language"":""Cython"",""blankLines"":666,""codeLines"":1629,""commentLines"":758},{""language"":""C"",""blankLines"":16,""codeLines"":69,""commentLines"":2},{""language"":""CSV"",""blankLines"":0,""codeLines"":54,""commentLines"":0},{""language"":""JavaScript"",""blankLines"":1150,""codeLines"":30355,""commentLines"":353},{""language"":""Bourne Shell"",""blankLines"":2,""codeLines"":13,""commentLines"":1},{""language"":""Markdown"",""blankLines"":131,""codeLines"":279,""commentLines"":0},{""language"":""make"",""blankLines"":6,""codeLines"":14,""commentLines"":7},{""language"":""YAML"",""blankLines"":17,""codeLines"":59,""commentLines"":22},{""language"":""SQL"",""blankLines"":2,""codeLines"":65,""commentLines"":0},{""language"":""XML"",""blankLines"":24,""codeLines"":4910,""commentLines"":205},{""language"":""DOS Batch"",""blankLines"":8,""codeLines"":26,""commentLines"":1},{""language"":""Qt"",""blankLines"":0,""codeLines"":1110,""commentLines"":0},{""language"":""reStructuredText"",""blankLines"":1476,""codeLines"":4068,""commentLines"":467},{""language"":""Bourne Again Shell"",""blankLines"":1,""codeLines"":2,""commentLines"":0}]","2024-05-31T07:30:08","a88743b094db59b8ef0ae4cbdac53f92b5d32aa2",true,false,false,false,"{""Python"":2948769,""JavaScript"":175765,""Cython"":118482,""Perl"":40970,""CSS"":11437,""HTML"":5678,""C"":1603,""Batchfile"":800,""Shell"":756,""Makefile"":156}","bug;bug-minor;c: doc;c: ete-build;c: ete-evol;c: treeview;confirmation needed;discussion needed;enhancement;ete4;feature request;improvement;largetreeviz;performance;question;refactor","phylogenetics;phylogenomic;python;tree-structure;treeview;visualization"
"3694198","smarr/rebench",false,"1102","6","11","24","Python","master","MIT License",,"6","84","16","1467","2011-01-17T10:43:28","2024-11-09T02:18:05","2024-11-09T02:17:35","135","43","139","3","2879","10170","1642","[{""language"":""Bourne Shell"",""blankLines"":2,""codeLines"":27,""commentLines"":0},{""language"":""Markdown"",""blankLines"":569,""codeLines"":1517,""commentLines"":0},{""language"":""Text"",""blankLines"":0,""codeLines"":2,""commentLines"":0},{""language"":""Python"",""blankLines"":2251,""codeLines"":8014,""commentLines"":1618},{""language"":""YAML"",""blankLines"":54,""codeLines"":501,""commentLines"":24},{""language"":""XML"",""blankLines"":0,""codeLines"":17,""commentLines"":0},{""language"":""TOML"",""blankLines"":3,""codeLines"":92,""commentLines"":0}]","2024-11-09T02:17:31","9a95df7686bd0b796ec444a79b84e6c1eb00560a",false,false,false,false,"{""Python"":458426,""Shell"":702}","bug;feature;help-wanted;highpriority;in progress;maintenance;proposal","benchmarking;continuous-benchmarking;continuous-testing;performance-tracking;python;reproducibility;research-tool;science"
"3696051","turbogears/tg2",false,"2062","8","5","77","Python","development","Other","http://www.turbogears.org/","35","797","28","5920","2011-02-18T04:07:35","2024-03-25T09:31:16","2024-03-16T10:24:59","94","10","36","0","5481","16396","3481","[{""language"":""XML"",""blankLines"":0,""codeLines"":5,""commentLines"":0},{""language"":""JSON"",""blankLines"":5,""codeLines"":16,""commentLines"":0},{""language"":""PO File"",""blankLines"":4,""codeLines"":49,""commentLines"":8},{""language"":""reStructuredText"",""blankLines"":34,""codeLines"":48,""commentLines"":20},{""language"":""XHTML"",""blankLines"":4,""codeLines"":73,""commentLines"":0},{""language"":""YAML"",""blankLines"":1,""codeLines"":34,""commentLines"":0},{""language"":""Jinja Template"",""blankLines"":18,""codeLines"":119,""commentLines"":0},{""language"":""HTML"",""blankLines"":15,""codeLines"":165,""commentLines"":0},{""language"":""Text"",""blankLines"":199,""codeLines"":622,""commentLines"":0},{""language"":""Python"",""blankLines"":5201,""codeLines"":15265,""commentLines"":3453}]","2024-03-25T09:31:11","942335e4de87d36ec7dc480b1e0e41dc01e6f0ff",false,false,false,false,"{""Python"":831634,""HTML"":8496,""Jinja"":2909,""Makefile"":1115}","2.0.4;2.1.0;2.1.1;2.1.2;2.1.3;2.1.4;2.1.5;2.2.0;2.2.2;blocker;defect;easy;enhancement;everything.else;major;minor;normal;web site tasks","framework;fullstack;microframework;python;python-2;python-3;web;webframework"
"3696601","andreasvc/disco-dop",false,"1432","1","0","16","Python","master","GNU General Public License v2.0","http://discodop.readthedocs.io","5","45","5","7627","2011-03-13T12:42:01","2024-01-05T12:45:38","2023-09-06T11:06:30","57","9","16","2","3263","24720","4975","[{""language"":""make"",""blankLines"":34,""codeLines"":173,""commentLines"":11},{""language"":""Cython"",""blankLines"":854,""codeLines"":7199,""commentLines"":1418},{""language"":""Text"",""blankLines"":0,""codeLines"":19,""commentLines"":0},{""language"":""Python"",""blankLines"":1820,""codeLines"":14373,""commentLines"":3264},{""language"":""CSS"",""blankLines"":3,""codeLines"":41,""commentLines"":0},{""language"":""C/C++ Header"",""blankLines"":60,""codeLines"":450,""commentLines"":91},{""language"":""YAML"",""blankLines"":5,""codeLines"":12,""commentLines"":20},{""language"":""C++"",""blankLines"":11,""codeLines"":14,""commentLines"":5},{""language"":""HTML"",""blankLines"":46,""codeLines"":774,""commentLines"":26},{""language"":""JavaScript"",""blankLines"":14,""codeLines"":181,""commentLines"":27},{""language"":""Bourne Shell"",""blankLines"":0,""codeLines"":20,""commentLines"":2},{""language"":""reStructuredText"",""blankLines"":416,""codeLines"":1464,""commentLines"":111}]","2024-01-05T12:45:36","dd181a6633e7373eed3f7049537d30e79c7ffa56",true,false,false,false,"{""Python"":687069,""Cython"":326689,""HTML"":32677,""C++"":14068,""JavaScript"":6653,""C"":4241,""Makefile"":2469,""CSS"":915,""Shell"":490}","bug;efficiency;feature","nlp;parsing"
"3697340","daler/pybedtools",false,"1837","29","4","102","Python","master","Other","http://daler.github.io/pybedtools","16","308","39","29755","2010-05-14T09:09:33","2024-11-05T11:58:07","2024-11-05T11:55:08","294","14","122","3","4508","15774","6319","[{""language"":""C++"",""blankLines"":93,""codeLines"":399,""commentLines"":145},{""language"":""DOS Batch"",""blankLines"":21,""codeLines"":133,""commentLines"":1},{""language"":""Bourne Again Shell"",""blankLines"":0,""codeLines"":2,""commentLines"":0},{""language"":""Dockerfile"",""blankLines"":8,""codeLines"":74,""commentLines"":0},{""language"":""reStructuredText"",""blankLines"":1267,""codeLines"":2290,""commentLines"":1209},{""language"":""TOML"",""blankLines"":0,""codeLines"":3,""commentLines"":0},{""language"":""Text"",""blankLines"":4,""codeLines"":40,""commentLines"":0},{""language"":""Cython"",""blankLines"":341,""codeLines"":868,""commentLines"":455},{""language"":""HTML"",""blankLines"":2,""codeLines"":71,""commentLines"":0},{""language"":""Python"",""blankLines"":2440,""codeLines"":9980,""commentLines"":3987},{""language"":""CSS"",""blankLines"":0,""codeLines"":3,""commentLines"":0},{""language"":""Bourne Shell"",""blankLines"":26,""codeLines"":61,""commentLines"":91},{""language"":""make"",""blankLines"":24,""codeLines"":110,""commentLines"":5},{""language"":""YAML"",""blankLines"":181,""codeLines"":1240,""commentLines"":242},{""language"":""C/C++ Header"",""blankLines"":101,""codeLines"":500,""commentLines"":184}]","2024-11-05T11:55:03","c8052f326d68354ea33c358b36119f04c5497709",true,false,false,false,"{""Python"":530262,""Cython"":52646,""C++"":48241,""Shell"":5869,""Dockerfile"":1843,""HTML"":995}","0.9.1;low priority;pending user info",""
"3697619","fhcrc/taxtastic",false,"1051","3","0","10","Python","master","GNU General Public License v3.0",,"9","21","9","14094","2010-10-21T10:06:47","2024-09-12T05:28:29","2024-09-12T05:28:08","128","6","43","0","2175","19236","1877","[{""language"":""JSON"",""blankLines"":1,""codeLines"":2059,""commentLines"":0},{""language"":""CSV"",""blankLines"":0,""codeLines"":1248,""commentLines"":0},{""language"":""SQL"",""blankLines"":21,""codeLines"":78,""commentLines"":13},{""language"":""YAML"",""blankLines"":14,""codeLines"":223,""commentLines"":2},{""language"":""Dockerfile"",""blankLines"":7,""codeLines"":13,""commentLines"":1},{""language"":""Bourne Shell"",""blankLines"":18,""codeLines"":76,""commentLines"":2},{""language"":""reStructuredText"",""blankLines"":412,""codeLines"":828,""commentLines"":54},{""language"":""make"",""blankLines"":23,""codeLines"":110,""commentLines"":4},{""language"":""Python"",""blankLines"":1636,""codeLines"":5075,""commentLines"":1801},{""language"":""INI"",""blankLines"":0,""codeLines"":16,""commentLines"":0},{""language"":""Text"",""blankLines"":43,""codeLines"":9510,""commentLines"":0}]","2024-09-12T05:27:47","e5a684b0de123637662f28a94412bfb12de1b3c8",true,false,false,false,"{""Python"":281952,""Shell"":2649,""Dockerfile"":546,""Singularity"":484}","bug;dependencies;discussion;documentation;enhancement;new feature",""
"3697820","kanjivg/kanjivg",false,"2039","1","11","181","Python","master","Other","http://kanjivg.tagaini.net","40","1062","18","80120","2011-07-17T04:59:49","2024-11-08T11:24:40","2024-11-08T11:24:44","299","7","175","0","23488","791073","175041","[{""language"":""SVG"",""blankLines"":23316,""codeLines"":765176,""commentLines"":174870},{""language"":""TOML"",""blankLines"":3,""codeLines"":29,""commentLines"":0},{""language"":""Python"",""blankLines"":141,""codeLines"":653,""commentLines"":169},{""language"":""Bourne Shell"",""blankLines"":1,""codeLines"":14,""commentLines"":0},{""language"":""YAML"",""blankLines"":2,""codeLines"":60,""commentLines"":0},{""language"":""Markdown"",""blankLines"":23,""codeLines"":54,""commentLines"":0},{""language"":""JSON"",""blankLines"":0,""codeLines"":25058,""commentLines"":0},{""language"":""Perl"",""blankLines"":2,""codeLines"":29,""commentLines"":2}]","2024-11-08T11:24:12","fef6ec7ad9953447fecac4e22fc57a6ad2be3571",true,false,false,false,"{""Python"":32417,""Perl"":761,""Shell"":493}","Request for Chinese character;addition request;documentation;duplicate;elements;error;grouping;missing;needs clarification;not kanji or kana;numbering;please check;proposal;python;radicals;refused;release;stroke order;stroke shapes;stroke types;unfulfilled requests;variant forms;xml/svg","kanji;vector-graphics"
"3697911","openstack/python-novaclient",false,"3472","10","0","386","Python","master","Other","https://opendev.org/openstack/python-novaclient","57","387","288","8998","2011-11-16T04:58:41","2024-10-15T07:33:42","2024-10-15T07:33:46","0","0","22","0","6933","29026","6299","[{""language"":""Python"",""blankLines"":5049,""codeLines"":24571,""commentLines"":5601},{""language"":""INI"",""blankLines"":12,""codeLines"":91,""commentLines"":0},{""language"":""YAML"",""blankLines"":130,""codeLines"":1434,""commentLines"":5},{""language"":""reStructuredText"",""blankLines"":1580,""codeLines"":2512,""commentLines"":689},{""language"":""Text"",""blankLines"":3,""codeLines"":56,""commentLines"":0},{""language"":""TOML"",""blankLines"":0,""codeLines"":3,""commentLines"":0},{""language"":""PO File"",""blankLines"":159,""codeLines"":359,""commentLines"":4}]","2024-10-15T07:33:09","3add6476fb265626d77704f7828dacc21cff81d9",false,false,false,false,"{""Python"":1378867}","",""
"3698612","plone/plone.app.contenttypes",false,"2360","31","0","48","Python","master",,"https://pypi.org/project/plone.app.contenttypes","159","14","89","3808","2011-11-07T12:04:17","2024-10-31T09:52:43","2024-10-31T09:52:46","295","43","410","11","2290","9365","878","[{""language"":""INI"",""blankLines"":34,""codeLines"":244,""commentLines"":0},{""language"":""XML"",""blankLines"":266,""codeLines"":2450,""commentLines"":81},{""language"":""YAML"",""blankLines"":16,""codeLines"":78,""commentLines"":86},{""language"":""RobotFramework"",""blankLines"":124,""codeLines"":431,""commentLines"":37},{""language"":""reStructuredText"",""blankLines"":822,""codeLines"":1436,""commentLines"":20},{""language"":""SVG"",""blankLines"":9,""codeLines"":130,""commentLines"":0},{""language"":""TOML"",""blankLines"":22,""codeLines"":94,""commentLines"":65},{""language"":""Text"",""blankLines"":18,""codeLines"":45,""commentLines"":0},{""language"":""Python"",""blankLines"":979,""codeLines"":4457,""commentLines"":589}]","2024-10-31T09:52:40","450888e2e4d8fa824565a83025f275473f6b1421",false,false,false,false,"{""Python"":202597,""RobotFramework"":23370}","01 type: bug;02 type: regression;03 type: feature (plip);04 type: enhancement;05 type: question;11 prio: blocker;12 prio: high;13 prio: normal;14 prio: low;21 status: confirmed;22 status: in-progress;23 status: testing;24 status: ready;25 status: deferred;31 needs: help;32 needs: review;33 needs: docs;34 needs: tests;35 needs: rebase;36 needs: cla;37 needs: release;41 lvl: easy;42 lvl: moderate;43 lvl: complex;51 target: patch;52 target: minor;53 target: major;99 tag: migration;99 tag: plone 4.3.x;99 tag: plone 5.x;99 tag: plone 6.x;99 tag: wine and beer sprint",""
"3699310","pyepics/pyepics",false,"1791","12","26","60","Python","master","Other","https://pyepics.github.io/pyepics/","18","101","30","29434","2011-03-16T07:58:55","2024-10-07T09:25:30","2024-10-08T02:09:55","141","22","132","0","4192","32883","5021","[{""language"":""DOS Batch"",""blankLines"":1,""codeLines"":6,""commentLines"":0},{""language"":""TOML"",""blankLines"":1,""codeLines"":6,""commentLines"":0},{""language"":""reStructuredText"",""blankLines"":1235,""codeLines"":2376,""commentLines"":1047},{""language"":""Python"",""blankLines"":2895,""codeLines"":10044,""commentLines"":3933},{""language"":""make"",""blankLines"":22,""codeLines"":91,""commentLines"":4},{""language"":""Text"",""blankLines"":2,""codeLines"":20013,""commentLines"":0},{""language"":""HTML"",""blankLines"":10,""codeLines"":44,""commentLines"":0},{""language"":""Bourne Shell"",""blankLines"":8,""codeLines"":54,""commentLines"":0},{""language"":""JavaScript"",""blankLines"":14,""codeLines"":104,""commentLines"":33},{""language"":""YAML"",""blankLines"":4,""codeLines"":144,""commentLines"":0},{""language"":""Markdown"",""blankLines"":0,""codeLines"":1,""commentLines"":4}]","2024-10-07T09:25:28","90aebf4509eb164ee0b895e41e2261faae2fa3b7",true,false,false,false,"{""Python"":542474,""Shell"":1770,""Batchfile"":189}","","epics;python"
"3699352","warner/foolscap",false,"1178","25","4","40","Python","master","MIT License","http://foolscap.lothar.com/trac","9","52","14","4874","2010-12-06T07:27:13","2024-09-23T03:01:04","2024-09-23T03:01:08","35","13","75","1","6874","29951","7332","[{""language"":""YAML"",""blankLines"":4,""codeLines"":25,""commentLines"":0},{""language"":""reStructuredText"",""blankLines"":1386,""codeLines"":4372,""commentLines"":959},{""language"":""Python"",""blankLines"":4353,""codeLines"":21777,""commentLines"":6373},{""language"":""Text"",""blankLines"":334,""codeLines"":1533,""commentLines"":0},{""language"":""INI"",""blankLines"":4,""codeLines"":45,""commentLines"":0},{""language"":""Markdown"",""blankLines"":781,""codeLines"":2161,""commentLines"":0},{""language"":""make"",""blankLines"":12,""codeLines"":38,""commentLines"":0}]","2024-09-23T03:01:04","f7f3bcf6a0b4997286d5dd8a861ca063577935c6",true,false,false,false,"{""Python"":1265445,""Roff"":214037,""Makefile"":1254}","not-for-merge",""
"3700046","wbond/package_control",false,"1804","2","18","814","Python","master",,"https://packagecontrol.io","183","4789","34","3573","2011-08-04T01:13:57","2024-09-08T10:32:00","2024-09-08T10:24:45","1495","45","189","2","14093","47592","17402","[{""language"":""Python"",""blankLines"":13848,""codeLines"":42481,""commentLines"":17401},{""language"":""Text"",""blankLines"":139,""codeLines"":290,""commentLines"":0},{""language"":""INI"",""blankLines"":1,""codeLines"":27,""commentLines"":0},{""language"":""JSON"",""blankLines"":78,""codeLines"":4688,""commentLines"":0},{""language"":""YAML"",""blankLines"":4,""codeLines"":61,""commentLines"":1},{""language"":""Markdown"",""blankLines"":23,""codeLines"":45,""commentLines"":0}]","2024-09-08T10:23:54","396488d7c4dca5ffc4829867d7a63fd6081a21da",true,false,false,false,"{""Python"":2409431}","bug;dependencies;downloader;duplicate;enhancement;invalid;major enhancement;manual review;missing debug;proxies;question;readme first;schema;stale;tls;wrong repo",""
"3700120","openstack/python-keystoneclient",false,"2519","10","0","207","Python","master","Other","https://opendev.org/openstack/python-keystoneclient","31","201","189","5445","2011-12-22T12:50:05","2024-09-06T04:16:41","2024-09-06T04:16:44","0","0","24","0","7774","23558","8682","[{""language"":""YAML"",""blankLines"":3,""codeLines"":235,""commentLines"":0},{""language"":""Python"",""blankLines"":7516,""codeLines"":21648,""commentLines"":8559},{""language"":""reStructuredText"",""blankLines"":168,""codeLines"":532,""commentLines"":88},{""language"":""Text"",""blankLines"":6,""codeLines"":55,""commentLines"":0},{""language"":""INI"",""blankLines"":15,""codeLines"":82,""commentLines"":0},{""language"":""XML"",""blankLines"":0,""codeLines"":151,""commentLines"":0},{""language"":""make"",""blankLines"":15,""codeLines"":71,""commentLines"":4},{""language"":""PO File"",""blankLines"":14,""codeLines"":42,""commentLines"":1},{""language"":""JSON"",""blankLines"":0,""codeLines"":571,""commentLines"":0},{""language"":""Bourne Shell"",""blankLines"":37,""codeLines"":171,""commentLines"":30}]","2024-09-06T04:16:06","9413fd6e37fdf10b7104b80c66560dc3224353fb",false,false,false,false,"{""Python"":1429857}","",""
"3700918","etianen/django-reversion",false,"1546","4","17","488","Python","master","BSD 3-Clause New or Revised License","https://django-reversion.readthedocs.io","57","3026","145","1878","2010-05-31T03:32:25","2024-08-09T09:29:48","2024-08-10T07:52:17","653","13","320","0","2038","5400","1188","[{""language"":""YAML"",""blankLines"":4,""codeLines"":109,""commentLines"":0},{""language"":""Python"",""blankLines"":787,""codeLines"":2827,""commentLines"":396},{""language"":""reStructuredText"",""blankLines"":798,""codeLines"":948,""commentLines"":176},{""language"":""HTML"",""blankLines"":26,""codeLines"":118,""commentLines"":0},{""language"":""PO File"",""blankLines"":423,""codeLines"":1398,""commentLines"":616}]","2024-08-09T09:29:45","9a7cd7419121e56d65247b050b7aa8a105aa000c",true,false,false,false,"{""Python"":131777,""HTML"":6265}","blocked;bug;duplicate;enhancement;needsmoreinfo;probablyfixed;question;wontfix;worksforme",""
"3700946","luispedro/mahotas",false,"1326","13","6","150","Python","main","Other","https://mahotas.rtfd.io","51","835","25","4010","2010-01-31T12:13:06","2024-07-17T07:01:24","2024-07-17T07:01:27","91","21","59","3","3445","14166","4016","[{""language"":""Markdown"",""blankLines"":117,""codeLines"":290,""commentLines"":0},{""language"":""reStructuredText"",""blankLines"":687,""codeLines"":1466,""commentLines"":315},{""language"":""SVG"",""blankLines"":1,""codeLines"":882,""commentLines"":1},{""language"":""TOML"",""blankLines"":1,""codeLines"":9,""commentLines"":1},{""language"":""C++"",""blankLines"":571,""codeLines"":4247,""commentLines"":308},{""language"":""make"",""blankLines"":22,""codeLines"":79,""commentLines"":4},{""language"":""Text"",""blankLines"":0,""codeLines"":11,""commentLines"":0},{""language"":""YAML"",""blankLines"":30,""codeLines"":171,""commentLines"":20},{""language"":""Python"",""blankLines"":1847,""codeLines"":5972,""commentLines"":3315},{""language"":""C/C++ Header"",""blankLines"":160,""codeLines"":1015,""commentLines"":52},{""language"":""HTML"",""blankLines"":9,""codeLines"":24,""commentLines"":0}]","2024-07-17T07:01:14","00b8c9748e3fc01d794847c67b30d49a7175833c",true,false,false,false,"{""Python"":321916,""C++"":213804,""Makefile"":723}","bug;documentation;enhancement","c-plus-plus;computer-vision;numpy;python;python-2;python-3"
"3700974","playonlinux/pol-pom-4",false,"3430","3","1","96","Python","master","GNU General Public License v3.0","http://www.playonlinux.com","42","444","33","88228","2011-07-22T11:46:12","2024-10-13T10:33:11","2024-10-13T10:33:16","0","0","76","4","23691","74822","24264","[{""language"":""PO File"",""blankLines"":21103,""codeLines"":63160,""commentLines"":22425},{""language"":""C"",""blankLines"":22,""codeLines"":72,""commentLines"":30},{""language"":""make"",""blankLines"":13,""codeLines"":61,""commentLines"":19},{""language"":""Bourne Again Shell"",""blankLines"":1111,""codeLines"":5415,""commentLines"":1476},{""language"":""Python"",""blankLines"":1189,""codeLines"":5082,""commentLines"":313},{""language"":""AppleScript"",""blankLines"":0,""codeLines"":6,""commentLines"":0},{""language"":""XML"",""blankLines"":2,""codeLines"":47,""commentLines"":1},{""language"":""Markdown"",""blankLines"":251,""codeLines"":979,""commentLines"":0}]","2024-10-13T10:33:11","76a6580472b2a5051e31ff6c11a9a780878fe522",false,false,false,false,"{""Python"":275745,""Shell"":264808,""Makefile"":3261,""C"":3157,""AppleScript"":110}","",""
"3701187","chazdazzle/fpdb-chaz",false,"8781","3","0","32","Python","chazdazzle",,,"12","47","23","25722","2010-09-21T03:45:53","2024-04-21T05:00:56","2024-04-21T05:00:59","15","11","18","7","39832","499296","34732","[{""language"":""Bourne Shell"",""blankLines"":15,""codeLines"":92,""commentLines"":27},{""language"":""XML"",""blankLines"":861,""codeLines"":17584,""commentLines"":577},{""language"":""Markdown"",""blankLines"":20,""codeLines"":48,""commentLines"":0},{""language"":""DOS Batch"",""blankLines"":46,""codeLines"":81,""commentLines"":66},{""language"":""PO File"",""blankLines"":14649,""codeLines"":29946,""commentLines"":17587},{""language"":""SQL"",""blankLines"":6,""codeLines"":21,""commentLines"":0},{""language"":""SVG"",""blankLines"":57,""codeLines"":27844,""commentLines"":57},{""language"":""C"",""blankLines"":19,""codeLines"":39,""commentLines"":31},{""language"":""make"",""blankLines"":13,""codeLines"":48,""commentLines"":18},{""language"":""Text"",""blankLines"":17647,""codeLines"":387695,""commentLines"":0},{""language"":""Python"",""blankLines"":6440,""codeLines"":35367,""commentLines"":16195},{""language"":""HTML"",""blankLines"":59,""codeLines"":531,""commentLines"":174}]","2024-04-21T05:00:41","c8a0f99da4e540ecfe63da87e6088bfe4c0a637c",true,false,false,false,"{""Python"":2825529,""HTML"":1794666,""Shell"":13770,""AutoIt"":11281,""Batchfile"":6020,""C"":2840,""Makefile"":2119}","",""
"3701916","rpm-software-management/tito",false,"1149","13","15","128","Python","main","GNU General Public License v2.0",,"24","380","66","2834","2009-07-21T01:48:59","2024-11-06T10:19:55","2024-11-06T10:20:01","193","50","313","7","2328","7941","2224","[{""language"":""Perl"",""blankLines"":21,""codeLines"":117,""commentLines"":1},{""language"":""Dockerfile"",""blankLines"":27,""codeLines"":115,""commentLines"":22},{""language"":""Text"",""blankLines"":0,""codeLines"":2,""commentLines"":0},{""language"":""INI"",""blankLines"":9,""codeLines"":39,""commentLines"":8},{""language"":""Markdown"",""blankLines"":232,""codeLines"":558,""commentLines"":0},{""language"":""Python"",""blankLines"":1772,""codeLines"":6081,""commentLines"":2108},{""language"":""YAML"",""blankLines"":13,""codeLines"":128,""commentLines"":2},{""language"":""XML"",""blankLines"":3,""codeLines"":11,""commentLines"":0},{""language"":""Bourne Shell"",""blankLines"":36,""codeLines"":168,""commentLines"":80},{""language"":""AsciiDoc"",""blankLines"":215,""codeLines"":722,""commentLines"":3}]","2024-11-06T10:19:55","e252a4ea1ec65643e63311d8cb8a8d3b883b84be",true,false,false,false,"{""Python"":366063,""Shell"":7128,""Dockerfile"":4488,""Perl"":3239,""Smarty"":803}","blocked;bug;cleanup;debt;doc;easyfix;effort/high;effort/low;effort/medium;gain/high;gain/low;gain/medium;question;regression;rfe;wip",""
"3702550","earwig/earwigbot",false,"1165","2","0","13","Python","main","MIT License","https://en.wikipedia.org/wiki/User:EarwigBot","8","39","7","2513","2011-04-09T07:57:26","2024-11-04T04:09:07","2024-11-04T04:09:10","51","3","14","0","2213","8739","3756","[{""language"":""make"",""blankLines"":24,""codeLines"":124,""commentLines"":5},{""language"":""YAML"",""blankLines"":0,""codeLines"":11,""commentLines"":0},{""language"":""TOML"",""blankLines"":8,""codeLines"":65,""commentLines"":0},{""language"":""reStructuredText"",""blankLines"":228,""codeLines"":732,""commentLines"":175},{""language"":""Python"",""blankLines"":1953,""codeLines"":7807,""commentLines"":3576}]","2024-11-04T04:09:01","dfae10cf12e46d6ad3c33312fdc7bd4649be47c3",false,false,false,false,"{""Python"":496457}","aspect: config;aspect: docs;aspect: irc;aspect: wiki;priority: high;priority: low;priority: mid;result: fixed;result: moved;result: won't fix","irc-bot;mediawiki;python;wikipedia"
"3702859","neogeographytoolkit/binarybuilder",false,"1236","5","3","22","Python","master",,"https://ti.arc.nasa.gov/tech/asr/groups/intelligent-robotics/ngt/stereo/","9","13","5","32074","2011-02-01T01:54:49","2024-09-30T10:00:46","2024-09-30T10:00:50","10","0","3","0","1465","8059","2482","[{""language"":""Diff"",""blankLines"":167,""codeLines"":3065,""commentLines"":767},{""language"":""M4"",""blankLines"":3,""codeLines"":25,""commentLines"":0},{""language"":""Bourne Shell"",""blankLines"":311,""codeLines"":1228,""commentLines"":294},{""language"":""Text"",""blankLines"":21,""codeLines"":70,""commentLines"":0},{""language"":""Python"",""blankLines"":727,""codeLines"":2942,""commentLines"":1160},{""language"":""CMake"",""blankLines"":236,""codeLines"":729,""commentLines"":261}]","2024-09-30T10:00:41","658184cd3b94a969a2c5f4158118aa6b262c10a2",true,false,false,false,"{""Python"":196696,""CMake"":64076,""Shell"":58719,""M4"":1007}","",""
"3702918","suor/django-cacheops",false,"1244","10","0","227","Python","master","BSD 3-Clause New or Revised License",,"40","2117","61","1393","2011-06-04T12:25:47","2024-11-01T04:08:01","2024-11-01T04:08:02","342","15","144","2","1342","3743","735","[{""language"":""YAML"",""blankLines"":7,""codeLines"":65,""commentLines"":0},{""language"":""Bourne Shell"",""blankLines"":3,""codeLines"":8,""commentLines"":0},{""language"":""reStructuredText"",""blankLines"":306,""codeLines"":255,""commentLines"":297},{""language"":""JSON"",""blankLines"":2,""codeLines"":82,""commentLines"":0},{""language"":""Lua"",""blankLines"":25,""codeLines"":109,""commentLines"":38},{""language"":""INI"",""blankLines"":9,""codeLines"":71,""commentLines"":3},{""language"":""Text"",""blankLines"":0,""codeLines"":8,""commentLines"":0},{""language"":""Python"",""blankLines"":990,""codeLines"":3145,""commentLines"":397}]","2024-11-01T04:07:25","7307e35e2962d942acb093363ed4d45aaf8040b8",true,false,false,false,"{""Python"":151266,""Lua"":5824,""Shell"":294}","2.x;champion wanted;design decision needed;discussion;looking for more interest;postponed;question;waiting for feedback","caching;django;orm;python"
"3703697","phpbb/documentation",false,"1035","7","0","61","Python","3.3.x",,"http://www.phpbb.com","32","16","40","9401","2011-10-27T07:22:20","2024-07-07T09:15:22","2024-07-07T09:15:09","47","2","244","2","16671","211386","14498","[{""language"":""Bourne Shell"",""blankLines"":8,""codeLines"":31,""commentLines"":2},{""language"":""reStructuredText"",""blankLines"":3393,""codeLines"":4509,""commentLines"":8333},{""language"":""DTD"",""blankLines"":28,""codeLines"":128,""commentLines"":4},{""language"":""SVG"",""blankLines"":0,""codeLines"":3,""commentLines"":1},{""language"":""make"",""blankLines"":28,""codeLines"":143,""commentLines"":6},{""language"":""YAML"",""blankLines"":4,""codeLines"":62,""commentLines"":0},{""language"":""XSLT"",""blankLines"":8627,""codeLines"":63730,""commentLines"":4285},{""language"":""Markdown"",""blankLines"":27,""codeLines"":64,""commentLines"":0},{""language"":""JavaScript"",""blankLines"":3,""codeLines"":176,""commentLines"":11},{""language"":""HTML"",""blankLines"":0,""codeLines"":35,""commentLines"":0},{""language"":""DOS Batch"",""blankLines"":33,""codeLines"":219,""commentLines"":2},{""language"":""Python"",""blankLines"":74,""codeLines"":66,""commentLines"":163},{""language"":""CSS"",""blankLines"":29,""codeLines"":186,""commentLines"":2},{""language"":""XML"",""blankLines"":4417,""codeLines"":142034,""commentLines"":1689}]","2024-07-07T09:14:51","d8590ed2e6f1d58ba7cb469940a0c6bf99266c0c",false,false,false,false,"{""Python"":9340,""Makefile"":6758,""Batchfile"":6699,""HTML"":996,""CSS"":581,""JavaScript"":114}","bug;copied from wiki;new doc;new feature;updated doc;wip;won't fix","documentation;phpbb"
"3703748","mirumee/satchless",false,"1023","3","0","146","Python","master","Other",,"75","785","28","3084","2011-03-10T06:17:50","2024-01-10T06:19:59","2024-01-10T06:26:11","0","0","60","0","565","1045","346","[{""language"":""reStructuredText"",""blankLines"":237,""codeLines"":249,""commentLines"":174},{""language"":""Python"",""blankLines"":282,""codeLines"":662,""commentLines"":168},{""language"":""make"",""blankLines"":15,""codeLines"":70,""commentLines"":4},{""language"":""YAML"",""blankLines"":0,""codeLines"":15,""commentLines"":0},{""language"":""Markdown"",""blankLines"":31,""codeLines"":49,""commentLines"":0}]","2024-01-10T06:19:59","dbaf6f78812f49a124c58f71d50761fe5b56a743",false,true,false,false,"{""Python"":27385}","accepted;archive;bug;discussion;finished;in progress;on stage;pull request pending;rejected",""
"3705629","wireservice/csvkit",false,"2010","3","0","608","Python","master","MIT License","https://csvkit.readthedocs.io","128","5938","93","22364","2011-04-01T03:00:30","2024-08-26T07:04:19","2024-08-26T07:04:23","917","28","343","1","2279","12376","1797","[{""language"":""CSV"",""blankLines"":7,""codeLines"":4896,""commentLines"":0},{""language"":""JSON"",""blankLines"":1,""codeLines"":125,""commentLines"":0},{""language"":""Dockerfile"",""blankLines"":2,""codeLines"":5,""commentLines"":0},{""language"":""make"",""blankLines"":21,""codeLines"":105,""commentLines"":4},{""language"":""Text"",""blankLines"":25,""codeLines"":120,""commentLines"":0},{""language"":""Prolog"",""blankLines"":0,""codeLines"":1000,""commentLines"":0},{""language"":""Python"",""blankLines"":1278,""codeLines"":4842,""commentLines"":419},{""language"":""YAML"",""blankLines"":0,""codeLines"":142,""commentLines"":4},{""language"":""reStructuredText"",""blankLines"":945,""codeLines"":1137,""commentLines"":1370},{""language"":""SQL"",""blankLines"":0,""codeLines"":4,""commentLines"":0}]","2024-08-26T07:04:04","65952972492e684c49ac68b13c312d7e8aa93df3",false,false,false,false,"{""Python"":255090,""Dockerfile"":113}","bug;bug: upstream;csvclean;csvcut;csvformat;csvgrep;csvjoin;csvlook;csvpy;csvsort;csvsql;csvstack;csvstat;documentation;feature;feature: upstream;framework;in2csv;question;sql2csv;wontfix",""
"3706064","yelp/tron",false,"3802","453","27","61","Python","master","Other",,"30","343","52","12610","2010-09-09T08:54:04","2024-10-31T04:12:17","2024-10-31T04:12:21","152","14","851","11","8280","46190","3649","[{""language"":""Bourne Shell"",""blankLines"":23,""codeLines"":95,""commentLines"":10},{""language"":""JavaScript"",""blankLines"":737,""codeLines"":5843,""commentLines"":478},{""language"":""CoffeeScript"",""blankLines"":517,""codeLines"":1726,""commentLines"":22},{""language"":""Cucumber"",""blankLines"":1,""codeLines"":7,""commentLines"":0},{""language"":""make"",""blankLines"":30,""codeLines"":119,""commentLines"":8},{""language"":""YAML"",""blankLines"":55,""codeLines"":409,""commentLines"":94},{""language"":""Markdown"",""blankLines"":16,""codeLines"":29,""commentLines"":0},{""language"":""Less"",""blankLines"":164,""codeLines"":716,""commentLines"":59},{""language"":""INI"",""blankLines"":10,""codeLines"":72,""commentLines"":0},{""language"":""Text"",""blankLines"":21,""codeLines"":1780,""commentLines"":0},{""language"":""Diff"",""blankLines"":3,""codeLines"":56,""commentLines"":22},{""language"":""HTML"",""blankLines"":24,""codeLines"":124,""commentLines"":18},{""language"":""Python"",""blankLines"":5967,""codeLines"":29058,""commentLines"":2460},{""language"":""CSS"",""blankLines"":89,""codeLines"":4427,""commentLines"":57},{""language"":""TOML"",""blankLines"":0,""codeLines"":3,""commentLines"":0},{""language"":""Dockerfile"",""blankLines"":20,""codeLines"":142,""commentLines"":32},{""language"":""reStructuredText"",""blankLines"":603,""codeLines"":1278,""commentLines"":389},{""language"":""JSON"",""blankLines"":0,""codeLines"":306,""commentLines"":0}]","2024-10-31T04:12:14","379b45dea6ab65e48825cef5d6e75195efc8a415",false,false,false,false,"{""Python"":1285407,""JavaScript"":256408,""CSS"":130226,""CoffeeScript"":66140,""Less"":16278,""Dockerfile"":6728,""HTML"":6032,""Makefile"":5112,""Shell"":3677,""Gherkin"":284}","administrative;api;bug;cleanup;configuration component;dependencies;docs;feature;grand rewrite;in progress;in review;javascript;job scheduleing component;performance;python;selected for development;service monitoring component;tests;tron commands;trond;tronweb",""
"3708105","rickysarraf/apt-offline",false,"1414","6","9","37","Python","master","GNU General Public License v3.0","http://rickysarraf.github.io/apt-offline/","12","199","12","2735","2011-07-24T05:21:20","2024-06-04T09:52:46","2024-06-04T09:52:49","154","17","54","1","1121","7818","1014","[{""language"":""DOS Batch"",""blankLines"":6,""codeLines"":18,""commentLines"":0},{""language"":""JSON"",""blankLines"":0,""codeLines"":32,""commentLines"":0},{""language"":""XML"",""blankLines"":2,""codeLines"":43,""commentLines"":0},{""language"":""Bourne Shell"",""blankLines"":106,""codeLines"":275,""commentLines"":10},{""language"":""YAML"",""blankLines"":10,""codeLines"":37,""commentLines"":14},{""language"":""Qt"",""blankLines"":4,""codeLines"":2663,""commentLines"":0},{""language"":""Markdown"",""blankLines"":10,""codeLines"":10,""commentLines"":0},{""language"":""HTML"",""blankLines"":72,""codeLines"":352,""commentLines"":0},{""language"":""make"",""blankLines"":5,""codeLines"":15,""commentLines"":0},{""language"":""Text"",""blankLines"":3,""codeLines"":13,""commentLines"":0},{""language"":""Python"",""blankLines"":903,""codeLines"":4360,""commentLines"":990}]","2024-06-04T09:52:36","dbcf7db1f62f22da8b02907210aaca2ec95ab9ae",true,false,false,false,"{""Python"":238227,""Shell"":14071,""HTML"":13898,""Roff"":11088,""Batchfile"":783,""Makefile"":317}","bug;corner case;need info;not a bug;wishlist","apt;apt-get;apt-offline;debian;offline;package-manager"
"3708843","esitarski/crossmgr",false,"4721","5","77","21","Python","master","MIT License",,"10","41","4","45394","2010-11-01T05:25:15","2024-11-02T08:34:51","2024-11-02T08:20:52","116","39","26","8","25943","113096","15495","[{""language"":""PO File"",""blankLines"":4146,""codeLines"":8439,""commentLines"":4790},{""language"":""Bourne Shell"",""blankLines"":52,""codeLines"":597,""commentLines"":23},{""language"":""XML"",""blankLines"":0,""codeLines"":4569,""commentLines"":0},{""language"":""Markdown"",""blankLines"":1983,""codeLines"":3610,""commentLines"":0},{""language"":""JavaScript"",""blankLines"":161,""codeLines"":716,""commentLines"":40},{""language"":""Bourne Again Shell"",""blankLines"":4,""codeLines"":12,""commentLines"":0},{""language"":""YAML"",""blankLines"":7,""codeLines"":248,""commentLines"":109},{""language"":""Python"",""blankLines"":17515,""codeLines"":79483,""commentLines"":10349},{""language"":""CSS"",""blankLines"":159,""codeLines"":1057,""commentLines"":111},{""language"":""HTML"",""blankLines"":1744,""codeLines"":12636,""commentLines"":54},{""language"":""DOS Batch"",""blankLines"":11,""codeLines"":19,""commentLines"":1},{""language"":""JSON"",""blankLines"":0,""codeLines"":267,""commentLines"":0},{""language"":""Text"",""blankLines"":108,""codeLines"":485,""commentLines"":0},{""language"":""PowerShell"",""blankLines"":53,""codeLines"":757,""commentLines"":18},{""language"":""CSV"",""blankLines"":0,""codeLines"":201,""commentLines"":0}]","2024-11-02T08:20:49","32d43f25ddf5b4dbd3656dbed81d395d7679e3d5",true,false,false,false,"{""Python"":3636448,""HTML"":613803,""CSS"":80746,""JavaScript"":28777,""PowerShell"":21107,""Shell"":18517,""Inno Setup"":12137,""Batchfile"":692}","annoucement;bug;dependencies;enhancement;feature request;linux;macosx;question;windows",""
"3709022","ox-it/dataox",false,"1354","25","0","1","Python","master",,"http://data.ox.ac.uk/","11","12","5","3326","2011-07-30T11:35:21","2024-01-11T11:54:14","2023-08-13T07:29:55","13","11","9","0","3528","19090","1378","[{""language"":""JSON"",""blankLines"":0,""codeLines"":113,""commentLines"":0},{""language"":""Text"",""blankLines"":4,""codeLines"":26,""commentLines"":0},{""language"":""Python"",""blankLines"":668,""codeLines"":2746,""commentLines"":534},{""language"":""CSS"",""blankLines"":474,""codeLines"":1716,""commentLines"":86},{""language"":""HTML"",""blankLines"":478,""codeLines"":2885,""commentLines"":69},{""language"":""INI"",""blankLines"":19,""codeLines"":60,""commentLines"":0},{""language"":""reStructuredText"",""blankLines"":325,""codeLines"":656,""commentLines"":370},{""language"":""DOS Batch"",""blankLines"":23,""codeLines"":166,""commentLines"":1},{""language"":""XML"",""blankLines"":912,""codeLines"":5662,""commentLines"":0},{""language"":""JavaScript"",""blankLines"":239,""codeLines"":1140,""commentLines"":173},{""language"":""make"",""blankLines"":30,""codeLines"":138,""commentLines"":7},{""language"":""SVG"",""blankLines"":10,""codeLines"":449,""commentLines"":4},{""language"":""XSLT"",""blankLines"":346,""codeLines"":3333,""commentLines"":134}]","2024-01-11T11:54:04","96726ce9fb2be5c5d4e9b0550a54a9f8dd8ce30e",true,false,false,false,"{""Python"":160178,""XSLT"":157155,""HTML"":143473,""JavaScript"":52239,""CSS"":37787,""Makefile"":5609,""Batchfile"":5123}","auth;bug;feature request;oauth2",""
"3709303","eskerda/pybikes",false,"1711","6","0","167","Python","master","GNU Lesser General Public License v3.0","https://citybik.es","32","555","92","2488","2010-07-16T10:07:59","2024-10-23T09:26:32","2024-10-23T11:34:39","200","24","572","5","1647","15705","679","[{""language"":""Markdown"",""blankLines"":67,""codeLines"":271,""commentLines"":0},{""language"":""YAML"",""blankLines"":4,""codeLines"":93,""commentLines"":4},{""language"":""JSON"",""blankLines"":4,""codeLines"":10522,""commentLines"":0},{""language"":""make"",""blankLines"":14,""codeLines"":42,""commentLines"":0},{""language"":""Text"",""blankLines"":40,""codeLines"":141,""commentLines"":0},{""language"":""Python"",""blankLines"":1439,""codeLines"":4174,""commentLines"":675},{""language"":""HTML"",""blankLines"":79,""codeLines"":462,""commentLines"":0}]","2024-10-23T09:26:29","1310c156426d9cca18b0a1cb2e29980091b4c4c3",true,false,false,false,"{""Python"":195137,""HTML"":18221,""Makefile"":1251,""Shell"":522}","accepted;bug;dependencies;experimental;feature",""
"3709513","urbanairship/python-library",false,"1121","4","7","67","Python","main","Other","https://docs.airship.com/api/libraries/python/","100","83","26","2720","2011-01-04T10:26:38","2024-04-30T05:36:08","2024-04-30T05:35:59","24","2","38","1","2550","11274","1889","[{""language"":""reStructuredText"",""blankLines"":202,""codeLines"":264,""commentLines"":184},{""language"":""Markdown"",""blankLines"":26,""codeLines"":49,""commentLines"":8},{""language"":""YAML"",""blankLines"":16,""codeLines"":155,""commentLines"":0},{""language"":""make"",""blankLines"":28,""codeLines"":143,""commentLines"":6},{""language"":""CSV"",""blankLines"":0,""codeLines"":10,""commentLines"":0},{""language"":""Text"",""blankLines"":0,""codeLines"":17,""commentLines"":0},{""language"":""Python"",""blankLines"":2278,""codeLines"":10636,""commentLines"":1691}]","2024-04-30T05:24:19","8084f43fa8eb86af807fa6abcb56f7fb7fc3b3d2",false,false,false,false,"{""Python"":504552}","mend: dependency security vulnerability;security fix",""
"3710387","braintree/braintree_python",false,"1917","5","0","115","Python","master","MIT License","https://developer.paypal.com/braintree/docs/start/overview","84","242","50","3260","2010-03-25T09:29:00","2024-10-29T05:31:05","2024-10-29T05:31:08","109","8","46","1","5292","28910","2179","[{""language"":""make"",""blankLines"":2,""codeLines"":5,""commentLines"":0},{""language"":""Text"",""blankLines"":0,""codeLines"":4,""commentLines"":0},{""language"":""Groovy"",""blankLines"":11,""codeLines"":51,""commentLines"":2},{""language"":""Python"",""blankLines"":5027,""codeLines"":27964,""commentLines"":2160},{""language"":""Bourne Shell"",""blankLines"":2,""codeLines"":9,""commentLines"":0},{""language"":""Ruby"",""blankLines"":11,""codeLines"":52,""commentLines"":10},{""language"":""YAML"",""blankLines"":1,""codeLines"":51,""commentLines"":2},{""language"":""Markdown"",""blankLines"":236,""codeLines"":766,""commentLines"":5},{""language"":""Dockerfile"",""blankLines"":2,""codeLines"":8,""commentLines"":0}]","2024-10-29T05:10:53","6aa90054128542b22d7b449b76fea52c4405c128",false,false,false,false,"{""Python"":1479932,""Ruby"":2061,""Dockerfile"":253,""Makefile"":238,""Shell"":208}","next-major-version;triaged","braintree;payments;python"
"3711323","django-tastypie/django-tastypie",false,"1300","19","8","1169","Python","master","Other","http://tastypieapi.org/","128","3917","171","3057","2010-03-29T06:01:45","2024-10-15T10:11:25","2024-10-15T09:38:51","834","307","847","98","7106","20822","3828","[{""language"":""JSON"",""blankLines"":6,""codeLines"":445,""commentLines"":0},{""language"":""Bourne Shell"",""blankLines"":10,""codeLines"":37,""commentLines"":0},{""language"":""reStructuredText"",""blankLines"":2478,""codeLines"":4782,""commentLines"":815},{""language"":""YAML"",""blankLines"":8,""codeLines"":66,""commentLines"":9},{""language"":""make"",""blankLines"":17,""codeLines"":79,""commentLines"":4},{""language"":""INI"",""blankLines"":9,""codeLines"":59,""commentLines"":0},{""language"":""HTML"",""blankLines"":3,""codeLines"":30,""commentLines"":0},{""language"":""Text"",""blankLines"":9,""codeLines"":28,""commentLines"":0},{""language"":""Python"",""blankLines"":4566,""codeLines"":15296,""commentLines"":3000}]","2024-10-15T09:38:45","2444fcec5351ded1642a16354097cd8717969326",false,false,false,false,"{""Python"":879370,""Shell"":1250,""HTML"":988}","admin-needed;backwards-incompatible-change;bug;dependencies;design-decision-needed;django-update;documentation;easy_to_fix;feature;good first issue;immediate;important;mergeconflicts;needsfixing;needunittest;ready for release;unconfirmed;wontfix",""
"3711326","django-mptt/django-mptt",false,"1222","11","9","465","Python","main","Other","https://django-mptt.readthedocs.io/","67","2851","135","2138","2010-08-31T07:12:55","2024-07-01T06:17:37","2024-07-01T06:17:42","530","113","308","3","2815","10828","2888","[{""language"":""INI"",""blankLines"":4,""codeLines"":40,""commentLines"":0},{""language"":""HTML"",""blankLines"":3,""codeLines"":80,""commentLines"":0},{""language"":""Text"",""blankLines"":125,""codeLines"":1365,""commentLines"":0},{""language"":""Python"",""blankLines"":1279,""codeLines"":5078,""commentLines"":2047},{""language"":""CSS"",""blankLines"":9,""codeLines"":70,""commentLines"":1},{""language"":""JSON"",""blankLines"":0,""codeLines"":325,""commentLines"":0},{""language"":""TOML"",""blankLines"":10,""codeLines"":63,""commentLines"":0},{""language"":""Bourne Shell"",""blankLines"":3,""codeLines"":13,""commentLines"":0},{""language"":""reStructuredText"",""blankLines"":706,""codeLines"":1431,""commentLines"":190},{""language"":""make"",""blankLines"":21,""codeLines"":105,""commentLines"":4},{""language"":""YAML"",""blankLines"":7,""codeLines"":110,""commentLines"":7},{""language"":""JavaScript"",""blankLines"":56,""codeLines"":392,""commentLines"":34},{""language"":""PO File"",""blankLines"":592,""codeLines"":1756,""commentLines"":605}]","2024-07-01T06:17:37","9857df67c5de42e2f2e3aba01f7e9f6494a8817c",true,false,false,false,"{""Python"":281767,""JavaScript"":13802,""HTML"":3010,""CSS"":1559,""Shell"":351}","accepted;broken tree;defect;documentation;enhancement;hacktoberfest-accepted;needsinfo;question",""
"3714833","linuxossk/shakal-ng",false,"3712","4","0","10","Python","master","MIT License","https://linuxos.sk/","7","15","8","7032","2011-08-07T02:36:25","2024-11-09T03:36:26","2024-11-09T03:36:30","122","22","79","0","7765","50450","1263","[{""language"":""YAML"",""blankLines"":0,""codeLines"":17,""commentLines"":0},{""language"":""Markdown"",""blankLines"":42,""codeLines"":72,""commentLines"":0},{""language"":""Diff"",""blankLines"":0,""codeLines"":553,""commentLines"":98},{""language"":""PHP"",""blankLines"":196,""codeLines"":1177,""commentLines"":336},{""language"":""PO File"",""blankLines"":104,""codeLines"":242,""commentLines"":22},{""language"":""JavaScript"",""blankLines"":514,""codeLines"":3596,""commentLines"":19},{""language"":""Bourne Shell"",""blankLines"":39,""codeLines"":211,""commentLines"":3},{""language"":""Sass"",""blankLines"":1010,""codeLines"":6874,""commentLines"":12},{""language"":""SVG"",""blankLines"":20,""codeLines"":3443,""commentLines"":20},{""language"":""Bourne Again Shell"",""blankLines"":14,""codeLines"":90,""commentLines"":0},{""language"":""Text"",""blankLines"":42,""codeLines"":329,""commentLines"":0},{""language"":""TOML"",""blankLines"":0,""codeLines"":5,""commentLines"":0},{""language"":""Python"",""blankLines"":3466,""codeLines"":15595,""commentLines"":519},{""language"":""CSS"",""blankLines"":70,""codeLines"":1821,""commentLines"":2},{""language"":""HTML"",""blankLines"":1195,""codeLines"":9286,""commentLines"":126},{""language"":""INI"",""blankLines"":1,""codeLines"":6,""commentLines"":0},{""language"":""JSON"",""blankLines"":0,""codeLines"":148,""commentLines"":0},{""language"":""SCSS"",""blankLines"":1010,""codeLines"":6831,""commentLines"":55},{""language"":""Dockerfile"",""blankLines"":6,""codeLines"":22,""commentLines"":0},{""language"":""Softbridge Basic"",""blankLines"":19,""codeLines"":94,""commentLines"":51},{""language"":""reStructuredText"",""blankLines"":17,""codeLines"":38,""commentLines"":0}]","2024-11-09T03:36:17","716502dcd8df2d94dd4c5ec0fdbf1e93fb22ef1b",true,false,false,false,"{""Python"":592208,""HTML"":452837,""SCSS"":149296,""JavaScript"":115190,""CSS"":74534,""PHP"":62079,""Shell"":9651,""Dockerfile"":678}","dependencies;discussion;prio:high;prio:low;prio:medium;type:bug;type:feature;type:idea",""
"3715855","plone/plone.app.theming",false,"1115","10","0","30","Python","master","Other","https://docs.plone.org/external/plone.app.theming/docs/index.html","153","21","69","10984","2011-09-25T01:41:01","2024-11-06T02:59:01","2024-11-06T02:59:04","79","37","168","3","2206","7013","804","[{""language"":""Text"",""blankLines"":6,""codeLines"":22,""commentLines"":0},{""language"":""YAML"",""blankLines"":16,""codeLines"":79,""commentLines"":86},{""language"":""Python"",""blankLines"":889,""codeLines"":2935,""commentLines"":580},{""language"":""CSS"",""blankLines"":22,""codeLines"":97,""commentLines"":1},{""language"":""INI"",""blankLines"":34,""codeLines"":242,""commentLines"":0},{""language"":""reStructuredText"",""blankLines"":988,""codeLines"":2001,""commentLines"":48},{""language"":""HTML"",""blankLines"":2,""codeLines"":86,""commentLines"":2},{""language"":""XML"",""blankLines"":228,""codeLines"":1460,""commentLines"":21},{""language"":""JavaScript"",""blankLines"":0,""codeLines"":0,""commentLines"":1},{""language"":""TOML"",""blankLines"":21,""codeLines"":91,""commentLines"":65}]","2024-11-06T02:58:59","dcc9a45ecdd6867d0891e8233d0fe9c976a547b5",false,false,false,false,"{""Python"":153401,""HTML"":2194,""CSS"":1661,""JavaScript"":16}","01 type: bug;02 type: regression;03 type: feature (plip);04 type: enhancement;05 type: question;11 prio: blocker;12 prio: high;13 prio: normal;14 prio: low;21 status: confirmed;22 status: in-progress;23 status: testing;24 status: ready;25 status: deferred;31 needs: help;32 needs: review;33 needs: docs;34 needs: tests;35 needs: rebase;36 needs: cla;37 needs: release;41 lvl: easy;42 lvl: moderate;43 lvl: complex;51 target: patch;52 target: minor;53 target: major;99 tag: plone 4.3.x;99 tag: plone 5.x",""
"3716134","rembo10/headphones",false,"2909","5","32","601","Python","master","GNU General Public License v3.0",,"197","3373","123","17700","2011-05-21T01:34:22","2024-09-08T11:50:28","2024-09-09T03:20:51","2827","503","515","24","45255","220928","59864","[{""language"":""SVG"",""blankLines"":0,""codeLines"":685,""commentLines"":0},{""language"":""reStructuredText"",""blankLines"":0,""codeLines"":1,""commentLines"":0},{""language"":""Python"",""blankLines"":42108,""codeLines"":197827,""commentLines"":57551},{""language"":""CSS"",""blankLines"":136,""codeLines"":2325,""commentLines"":78},{""language"":""HTML"",""blankLines"":353,""codeLines"":4806,""commentLines"":45},{""language"":""Less"",""blankLines"":88,""codeLines"":1454,""commentLines"":41},{""language"":""XML"",""blankLines"":14,""codeLines"":48,""commentLines"":3},{""language"":""SQL"",""blankLines"":0,""codeLines"":1102,""commentLines"":0},{""language"":""Text"",""blankLines"":24,""codeLines"":1614,""commentLines"":0},{""language"":""Bourne Shell"",""blankLines"":78,""codeLines"":301,""commentLines"":173},{""language"":""JavaScript"",""blankLines"":2238,""codeLines"":9374,""commentLines"":1971},{""language"":""YAML"",""blankLines"":20,""codeLines"":918,""commentLines"":2},{""language"":""Markdown"",""blankLines"":196,""codeLines"":473,""commentLines"":0}]","2024-08-16T12:44:17","ba666f68b8020ec22487fbe3524fd8f037f592c1",true,false,false,false,"{""Python"":9266709,""HTML"":259506,""JavaScript"":132901,""CSS"":54867,""Less"":33428,""Shell"":16159}","accepted;bug;critical;db;develop branch;need more info;pr almost there;pr green light;pr on hold;pr rejected;rejected;request;rfc;support;unicode;windows",""
"3716510","lebigot/uncertainties",false,"2609","2","16","69","Python","master","Other","http://uncertainties-python-package.readthedocs.io/","12","513","14","3115","2010-06-11T07:50:15","2024-02-06T06:54:05","2024-02-05T07:11:38","135","50","49","14","2562","5135","4211","[{""language"":""reStructuredText"",""blankLines"":505,""codeLines"":1189,""commentLines"":188},{""language"":""Python"",""blankLines"":1887,""codeLines"":3181,""commentLines"":3968},{""language"":""CSS"",""blankLines"":91,""codeLines"":406,""commentLines"":11},{""language"":""make"",""blankLines"":17,""codeLines"":76,""commentLines"":5},{""language"":""Text"",""blankLines"":15,""codeLines"":23,""commentLines"":0},{""language"":""HTML"",""blankLines"":12,""codeLines"":81,""commentLines"":0},{""language"":""Bourne Shell"",""blankLines"":9,""codeLines"":17,""commentLines"":13},{""language"":""YAML"",""blankLines"":10,""codeLines"":67,""commentLines"":25},{""language"":""DOS Batch"",""blankLines"":16,""codeLines"":95,""commentLines"":1}]","2024-02-06T06:54:04","1c85251a68673ad7457a69a87bf9f11a007e7f58",false,false,false,false,"{""Python"":325836,""Shell"":1388}","behavior;bug;documentation;installation problem;interface;internals;new feature;numpy+uncertainties;regression","autodiff;autodifferentiation;differentiation;error-propagation;uncertainties"
"3716730","edgewall/genshi",false,"1007","24","9","35","Python","master","Other","http://genshi.edgewall.org","15","86","27","2554","2011-05-30T06:01:50","2024-10-15T08:55:43","2024-10-15T08:55:48","34","6","55","0","4577","18854","7364","[{""language"":""TOML"",""blankLines"":0,""codeLines"":3,""commentLines"":0},{""language"":""YAML"",""blankLines"":28,""codeLines"":121,""commentLines"":20},{""language"":""make"",""blankLines"":4,""codeLines"":9,""commentLines"":7},{""language"":""Text"",""blankLines"":6,""codeLines"":35,""commentLines"":0},{""language"":""INI"",""blankLines"":0,""codeLines"":13,""commentLines"":0},{""language"":""XML"",""blankLines"":26,""codeLines"":1358,""commentLines"":0},{""language"":""Bourne Shell"",""blankLines"":7,""codeLines"":25,""commentLines"":7},{""language"":""JavaScript"",""blankLines"":0,""codeLines"":1,""commentLines"":10},{""language"":""Markdown"",""blankLines"":7,""codeLines"":15,""commentLines"":2},{""language"":""reStructuredText"",""blankLines"":1072,""codeLines"":1693,""commentLines"":988},{""language"":""C#"",""blankLines"":3,""codeLines"":29,""commentLines"":0},{""language"":""C"",""blankLines"":76,""codeLines"":734,""commentLines"":23},{""language"":""Python"",""blankLines"":3304,""codeLines"":14373,""commentLines"":6307},{""language"":""CSS"",""blankLines"":5,""codeLines"":37,""commentLines"":0},{""language"":""HTML"",""blankLines"":39,""codeLines"":408,""commentLines"":0}]","2024-10-15T08:55:39","89a931c6f4983dde7cd13914817f2ae2224f1248",false,false,false,false,"{""Python"":854922,""C"":22415,""Shell"":728,""HTML"":550}","","python;templating-language"
"3716732","devilry/devilry-django",false,"14730","111","0","24","Python","master","BSD 3-Clause New or Revised License","http://devilry.org","14","51","19","117028","2010-01-24T01:31:14","2024-10-14T10:13:48","2024-10-14T10:13:51","1246","52","74","19","34902","193096","27279","[{""language"":""INI"",""blankLines"":7,""codeLines"":51,""commentLines"":1},{""language"":""Less"",""blankLines"":745,""codeLines"":5028,""commentLines"":569},{""language"":""JSON"",""blankLines"":0,""codeLines"":15211,""commentLines"":0},{""language"":""Dockerfile"",""blankLines"":1,""codeLines"":5,""commentLines"":0},{""language"":""SVG"",""blankLines"":0,""codeLines"":229,""commentLines"":0},{""language"":""TOML"",""blankLines"":13,""codeLines"":129,""commentLines"":1},{""language"":""Text"",""blankLines"":38,""codeLines"":230,""commentLines"":0},{""language"":""Markdown"",""blankLines"":457,""codeLines"":771,""commentLines"":0},{""language"":""JavaScript"",""blankLines"":3548,""codeLines"":23146,""commentLines"":3377},{""language"":""PO File"",""blankLines"":3010,""codeLines"":8295,""commentLines"":4629},{""language"":""YAML"",""blankLines"":9,""codeLines"":91,""commentLines"":12},{""language"":""Bourne Shell"",""blankLines"":15,""codeLines"":80,""commentLines"":71},{""language"":""reStructuredText"",""blankLines"":3155,""codeLines"":5456,""commentLines"":1296},{""language"":""SQL"",""blankLines"":5992,""codeLines"":9726,""commentLines"":5864},{""language"":""Python"",""blankLines"":17024,""codeLines"":97188,""commentLines"":11249},{""language"":""CSS"",""blankLines"":10,""codeLines"":18692,""commentLines"":178},{""language"":""HTML"",""blankLines"":878,""codeLines"":8768,""commentLines"":32}]","2024-10-14T10:12:49","bec662a21ef743260286be8b790ab6a2538a86cd",true,false,false,false,"{""Python"":5927198,""JavaScript"":986012,""CSS"":513739,""PLpgSQL"":397986,""HTML"":394747,""Less"":167286,""Shell"":4512,""Dockerfile"":211}","2.0.x;3.x.x;almostready;assignmentadminpages;assignmentdashboard;astrophysics;automatic-testing;bad user experience;bug;bug-with-workaround;bugreport-with-missing-info;chemistry;closed-not-relevant;cluster;codelayout;commandline-client;complex;corechanges;dependencies;developer-helpers;devilry-api;devilry-branding;documentation;duplicate;easy;final-exams;geosciences;groupadminpages;helptext improvement;high priority;improvement;in progress;javascript;math;missing-tests;new feature;other-systems;periodadminpages;pharmacy;physics;python;ready;security;subjectadminpages;suitable-for-new-developer;sysadmin;tag-system-rewrite;task;temporary-fix;todo;translations;uio-matnat-meetinginput;update;user-docs-admin;user-docs-examiner;user-docs-student;waiting for design;waiting-for-specification;wcag;web-admin;web-examiner;web-student;website issues;wontfix",""
"3718296","robotframework/seleniumlibrary",false,"2522","6","58","765","Python","master","Apache License 2.0",,"145","1391","89","114505","2011-10-22T08:01:34","2024-11-02T09:25:40","2024-11-02T09:25:44","1053","71","870","9","7361","43998","9370","[{""language"":""JSON"",""blankLines"":0,""codeLines"":2821,""commentLines"":0},{""language"":""JavaScript"",""blankLines"":1107,""codeLines"":4368,""commentLines"":835},{""language"":""HTML"",""blankLines"":317,""codeLines"":16616,""commentLines"":29},{""language"":""Python"",""blankLines"":2397,""codeLines"":9003,""commentLines"":3298},{""language"":""CSS"",""blankLines"":199,""codeLines"":1196,""commentLines"":84},{""language"":""TOML"",""blankLines"":3,""codeLines"":20,""commentLines"":0},{""language"":""Text"",""blankLines"":197,""codeLines"":945,""commentLines"":0},{""language"":""reStructuredText"",""blankLines"":2460,""codeLines"":5125,""commentLines"":4620},{""language"":""Markdown"",""blankLines"":13,""codeLines"":40,""commentLines"":0},{""language"":""YAML"",""blankLines"":8,""codeLines"":79,""commentLines"":7},{""language"":""RobotFramework"",""blankLines"":660,""codeLines"":3785,""commentLines"":497}]","2024-11-02T09:25:40","1d6aa8622d8f1fc36870e36e299e66aef06fb245",false,false,false,false,"{""Python"":564657,""RobotFramework"":209964,""HTML"":59892,""JavaScript"":7167,""CSS"":1322}","acknowledge;alpha 1;alpha 2;alpha 3;backwards incompatible;beta 1;beta 2;beta 3;bug;deprecation;duplicate;enhancement;good first issue;help wanted;in progress;invalid;needs review;pending;priority: critical;priority: high;priority: low;priority: medium;rc 1;rc 2;rc 3;task;wont fix","python;robotframework;selenium"
"3718318","benadida/helios-server",false,"1038","35","0","342","Python","master","Apache License 2.0","http://heliosvoting.org","51","719","29","3405","2009-07-26T12:25:38","2024-09-16T12:50:09","2024-09-16T12:50:13","233","113","161","11","8161","34194","6920","[{""language"":""YAML"",""blankLines"":5,""codeLines"":41,""commentLines"":0},{""language"":""Bourne Shell"",""blankLines"":0,""codeLines"":9,""commentLines"":0},{""language"":""Java"",""blankLines"":6,""codeLines"":14,""commentLines"":5},{""language"":""XML"",""blankLines"":1,""codeLines"":241,""commentLines"":0},{""language"":""Markdown"",""blankLines"":27,""codeLines"":46,""commentLines"":0},{""language"":""SQL"",""blankLines"":0,""codeLines"":6,""commentLines"":0},{""language"":""HTML"",""blankLines"":910,""codeLines"":3768,""commentLines"":71},{""language"":""Python"",""blankLines"":3048,""codeLines"":8165,""commentLines"":3422},{""language"":""CSS"",""blankLines"":617,""codeLines"":5479,""commentLines"":301},{""language"":""Text"",""blankLines"":49,""codeLines"":130,""commentLines"":0},{""language"":""JSON"",""blankLines"":0,""codeLines"":47,""commentLines"":0},{""language"":""JavaScript"",""blankLines"":3498,""codeLines"":16235,""commentLines"":3121},{""language"":""CSV"",""blankLines"":0,""codeLines"":13,""commentLines"":0}]","2024-09-16T12:50:01","796614d21f6a3a5b7241fe529aa522b6e1c66232",true,false,false,false,"{""Python"":488841,""JavaScript"":307826,""HTML"":163367,""CSS"":13437,""Java"":2271,""Shell"":402,""Procfile"":119}","dependencies;in progress;python;ready;v4;★;★★;★★★;★★★★;★★★★★","javascript;python;voting"
"3718319","tlecomte/friture",false,"1716","8","44","161","Python","master","GNU General Public License v3.0","http://friture.org","38","924","13","19381","2009-01-07T11:27:41","2024-11-03T09:13:58","2024-11-03T10:28:43","185","68","108","2","4174","30428","5459","[{""language"":""PowerShell"",""blankLines"":36,""codeLines"":100,""commentLines"":8},{""language"":""reStructuredText"",""blankLines"":24,""codeLines"":65,""commentLines"":17},{""language"":""Bourne Shell"",""blankLines"":29,""codeLines"":77,""commentLines"":26},{""language"":""XML"",""blankLines"":4,""codeLines"":40,""commentLines"":17},{""language"":""YAML"",""blankLines"":33,""codeLines"":141,""commentLines"":5},{""language"":""Markdown"",""blankLines"":46,""codeLines"":103,""commentLines"":0},{""language"":""WiX source"",""blankLines"":12,""codeLines"":62,""commentLines"":19},{""language"":""QML"",""blankLines"":271,""codeLines"":1212,""commentLines"":34},{""language"":""Python"",""blankLines"":3424,""codeLines"":24230,""commentLines"":5184},{""language"":""Cython"",""blankLines"":76,""codeLines"":169,""commentLines"":84},{""language"":""C"",""blankLines"":49,""codeLines"":189,""commentLines"":46},{""language"":""Text"",""blankLines"":128,""codeLines"":576,""commentLines"":0},{""language"":""SVG"",""blankLines"":17,""codeLines"":3018,""commentLines"":18},{""language"":""INI"",""blankLines"":15,""codeLines"":36,""commentLines"":0},{""language"":""Qt"",""blankLines"":0,""codeLines"":318,""commentLines"":0},{""language"":""DOS Batch"",""blankLines"":1,""codeLines"":2,""commentLines"":0},{""language"":""JavaScript"",""blankLines"":1,""codeLines"":26,""commentLines"":0},{""language"":""TOML"",""blankLines"":8,""codeLines"":64,""commentLines"":1}]","2024-11-03T09:13:54","78eb24bc4ae975aed5343113fa50e0acb229184e",true,false,false,false,"{""Python"":1554818,""QML"":42501,""Rich Text Format"":40358,""C"":9961,""Cython"":9522,""PowerShell"":5608,""JavaScript"":618,""Shell"":432,""Batchfile"":95}","audio;bug report;dependencies;documentation;enhancement;feature request;github_actions;installer;linux;macos;performance enhancement;question;stability;user interface;windows","audio;audio-analysis;python;spectrogram;spectrum;spectrum-analyzer"
"3719293","glue-viz/glue",false,"6982","24","24","152","Python","main","Other","http://glueviz.org","40","729","49","51688","2011-05-18T08:58:54","2024-09-26T10:12:46","2024-09-26T10:12:50","1272","453","1242","20","12733","46212","8045","[{""language"":""Text"",""blankLines"":0,""codeLines"":89,""commentLines"":0},{""language"":""Python"",""blankLines"":12049,""codeLines"":30075,""commentLines"":7812},{""language"":""CSS"",""blankLines"":51,""codeLines"":192,""commentLines"":13},{""language"":""Qt"",""blankLines"":0,""codeLines"":7763,""commentLines"":0},{""language"":""TOML"",""blankLines"":2,""codeLines"":12,""commentLines"":0},{""language"":""SVG"",""blankLines"":44,""codeLines"":5177,""commentLines"":44},{""language"":""CSV"",""blankLines"":0,""codeLines"":4,""commentLines"":0},{""language"":""INI"",""blankLines"":2,""codeLines"":65,""commentLines"":0},{""language"":""YAML"",""blankLines"":29,""codeLines"":195,""commentLines"":20},{""language"":""Markdown"",""blankLines"":450,""codeLines"":1964,""commentLines"":24},{""language"":""make"",""blankLines"":26,""codeLines"":129,""commentLines"":5},{""language"":""Bourne Shell"",""blankLines"":2,""codeLines"":9,""commentLines"":0},{""language"":""reStructuredText"",""blankLines"":77,""codeLines"":69,""commentLines"":125},{""language"":""JSON"",""blankLines"":0,""codeLines"":11,""commentLines"":0},{""language"":""XML"",""blankLines"":0,""codeLines"":373,""commentLines"":2},{""language"":""HTML"",""blankLines"":1,""codeLines"":85,""commentLines"":0}]","2024-09-26T10:12:45","e7c2766d85aceea29aae1a51d95d1189f4444b55",true,false,false,false,"{""Python"":1662966,""HTML"":3339,""Shell"":324}","abstract-data;aesthetics;affects-dev;big picture;bug;close?;code-organization;command-line;conda;cubeviz;custom-viewer;dask;documentation;domain-specific;duplicate;effort-high;effort-low;effort-medium;enhancement;euroscipy2016;experimental;geospatial;ginga integration;glue.app;glue.core;glue.dialogs;glue.viewers;gsoc-project-idea;gui;high-priority;incomplete;infrastructure;installation;io;ipython;layout;link-graph;linking;low-priority;mac-app;matplotlib;merge-when-ci-passes;needs-more-tests;new viewer;no-changelog-entry-needed;non-gui;notebook;package-expert;package-intermediate;package-novice;performance;platform-linux;platform-osx;platform-windows;plugin;plugin-dendrogram;plugin-ginga;plugin-plotly;plugin-slicing;plugin-spectrum-tool;plugins;python3;qt;ready for final review;rois;segfault;selection;sessions;skip-changelog;standalone-project;statistics;testing;upstream fix required;utils;video;viewer-histogram;viewer-image;viewer-profile;viewer-scatter;viewer-table;visual;viz-expertise-needed;whats-new-needed;wontfix;work in progress","data-science;linked-data;python;visualization"
"3719383","holland-backup/holland",false,"1286","3","36","49","Python","master","Other","http://hollandbackup.org","23","152","21","36100","2010-03-18T10:20:14","2024-11-06T07:19:08","2024-11-06T07:19:13","215","15","168","1","2336","8886","2611","[{""language"":""Python"",""blankLines"":2129,""codeLines"":7860,""commentLines"":2551},{""language"":""make"",""blankLines"":13,""codeLines"":58,""commentLines"":4},{""language"":""Bourne Shell"",""blankLines"":28,""codeLines"":163,""commentLines"":18},{""language"":""reStructuredText"",""blankLines"":128,""codeLines"":405,""commentLines"":8},{""language"":""YAML"",""blankLines"":10,""codeLines"":46,""commentLines"":30},{""language"":""Markdown"",""blankLines"":28,""codeLines"":354,""commentLines"":0}]","2024-11-06T07:19:08","341f9fc396927c0392cc0e9eb4fc92a53f10fb4b",false,false,false,false,"{""Python"":401947,""Shell"":5770,""Makefile"":2344,""Roff"":1828}","bug;enhancement;feedback;rejected;resolved;review","backup;backup-framework;backups;database;holland;mysql"
"3719410","progval/supybot-plugins",false,"1530","3","0","63","Python","master",,"https://github.com/ProgVal/Limnoria/","14","108","23","4507","2010-10-29T07:41:23","2024-11-09T08:20:48","2024-11-09T08:20:51","205","59","149","0","305990","690905","320221","[{""language"":""Bourne Again Shell"",""blankLines"":41,""codeLines"":190,""commentLines"":39},{""language"":""YAML"",""blankLines"":0,""codeLines"":23,""commentLines"":1},{""language"":""XML"",""blankLines"":43,""codeLines"":16527,""commentLines"":327},{""language"":""INI"",""blankLines"":2,""codeLines"":7,""commentLines"":0},{""language"":""Qt"",""blankLines"":0,""codeLines"":342,""commentLines"":0},{""language"":""reStructuredText"",""blankLines"":37,""codeLines"":42,""commentLines"":6},{""language"":""Markdown"",""blankLines"":221,""codeLines"":648,""commentLines"":0},{""language"":""Text"",""blankLines"":131,""codeLines"":604,""commentLines"":0},{""language"":""Python"",""blankLines"":3579,""codeLines"":13413,""commentLines"":9489},{""language"":""TOML"",""blankLines"":1,""codeLines"":3,""commentLines"":0},{""language"":""PO File"",""blankLines"":301935,""codeLines"":659106,""commentLines"":310359}]","2024-11-09T08:20:37","2f9d4e732e6be54620fe44ad9257e4ccff6b80f9",false,false,false,false,"{""Python"":1067730,""Shell"":8133}","bug;documentation;feature request","limnoria;plugins;python;supybot"
"3720178","django-cms/django-filer",false,"2574","25","28","579","Python","master","Other","https://django-filer.readthedocs.io/","56","1766","142","11393","2009-08-24T01:49:42","2024-10-28T08:09:04","2024-10-28T04:00:56","679","9","812","1","12472","41198","16211","[{""language"":""SCSS"",""blankLines"":110,""codeLines"":2438,""commentLines"":158},{""language"":""YAML"",""blankLines"":51,""codeLines"":303,""commentLines"":47},{""language"":""JSON"",""blankLines"":3,""codeLines"":351,""commentLines"":0},{""language"":""make"",""blankLines"":25,""codeLines"":128,""commentLines"":4},{""language"":""Markdown"",""blankLines"":7,""codeLines"":10,""commentLines"":13},{""language"":""HTML"",""blankLines"":103,""codeLines"":1580,""commentLines"":0},{""language"":""Python"",""blankLines"":1932,""codeLines"":8404,""commentLines"":1568},{""language"":""CSS"",""blankLines"":0,""codeLines"":9,""commentLines"":8},{""language"":""PO File"",""blankLines"":8991,""codeLines"":20916,""commentLines"":13712},{""language"":""SVG"",""blankLines"":0,""codeLines"":1189,""commentLines"":0},{""language"":""Sass"",""blankLines"":109,""codeLines"":2499,""commentLines"":91},{""language"":""JavaScript"",""blankLines"":317,""codeLines"":1522,""commentLines"":293},{""language"":""INI"",""blankLines"":14,""codeLines"":81,""commentLines"":0},{""language"":""reStructuredText"",""blankLines"":780,""codeLines"":1432,""commentLines"":316},{""language"":""Text"",""blankLines"":9,""codeLines"":203,""commentLines"":0},{""language"":""DOS Batch"",""blankLines"":21,""codeLines"":133,""commentLines"":1}]","2024-10-16T04:54:19","d72520c329beb40788f0c9a6b685af8bc591581e",false,false,false,false,"{""Python"":454097,""SCSS"":98431,""HTML"":93638,""JavaScript"":67381,""CSS"":94}","blocker;easy pickings;kind: bug;kind: cleanup;kind: enhancement;needs adjustments;needs design decision;needs docs;needs expert opinion;needs more info;needs patch;needs tests;port backwards;port forwards;stale;status: accepted;status: has patch;status: marked for rejection;status: non-issue;status: on hold;status: ready for review;status: ready to be merged;status: won't fix;status: work in progress","addon;cms;django;django-cms;python"
"3720220","lumapictures/pymel",false,"4263","21","0","132","Python","master","Other",,"71","492","23","235167","2009-12-07T07:53:19","2024-10-28T04:56:19","2024-10-28T04:52:14","413","138","64","10","37404","1173492","44766","[{""language"":""reStructuredText"",""blankLines"":1038,""codeLines"":2539,""commentLines"":308},{""language"":""Python"",""blankLines"":36044,""codeLines"":1159976,""commentLines"":44267},{""language"":""CSS"",""blankLines"":29,""codeLines"":240,""commentLines"":132},{""language"":""Bourne Again Shell"",""blankLines"":16,""codeLines"":57,""commentLines"":10},{""language"":""Text"",""blankLines"":0,""codeLines"":172,""commentLines"":0},{""language"":""Mathematica"",""blankLines"":0,""codeLines"":9630,""commentLines"":0},{""language"":""HTML"",""blankLines"":8,""codeLines"":77,""commentLines"":15},{""language"":""Markdown"",""blankLines"":232,""codeLines"":686,""commentLines"":0},{""language"":""TOML"",""blankLines"":8,""codeLines"":35,""commentLines"":2},{""language"":""Bourne Shell"",""blankLines"":17,""codeLines"":28,""commentLines"":30},{""language"":""DOS Batch"",""blankLines"":0,""codeLines"":8,""commentLines"":2},{""language"":""INI"",""blankLines"":12,""codeLines"":44,""commentLines"":0}]","2024-10-28T04:52:02","0bba45d62c7452fbbb0b9ab2a2a0ba5f99ac5d91",true,false,false,false,"{""Python"":10110772,""CSS"":16762,""Shell"":5250,""Batchfile"":348}","bug;component-docs;enhancement;imported;invalid;maintainability;opsys-all;opsys-windows;performance;priority-critical;priority-high;priority-low;priority-medium;type-mayadefectfix;type-resultmapping;type-task;usability;wontfix",""
"3720231","nipy/nipy",false,"6795","7","0","145","Python","main","Other","http://nipy.org/nipy","36","383","34","42873","2010-05-02T10:00:33","2024-10-06T08:12:28","2024-10-06T07:51:19","170","30","412","6","25744","77923","45043","[{""language"":""TeX"",""blankLines"":0,""codeLines"":8,""commentLines"":0},{""language"":""TOML"",""blankLines"":9,""codeLines"":106,""commentLines"":4},{""language"":""reStructuredText"",""blankLines"":2312,""codeLines"":5490,""commentLines"":964},{""language"":""Fortran 77"",""blankLines"":13,""codeLines"":94,""commentLines"":0},{""language"":""INI"",""blankLines"":0,""codeLines"":3,""commentLines"":0},{""language"":""HTML"",""blankLines"":14,""codeLines"":75,""commentLines"":0},{""language"":""Text"",""blankLines"":107,""codeLines"":748,""commentLines"":0},{""language"":""C"",""blankLines"":10325,""codeLines"":29982,""commentLines"":16362},{""language"":""Cython"",""blankLines"":694,""codeLines"":2268,""commentLines"":1081},{""language"":""Python"",""blankLines"":11561,""codeLines"":36746,""commentLines"":25646},{""language"":""CSS"",""blankLines"":91,""codeLines"":405,""commentLines"":11},{""language"":""MATLAB"",""blankLines"":16,""codeLines"":136,""commentLines"":37},{""language"":""make"",""blankLines"":40,""codeLines"":155,""commentLines"":15},{""language"":""Meson"",""blankLines"":96,""codeLines"":467,""commentLines"":53},{""language"":""C/C++ Header"",""blankLines"":430,""codeLines"":953,""commentLines"":852},{""language"":""Bourne Shell"",""blankLines"":15,""codeLines"":95,""commentLines"":17},{""language"":""YAML"",""blankLines"":21,""codeLines"":192,""commentLines"":1}]","2024-10-06T07:51:01","94704aa13c6c80080c2dcc8da5b4ced81a77089a",true,false,false,false,"{""Python"":2499612,""C"":1595720,""Cython"":37326,""C++"":19863,""Meson"":12884,""MATLAB"":5492,""Shell"":2966,""Makefile"":1867}","bug;enhancement;gael-varoquaux;matthew-brett;milestone-0.3;milestone-0.4;prio-high;prio-low;prio-medium;review",""
"3720319","pylons/pyramid_debugtoolbar",false,"1210","5","0","83","Python","main","Other","https://docs.pylonsproject.org/projects/pyramid-debugtoolbar/en/latest/","13","94","57","8968","2011-07-23T02:21:03","2024-02-05T03:40:40","2024-02-04T06:19:31","178","39","213","0","2181","8301","1822","[{""language"":""TOML"",""blankLines"":2,""codeLines"":33,""commentLines"":2},{""language"":""SVG"",""blankLines"":0,""codeLines"":295,""commentLines"":0},{""language"":""JavaScript"",""blankLines"":237,""codeLines"":1373,""commentLines"":673},{""language"":""INI"",""blankLines"":10,""codeLines"":89,""commentLines"":0},{""language"":""Text"",""blankLines"":364,""codeLines"":898,""commentLines"":0},{""language"":""make"",""blankLines"":14,""codeLines"":68,""commentLines"":4},{""language"":""Jinja Template"",""blankLines"":0,""codeLines"":9,""commentLines"":0},{""language"":""Markdown"",""blankLines"":5,""codeLines"":23,""commentLines"":0},{""language"":""Mako"",""blankLines"":0,""codeLines"":95,""commentLines"":0},{""language"":""reStructuredText"",""blankLines"":341,""codeLines"":599,""commentLines"":153},{""language"":""YAML"",""blankLines"":6,""codeLines"":140,""commentLines"":7},{""language"":""XML"",""blankLines"":0,""codeLines"":9,""commentLines"":0},{""language"":""Python"",""blankLines"":1157,""codeLines"":4356,""commentLines"":958},{""language"":""CSS"",""blankLines"":45,""codeLines"":314,""commentLines"":25}]","2024-02-05T03:35:38","37751184339ea3dc19541fd26fd834106130b108",false,false,false,false,"{""Python"":189881,""JavaScript"":34513,""CSS"":9551}","bug;dependencies;do not merge;docs;enhancement;question;sprintable;unicode",""
"3721127","lxml/lxml",false,"6418","25","29","568","Python","master","Other","https://lxml.de/","82","2699","155","20962","2011-02-11T05:43:11","2024-11-05T09:59:09","2024-11-05T09:59:13","0","0","384","7","16336","63694","12329","[{""language"":""JavaScript"",""blankLines"":35,""codeLines"":511,""commentLines"":6},{""language"":""XML"",""blankLines"":23,""codeLines"":1534,""commentLines"":71},{""language"":""DTD"",""blankLines"":6,""codeLines"":11,""commentLines"":0},{""language"":""Scheme"",""blankLines"":0,""codeLines"":8,""commentLines"":0},{""language"":""TOML"",""blankLines"":8,""codeLines"":66,""commentLines"":7},{""language"":""reStructuredText"",""blankLines"":40,""codeLines"":83,""commentLines"":16},{""language"":""XSD"",""blankLines"":1,""codeLines"":27,""commentLines"":0},{""language"":""INI"",""blankLines"":2,""codeLines"":20,""commentLines"":0},{""language"":""HTML"",""blankLines"":218,""codeLines"":308,""commentLines"":0},{""language"":""Text"",""blankLines"":5738,""codeLines"":14805,""commentLines"":0},{""language"":""Cython"",""blankLines"":3311,""codeLines"":16292,""commentLines"":4500},{""language"":""Python"",""blankLines"":6056,""codeLines"":26030,""commentLines"":6470},{""language"":""CSS"",""blankLines"":92,""codeLines"":585,""commentLines"":36},{""language"":""make"",""blankLines"":51,""codeLines"":161,""commentLines"":9},{""language"":""Markdown"",""blankLines"":5,""codeLines"":15,""commentLines"":0},{""language"":""C/C++ Header"",""blankLines"":50,""codeLines"":295,""commentLines"":47},{""language"":""Bourne Shell"",""blankLines"":26,""codeLines"":152,""commentLines"":18},{""language"":""YAML"",""blankLines"":60,""codeLines"":417,""commentLines"":41},{""language"":""XSLT"",""blankLines"":614,""codeLines"":2374,""commentLines"":1108}]","2024-11-05T09:59:08","7be20eb3931010b42dfa81427c45fa716f52954c",false,false,false,false,"{""Python"":1261561,""Cython"":913329,""XSLT"":154294,""HTML"":15198,""C"":14544,""Shell"":6262,""Makefile"":5719}","confirmed;dependencies;feature;fixed;invalid;libxml2/libxslt;needs patch",""
"3722118","munin/munin",false,"1144","3","0","1","Python","master","GNU General Public License v2.0",,"8","14","4","2356","2009-12-14T07:34:34","2024-08-18T03:23:00","2024-08-18T03:23:03","0","0","3","0","3972","17876","4091","[{""language"":""Text"",""blankLines"":112,""codeLines"":176,""commentLines"":0},{""language"":""Python"",""blankLines"":3485,""codeLines"":15820,""commentLines"":3858},{""language"":""SQL"",""blankLines"":332,""codeLines"":1673,""commentLines"":208},{""language"":""Bourne Shell"",""blankLines"":7,""codeLines"":33,""commentLines"":6},{""language"":""Ruby"",""blankLines"":36,""codeLines"":174,""commentLines"":19}]","2024-08-18T03:19:11","6f87487d6987d7b955b0d22d706859192aa41cb5",true,false,false,false,"{""Python"":833719,""PLpgSQL"":71168,""Ruby"":6039,""Shell"":934}","",""
"3722225","opencadc/vostools",false,"3338","15","50","18","Python","main",,"https://www.canfar.net/en/docs/storage","12","12","16","22683","2011-10-17T04:11:05","2024-07-19T08:38:20","2024-07-19T07:18:39","88","56","138","0","2179","9571","3919","[{""language"":""make"",""blankLines"":22,""codeLines"":106,""commentLines"":5},{""language"":""Bourne Again Shell"",""blankLines"":46,""codeLines"":164,""commentLines"":23},{""language"":""XML"",""blankLines"":1,""codeLines"":7,""commentLines"":0},{""language"":""YAML"",""blankLines"":5,""codeLines"":101,""commentLines"":3},{""language"":""C Shell"",""blankLines"":660,""codeLines"":3006,""commentLines"":185},{""language"":""Bourne Shell"",""blankLines"":5,""codeLines"":22,""commentLines"":5},{""language"":""reStructuredText"",""blankLines"":65,""codeLines"":106,""commentLines"":10},{""language"":""HTML"",""blankLines"":1,""codeLines"":2,""commentLines"":0},{""language"":""INI"",""blankLines"":6,""codeLines"":60,""commentLines"":0},{""language"":""DOS Batch"",""blankLines"":21,""codeLines"":148,""commentLines"":1},{""language"":""Text"",""blankLines"":76,""codeLines"":354,""commentLines"":0},{""language"":""Python"",""blankLines"":1271,""codeLines"":5495,""commentLines"":3687}]","2024-07-19T07:18:34","1a40451c6b2f15cc2c4b1a9dc745b8d34aeef865",true,false,false,false,"{""Python"":443753,""Shell"":134714,""Makefile"":4581,""Batchfile"":4513,""HTML"":65}","3.1;archive;bug;feature request;feature_request;in progress",""
"3808726","astropy/astropy",false,"38644","26","31","1776","Python","main","BSD 3-Clause New or Revised License","https://www.astropy.org","141","4431","442","166160","2011-07-21T01:33:49","2024-11-10T08:11:13","2024-11-09T04:08:26","6189","1241","11146","79","120205","449753","146345","[{""language"":""Fortran 77"",""blankLines"":3,""codeLines"":55,""commentLines"":0},{""language"":""JSON"",""blankLines"":0,""codeLines"":164,""commentLines"":0},{""language"":""HTML"",""blankLines"":3,""codeLines"":79,""commentLines"":0},{""language"":""CSS"",""blankLines"":6,""codeLines"":445,""commentLines"":33},{""language"":""make"",""blankLines"":119,""codeLines"":732,""commentLines"":153},{""language"":""Lex"",""blankLines"":1586,""codeLines"":6942,""commentLines"":332},{""language"":""C/C++ Header"",""blankLines"":1399,""codeLines"":3780,""commentLines"":12568},{""language"":""SQL"",""blankLines"":0,""codeLines"":11,""commentLines"":0},{""language"":""Bourne Shell"",""blankLines"":1262,""codeLines"":11454,""commentLines"":1409},{""language"":""JavaScript"",""blankLines"":4064,""codeLines"":13461,""commentLines"":8923},{""language"":""DOS Batch"",""blankLines"":21,""codeLines"":150,""commentLines"":1},{""language"":""Text"",""blankLines"":79,""codeLines"":3653,""commentLines"":0},{""language"":""TeX"",""blankLines"":2,""codeLines"":32,""commentLines"":2},{""language"":""INI"",""blankLines"":21,""codeLines"":163,""commentLines"":0},{""language"":""TOML"",""blankLines"":112,""codeLines"":753,""commentLines"":96},{""language"":""Cython"",""blankLines"":312,""codeLines"":1397,""commentLines"":276},{""language"":""C"",""blankLines"":21768,""codeLines"":124482,""commentLines"":11267},{""language"":""M4"",""blankLines"":102,""codeLines"":518,""commentLines"":0},{""language"":""DTD"",""blankLines"":15,""codeLines"":116,""commentLines"":27},{""language"":""SVG"",""blankLines"":42,""codeLines"":573,""commentLines"":0},{""language"":""XML"",""blankLines"":20,""codeLines"":2333,""commentLines"":56},{""language"":""Python"",""blankLines"":68853,""codeLines"":223043,""commentLines"":100777},{""language"":""YAML"",""blankLines"":178,""codeLines"":1227,""commentLines"":128},{""language"":""reStructuredText"",""blankLines"":19925,""codeLines"":50794,""commentLines"":9694},{""language"":""Markdown"",""blankLines"":139,""codeLines"":367,""commentLines"":29},{""language"":""Windows Module Definition"",""blankLines"":1,""codeLines"":69,""commentLines"":8},{""language"":""XSD"",""blankLines"":173,""codeLines"":2123,""commentLines"":566},{""language"":""CSV"",""blankLines"":0,""codeLines"":837,""commentLines"":0}]","2024-11-09T04:08:21","cb10c980ddded84098e17454097eef296d29405c",true,false,false,false,"{""Python"":13171748,""C"":6301502,""Lex"":185385,""Cython"":73476,""Makefile"":55473,""C++"":49564,""M4"":19313,""Shell"":16260,""HTML"":1172,""TeX"":853}",":fire:;:zzz: analytic_functions;:zzz: astropy-helpers;:zzz: astropy-helpers-removal;:zzz: backport-v4.0.x;:zzz: backport-v4.3.x;:zzz: backport-v5.0.x;:zzz: backport-v5.1.x;:zzz: backport-v5.2.x;:zzz: backport-v5.3.x;:zzz: backport-v6.0.x;:zzz: io.misc.asdf;:zzz: merge-when-ci-passes;:zzz: python2;:zzz: python2.6;:zzz: python3;:zzz: python3.7;:zzz: python3.8;:zzz: python3.9;:zzz: python4;affects-dev;api change;backport-main;backport-v6.1.x;backport-v7.0.x;benchmark;black;bug;build;build all wheels;close?;closed-by-bot;config;constants;convolution;coordinates;cosmology;dependencies;dev-automation;docs;downstream fix required;duplicate;effort-high;effort-low;effort-medium;enhancement;erfa;experimental;external;extra ci;feature request;good first issue;hacktoberfest;hacktoberfest-accepted;installation;invalid;io.ascii;io.fits;io.misc;io.registry;io.votable;keep-open;last-before-release;logging;mac osx;manual backport;modeling;multi-threading;nddata;needs-clarification;needs-copyediting;needs-discussion;needs-downstream-testing;no-changelog-entry-needed;numpy-dev;package-expert;package-intermediate;package-novice;performance;platform-i386;platform-mips;platform-ppc;precision;python 3.11;python 3.12;python 3.13;python3.10;question;ready-for-final-review;refactoring;release;samp;skip-basebranch-check;skip-changelog-checks;sprint;stats;still needs manual backport;table;testing;time;timeseries;typing;uncertainty;unified-io;units;unusual-merge-dealt-with;upstream fix required;utils;utils.iers;utils.masked;visualization;visualization.wcsaxes;vo;vo.conesearch;wcs;wcs.wcsapi;whatsnew-needed;windows;wont-fix;¯\_(ツ)_/¯","astronomy;astrophysics;astropy;python;science"
"3903908","matplotlib/basemap",false,"3354","6","14","391","Python","develop","MIT License",,"60","767","59","952312","2011-02-19T02:58:42","2024-06-05T05:32:36","2024-06-06T01:40:49","354","105","244","4","2054","13480","4390","[{""language"":""Markdown"",""blankLines"":240,""codeLines"":1414,""commentLines"":0},{""language"":""make"",""blankLines"":4,""codeLines"":9,""commentLines"":6},{""language"":""YAML"",""blankLines"":36,""codeLines"":1009,""commentLines"":4},{""language"":""DOS Batch"",""blankLines"":8,""codeLines"":26,""commentLines"":1},{""language"":""Bourne Shell"",""blankLines"":3,""codeLines"":24,""commentLines"":1},{""language"":""reStructuredText"",""blankLines"":209,""codeLines"":382,""commentLines"":167},{""language"":""TOML"",""blankLines"":0,""codeLines"":15,""commentLines"":0},{""language"":""Cython"",""blankLines"":61,""codeLines"":363,""commentLines"":74},{""language"":""Text"",""blankLines"":13,""codeLines"":100,""commentLines"":0},{""language"":""Python"",""blankLines"":1480,""codeLines"":10138,""commentLines"":4137}]","2024-03-11T10:00:41","461b40269088c936e2feaea12a33991bd96b63b5",false,false,false,false,"{""Python"":468814,""Cython"":16726,""Shell"":1161,""Batchfile"":756,""Makefile"":584}","","gis;maps;plots"
"3906989","shedskin/shedskin",false,"4569","19","27","109","Python","master","Other","https://shedskin.github.io/","45","857","21","37229","2010-07-02T08:21:59","2024-11-05T08:04:16","2024-11-05T08:04:21","372","49","136","0","20139","111545","13293","[{""language"":""JavaScript"",""blankLines"":2404,""codeLines"":9204,""commentLines"":2478},{""language"":""CSV"",""blankLines"":0,""codeLines"":6,""commentLines"":0},{""language"":""make"",""blankLines"":4,""codeLines"":9,""commentLines"":7},{""language"":""YAML"",""blankLines"":39,""codeLines"":124,""commentLines"":26},{""language"":""Python"",""blankLines"":11583,""codeLines"":73122,""commentLines"":8813},{""language"":""CSS"",""blankLines"":338,""codeLines"":1299,""commentLines"":52},{""language"":""Markdown"",""blankLines"":135,""codeLines"":405,""commentLines"":0},{""language"":""C/C++ Header"",""blankLines"":2082,""codeLines"":8602,""commentLines"":404},{""language"":""Bourne Shell"",""blankLines"":78,""codeLines"":235,""commentLines"":0},{""language"":""Dockerfile"",""blankLines"":4,""codeLines"":9,""commentLines"":0},{""language"":""Brainfuck"",""blankLines"":5,""codeLines"":44,""commentLines"":11},{""language"":""INI"",""blankLines"":3,""codeLines"":15,""commentLines"":0},{""language"":""HTML"",""blankLines"":190,""codeLines"":1073,""commentLines"":0},{""language"":""Text"",""blankLines"":50,""codeLines"":2048,""commentLines"":0},{""language"":""CMake"",""blankLines"":191,""codeLines"":1612,""commentLines"":113},{""language"":""TOML"",""blankLines"":13,""codeLines"":53,""commentLines"":1},{""language"":""C++"",""blankLines"":2473,""codeLines"":12437,""commentLines"":1364},{""language"":""reStructuredText"",""blankLines"":547,""codeLines"":1248,""commentLines"":24}]","2024-11-05T08:03:37","e50ba3236001e02279880271b4f5dd7f1f8f9e38",false,false,false,false,"{""Python"":877265,""C++"":750056,""CMake"":36462,""Smarty"":1865,""Dockerfile"":343,""Shell"":214}","0.9.10;0.9.7;0.9.8;0.9.9;auto-migrated;dependencies;documentation;easytask;featurerequest;milestone-0.9;milestone-0.9.1;platform-osx;platform-windows;priority-high;priority-low;priority-medium;python3;type-defect;type-enhancement;website","compiler;cpp;python;python-compiler;python-implementation"
"3912647","pylons/waitress",false,"1036","1","30","165","Python","main","Other","https://docs.pylonsproject.org/projects/waitress/en/latest/","38","1442","50","1778","2011-12-17T06:58:21","2024-10-29T12:13:24","2024-10-29T12:10:10","239","13","206","6","3555","12946","1883","[{""language"":""TOML"",""blankLines"":2,""codeLines"":23,""commentLines"":2},{""language"":""reStructuredText"",""blankLines"":394,""codeLines"":728,""commentLines"":229},{""language"":""Python"",""blankLines"":2670,""codeLines"":10767,""commentLines"":1632},{""language"":""YAML"",""blankLines"":7,""codeLines"":136,""commentLines"":16},{""language"":""Markdown"",""blankLines"":42,""codeLines"":53,""commentLines"":0},{""language"":""make"",""blankLines"":15,""codeLines"":67,""commentLines"":4},{""language"":""Text"",""blankLines"":418,""codeLines"":1094,""commentLines"":0},{""language"":""INI"",""blankLines"":7,""codeLines"":78,""commentLines"":0}]","2024-10-29T12:10:04","ae949bb428e50cf04152db56460f31c1e6d3a2a9",false,false,false,false,"{""Python"":494675}","bug;dependencies;docs;enhancement;sprintable","http-server;python;wsgi-server"
"3912784","pylons/colander",false,"1082","12","0","144","Python","main","Other","https://docs.pylonsproject.org/projects/colander/en/latest/","28","448","87","2228","2011-02-16T05:50:31","2024-08-02T04:17:19","2024-08-02T04:17:22","138","33","227","0","3447","9408","2713","[{""language"":""INI"",""blankLines"":7,""codeLines"":78,""commentLines"":0},{""language"":""Markdown"",""blankLines"":44,""codeLines"":60,""commentLines"":0},{""language"":""Python"",""blankLines"":1642,""codeLines"":5335,""commentLines"":958},{""language"":""make"",""blankLines"":15,""codeLines"":67,""commentLines"":4},{""language"":""YAML"",""blankLines"":5,""codeLines"":102,""commentLines"":7},{""language"":""Text"",""blankLines"":74,""codeLines"":225,""commentLines"":0},{""language"":""TOML"",""blankLines"":2,""codeLines"":30,""commentLines"":2},{""language"":""PO File"",""blankLines"":677,""codeLines"":1663,""commentLines"":857},{""language"":""reStructuredText"",""blankLines"":981,""codeLines"":1848,""commentLines"":885}]","2024-08-02T04:17:14","4557c017658eb4f6a5dc289078af1a6f850f3f97",true,false,false,false,"{""Python"":255507}","bug;dependencies;docs;enhancement;question;sprintable","deserialization;forms;serialization;validation"
"3913585","zomojo/compiletools",false,"1032","3","0","4","Python","master","GNU General Public License v3.0","http://zomojo.github.io/compiletools/","7","24","5","1089","2011-02-09T06:26:35","2024-11-04T10:13:36","2024-11-04T10:13:38","5","1","6","0","1694","7084","959","[{""language"":""C/C++ Header"",""blankLines"":24,""codeLines"":100,""commentLines"":17},{""language"":""Python"",""blankLines"":1189,""codeLines"":5187,""commentLines"":838},{""language"":""YAML"",""blankLines"":2,""codeLines"":11,""commentLines"":2},{""language"":""C"",""blankLines"":3,""codeLines"":18,""commentLines"":2},{""language"":""C++"",""blankLines"":66,""codeLines"":270,""commentLines"":61},{""language"":""Bourne Again Shell"",""blankLines"":27,""codeLines"":75,""commentLines"":30},{""language"":""Text"",""blankLines"":124,""codeLines"":563,""commentLines"":0},{""language"":""Bourne Shell"",""blankLines"":5,""codeLines"":10,""commentLines"":7},{""language"":""reStructuredText"",""blankLines"":254,""codeLines"":850,""commentLines"":2}]","2024-11-04T10:13:30","612df7c7e7c929590d7b0dc0b7febf0109da3a33",true,false,false,false,"{""Python"":244497,""C++"":12261,""Shell"":4190,""C"":352}","","buildtools;cpp;makefile"
"3913923","reviewboard/rbtools",false,"1868","13","1","187","Python","master","MIT License","https://www.reviewboard.org/downloads/rbtools/","31","225","116","5015","2009-08-23T09:30:43","2024-11-06T05:16:52","2024-11-06T05:16:56","0","0","76","3","19306","52448","22413","[{""language"":""TOML"",""blankLines"":18,""codeLines"":78,""commentLines"":6},{""language"":""WiX include"",""blankLines"":2,""codeLines"":13,""commentLines"":1},{""language"":""INI"",""blankLines"":3,""codeLines"":12,""commentLines"":0},{""language"":""WiX string localization"",""blankLines"":4,""codeLines"":12,""commentLines"":0},{""language"":""HTML"",""blankLines"":2,""codeLines"":49,""commentLines"":0},{""language"":""Text"",""blankLines"":2,""codeLines"":22,""commentLines"":0},{""language"":""Python"",""blankLines"":13950,""codeLines"":44307,""commentLines"":19633},{""language"":""DOS Batch"",""blankLines"":115,""codeLines"":226,""commentLines"":71},{""language"":""XML"",""blankLines"":11,""codeLines"":76,""commentLines"":7},{""language"":""reStructuredText"",""blankLines"":4920,""codeLines"":6704,""commentLines"":2044},{""language"":""make"",""blankLines"":30,""codeLines"":122,""commentLines"":8},{""language"":""WiX source"",""blankLines"":11,""codeLines"":79,""commentLines"":2},{""language"":""MSBuild script"",""blankLines"":22,""codeLines"":106,""commentLines"":15},{""language"":""Bourne Shell"",""blankLines"":143,""codeLines"":452,""commentLines"":625},{""language"":""Visual Studio Solution"",""blankLines"":1,""codeLines"":21,""commentLines"":1},{""language"":""YAML"",""blankLines"":7,""codeLines"":32,""commentLines"":0},{""language"":""Markdown"",""blankLines"":65,""codeLines"":137,""commentLines"":0}]","2024-11-06T05:16:46","bb745bf01b8fc42c35676c2316ffae3c0a644ca7",false,false,false,false,"{""Python"":2598424,""Batchfile"":11080,""Shell"":5491,""HTML"":1000,""Makefile"":124}","",""
"3914471","ipa320/cob_simulation",false,"1249","18","0","107","Python","kinetic_dev","Apache License 2.0","www.care-o-bot.org","14","72","28","130982","2010-12-06T12:15:09","2024-02-19T04:19:39","2023-08-14T09:58:54","22","4","164","2","1413","103998","552","[{""language"":""CMake"",""blankLines"":21,""codeLines"":79,""commentLines"":11},{""language"":""reStructuredText"",""blankLines"":133,""codeLines"":1181,""commentLines"":0},{""language"":""YAML"",""blankLines"":14,""codeLines"":73,""commentLines"":4},{""language"":""Python"",""blankLines"":155,""codeLines"":606,""commentLines"":162},{""language"":""Markdown"",""blankLines"":9,""codeLines"":18,""commentLines"":0},{""language"":""XML"",""blankLines"":1081,""codeLines"":102041,""commentLines"":375}]","2024-02-19T04:05:06","907144342c0351c9427ddd960ef4dfe013847113",true,false,false,false,"{""Python"":35718,""CMake"":2907}","",""
"3914483","ipa320/cob_robots",false,"4264","16","0","133","Python","kinetic_dev","Apache License 2.0","www.care-o-bot.org","18","67","56","5334","2011-10-24T07:11:44","2024-02-19T04:19:08","2024-01-30T07:26:16","63","4","769","6","2315","43092","1915","[{""language"":""CMake"",""blankLines"":26,""codeLines"":93,""commentLines"":8},{""language"":""Bourne Again Shell"",""blankLines"":6,""codeLines"":21,""commentLines"":0},{""language"":""Python"",""blankLines"":43,""codeLines"":168,""commentLines"":30},{""language"":""XML"",""blankLines"":1513,""codeLines"":31356,""commentLines"":1267},{""language"":""reStructuredText"",""blankLines"":158,""codeLines"":4242,""commentLines"":0},{""language"":""Bourne Shell"",""blankLines"":6,""codeLines"":20,""commentLines"":0},{""language"":""YAML"",""blankLines"":557,""codeLines"":7176,""commentLines"":610},{""language"":""Markdown"",""blankLines"":6,""codeLines"":16,""commentLines"":0}]","2024-02-19T04:18:24","cc76524d4df761ed57b1891047494d0b24ba393b",true,false,false,false,"{""Python"":8985,""CMake"":3094,""Shell"":1400}","bug;hw;prio high;prio low;prio medium;sw;waffle in progress;waffle ready;waffle ready to estimate;waffle review",""
"3915232","reactionmechanismgenerator/rmg-website",false,"1097","21","0","29","Python","main","Other",,"31","20","17","5806","2011-06-02T04:12:08","2024-08-14T06:15:50","2024-08-14T06:15:52","198","33","77","1","3865","19366","3843","[{""language"":""Python"",""blankLines"":2077,""codeLines"":8537,""commentLines"":3440},{""language"":""CSS"",""blankLines"":153,""codeLines"":1650,""commentLines"":98},{""language"":""Text"",""blankLines"":12,""codeLines"":61,""commentLines"":0},{""language"":""HTML"",""blankLines"":1441,""codeLines"":5781,""commentLines"":6},{""language"":""YAML"",""blankLines"":5,""codeLines"":76,""commentLines"":5},{""language"":""Markdown"",""blankLines"":21,""codeLines"":55,""commentLines"":0},{""language"":""JavaScript"",""blankLines"":156,""codeLines"":3206,""commentLines"":294}]","2024-08-14T06:15:48","9dc59c97f488618b4c4f0d01f52e386d2623986d",true,false,false,false,"{""Python"":727763,""HTML"":235237,""JavaScript"":53161,""CSS"":11076}","catalysis;deprecation;error;error message;feature;incorrect behavior;major update;risk of error;rmg-py;spam;stale;undesired behavior;user experience",""
"3915472","urschrei/pyzotero",false,"1153","5","19","98","Python","master","Other","https://pyzotero.readthedocs.org","17","899","18","4923","2011-02-28T09:31:44","2024-11-04T03:22:47","2024-11-04T03:22:48","130","16","58","1","932","6284","825","[{""language"":""Python"",""blankLines"":344,""codeLines"":2083,""commentLines"":759},{""language"":""make"",""blankLines"":21,""codeLines"":105,""commentLines"":4},{""language"":""reStructuredText"",""blankLines"":418,""codeLines"":630,""commentLines"":53},{""language"":""Text"",""blankLines"":0,""codeLines"":10,""commentLines"":0},{""language"":""HTML"",""blankLines"":2,""codeLines"":21,""commentLines"":0},{""language"":""YAML"",""blankLines"":18,""codeLines"":100,""commentLines"":9},{""language"":""Markdown"",""blankLines"":89,""codeLines"":220,""commentLines"":0},{""language"":""XML"",""blankLines"":0,""codeLines"":21,""commentLines"":0},{""language"":""JSON"",""blankLines"":35,""codeLines"":3038,""commentLines"":0},{""language"":""TOML"",""blankLines"":5,""codeLines"":56,""commentLines"":0}]","2024-11-04T03:22:42","75123f235436da1b63fecdc0a4bd780785166647",false,false,false,false,"{""Python"":105932}","dependencies;github_actions;python 3","citations;digital-humanities;zotero"
"3915523","lilydjwg/winterpy",false,"1138","1","0","59","Python","master",,,"14","221","5","1180","2011-04-22T07:41:15","2024-10-06T09:23:41","2024-10-06T09:23:45","2","1","14","0","1723","9365","1018","[{""language"":""C"",""blankLines"":48,""codeLines"":378,""commentLines"":10},{""language"":""Python"",""blankLines"":1669,""codeLines"":8955,""commentLines"":1008},{""language"":""zsh"",""blankLines"":6,""codeLines"":32,""commentLines"":0}]","2024-10-06T09:23:14","0cbe14f4ba9cad4b711acdc1041eaa00511d3015",true,false,false,false,"{""Python"":337191,""C"":12078,""Shell"":588}","","misc;python"
"3916939","emcconville/wand",false,"1873","28","25","198","Python","master","Other","http://docs.wand-py.org/","33","1399","86","18836","2011-09-30T09:36:38","2024-10-01T11:37:22","2024-10-03T08:55:18","423","21","214","5","6016","19125","8403","[{""language"":""DOS Batch"",""blankLines"":21,""codeLines"":148,""commentLines"":1},{""language"":""reStructuredText"",""blankLines"":2220,""codeLines"":4319,""commentLines"":1565},{""language"":""YAML"",""blankLines"":6,""codeLines"":140,""commentLines"":1},{""language"":""TOML"",""blankLines"":6,""codeLines"":51,""commentLines"":0},{""language"":""make"",""blankLines"":21,""codeLines"":105,""commentLines"":4},{""language"":""Python"",""blankLines"":3721,""codeLines"":14201,""commentLines"":6825},{""language"":""CSS"",""blankLines"":18,""codeLines"":67,""commentLines"":7},{""language"":""INI"",""blankLines"":2,""codeLines"":11,""commentLines"":0},{""language"":""Text"",""blankLines"":0,""codeLines"":2,""commentLines"":0},{""language"":""HTML"",""blankLines"":1,""codeLines"":81,""commentLines"":0}]","2024-10-01T11:37:17","7fd5f2d498e19341c1be7bfa65d58fcc4401d7ee",false,false,false,false,"{""Python"":897146}","bug;build;closing;crosspop;dead-letter;dist;doc;enhance;imagemagick-7;missing-docs;missing-tests;seeking-help;styleshare;test;upstream-issue","ctypes;imagemagick;python;wand"
"3916973","djangopackages/djangopackages",false,"4433","2","0","178","Python","main","Other","https://djangopackages.org","21","781","97","16791","2011-09-08T09:24:21","2024-11-06T02:41:51","2024-11-06T02:41:55","540","33","723","2","13403","110994","10337","[{""language"":""Bourne Shell"",""blankLines"":12,""codeLines"":48,""commentLines"":1},{""language"":""JavaScript"",""blankLines"":5765,""codeLines"":26334,""commentLines"":6682},{""language"":""XML"",""blankLines"":0,""codeLines"":15,""commentLines"":0},{""language"":""YAML"",""blankLines"":71,""codeLines"":8179,""commentLines"":85},{""language"":""Markdown"",""blankLines"":796,""codeLines"":2561,""commentLines"":1},{""language"":""SVG"",""blankLines"":5,""codeLines"":3954,""commentLines"":5},{""language"":""Python"",""blankLines"":2631,""codeLines"":13137,""commentLines"":1495},{""language"":""CSS"",""blankLines"":1492,""codeLines"":8360,""commentLines"":415},{""language"":""HTML"",""blankLines"":1502,""codeLines"":13742,""commentLines"":435},{""language"":""INI"",""blankLines"":7,""codeLines"":23,""commentLines"":0},{""language"":""Less"",""blankLines"":1028,""codeLines"":4803,""commentLines"":1194},{""language"":""JSON"",""blankLines"":0,""codeLines"":27299,""commentLines"":0},{""language"":""Dockerfile"",""blankLines"":28,""codeLines"":59,""commentLines"":17},{""language"":""Text"",""blankLines"":56,""codeLines"":2428,""commentLines"":0},{""language"":""TOML"",""blankLines"":10,""codeLines"":52,""commentLines"":7}]","2024-11-06T02:41:51","b41c4f42155be8fa036cc049798d1c632937c2c6",false,false,false,false,"{""Python"":543367,""JavaScript"":270077,""HTML"":147134,""CSS"":17851,""Just"":7622,""PLpgSQL"":6277,""Dockerfile"":3501,""Shell"":1305}","admin;automerge;defect;dependencies;design;djangonauts;docs;duplicate;enhancement;good first issue;hacktoberfest;hacktoberfest-accepted;operations;please-help;proposal;tests;wip;⏸ hold","django;packaging;python"
"3917223","erdc/proteus",false,"4619","1","26","55","Python","main","MIT License","http://proteustoolkit.org","21","87","40","33859","2011-08-15T09:28:25","2024-09-16T08:16:52","2024-09-16T08:11:22","326","103","955","4","32083","375987","69245","[{""language"":""TOML"",""blankLines"":0,""codeLines"":3,""commentLines"":0},{""language"":""SVG"",""blankLines"":1,""codeLines"":69,""commentLines"":1},{""language"":""Python"",""blankLines"":17748,""codeLines"":163779,""commentLines"":34642},{""language"":""Cython"",""blankLines"":1294,""codeLines"":38388,""commentLines"":3218},{""language"":""C"",""blankLines"":3408,""codeLines"":43112,""commentLines"":9714},{""language"":""XML"",""blankLines"":0,""codeLines"":91,""commentLines"":0},{""language"":""DOS Batch"",""blankLines"":29,""codeLines"":212,""commentLines"":1},{""language"":""C/C++ Header"",""blankLines"":6271,""codeLines"":103918,""commentLines"":15654},{""language"":""TeX"",""blankLines"":58,""codeLines"":315,""commentLines"":19},{""language"":""Bourne Shell"",""blankLines"":5,""codeLines"":299,""commentLines"":21},{""language"":""Text"",""blankLines"":0,""codeLines"":1031,""commentLines"":0},{""language"":""Asymptote"",""blankLines"":1,""codeLines"":47,""commentLines"":0},{""language"":""make"",""blankLines"":97,""codeLines"":523,""commentLines"":23},{""language"":""CSV"",""blankLines"":0,""codeLines"":300,""commentLines"":0},{""language"":""reStructuredText"",""blankLines"":364,""codeLines"":567,""commentLines"":437},{""language"":""Fortran 77"",""blankLines"":322,""codeLines"":1263,""commentLines"":173},{""language"":""HTML"",""blankLines"":5,""codeLines"":38,""commentLines"":1},{""language"":""Bourne Again Shell"",""blankLines"":16,""codeLines"":145,""commentLines"":45},{""language"":""Jupyter Notebook"",""blankLines"":0,""codeLines"":127,""commentLines"":984},{""language"":""Dockerfile"",""blankLines"":25,""codeLines"":70,""commentLines"":4},{""language"":""C++"",""blankLines"":2254,""codeLines"":21054,""commentLines"":4247},{""language"":""Assembly"",""blankLines"":0,""codeLines"":21,""commentLines"":6},{""language"":""YAML"",""blankLines"":2,""codeLines"":176,""commentLines"":0},{""language"":""Markdown"",""blankLines"":183,""codeLines"":408,""commentLines"":25},{""language"":""C Shell"",""blankLines"":0,""codeLines"":31,""commentLines"":30}]","2024-09-16T08:11:04","1b25757b1854f4d531499d909607c723540ce0ad",true,false,false,false,"{""Python"":12649360,""C++"":7501794,""C"":2909313,""Edge"":173169,""Cython"":155484,""Fortran"":51671,""Jupyter Notebook"":33357,""Shell"":28200,""Makefile"":18130,""Assembly"":2790,""Dockerfile"":2738,""Asymptote"":1569,""Roff"":322}","branch-pr;bug;build_system;code-review;discussion;enhancement;hashdist;ipython;nomerge;presentation;testing_framework;weekly","c;c-plus-plus;code-mil;proteus;python;simulation-toolkit"
"3917252","pwman3/pwman3",false,"1525","4","2","15","Python","master",,"http://pwman3.github.io/pwman3/","11","55","11","1785","2009-02-16T02:32:00","2024-09-04T05:15:38","2024-09-04T05:15:39","68","3","29","1","1303","4308","1343","[{""language"":""TOML"",""blankLines"":7,""codeLines"":37,""commentLines"":0},{""language"":""Text"",""blankLines"":40,""codeLines"":92,""commentLines"":0},{""language"":""Python"",""blankLines"":985,""codeLines"":3414,""commentLines"":1252},{""language"":""Bourne Shell"",""blankLines"":17,""codeLines"":45,""commentLines"":4},{""language"":""INI"",""blankLines"":5,""codeLines"":18,""commentLines"":0},{""language"":""JavaScript"",""blankLines"":1,""codeLines"":6,""commentLines"":1},{""language"":""make"",""blankLines"":49,""codeLines"":199,""commentLines"":8},{""language"":""YAML"",""blankLines"":11,""codeLines"":112,""commentLines"":0},{""language"":""Dockerfile"",""blankLines"":0,""codeLines"":8,""commentLines"":0},{""language"":""reStructuredText"",""blankLines"":144,""codeLines"":267,""commentLines"":78},{""language"":""Markdown"",""blankLines"":44,""codeLines"":110,""commentLines"":0}]","2024-09-04T05:15:35","6a1578edf6de013bb80710fd8e6fae35f57d3916",true,false,false,false,"{""Python"":183792,""Makefile"":2307,""Shell"":2099,""Dockerfile"":371,""JavaScript"":283}","dependencies;in progress","console-application;database;hacktoberfest;password-manager;python;python3"