"id","name","isFork","commits","branches","releases","forks","mainLanguage","defaultBranch","license","homepage","watchers","stargazers","contributors","size","createdAt","pushedAt","updatedAt","totalIssues","openIssues","totalPullRequests","openPullRequests","blankLines","codeLines","commentLines","metrics","lastCommit","lastCommitSHA","hasWiki","isArchived","isDisabled","isLocked","languages","labels","topics"
"3962538","jieter/django-tables2",false,"1454","6","0","429","Python","master","Other","https://django-tables2.readthedocs.io/en/latest/","51","1901","139","3747","2010-12-07T05:26:16","2024-11-06T01:25:44","2024-11-07T10:05:39","578","77","396","12","3793","11157","2814","[{""language"":""Text"",""blankLines"":0,""codeLines"":96,""commentLines"":0},{""language"":""Python"",""blankLines"":2755,""codeLines"":7416,""commentLines"":2123},{""language"":""CSS"",""blankLines"":20,""codeLines"":115,""commentLines"":0},{""language"":""HTML"",""blankLines"":67,""codeLines"":895,""commentLines"":2},{""language"":""INI"",""blankLines"":6,""codeLines"":65,""commentLines"":1},{""language"":""TOML"",""blankLines"":0,""codeLines"":2,""commentLines"":0},{""language"":""PO File"",""blankLines"":46,""codeLines"":350,""commentLines"":181},{""language"":""SVG"",""blankLines"":1,""codeLines"":36,""commentLines"":0},{""language"":""YAML"",""blankLines"":19,""codeLines"":122,""commentLines"":16},{""language"":""Markdown"",""blankLines"":164,""codeLines"":603,""commentLines"":0},{""language"":""make"",""blankLines"":22,""codeLines"":110,""commentLines"":4},{""language"":""reStructuredText"",""blankLines"":672,""codeLines"":1164,""commentLines"":486},{""language"":""DOS Batch"",""blankLines"":21,""codeLines"":148,""commentLines"":1},{""language"":""JSON"",""blankLines"":0,""codeLines"":35,""commentLines"":0}]","2024-11-06T09:18:24","527c746bc0cfb2bdea24ed8caf7ff301d474f950",false,false,false,false,"{""Python"":425386,""HTML"":37288,""CSS"":2774}","bug;bugfix;dependencies;django release;docs;feature request;github_actions;help wanted;patch;pr available;python;simple;suggestion;support question","django;python;sorting;tables;tableview"
"3962544","flexget/flexget",false,"16496","90","296","472","Python","develop","MIT License","http://www.flexget.com","79","1739","324","166628","2011-03-22T07:33:44","2024-11-09T03:19:15","2024-11-09T08:29:16","1551","16","2196","6","20376","90836","18374","[{""language"":""TOML"",""blankLines"":24,""codeLines"":141,""commentLines"":17},{""language"":""SVG"",""blankLines"":0,""codeLines"":4,""commentLines"":0},{""language"":""Bourne Shell"",""blankLines"":12,""codeLines"":26,""commentLines"":15},{""language"":""Sass"",""blankLines"":143,""codeLines"":546,""commentLines"":14},{""language"":""INI"",""blankLines"":0,""codeLines"":1,""commentLines"":0},{""language"":""Markdown"",""blankLines"":44,""codeLines"":102,""commentLines"":24},{""language"":""JavaScript"",""blankLines"":1519,""codeLines"":7207,""commentLines"":452},{""language"":""Text"",""blankLines"":0,""codeLines"":315,""commentLines"":0},{""language"":""JSON"",""blankLines"":0,""codeLines"":4466,""commentLines"":0},{""language"":""YAML"",""blankLines"":36,""codeLines"":384,""commentLines"":17},{""language"":""SCSS"",""blankLines"":143,""codeLines"":538,""commentLines"":22},{""language"":""Dockerfile"",""blankLines"":22,""codeLines"":70,""commentLines"":10},{""language"":""reStructuredText"",""blankLines"":713,""codeLines"":905,""commentLines"":1004},{""language"":""XML"",""blankLines"":12,""codeLines"":209,""commentLines"":0},{""language"":""Python"",""blankLines"":17633,""codeLines"":74530,""commentLines"":16747},{""language"":""HTML"",""blankLines"":75,""codeLines"":1392,""commentLines"":52}]","2024-11-09T03:16:45","b2ef57af496ad737347225014d6229b6deb3d9fb",true,false,false,false,"{""Python"":3901926,""JavaScript"":263520,""HTML"":82549,""SCSS"":11875,""Dockerfile"":3247,""Shell"":1584,""SRecode Template"":3}","3rd party change;bug;bug fix;cli;dependencies;direction mismatch;documentation/wiki;duplicate;enhancement;good first issue;hacktoberfest;help wanted;high priority;low priority;non-flexget resource;not a bug;pending information;pending issue template;plugin: deluge;plugin: imdb;plugin: managed list;plugin: traktapi;plugin: transmission;python 3.6;stale;testers wanted;tests;webui/api;won't fix;works for me","automation;hacktoberfest;movies;python;rss;torrent;tv"
"3962545","ilius/pyglossary",false,"3542","34","21","237","Python","master","GNU General Public License v3.0",,"63","2234","33","10465","2011-01-23T10:24:30","2024-11-10T12:05:24","2024-11-10T12:05:27","462","19","104","0","9695","52265","5868","[{""language"":""XML"",""blankLines"":19,""codeLines"":165,""commentLines"":3},{""language"":""JavaScript"",""blankLines"":6,""codeLines"":49,""commentLines"":1},{""language"":""SVG"",""blankLines"":0,""codeLines"":2,""commentLines"":0},{""language"":""Bourne Shell"",""blankLines"":40,""codeLines"":124,""commentLines"":18},{""language"":""XSLT"",""blankLines"":25,""codeLines"":130,""commentLines"":4},{""language"":""reStructuredText"",""blankLines"":21,""codeLines"":153,""commentLines"":8},{""language"":""Markdown"",""blankLines"":1149,""codeLines"":3456,""commentLines"":0},{""language"":""make"",""blankLines"":15,""codeLines"":23,""commentLines"":14},{""language"":""TOML"",""blankLines"":64,""codeLines"":627,""commentLines"":91},{""language"":""Text"",""blankLines"":121,""codeLines"":553,""commentLines"":0},{""language"":""Diff"",""blankLines"":0,""codeLines"":7,""commentLines"":1},{""language"":""JSON"",""blankLines"":9,""codeLines"":4143,""commentLines"":0},{""language"":""YAML"",""blankLines"":29,""codeLines"":219,""commentLines"":40},{""language"":""Dockerfile"",""blankLines"":3,""codeLines"":6,""commentLines"":0},{""language"":""HTML"",""blankLines"":16,""codeLines"":60,""commentLines"":0},{""language"":""Bourne Again Shell"",""blankLines"":31,""codeLines"":76,""commentLines"":33},{""language"":""Python"",""blankLines"":8122,""codeLines"":42337,""commentLines"":5654},{""language"":""CSS"",""blankLines"":25,""codeLines"":135,""commentLines"":1}]","2024-11-10T12:04:36","f7520692ea683299a9ff5da192ac0f0283c238a4",true,false,false,false,"{""Python"":1503091,""Shell"":7765,""XSLT"":4785,""CSS"":2227,""JavaScript"":1874,""Makefile"":1290,""Dockerfile"":265}","bug;documentation;duplicate;feature;help wanted;improvement;package;q&a;rejected-feature;spam;testing;unknown","dictionary;dictionary-conversion;dictionary-tools;glossaries;gtk;linux;pygi;python;stardict;tkinter"
"3962662","django-money/django-money",false,"1205","7","58","314","Python","main","Other",,"26","1653","103","1432","2011-05-15T12:13:19","2024-08-01T09:49:28","2024-08-01T09:48:52","358","71","403","7","1802","4970","978","[{""language"":""Text"",""blankLines"":6,""codeLines"":14,""commentLines"":0},{""language"":""Python"",""blankLines"":1149,""codeLines"":3531,""commentLines"":684},{""language"":""make"",""blankLines"":38,""codeLines"":219,""commentLines"":6},{""language"":""INI"",""blankLines"":8,""codeLines"":78,""commentLines"":0},{""language"":""TOML"",""blankLines"":1,""codeLines"":6,""commentLines"":0},{""language"":""YAML"",""blankLines"":22,""codeLines"":163,""commentLines"":8},{""language"":""reStructuredText"",""blankLines"":544,""codeLines"":732,""commentLines"":278},{""language"":""DOS Batch"",""blankLines"":34,""codeLines"":227,""commentLines"":2}]","2024-08-01T09:48:48","835c1ab867d11137b964b94936692bea67a038ec",false,false,false,false,"{""Python"":178597,""Makefile"":1214}","bug;discussion;documentation;duplicate;enhancement;feature;good first issue;help wanted;in progress;optimization;question;review required;wontfix","django;money;python"
"3963107","linuxmint/mintupdate",false,"1169","25","5","158","Python","master",,,"72","322","42","12905","2009-07-21T07:37:09","2024-10-23T03:50:36","2024-10-23T07:08:13","566","174","323","4","44952","123690","127682","[{""language"":""Qt"",""blankLines"":0,""codeLines"":74,""commentLines"":1},{""language"":""JSON"",""blankLines"":0,""codeLines"":28,""commentLines"":0},{""language"":""Bourne Again Shell"",""blankLines"":7,""codeLines"":30,""commentLines"":0},{""language"":""Python"",""blankLines"":792,""codeLines"":4640,""commentLines"":332},{""language"":""SVG"",""blankLines"":14,""codeLines"":9831,""commentLines"":13},{""language"":""Glade"",""blankLines"":0,""codeLines"":2225,""commentLines"":5},{""language"":""PO File"",""blankLines"":36307,""codeLines"":94610,""commentLines"":127311},{""language"":""Bourne Shell"",""blankLines"":12,""codeLines"":48,""commentLines"":16},{""language"":""XML"",""blankLines"":6,""codeLines"":320,""commentLines"":0},{""language"":""Markdown"",""blankLines"":16,""codeLines"":48,""commentLines"":0},{""language"":""YAML"",""blankLines"":2,""codeLines"":17,""commentLines"":2},{""language"":""make"",""blankLines"":4,""codeLines"":20,""commentLines"":2},{""language"":""Visualforce Page"",""blankLines"":7792,""codeLines"":11799,""commentLines"":0}]","2024-10-23T02:47:50","02e2fa2ba7573fef143d87084f219698f341a53f",false,false,false,false,"{""Python"":251361,""Shell"":2358,""Makefile"":433}","blocked;bug;bug reproduced;close if no response;discussion;feature request;gathering info;in progress;ready;reproduced/analyzed;reviewed;roadmap;triaged",""
"3963838","inducer/pudb",false,"1259","16","7","229","Python","main","Other","https://documen.tician.de/pudb/","50","2969","86","2148","2011-05-13T11:44:30","2024-10-18T05:03:39","2024-10-19T09:11:22","327","142","294","16","1968","6463","1276","[{""language"":""TOML"",""blankLines"":13,""codeLines"":100,""commentLines"":1},{""language"":""reStructuredText"",""blankLines"":156,""codeLines"":306,""commentLines"":37},{""language"":""Bourne Shell"",""blankLines"":3,""codeLines"":9,""commentLines"":0},{""language"":""Markdown"",""blankLines"":13,""codeLines"":38,""commentLines"":0},{""language"":""Python"",""blankLines"":1756,""codeLines"":5800,""commentLines"":1228},{""language"":""make"",""blankLines"":4,""codeLines"":11,""commentLines"":6},{""language"":""Text"",""blankLines"":0,""codeLines"":7,""commentLines"":0},{""language"":""YAML"",""blankLines"":15,""codeLines"":168,""commentLines"":4},{""language"":""INI"",""blankLines"":8,""codeLines"":24,""commentLines"":0}]","2024-10-18T05:03:08","f0b2aa5dbf28cd5eef39b0422dd6e20eef9ce30e",true,false,false,false,"{""Python"":288755,""Shell"":116}","bug;dependencies;enhancement","bpython;debug;debugger;ipython;pdb;pytest;pytest-plugin;python;urwid"
"3963840","matthewwithanm/django-imagekit",false,"1140","10","5","276","Python","develop","BSD 3-Clause New or Revised License","http://django-imagekit.rtfd.org/","48","2246","66","2235","2011-02-10T09:01:29","2024-07-22T06:51:17","2024-07-22T06:51:21","390","88","184","5","1298","2959","1072","[{""language"":""DOS Batch"",""blankLines"":23,""codeLines"":166,""commentLines"":1},{""language"":""reStructuredText"",""blankLines"":383,""codeLines"":463,""commentLines"":373},{""language"":""INI"",""blankLines"":5,""codeLines"":37,""commentLines"":0},{""language"":""HTML"",""blankLines"":0,""codeLines"":62,""commentLines"":0},{""language"":""Python"",""blankLines"":840,""codeLines"":2009,""commentLines"":686},{""language"":""CSS"",""blankLines"":17,""codeLines"":66,""commentLines"":7},{""language"":""make"",""blankLines"":24,""codeLines"":124,""commentLines"":5},{""language"":""YAML"",""blankLines"":6,""codeLines"":25,""commentLines"":0},{""language"":""Text"",""blankLines"":0,""codeLines"":7,""commentLines"":0}]","2024-07-22T06:51:16","4cbbc52fabfd99a6306cdbb8ab2602bb0a0190a9",false,false,false,false,"{""Python"":103860,""HTML"":138}","bug;contributor-friendly;duplicate;feature-request;invalid;question;wontfix",""
"3963875","nipy/nipype",false,"15007","19","43","530","Python","master","Other","https://nipype.readthedocs.org/en/latest/","50","749","209","78820","2010-07-22T05:06:49","2024-11-08T11:20:46","2024-11-08T11:20:50","1368","401","2323","20","27557","177366","25897","[{""language"":""Fortran 77"",""blankLines"":13,""codeLines"":91,""commentLines"":0},{""language"":""JSON"",""blankLines"":0,""codeLines"":1703,""commentLines"":0},{""language"":""MATLAB"",""blankLines"":3,""codeLines"":38,""commentLines"":19},{""language"":""SVG"",""blankLines"":1,""codeLines"":2238,""commentLines"":1},{""language"":""Unity-Prefab"",""blankLines"":0,""codeLines"":6,""commentLines"":0},{""language"":""Tcl/Tk"",""blankLines"":579,""codeLines"":608,""commentLines"":866},{""language"":""HTML"",""blankLines"":85,""codeLines"":460,""commentLines"":0},{""language"":""Python"",""blankLines"":25409,""codeLines"":156910,""commentLines"":24478},{""language"":""CSS"",""blankLines"":106,""codeLines"":454,""commentLines"":11},{""language"":""JavaScript"",""blankLines"":9,""codeLines"":9246,""commentLines"":0},{""language"":""Bourne Shell"",""blankLines"":130,""codeLines"":476,""commentLines"":90},{""language"":""YAML"",""blankLines"":53,""codeLines"":634,""commentLines"":27},{""language"":""Markdown"",""blankLines"":91,""codeLines"":198,""commentLines"":14},{""language"":""make"",""blankLines"":38,""codeLines"":118,""commentLines"":8},{""language"":""Text"",""blankLines"":18,""codeLines"":899,""commentLines"":0},{""language"":""reStructuredText"",""blankLines"":1021,""codeLines"":3021,""commentLines"":383},{""language"":""INI"",""blankLines"":0,""codeLines"":9,""commentLines"":0},{""language"":""TOML"",""blankLines"":1,""codeLines"":5,""commentLines"":0},{""language"":""CSV"",""blankLines"":0,""codeLines"":252,""commentLines"":0}]","2024-11-08T11:20:45","237a9a7ca244ca87916e1f9c5bd73c3f08c00c5d",true,false,false,false,"{""Python"":6502591,""Tcl"":44554,""Shell"":19570,""HTML"":9822,""Makefile"":2595,""MATLAB"":1714}","0 - backlog;1 - ready;2 - working <= 5;3 - review;4 - done;assigned;blocked;bug;critical;dependency;discussion;doc;enhancement;external;faq;good-first-issue;help-wanted;in-progress;maintenance;needs-review;new-interface;nipype 2.0;orphaned;posix-compliance;potential-hackathon-topic;python-2-compatibility;question;question-solved;request;style;to-consider;watchlist;windows-compatibility;wontfix","big-data;brain-imaging;brainweb;data-science;dataflow;dataflow-programming;neuroimaging;python;workflow-engine"
"3963882","snarfed/bridgy",false,"4135","38","0","52","Python","main","Creative Commons Zero v1.0 Universal","https://brid.gy","28","723","20","15428","2011-12-12T10:33:45","2024-11-08T10:36:46","2024-11-08T10:36:50","1095","105","726","3","4847","19902","4473","[{""language"":""Text"",""blankLines"":33,""codeLines"":1322,""commentLines"":0},{""language"":""YAML"",""blankLines"":59,""codeLines"":373,""commentLines"":68},{""language"":""reStructuredText"",""blankLines"":183,""codeLines"":485,""commentLines"":82},{""language"":""HTML"",""blankLines"":360,""codeLines"":2356,""commentLines"":71},{""language"":""Python"",""blankLines"":3745,""codeLines"":13386,""commentLines"":3917},{""language"":""CSS"",""blankLines"":83,""codeLines"":332,""commentLines"":16},{""language"":""JavaScript"",""blankLines"":241,""codeLines"":1174,""commentLines"":293},{""language"":""Bourne Shell"",""blankLines"":18,""codeLines"":31,""commentLines"":26},{""language"":""SVG"",""blankLines"":0,""codeLines"":5,""commentLines"":0},{""language"":""Markdown"",""blankLines"":125,""codeLines"":301,""commentLines"":0},{""language"":""JSON"",""blankLines"":0,""codeLines"":137,""commentLines"":0}]","2024-11-08T10:36:45","a56aa04c78e08a55a51956818613e4d122b2912a",false,false,false,false,"{""Python"":748130,""HTML"":135128,""JavaScript"":51468,""CSS"":5957,""Shell"":1181}","backfeed;blogs;browser extension;dependencies;new silo;now;publish;speculative",""
"3963926","open-cogsci/opensesame",false,"4155","15","88","111","Python","milgram","GNU General Public License v3.0","http://osdoc.cogsci.nl/","23","236","29","128173","2011-02-01T03:00:34","2024-07-17T08:02:03","2024-07-17T08:02:05","657","81","151","0","9090","132550","15171","[{""language"":""Qt Linguist"",""blankLines"":1,""codeLines"":71999,""commentLines"":0},{""language"":""XML"",""blankLines"":0,""codeLines"":10,""commentLines"":0},{""language"":""Qt"",""blankLines"":0,""codeLines"":6927,""commentLines"":0},{""language"":""CSV"",""blankLines"":0,""codeLines"":212,""commentLines"":0},{""language"":""Markdown"",""blankLines"":1685,""codeLines"":2793,""commentLines"":0},{""language"":""JSON"",""blankLines"":0,""codeLines"":23390,""commentLines"":0},{""language"":""Python"",""blankLines"":7352,""codeLines"":25400,""commentLines"":15162},{""language"":""CSS"",""blankLines"":34,""codeLines"":169,""commentLines"":1},{""language"":""YAML"",""blankLines"":12,""codeLines"":126,""commentLines"":7},{""language"":""SVG"",""blankLines"":1,""codeLines"":1461,""commentLines"":1},{""language"":""TOML"",""blankLines"":5,""codeLines"":63,""commentLines"":0}]","2024-07-17T07:59:09","b19f07c74bcc932bac8d943cdff260987361a499",false,false,false,false,"{""Python"":1632138,""NSIS"":14699,""CSS"":2960,""HTML"":1443}","bug;enhancement;in progress;major;ready;unverified","methods;neuroscience;opensesame;psychology;python;research;social-sciences"
"3964568","pallets/flask",false,"5359","2","34","16215","Python","main","BSD 3-Clause New or Revised License","https://flask.palletsprojects.com","2117","68044","401","10674","2010-04-06T11:11:59","2024-11-08T05:55:02","2024-11-09T09:03:45","2649","1","2601","1","8191","19506","6840","[{""language"":""reStructuredText"",""blankLines"":3920,""codeLines"":7867,""commentLines"":3203},{""language"":""Markdown"",""blankLines"":53,""codeLines"":126,""commentLines"":42},{""language"":""make"",""blankLines"":4,""codeLines"":9,""commentLines"":7},{""language"":""YAML"",""blankLines"":1,""codeLines"":189,""commentLines"":11},{""language"":""JSON"",""blankLines"":0,""codeLines"":21,""commentLines"":0},{""language"":""TOML"",""blankLines"":34,""codeLines"":180,""commentLines"":0},{""language"":""DOS Batch"",""blankLines"":8,""codeLines"":26,""commentLines"":1},{""language"":""HTML"",""blankLines"":36,""codeLines"":326,""commentLines"":0},{""language"":""Text"",""blankLines"":0,""codeLines"":433,""commentLines"":0},{""language"":""Python"",""blankLines"":4097,""codeLines"":10125,""commentLines"":3573},{""language"":""CSS"",""blankLines"":25,""codeLines"":109,""commentLines"":1},{""language"":""INI"",""blankLines"":9,""codeLines"":66,""commentLines"":0},{""language"":""SQL"",""blankLines"":4,""codeLines"":22,""commentLines"":2},{""language"":""Bourne Shell"",""blankLines"":0,""codeLines"":7,""commentLines"":0}]","2024-11-08T05:55:00","07c7d5730a2685ef2281cc635e289685e5c3d478",false,false,false,false,"{""Python"":546887,""HTML"":405,""Shell"":193,""CSS"":18}","async;auto-closed;blocker;blueprints;bug;cli;dependencies;discussion;docs;github_actions;good first issue;hacktoberfest-accepted;invalid;json;logging;packaging;python;question;save-for-sprint;security;session;testing;typing","flask;jinja;pallets;python;web-framework;werkzeug;wsgi"
"3964569","psf/requests",false,"6318","9","12","9323","Python","main","Apache License 2.0","https://requests.readthedocs.io/en/latest/","1326","52147","401","13104","2011-02-13T06:38:17","2024-11-02T08:13:04","2024-11-03T05:20:35","3972","179","2551","70","3677","11626","2389","[{""language"":""Text"",""blankLines"":0,""codeLines"":10,""commentLines"":0},{""language"":""Python"",""blankLines"":2043,""codeLines"":7076,""commentLines"":2087},{""language"":""CSS"",""blankLines"":32,""codeLines"":143,""commentLines"":2},{""language"":""YAML"",""blankLines"":37,""codeLines"":220,""commentLines"":39},{""language"":""Markdown"",""blankLines"":609,""codeLines"":1698,""commentLines"":6},{""language"":""make"",""blankLines"":59,""codeLines"":258,""commentLines"":7},{""language"":""TOML"",""blankLines"":1,""codeLines"":9,""commentLines"":0},{""language"":""INI"",""blankLines"":3,""codeLines"":15,""commentLines"":0},{""language"":""HTML"",""blankLines"":30,""codeLines"":114,""commentLines"":3},{""language"":""DOS Batch"",""blankLines"":34,""codeLines"":227,""commentLines"":2},{""language"":""SVG"",""blankLines"":0,""codeLines"":1,""commentLines"":0},{""language"":""reStructuredText"",""blankLines"":829,""codeLines"":1855,""commentLines"":243}]","2024-11-02T08:13:02","a6cf27a77f6f5dd6116096e95c16e7c1a616b419",true,false,false,false,"{""Python"":359117,""Makefile"":2508}","3.0;actions/autoclose-feat;actions/autoclose-qa;breaking api change;bug;contributor friendly;dependencies;do not merge;documentation;feature request;fixed;gae support;github_actions;minion seal of approval;needs bdfl input;needs info;needs more information;needs rebase;not ready to merge;planned;please review;pr(s) available;pr(s) wanted;propose close;question/not a bug;ready to merge;silly-but-understandable;spam","client;cookies;forhumans;http;humans;python;python-requests;requests"
"3964572","nicolargo/glances",false,"5980","67","45","1530","Python","develop","Other","http://nicolargo.github.io/glances/","501","26804","162","43178","2011-12-04T08:49:15","2024-11-09T09:17:32","2024-11-09T11:14:34","1914","162","897","13","7292","43503","8854","[{""language"":""Vuejs Component"",""blankLines"":112,""codeLines"":3161,""commentLines"":82},{""language"":""Properties"",""blankLines"":4,""codeLines"":6,""commentLines"":10},{""language"":""DOS Batch"",""blankLines"":34,""codeLines"":227,""commentLines"":2},{""language"":""Less"",""blankLines"":8,""codeLines"":11,""commentLines"":41},{""language"":""reStructuredText"",""blankLines"":2025,""codeLines"":4585,""commentLines"":1505},{""language"":""Bourne Again Shell"",""blankLines"":3,""codeLines"":17,""commentLines"":6},{""language"":""SCSS"",""blankLines"":47,""codeLines"":287,""commentLines"":25},{""language"":""Dockerfile"",""blankLines"":59,""codeLines"":148,""commentLines"":80},{""language"":""JSON"",""blankLines"":0,""codeLines"":15620,""commentLines"":0},{""language"":""TOML"",""blankLines"":13,""codeLines"":186,""commentLines"":12},{""language"":""SVG"",""blankLines"":8,""codeLines"":1780,""commentLines"":134},{""language"":""HTML"",""blankLines"":11,""codeLines"":62,""commentLines"":0},{""language"":""Text"",""blankLines"":157,""codeLines"":270,""commentLines"":0},{""language"":""Python"",""blankLines"":4396,""codeLines"":15278,""commentLines"":6737},{""language"":""JavaScript"",""blankLines"":51,""codeLines"":351,""commentLines"":57},{""language"":""Bourne Shell"",""blankLines"":8,""codeLines"":19,""commentLines"":0},{""language"":""INI"",""blankLines"":2,""codeLines"":25,""commentLines"":3},{""language"":""Markdown"",""blankLines"":124,""codeLines"":330,""commentLines"":0},{""language"":""Sass"",""blankLines"":20,""codeLines"":273,""commentLines"":0},{""language"":""make"",""blankLines"":112,""codeLines"":394,""commentLines"":40},{""language"":""YAML"",""blankLines"":98,""codeLines"":473,""commentLines"":120}]","2024-11-09T09:17:17","037c0d2cf9f9840bdf2a76a4d47f8a739ec91aca",true,false,false,false,"{""Python"":925732,""Vue"":121838,""Makefile"":12636,""JavaScript"":11085,""Dockerfile"":8371,""SCSS"":7251,""Batchfile"":3366,""PowerShell"":2786,""Shell"":1154,""HTML"":1036,""Smarty"":483,""Less"":63}","arm;breaking change;bsd;bug;continuous integration;cursesui;cyber;debian;dependencies;dev factory;do not merge;docker;documentation;duplicated;enhancement;export/influxdb;export/mqtt;graph;hotfix;in progress;inactive;install;invalid;need investigation;need reworking;needs contributor;needs discussion;needs more info;needs test;network;new feature;not reproduced;packaging;plugin/containers;plugin/gpu;plugin/ps;psutil;refactoring;regression;rejected;rtfm;security;test;to be verify;webui;windows","monitoring;multi-platform;python;restful;restful-api;system;terminal;web"
"3964575","ipython/ipython",false,"27200","23","29","4445","Python","main","BSD 3-Clause New or Revised License","https://ipython.readthedocs.org","743","16301","421","79017","2010-05-10T04:46:06","2024-11-05T03:24:34","2024-11-05T07:10:59","7367","1495","7138","45","19522","65182","55993","[{""language"":""Jupyter Notebook"",""blankLines"":0,""codeLines"":1333,""commentLines"":32808},{""language"":""DOS Batch"",""blankLines"":13,""codeLines"":73,""commentLines"":7},{""language"":""reStructuredText"",""blankLines"":4823,""codeLines"":16749,""commentLines"":1600},{""language"":""HTML"",""blankLines"":1,""codeLines"":705,""commentLines"":0},{""language"":""XHTML"",""blankLines"":0,""codeLines"":375,""commentLines"":0},{""language"":""Python"",""blankLines"":14299,""codeLines"":42474,""commentLines"":21378},{""language"":""CSS"",""blankLines"":0,""codeLines"":3,""commentLines"":4},{""language"":""JSON"",""blankLines"":0,""codeLines"":380,""commentLines"":0},{""language"":""Bourne Again Shell"",""blankLines"":49,""codeLines"":206,""commentLines"":47},{""language"":""XML"",""blankLines"":3,""codeLines"":458,""commentLines"":0},{""language"":""TOML"",""blankLines"":23,""codeLines"":423,""commentLines"":9},{""language"":""SVG"",""blankLines"":2,""codeLines"":877,""commentLines"":3},{""language"":""INI"",""blankLines"":4,""codeLines"":15,""commentLines"":0},{""language"":""Bourne Shell"",""blankLines"":52,""codeLines"":165,""commentLines"":53},{""language"":""Text"",""blankLines"":89,""codeLines"":253,""commentLines"":0},{""language"":""YAML"",""blankLines"":33,""codeLines"":355,""commentLines"":42},{""language"":""Markdown"",""blankLines"":46,""codeLines"":113,""commentLines"":4},{""language"":""make"",""blankLines"":85,""codeLines"":225,""commentLines"":38}]","2024-11-05T03:24:33","0615526f80691452f2e282c363bce197c0141561",true,false,false,false,"{""Python"":2532386,""Jupyter Notebook"":958134,""Shell"":12458,""Makefile"":4675,""Batchfile"":425}","8.0 what's new;api-review;arch-review;async/await;autosuggestions;backported;bug;closed-pr;core;debugger;dependencies;deprecation/removal;design-review;docathon;documentation;external-software-interaction;good first issue;hacktoberfest;hacktoberfest-accepted;help wanted;important;ipep;kernel;magics;matplotlib;msg-spec;nbconvert;needs-decision;needs-info;notebook;numfocus sdg 2021;osx;parallel;qtconsole;r;regression;security;spam;still needs manual backport;tab-completion;testing;ui;unicode;widgets;windows;zmq-console","closember;data-science;hacktoberfest;ipython;jupyter;notebook;python;repl;spec-0"
"3964579","pallets/jinja",false,"2848","7","19","1616","Python","main","BSD 3-Clause New or Revised License","https://jinja.palletsprojects.com","249","10309","267","6629","2010-10-17T01:41:17","2024-10-24T09:16:09","2024-10-25T04:24:32","1036","81","938","45","5536","18232","5103","[{""language"":""DOS Batch"",""blankLines"":8,""codeLines"":26,""commentLines"":1},{""language"":""JSON"",""blankLines"":0,""codeLines"":17,""commentLines"":0},{""language"":""SVG"",""blankLines"":0,""codeLines"":131,""commentLines"":1},{""language"":""HTML"",""blankLines"":0,""codeLines"":18,""commentLines"":0},{""language"":""Python"",""blankLines"":3978,""codeLines"":14563,""commentLines"":4059},{""language"":""Bourne Shell"",""blankLines"":0,""codeLines"":7,""commentLines"":0},{""language"":""reStructuredText"",""blankLines"":1491,""codeLines"":2791,""commentLines"":983},{""language"":""YAML"",""blankLines"":1,""codeLines"":185,""commentLines"":11},{""language"":""Markdown"",""blankLines"":24,""codeLines"":50,""commentLines"":42},{""language"":""make"",""blankLines"":4,""codeLines"":9,""commentLines"":6},{""language"":""TOML"",""blankLines"":15,""codeLines"":90,""commentLines"":0},{""language"":""INI"",""blankLines"":9,""codeLines"":56,""commentLines"":0},{""language"":""Text"",""blankLines"":6,""codeLines"":289,""commentLines"":0}]","2024-10-24T09:16:05","ada0a9a6fc265128b46949b5144d2eaa55e6df2c",false,false,false,false,"{""Python"":753604,""Shell"":165,""HTML"":81}","async;bug;dependencies;docs;github_actions;good first issue;i18n;invalid;python;save-for-sprint;security;typing","jinja;jinja2;pallets;python;template-engine;templates"
"3964582","fail2ban/fail2ban",false,"5998","32","29","1254","Python","master","Other","http://www.fail2ban.org","248","12204","226","12804","2011-09-28T04:24:20","2024-11-07T06:35:59","2024-11-09T06:59:06","2292","143","1296","99","4233","24805","7805","[{""language"":""Bourne Shell"",""blankLines"":55,""codeLines"":275,""commentLines"":134},{""language"":""reStructuredText"",""blankLines"":49,""codeLines"":85,""commentLines"":194},{""language"":""Markdown"",""blankLines"":83,""codeLines"":188,""commentLines"":58},{""language"":""Text"",""blankLines"":21,""codeLines"":84,""commentLines"":0},{""language"":""Python"",""blankLines"":3869,""codeLines"":23012,""commentLines"":7140},{""language"":""make"",""blankLines"":28,""codeLines"":143,""commentLines"":6},{""language"":""Bourne Again Shell"",""blankLines"":39,""codeLines"":235,""commentLines"":87},{""language"":""YAML"",""blankLines"":16,""codeLines"":84,""commentLines"":29},{""language"":""XML"",""blankLines"":13,""codeLines"":353,""commentLines"":5},{""language"":""Perl"",""blankLines"":60,""codeLines"":346,""commentLines"":152}]","2024-11-07T06:32:31","12ff98027f82d4d6d02a9cc8fb0b23f1a817a34f",true,false,false,false,"{""Python"":1174887,""Shell"":29572,""Perl"":20322}","3rd party  issue;blocked;bug;cherrypick-to-0.10;cherrypick-to-0.9;closed-as-duplicate;closed-as-incorrect;closed-as-unlikely-to-be-implemented;closed-for-no-activity;cosmetic;datetime;documentation;easyfix;enhancement;filter-request;grave;how-to;implemented-in-newer-version;ipv6;merge-to-master;moreinfo;needs-testing;obsolete-version;patch;wip;wishlish;wontfix","anti-bot;attack-prevention;ban-hosts;ban-management;bsd;fail2ban;gplv2;hids;ids;intrusion-detection;intrusion-prevention;ips;linux;loganalyzer;macos;monitoring;python;security;security-tools"
"3964590","kozea/weasyprint",false,"5726","4","74","680","Python","main","BSD 3-Clause New or Revised License","https://weasyprint.org","132","7188","125","34331","2011-08-09T02:14:24","2024-10-29T08:10:59","2024-10-31T02:25:15","1880","167","407","3","9178","42769","23701","[{""language"":""SVG"",""blankLines"":1,""codeLines"":220,""commentLines"":1},{""language"":""TOML"",""blankLines"":8,""codeLines"":66,""commentLines"":0},{""language"":""reStructuredText"",""blankLines"":1539,""codeLines"":4342,""commentLines"":354},{""language"":""HTML"",""blankLines"":23,""codeLines"":199,""commentLines"":1},{""language"":""Python"",""blankLines"":7465,""codeLines"":36917,""commentLines"":23306},{""language"":""CSS"",""blankLines"":136,""codeLines"":874,""commentLines"":38},{""language"":""YAML"",""blankLines"":6,""codeLines"":151,""commentLines"":1}]","2024-10-29T08:10:58","ca74c8e81ce48b0f7b838492cab8634b9f1d33b7",false,false,false,false,"{""Python"":2240609,""CSS"":41366,""HTML"":18932}","bug;crash;css;documentation;feature;good first issue;performance;sponsored","converter;css;html;pdf;python;weasyprint"
"3964601","biopython/biopython",false,"15953","4","0","1754","Python","master","Other","http://biopython.org/","168","4373","315","73322","2009-03-15T09:09:53","2024-10-28T09:39:52","2024-10-28T09:39:58","1696","446","3177","115","65768","665035","130833","[{""language"":""C/C++ Header"",""blankLines"":10,""codeLines"":37,""commentLines"":43},{""language"":""TeX"",""blankLines"":473,""codeLines"":1355,""commentLines"":14},{""language"":""make"",""blankLines"":6,""codeLines"":15,""commentLines"":6},{""language"":""ASP"",""blankLines"":0,""codeLines"":524,""commentLines"":0},{""language"":""IDL"",""blankLines"":2,""codeLines"":33,""commentLines"":3},{""language"":""Visual Basic"",""blankLines"":171,""codeLines"":936,""commentLines"":0},{""language"":""CSV"",""blankLines"":0,""codeLines"":2404,""commentLines"":0},{""language"":""reStructuredText"",""blankLines"":8563,""codeLines"":15343,""commentLines"":13663},{""language"":""Text"",""blankLines"":1307,""codeLines"":22748,""commentLines"":0},{""language"":""CSS"",""blankLines"":2,""codeLines"":3,""commentLines"":6},{""language"":""INI"",""blankLines"":21,""codeLines"":60,""commentLines"":0},{""language"":""HTML"",""blankLines"":116,""codeLines"":2547,""commentLines"":44},{""language"":""SQL"",""blankLines"":290,""codeLines"":1437,""commentLines"":919},{""language"":""SVG"",""blankLines"":1,""codeLines"":160,""commentLines"":1},{""language"":""Bourne Shell"",""blankLines"":16,""codeLines"":69,""commentLines"":82},{""language"":""YAML"",""blankLines"":80,""codeLines"":459,""commentLines"":64},{""language"":""Markdown"",""blankLines"":274,""codeLines"":1416,""commentLines"":4},{""language"":""ProGuard"",""blankLines"":0,""codeLines"":5,""commentLines"":2},{""language"":""XSD"",""blankLines"":28,""codeLines"":355,""commentLines"":96},{""language"":""JSON"",""blankLines"":0,""codeLines"":5,""commentLines"":0},{""language"":""XML"",""blankLines"":221,""codeLines"":243924,""commentLines"":300},{""language"":""ActionScript"",""blankLines"":0,""codeLines"":138,""commentLines"":0},{""language"":""Python"",""blankLines"":40670,""codeLines"":329499,""commentLines"":99225},{""language"":""C"",""blankLines"":1790,""codeLines"":16917,""commentLines"":2051},{""language"":""DTD"",""blankLines"":11727,""codeLines"":24646,""commentLines"":14310}]","2024-10-28T09:39:52","cf7844c6e81b8d64b0e093b9cccdd2dbc42e04e0",false,false,false,false,"{""Python"":21056194,""C"":695657,""Parrot"":454926,""Roff"":130924,""HTML"":75193,""Visual Basic 6.0"":47938,""Nu"":8928,""AngelScript"":6440,""Shell"":6197,""Gnuplot"":5568,""Prolog"":2142,""CAP CDS"":1551,""QMake"":1526}","bug;dependencies;documentation;enhancement;from redmine;good first issue;help wanted;needs info;style;testing;update","bioinformatics;biopython;dna;genomics;phylogenetics;protein;protein-structure;python;sequence-alignment"
"3964602","urllib3/urllib3",false,"4207","9","50","1145","Python","main","MIT License","https://urllib3.readthedocs.io","101","3792","319","7680","2011-09-18T06:08:28","2024-11-05T08:49:32","2024-11-05T10:55:10","1267","111","2225","17","6740","25324","5000","[{""language"":""make"",""blankLines"":21,""codeLines"":105,""commentLines"":4},{""language"":""YAML"",""blankLines"":76,""codeLines"":462,""commentLines"":16},{""language"":""Diff"",""blankLines"":8,""codeLines"":16,""commentLines"":36},{""language"":""DOS Batch"",""blankLines"":21,""codeLines"":148,""commentLines"":1},{""language"":""reStructuredText"",""blankLines"":1267,""codeLines"":1957,""commentLines"":758},{""language"":""TOML"",""blankLines"":9,""codeLines"":132,""commentLines"":4},{""language"":""HTML"",""blankLines"":13,""codeLines"":254,""commentLines"":4},{""language"":""Text"",""blankLines"":5,""codeLines"":64,""commentLines"":0},{""language"":""Python"",""blankLines"":5181,""codeLines"":21704,""commentLines"":4159},{""language"":""JavaScript"",""blankLines"":6,""codeLines"":92,""commentLines"":12},{""language"":""Bourne Shell"",""blankLines"":2,""codeLines"":5,""commentLines"":0},{""language"":""SVG"",""blankLines"":1,""codeLines"":24,""commentLines"":0},{""language"":""Markdown"",""blankLines"":130,""codeLines"":361,""commentLines"":6}]","2024-11-05T08:49:31","8b2474d32b57f096a815ab52f9b54a843d68c140",false,false,false,false,"{""Python"":1102883,""HTML"":8754,""JavaScript"":3655,""Shell"":183}","announcement;contributor friendly ♥;dependencies;needs more information;proposed solution accepted;python;skip changelog;tls;💰 bounty $100;💰 bounty $300;💰 bounty $500;🥺 feature request;🧨 confirmed bug","http;http-client;python;urllib3"
"3964607","jazzband/django-model-utils",false,"1109","9","11","365","Python","master","BSD 3-Clause New or Revised License","https://django-model-utils.readthedocs.io","47","2651","119","1119","2009-11-10T06:18:00","2024-09-17T06:05:08","2024-09-17T06:05:13","289","96","342","10","1891","5556","1146","[{""language"":""DOS Batch"",""blankLines"":29,""codeLines"":212,""commentLines"":1},{""language"":""PO File"",""blankLines"":60,""codeLines"":231,""commentLines"":110},{""language"":""INI"",""blankLines"":13,""codeLines"":101,""commentLines"":0},{""language"":""reStructuredText"",""blankLines"":521,""codeLines"":900,""commentLines"":375},{""language"":""Text"",""blankLines"":4,""codeLines"":37,""commentLines"":0},{""language"":""Python"",""blankLines"":1180,""codeLines"":3669,""commentLines"":648},{""language"":""YAML"",""blankLines"":27,""codeLines"":182,""commentLines"":6},{""language"":""Markdown"",""blankLines"":20,""codeLines"":55,""commentLines"":0},{""language"":""make"",""blankLines"":37,""codeLines"":169,""commentLines"":6}]","2024-09-17T06:05:04","d1eb8004f2ebe7524c4de6da9960cd48788953c3",true,false,false,false,"{""Python"":188694,""Makefile"":698}","bug;feature request;good first issue;help wanted;module: choices;module: field-tracker;needs clarification;open_for_pr;pypi;question;sync;wontfix",""
"3964610","web2py/web2py",false,"8304","13","24","907","Python","master","Other","http://www.web2py.com","223","2117","192","43162","2008-11-07T06:08:58","2024-10-28T03:24:02","2024-10-28T03:24:06","1062","365","1434","17","20707","199166","23002","[{""language"":""Dockerfile"",""blankLines"":516,""codeLines"":1153,""commentLines"":65},{""language"":""JSON"",""blankLines"":0,""codeLines"":16,""commentLines"":0},{""language"":""HTML"",""blankLines"":593,""codeLines"":6302,""commentLines"":673},{""language"":""Python"",""blankLines"":14596,""codeLines"":109132,""commentLines"":18012},{""language"":""CSS"",""blankLines"":619,""codeLines"":3971,""commentLines"":410},{""language"":""CSV"",""blankLines"":3,""codeLines"":14,""commentLines"":0},{""language"":""XML"",""blankLines"":0,""codeLines"":75,""commentLines"":2},{""language"":""JavaScript"",""blankLines"":2449,""codeLines"":23968,""commentLines"":2843},{""language"":""Bourne Shell"",""blankLines"":779,""codeLines"":2664,""commentLines"":737},{""language"":""reStructuredText"",""blankLines"":100,""codeLines"":106,""commentLines"":208},{""language"":""Markdown"",""blankLines"":889,""codeLines"":2805,""commentLines"":0},{""language"":""make"",""blankLines"":33,""codeLines"":313,""commentLines"":23},{""language"":""YAML"",""blankLines"":88,""codeLines"":492,""commentLines"":14},{""language"":""PowerShell"",""blankLines"":23,""codeLines"":135,""commentLines"":11},{""language"":""INI"",""blankLines"":13,""codeLines"":59,""commentLines"":4},{""language"":""Text"",""blankLines"":6,""codeLines"":47961,""commentLines"":0}]","2024-10-28T03:23:55","301999fa743b05f6019b9a472f2444c35fbd9981",true,false,false,false,"{""Python"":5437721,""HTML"":352637,""JavaScript"":263749,""Shell"":114765,""CSS"":48305,""Dockerfile"":44891,""Makefile"":9216,""PowerShell"":5974}","bug;dal;docs;enhancement;imported;in progress;priority-critical;priority-high;priority-low;priority-medium;tests",""
"3964637","tomerfiliba-org/rpyc",false,"1013","8","15","244","Python","master","Other","http://rpyc.readthedocs.org","60","1564","62","3269","2009-03-08T11:23:29","2024-09-25T04:25:32","2024-09-25T07:25:01","425","81","137","0","2936","9384","2248","[{""language"":""Text"",""blankLines"":11,""codeLines"":45,""commentLines"":0},{""language"":""Python"",""blankLines"":1888,""codeLines"":6568,""commentLines"":1739},{""language"":""DOS Batch"",""blankLines"":23,""codeLines"":166,""commentLines"":1},{""language"":""TOML"",""blankLines"":8,""codeLines"":61,""commentLines"":2},{""language"":""reStructuredText"",""blankLines"":914,""codeLines"":2137,""commentLines"":488},{""language"":""HTML"",""blankLines"":5,""codeLines"":36,""commentLines"":0},{""language"":""YAML"",""blankLines"":17,""codeLines"":140,""commentLines"":14},{""language"":""Markdown"",""blankLines"":47,""codeLines"":89,""commentLines"":0},{""language"":""JSON"",""blankLines"":0,""codeLines"":32,""commentLines"":0},{""language"":""make"",""blankLines"":23,""codeLines"":110,""commentLines"":4}]","2024-09-25T04:24:13","6503cb10818683999e8c8da887babc73652a2be6",false,false,false,false,"{""Python"":321808}","bug;done;feature;help wanted;minimal test case;paused triage;question;to start;triage;won't fix",""
"3964665","cellprofiler/cellprofiler",false,"16654","17","35","376","Python","main","Other","http://cellprofiler.org","45","917","72","195310","2011-04-05T12:10:12","2024-11-04T01:01:53","2024-11-04T01:01:55","3281","299","1650","12","28949","155688","34537","[{""language"":""YAML"",""blankLines"":8,""codeLines"":451,""commentLines"":31},{""language"":""Markdown"",""blankLines"":159,""codeLines"":309,""commentLines"":0},{""language"":""make"",""blankLines"":45,""codeLines"":97,""commentLines"":37},{""language"":""Dockerfile"",""blankLines"":8,""codeLines"":18,""commentLines"":2},{""language"":""DOS Batch"",""blankLines"":17,""codeLines"":60,""commentLines"":2},{""language"":""XSD"",""blankLines"":0,""codeLines"":79,""commentLines"":0},{""language"":""CSV"",""blankLines"":0,""codeLines"":97,""commentLines"":0},{""language"":""JSON"",""blankLines"":1,""codeLines"":1866,""commentLines"":0},{""language"":""XML"",""blankLines"":0,""codeLines"":2037,""commentLines"":0},{""language"":""reStructuredText"",""blankLines"":605,""codeLines"":1791,""commentLines"":346},{""language"":""Text"",""blankLines"":12,""codeLines"":43,""commentLines"":0},{""language"":""Python"",""blankLines"":27932,""codeLines"":147134,""commentLines"":33971},{""language"":""TOML"",""blankLines"":38,""codeLines"":311,""commentLines"":80},{""language"":""INI"",""blankLines"":0,""codeLines"":11,""commentLines"":0},{""language"":""HTML"",""blankLines"":34,""codeLines"":643,""commentLines"":0},{""language"":""Nix"",""blankLines"":37,""codeLines"":489,""commentLines"":22},{""language"":""SVG"",""blankLines"":9,""codeLines"":65,""commentLines"":0},{""language"":""Bourne Shell"",""blankLines"":44,""codeLines"":187,""commentLines"":46}]","2024-11-04T01:01:50","6de33af33e2ed082430db3f64bf75b21ea5d350f",true,false,false,false,"{""Python"":7867988,""HTML"":30638,""Nix"":12112,""Shell"":8833,""Makefile"":4381,""Inno Setup"":3576,""Dockerfile"":924}","bug;dependencies;documentation;easy;enhancement;environment/install;feature request;future consideration;needs verification;osx specific",""
"3964683","sfepy/sfepy",false,"9500","1","0","184","Python","master","BSD 3-Clause New or Revised License","http://sfepy.org","35","749","29","32845","2010-07-28T09:14:41","2024-11-08T12:41:09","2024-11-09T01:28:36","498","70","660","7","31973","103056","24911","[{""language"":""TOML"",""blankLines"":0,""codeLines"":16,""commentLines"":1},{""language"":""MATLAB"",""blankLines"":4,""codeLines"":57,""commentLines"":0},{""language"":""SVG"",""blankLines"":1,""codeLines"":770,""commentLines"":1},{""language"":""INI"",""blankLines"":1,""codeLines"":11,""commentLines"":0},{""language"":""HTML"",""blankLines"":5,""codeLines"":34,""commentLines"":0},{""language"":""Text"",""blankLines"":27,""codeLines"":1152,""commentLines"":0},{""language"":""OpenSCAD"",""blankLines"":4,""codeLines"":61,""commentLines"":0},{""language"":""Python"",""blankLines"":22425,""codeLines"":69012,""commentLines"":20539},{""language"":""CSS"",""blankLines"":5,""codeLines"":40,""commentLines"":2},{""language"":""Cython"",""blankLines"":998,""codeLines"":4088,""commentLines"":360},{""language"":""C"",""blankLines"":2406,""codeLines"":12253,""commentLines"":1454},{""language"":""C/C++ Header"",""blankLines"":357,""codeLines"":1214,""commentLines"":177},{""language"":""YAML"",""blankLines"":4,""codeLines"":39,""commentLines"":6},{""language"":""make"",""blankLines"":19,""codeLines"":91,""commentLines"":4},{""language"":""CMake"",""blankLines"":29,""codeLines"":104,""commentLines"":2},{""language"":""PowerShell"",""blankLines"":14,""codeLines"":75,""commentLines"":9},{""language"":""DOS Batch"",""blankLines"":17,""codeLines"":103,""commentLines"":1},{""language"":""Fortran 77"",""blankLines"":14,""codeLines"":110,""commentLines"":0},{""language"":""reStructuredText"",""blankLines"":5579,""codeLines"":13468,""commentLines"":2285},{""language"":""GLSL"",""blankLines"":64,""codeLines"":358,""commentLines"":70}]","2024-11-08T12:20:03","0e6720d1ae0e4652678944343ae1ea2499993699",true,false,false,false,"{""Python"":3825690,""C"":456800,""GLSL"":13672,""CMake"":4563,""PowerShell"":3121,""MATLAB"":1929,""Makefile"":489}","ci;defect;docs;easy-to-fix;enhancement;examples;question;task;tests;won't-fix",""
"3964736","hasgeek/hasjob",false,"2172","46","0","80","Python","main","GNU Affero General Public License v3.0","https://hasjob.co","27","239","24","19011","2011-04-21T09:29:49","2024-10-29T09:43:13","2024-10-29T09:43:15","288","137","498","12","2887","24696","2090","[{""language"":""Mako"",""blankLines"":8,""codeLines"":17,""commentLines"":0},{""language"":""Ruby"",""blankLines"":0,""codeLines"":7,""commentLines"":3},{""language"":""SCSS"",""blankLines"":15,""codeLines"":135,""commentLines"":7},{""language"":""Dockerfile"",""blankLines"":7,""codeLines"":11,""commentLines"":4},{""language"":""JSON"",""blankLines"":0,""codeLines"":5566,""commentLines"":0},{""language"":""Python"",""blankLines"":2146,""codeLines"":12504,""commentLines"":1587},{""language"":""CSS"",""blankLines"":1,""codeLines"":15,""commentLines"":0},{""language"":""XML"",""blankLines"":1,""codeLines"":96,""commentLines"":0},{""language"":""Sass"",""blankLines"":244,""codeLines"":984,""commentLines"":25},{""language"":""TOML"",""blankLines"":23,""codeLines"":154,""commentLines"":12},{""language"":""Bourne Shell"",""blankLines"":1,""codeLines"":7,""commentLines"":0},{""language"":""SVG"",""blankLines"":0,""codeLines"":1,""commentLines"":0},{""language"":""Markdown"",""blankLines"":59,""codeLines"":125,""commentLines"":0},{""language"":""Text"",""blankLines"":117,""codeLines"":590,""commentLines"":0},{""language"":""make"",""blankLines"":1,""codeLines"":6,""commentLines"":0},{""language"":""Jinja Template"",""blankLines"":138,""codeLines"":3121,""commentLines"":347},{""language"":""YAML"",""blankLines"":9,""codeLines"":269,""commentLines"":3},{""language"":""JavaScript"",""blankLines"":102,""codeLines"":1032,""commentLines"":102},{""language"":""INI"",""blankLines"":15,""codeLines"":56,""commentLines"":0}]","2024-10-29T09:43:11","283a7945c756f814680bb28e81b9cb35319f756f",true,false,false,false,"{""Python"":538977,""Jinja"":156105,""JavaScript"":38506,""Sass"":26510,""SCSS"":3172,""Shell"":695,""Dockerfile"":622,""Mako"":485,""Ruby"":372,""CSS"":306,""Makefile"":78}","bug;code-architecture;dependencies;duplicate;enhancement;evaluate;finished;in progress;javascript;later;needs-review;parked;priority-hi;priority-low;priority-medium;python;sanity;spam;tests;trivial;wontfix","hacktoberfest;hasgeek;job-board;python"
"3964745","clusterlabs/pcs",false,"4844","5","2","116","Python","main","GNU General Public License v2.0",,"33","250","36","26065","2011-10-31T08:18:21","2024-11-05T01:27:11","2024-11-05T01:26:54","250","26","605","3","31446","250102","42088","[{""language"":""Text"",""blankLines"":35,""codeLines"":212,""commentLines"":0},{""language"":""Python"",""blankLines"":29239,""codeLines"":210038,""commentLines"":41407},{""language"":""YAML"",""blankLines"":13,""codeLines"":139,""commentLines"":1},{""language"":""Markdown"",""blankLines"":235,""codeLines"":1741,""commentLines"":0},{""language"":""make"",""blankLines"":96,""codeLines"":1484,""commentLines"":30},{""language"":""TOML"",""blankLines"":1,""codeLines"":48,""commentLines"":0},{""language"":""M4"",""blankLines"":87,""codeLines"":829,""commentLines"":35},{""language"":""INI"",""blankLines"":70,""codeLines"":171,""commentLines"":0},{""language"":""HTML"",""blankLines"":0,""codeLines"":27,""commentLines"":0},{""language"":""Ruby"",""blankLines"":1386,""codeLines"":13379,""commentLines"":376},{""language"":""XML"",""blankLines"":254,""codeLines"":21900,""commentLines"":131},{""language"":""Bourne Shell"",""blankLines"":30,""codeLines"":134,""commentLines"":108}]","2024-11-05T09:12:07","072dcefc6b52bfb2be9382bc65ed23c64f2c2fc7",true,false,false,false,"{""Python"":9437715,""Ruby"":415686,""Roff"":135941,""Makefile"":57660,""M4"":32611,""Shell"":15540,""HTML"":708}","dependencies;python",""
"3964765","cnvogelg/amitools",false,"1312","2","1","71","Python","master",,,"32","256","22","18621","2011-10-03T05:47:47","2024-08-25T06:45:51","2024-08-25T06:45:55","144","27","67","7","8964","50356","5136","[{""language"":""reStructuredText"",""blankLines"":613,""codeLines"":1251,""commentLines"":25},{""language"":""Dockerfile"",""blankLines"":33,""codeLines"":106,""commentLines"":10},{""language"":""Bourne Again Shell"",""blankLines"":1,""codeLines"":6,""commentLines"":0},{""language"":""Text"",""blankLines"":0,""codeLines"":760,""commentLines"":0},{""language"":""Python"",""blankLines"":7211,""codeLines"":43485,""commentLines"":4954},{""language"":""Cython"",""blankLines"":108,""codeLines"":576,""commentLines"":30},{""language"":""C"",""blankLines"":381,""codeLines"":2397,""commentLines"":55},{""language"":""TOML"",""blankLines"":6,""codeLines"":40,""commentLines"":0},{""language"":""INI"",""blankLines"":7,""codeLines"":32,""commentLines"":0},{""language"":""Bourne Shell"",""blankLines"":11,""codeLines"":76,""commentLines"":21},{""language"":""C/C++ Header"",""blankLines"":87,""codeLines"":400,""commentLines"":5},{""language"":""YAML"",""blankLines"":7,""codeLines"":37,""commentLines"":2},{""language"":""Markdown"",""blankLines"":393,""codeLines"":904,""commentLines"":0},{""language"":""make"",""blankLines"":106,""codeLines"":286,""commentLines"":34}]","2024-08-25T06:45:44","8b2e846dd3d6c058215938c8e4848653190736e1",true,false,false,false,"{""Python"":1718376,""C"":83963,""Cython"":21207,""Makefile"":11569,""Dockerfile"":5153,""Shell"":2601}","feature","adf;amiga;amigaos;amitools;hdf;python3;rdb"
"3964768","cylc/cylc-flow",false,"18618","10","103","93","Python","master","GNU General Public License v3.0","https://cylc.github.io","15","332","35","129522","2011-06-02T08:31:49","2024-11-08T11:53:08","2024-11-08T11:53:10","2302","448","4112","32","22052","97322","49218","[{""language"":""Lisp"",""blankLines"":19,""codeLines"":55,""commentLines"":42},{""language"":""SQL"",""blankLines"":0,""codeLines"":233,""commentLines"":0},{""language"":""Windows Resource File"",""blankLines"":19,""codeLines"":206,""commentLines"":0},{""language"":""Dockerfile"",""blankLines"":17,""codeLines"":49,""commentLines"":32},{""language"":""JSON"",""blankLines"":0,""codeLines"":44,""commentLines"":0},{""language"":""reStructuredText"",""blankLines"":176,""codeLines"":163,""commentLines"":217},{""language"":""HTML"",""blankLines"":11,""codeLines"":1186,""commentLines"":0},{""language"":""Python"",""blankLines"":17818,""codeLines"":74620,""commentLines"":34255},{""language"":""Bourne Again Shell"",""blankLines"":3198,""codeLines"":17035,""commentLines"":14287},{""language"":""XML"",""blankLines"":41,""codeLines"":806,""commentLines"":57},{""language"":""CSV"",""blankLines"":0,""codeLines"":202,""commentLines"":0},{""language"":""Vim Script"",""blankLines"":17,""codeLines"":61,""commentLines"":37},{""language"":""TOML"",""blankLines"":9,""codeLines"":38,""commentLines"":2},{""language"":""Bourne Shell"",""blankLines"":23,""codeLines"":244,""commentLines"":136},{""language"":""Markdown"",""blankLines"":509,""codeLines"":1069,""commentLines"":7},{""language"":""Text"",""blankLines"":3,""codeLines"":13,""commentLines"":0},{""language"":""Jinja Template"",""blankLines"":3,""codeLines"":11,""commentLines"":0},{""language"":""YAML"",""blankLines"":148,""codeLines"":911,""commentLines"":91},{""language"":""Protocol Buffers"",""blankLines"":34,""codeLines"":293,""commentLines"":45},{""language"":""D"",""blankLines"":0,""codeLines"":3,""commentLines"":0},{""language"":""INI"",""blankLines"":7,""codeLines"":80,""commentLines"":10}]","2024-11-08T11:53:06","76794b9e9a696fea02a5d74492d32eedc5057a75",true,false,false,false,"{""Python"":4230830,""Shell"":1373394,""HTML"":419514,""Emacs Lisp"":5210,""Vim Script"":4645,""Dockerfile"":2959,""Jinja"":329,""Makefile"":304}","blocked;bug;bug?;code refactor;config change;could be better;db change;dependencies;doc;duplicate;efficiency;good first issue;infrastructure;invalid;investigation;needs reproducing;non-cylc bug;poc;priority-1;question;release;security;small;speculative;superseded;sync;tutorial-workflows;wontfix","cycling-workflows;cylc;hacktoberfest;job-scheduler;metascheduler;python;scheduler;scheduling;workflow;workflow-automation;workflow-engine;workflow-management"
"3964785","sagemath/sagecell",false,"2879","5","0","70","Python","master","Other",,"23","203","26","7864","2011-02-05T02:10:13","2024-10-31T02:40:38","2024-10-31T02:40:42","279","22","302","0","3433","34364","3301","[{""language"":""JavaScript"",""blankLines"":1002,""codeLines"":7096,""commentLines"":861},{""language"":""SVG"",""blankLines"":1,""codeLines"":452,""commentLines"":1},{""language"":""Bourne Shell"",""blankLines"":9,""codeLines"":65,""commentLines"":6},{""language"":""reStructuredText"",""blankLines"":530,""codeLines"":688,""commentLines"":433},{""language"":""Text"",""blankLines"":9,""codeLines"":42,""commentLines"":0},{""language"":""Markdown"",""blankLines"":243,""codeLines"":918,""commentLines"":0},{""language"":""make"",""blankLines"":10,""codeLines"":40,""commentLines"":3},{""language"":""PHP"",""blankLines"":27,""codeLines"":87,""commentLines"":32},{""language"":""Pascal"",""blankLines"":2,""codeLines"":4,""commentLines"":3},{""language"":""Jupyter Notebook"",""blankLines"":0,""codeLines"":0,""commentLines"":224},{""language"":""JSON"",""blankLines"":0,""codeLines"":16011,""commentLines"":0},{""language"":""Python"",""blankLines"":1101,""codeLines"":4513,""commentLines"":1681},{""language"":""CSS"",""blankLines"":95,""codeLines"":884,""commentLines"":35},{""language"":""Bourne Again Shell"",""blankLines"":20,""codeLines"":63,""commentLines"":9},{""language"":""HTML"",""blankLines"":384,""codeLines"":3501,""commentLines"":13}]","2024-10-31T02:39:37","89da02f2a217837ad4a6693993b43aaa5d8fdfb8",true,false,false,false,"{""Python"":253921,""HTML"":159145,""JavaScript"":153454,""CSS"":19243,""Shell"":5512,""Jupyter Notebook"":5206,""PHP"":5016,""Makefile"":2133}","beginner;compatibility;database;dependencies;documentation;embedding;interacts;javascript;low priority;meta;needs:info;new feature;process device;sage;security;status:needs work;status:positive review;testing;urgent;v2-ipython;web server",""
"3964807","pysb/pysb",false,"1391","5","26","71","Python","master","BSD 2-Clause Simplified License",,"19","166","23","8252","2010-10-08T04:51:11","2024-10-17T07:32:21","2024-10-17T10:21:34","280","74","319","11","5864","19741","10197","[{""language"":""Text"",""blankLines"":4,""codeLines"":29,""commentLines"":0},{""language"":""Python"",""blankLines"":5366,""codeLines"":17597,""commentLines"":9945},{""language"":""JSON"",""blankLines"":19,""codeLines"":122,""commentLines"":0},{""language"":""Puppet"",""blankLines"":11,""codeLines"":130,""commentLines"":5},{""language"":""OpenCL"",""blankLines"":40,""codeLines"":143,""commentLines"":20},{""language"":""Cuda"",""blankLines"":31,""codeLines"":129,""commentLines"":13},{""language"":""reStructuredText"",""blankLines"":314,""codeLines"":1078,""commentLines"":141},{""language"":""C/C++ Header"",""blankLines"":28,""codeLines"":45,""commentLines"":63},{""language"":""YAML"",""blankLines"":7,""codeLines"":97,""commentLines"":5},{""language"":""make"",""blankLines"":21,""codeLines"":105,""commentLines"":4},{""language"":""Dockerfile"",""blankLines"":2,""codeLines"":5,""commentLines"":0},{""language"":""DOS Batch"",""blankLines"":21,""codeLines"":148,""commentLines"":1},{""language"":""CSV"",""blankLines"":0,""codeLines"":113,""commentLines"":0}]","2024-10-17T10:21:27","8be8263d32e33bff6c4e92c927f4ba85590dc20f",true,false,false,false,"{""Python"":1209065,""C"":10592,""Cuda"":4824,""Puppet"":3461,""Dockerfile"":212}","bug;documentation;feature;good first issue;help wanted;semver;testing","systems-biology"
"3965401","karaage-cluster/karaage",false,"4075","5","0","20","Python","main","GNU General Public License v3.0","https://karaage-cluster.github.io/","5","27","15","11911","2011-07-15T05:47:12","2024-11-06T08:33:40","2024-11-06T08:33:36","298","15","1190","0","11275","46411","9008","[{""language"":""make"",""blankLines"":24,""codeLines"":124,""commentLines"":5},{""language"":""YAML"",""blankLines"":25,""codeLines"":297,""commentLines"":29},{""language"":""Dockerfile"",""blankLines"":7,""codeLines"":25,""commentLines"":6},{""language"":""JSON"",""blankLines"":0,""codeLines"":602,""commentLines"":0},{""language"":""reStructuredText"",""blankLines"":1411,""codeLines"":2749,""commentLines"":352},{""language"":""Text"",""blankLines"":183,""codeLines"":685,""commentLines"":0},{""language"":""Python"",""blankLines"":4178,""codeLines"":15175,""commentLines"":5076},{""language"":""CSS"",""blankLines"":326,""codeLines"":2233,""commentLines"":117},{""language"":""TOML"",""blankLines"":7,""codeLines"":64,""commentLines"":0},{""language"":""INI"",""blankLines"":1,""codeLines"":15,""commentLines"":0},{""language"":""HTML"",""blankLines"":916,""codeLines"":4676,""commentLines"":15},{""language"":""Nix"",""blankLines"":3,""codeLines"":88,""commentLines"":1},{""language"":""JavaScript"",""blankLines"":4175,""codeLines"":19560,""commentLines"":3404},{""language"":""Bourne Shell"",""blankLines"":19,""codeLines"":118,""commentLines"":3}]","2024-11-06T08:33:16","6653e69a118eb56e10e90b289d0debb318fe88a1",true,false,false,false,"{""Python"":832087,""HTML"":180619,""CSS"":23935,""JavaScript"":5062,""Shell"":3438,""Nix"":3388,""Dockerfile"":1001}","3rdparty;bug;dependencies;enhancement;fixed;github_actions;javascript;karaage4;proposed-fix;python;security;task;vpac;waiting-response",""
"3965610","ranger/ranger",false,"5055","20","0","892","Python","master","GNU General Public License v3.0","https://ranger.fm","154","15586","198","10518","2009-06-04T06:41:11","2024-11-04T09:09:57","2024-11-05T07:39:15","2088","754","905","163","3887","21351","3302","[{""language"":""YAML"",""blankLines"":8,""codeLines"":151,""commentLines"":0},{""language"":""make"",""blankLines"":28,""codeLines"":137,""commentLines"":3},{""language"":""Python"",""blankLines"":3611,""codeLines"":15181,""commentLines"":3030},{""language"":""Text"",""blankLines"":0,""codeLines"":3,""commentLines"":0},{""language"":""Vim Script"",""blankLines"":1,""codeLines"":24,""commentLines"":15},{""language"":""Dockerfile"",""blankLines"":2,""codeLines"":3,""commentLines"":3},{""language"":""Fish Shell"",""blankLines"":2,""codeLines"":9,""commentLines"":10},{""language"":""SVG"",""blankLines"":1,""codeLines"":4656,""commentLines"":1},{""language"":""Markdown"",""blankLines"":178,""codeLines"":883,""commentLines"":25},{""language"":""Bourne Shell"",""blankLines"":56,""codeLines"":304,""commentLines"":215}]","2024-08-01T09:11:57","bd9b37faee9748798f3970468bd0d1dedbf0e99f",true,false,false,false,"{""Python"":723033,""Shell"":19897,""Makefile"":5085,""Dockerfile"":188}","bug;doc-issue;duplicate;enhancement;help-wanted;image-preview;invalid;more-research-needed;needs-improvement;needs-merge;needs-opinions;needs-testing;next-release;not-our-bug;question;systemd's-fault;theming;waiting;wants-async;wiki;wontfix","console;file-launcher;file-manager;file-preview;vim"
"3965612","bottlepy/bottle",false,"1951","23","3","1467","Python","master","MIT License","http://bottlepy.org/","309","8437","182","6853","2009-06-30T05:51:30","2024-10-28T09:37:28","2024-10-29T01:26:53","841","227","607","65","12305","44437","12178","[{""language"":""TOML"",""blankLines"":6,""codeLines"":57,""commentLines"":0},{""language"":""SVG"",""blankLines"":1,""codeLines"":180,""commentLines"":1},{""language"":""Python"",""blankLines"":1457,""codeLines"":6199,""commentLines"":1494},{""language"":""Text"",""blankLines"":3,""codeLines"":10,""commentLines"":0},{""language"":""Bourne Shell"",""blankLines"":16,""codeLines"":31,""commentLines"":3},{""language"":""PO File"",""blankLines"":9475,""codeLines"":35881,""commentLines"":10189},{""language"":""INI"",""blankLines"":2,""codeLines"":16,""commentLines"":0},{""language"":""reStructuredText"",""blankLines"":1332,""codeLines"":1991,""commentLines"":483},{""language"":""make"",""blankLines"":8,""codeLines"":37,""commentLines"":0},{""language"":""YAML"",""blankLines"":5,""codeLines"":35,""commentLines"":8}]","2024-10-28T09:37:28","7af7135965e6e02993fea89d8932a4bc713b6692",true,false,false,false,"{""Python"":356886,""Shell"":1220,""Makefile"":1107,""Smarty"":580}","bug;change;f.a.q.;feature;needs backport;needs docs;needs input;needs tests;question","bottle;python;rest;web-framework;wsgi"
"3965625","joblib/joblib",false,"1525","10","5","414","Python","main","BSD 3-Clause New or Revised License","http://joblib.readthedocs.org","63","3865","120","4422","2010-05-07T06:48:26","2024-11-08T04:04:58","2024-11-08T04:05:02","874","379","750","59","5956","17126","7026","[{""language"":""make"",""blankLines"":12,""codeLines"":23,""commentLines"":5},{""language"":""Text"",""blankLines"":11,""codeLines"":44,""commentLines"":0},{""language"":""YAML"",""blankLines"":30,""codeLines"":166,""commentLines"":13},{""language"":""Cython"",""blankLines"":4,""codeLines"":13,""commentLines"":0},{""language"":""Python"",""blankLines"":4855,""codeLines"":14472,""commentLines"":6729},{""language"":""CSS"",""blankLines"":11,""codeLines"":53,""commentLines"":9},{""language"":""TOML"",""blankLines"":13,""codeLines"":88,""commentLines"":1},{""language"":""HTML"",""blankLines"":4,""codeLines"":28,""commentLines"":0},{""language"":""Bourne Shell"",""blankLines"":30,""codeLines"":141,""commentLines"":48},{""language"":""SVG"",""blankLines"":1,""codeLines"":99,""commentLines"":1},{""language"":""reStructuredText"",""blankLines"":985,""codeLines"":1999,""commentLines"":220}]","2024-11-08T04:04:57","d685b3a96a2022bdcb363db88753d36d2ee63273",true,false,false,false,"{""Python"":678584,""Shell"":5712,""Cython"":390,""Makefile"":363}","blocker;bug;dask backend;discussion;documentation;enhancement;help wanted;high priority;in progress;need reproducer;need review;packaging;performance;regression;test;windows","caching;memoization;multiprocessing;parallel-computing;python;threading"
"3965633","git-cola/git-cola",false,"8651","2","66","458","Python","main","GNU General Public License v2.0","https://git-cola.github.io/","82","2266","143","23371","2008-06-10T09:26:14","2024-11-05T10:45:41","2024-11-05T08:09:11","947","1","483","0","28536","82723","30189","[{""language"":""Bourne Again Shell"",""blankLines"":11,""codeLines"":135,""commentLines"":11},{""language"":""Python"",""blankLines"":8994,""codeLines"":35272,""commentLines"":6319},{""language"":""Tcl/Tk"",""blankLines"":17,""codeLines"":63,""commentLines"":3},{""language"":""HTML"",""blankLines"":52,""codeLines"":1482,""commentLines"":41},{""language"":""PO File"",""blankLines"":16940,""codeLines"":37577,""commentLines"":23548},{""language"":""XML"",""blankLines"":0,""codeLines"":159,""commentLines"":0},{""language"":""Bourne Shell"",""blankLines"":37,""codeLines"":175,""commentLines"":31},{""language"":""SVG"",""blankLines"":3,""codeLines"":1009,""commentLines"":4},{""language"":""reStructuredText"",""blankLines"":1667,""codeLines"":4585,""commentLines"":154},{""language"":""make"",""blankLines"":50,""codeLines"":210,""commentLines"":23},{""language"":""Text"",""blankLines"":11,""codeLines"":128,""commentLines"":0},{""language"":""YAML"",""blankLines"":16,""codeLines"":487,""commentLines"":48},{""language"":""Markdown"",""blankLines"":725,""codeLines"":1286,""commentLines"":0},{""language"":""TOML"",""blankLines"":8,""codeLines"":102,""commentLines"":7},{""language"":""INI"",""blankLines"":5,""codeLines"":53,""commentLines"":0}]","2024-11-05T10:30:28","69f06128acc9d94b848e969d9ef0f99b65df9856",false,false,false,false,"{""Python"":1622647,""HTML"":33273,""Shell"":7938,""Makefile"":5588,""Tcl"":1782}","bug;build;configuration;dependencies;deprecations;development;documentation;enhancement;environ;for-future-consideration;good first issue;help wanted;i18n;macos;needs-user-testing;not-a-bug;packaging;perf;portability;privacy;pyqt;pyqt bug;python3;qt bug;robustness;unicode;usability;waiting;windows","cross-platform-gui;debian;diff;editor;git;git-addons;git-cola;gui;linux;osx;pyqt4;pyqt5;python;qt5;qtpy;rebase;vcs;visualization;windows"
"3966177","reactionmechanismgenerator/rmg-py",false,"10954","321","22","228","Python","main","Other","http://reactionmechanismgenerator.github.io/RMG-Py/","49","396","75","177870","2009-10-09T09:16:17","2024-11-03T06:51:33","2024-11-03T02:29:33","1211","32","1477","26","34191","178146","89374","[{""language"":""Dockerfile"",""blankLines"":14,""codeLines"":43,""commentLines"":28},{""language"":""DOS Batch"",""blankLines"":28,""codeLines"":166,""commentLines"":9},{""language"":""Jupyter Notebook"",""blankLines"":0,""codeLines"":2090,""commentLines"":5251},{""language"":""Cython"",""blankLines"":3568,""codeLines"":12721,""commentLines"":6742},{""language"":""Python"",""blankLines"":25463,""codeLines"":130358,""commentLines"":75340},{""language"":""CSS"",""blankLines"":21,""codeLines"":67,""commentLines"":4},{""language"":""HTML"",""blankLines"":17,""codeLines"":173,""commentLines"":0},{""language"":""JavaScript"",""blankLines"":0,""codeLines"":132,""commentLines"":20},{""language"":""CSV"",""blankLines"":0,""codeLines"":299,""commentLines"":0},{""language"":""Bourne Shell"",""blankLines"":21,""codeLines"":26,""commentLines"":35},{""language"":""reStructuredText"",""blankLines"":3298,""codeLines"":8896,""commentLines"":1776},{""language"":""make"",""blankLines"":50,""codeLines"":226,""commentLines"":13},{""language"":""Text"",""blankLines"":1358,""codeLines"":18233,""commentLines"":0},{""language"":""YAML"",""blankLines"":284,""codeLines"":4436,""commentLines"":132},{""language"":""TeX"",""blankLines"":3,""codeLines"":41,""commentLines"":0},{""language"":""Markdown"",""blankLines"":66,""codeLines"":212,""commentLines"":24},{""language"":""INI"",""blankLines"":0,""codeLines"":27,""commentLines"":0}]","2024-10-28T02:12:10","43d5bf89c097ecb5094ed0659cb292d93f2a3c91",true,false,false,false,"{""Python"":7788058,""Cython"":1060929,""Jupyter Notebook"":763861,""Makefile"":4282,""Dockerfile"":3142,""Batchfile"":214,""Shell"":166}","abandoned;after py3;announcement;arkane;before py3;breaks py2;bug;complexity: high;complexity: low;complexity: medium;complexity: very high;epic;for next release;good first issue;graphviz;halogens;ion species;jupyter notebook;module: cython;module: logging;module: molecule;module: qm;module: resonance;module: scripts;platform: linux;platform: macos;platform: website;platform: windows;priority: critical;priority: high;priority: low;priority: medium;py3;python 3.11 transition;rmg-py;rms;stale;status: abandoned;status: accepted;status: blocked;status: blocked by pr;status: discussion needed;status: fixed in pr;status: help needed;status: ready for review;status: stale;status: under revision;status: wip;t3;topic: arc;topic: aromatics;topic: backward compatibility;topic: cantera;topic: catalysis;topic: chemkin;topic: chlorine;topic: duplicate reactions;topic: installation;topic: iodine;topic: isotopes;topic: kinetics;topic: liquid;topic: model growth;topic: nitrogen;topic: parallel;topic: pdep;topic: performance;topic: pruning;topic: restart;topic: sulfur;topic: thermo;topic: transport;twin rmg-arc pr;twin rmg-database pr;type: bug;type: code organization;type: deprecation;type: documentation;type: environment;type: error;type: feature;type: future;type: question;type: risk of error;type: testing;type: user experience","chemistry;chemistry-discovery;kinetics;python;reactions;thermodynamics"
"3966222","proycon/clam",false,"2445","16","88","17","Python","master","GNU General Public License v3.0","https://proycon.github.io/clam","9","129","4","26587","2010-07-06T05:15:18","2024-03-14T08:47:58","2024-03-09T05:03:54","109","14","4","0","5453","40181","4326","[{""language"":""SVG"",""blankLines"":5,""codeLines"":15307,""commentLines"":8},{""language"":""XSLT"",""blankLines"":221,""codeLines"":1534,""commentLines"":13},{""language"":""TeX"",""blankLines"":1066,""codeLines"":4922,""commentLines"":212},{""language"":""Bourne Shell"",""blankLines"":53,""codeLines"":172,""commentLines"":34},{""language"":""Text"",""blankLines"":0,""codeLines"":7,""commentLines"":0},{""language"":""YAML"",""blankLines"":36,""codeLines"":132,""commentLines"":36},{""language"":""make"",""blankLines"":15,""codeLines"":70,""commentLines"":4},{""language"":""JavaScript"",""blankLines"":511,""codeLines"":3276,""commentLines"":619},{""language"":""Python"",""blankLines"":2640,""codeLines"":10273,""commentLines"":2874},{""language"":""CSS"",""blankLines"":98,""codeLines"":799,""commentLines"":71},{""language"":""reStructuredText"",""blankLines"":737,""codeLines"":1957,""commentLines"":429},{""language"":""HTML"",""blankLines"":40,""codeLines"":580,""commentLines"":0},{""language"":""JSON"",""blankLines"":1,""codeLines"":267,""commentLines"":0},{""language"":""Dockerfile"",""blankLines"":12,""codeLines"":56,""commentLines"":11},{""language"":""XML"",""blankLines"":18,""codeLines"":829,""commentLines"":15}]","2024-03-14T08:42:31","e0049eae1f0bf896f3db5ddd1027488132390bae",false,false,false,false,"{""Python"":690038,""JavaScript"":141575,""XSLT"":90128,""HTML"":17171,""CSS"":16997,""Shell"":7806,""Dockerfile"":3183}","bug;dismissed;enhancement;help wanted;in progress;invalid;investigate;low priority;priority;question;ready;staged;to do;verify;waiting","nlp;python;rest;webservice;wrapper"
"3966483","chirpradio/chirpradio-machine",false,"1128","1","0","8","Python","master","Apache License 2.0","http://chirpradio.org/","10","13","7","6148","2011-09-05T07:10:48","2024-11-04T11:29:48","2024-11-04T11:29:52","4","2","12","0","2068","6461","2116","[{""language"":""reStructuredText"",""blankLines"":117,""codeLines"":193,""commentLines"":27},{""language"":""Bourne Shell"",""blankLines"":6,""codeLines"":16,""commentLines"":4},{""language"":""Text"",""blankLines"":33,""codeLines"":177,""commentLines"":0},{""language"":""Python"",""blankLines"":1912,""codeLines"":6075,""commentLines"":2085}]","2024-11-04T11:29:42","bbcba0f092a25753569d0d6af25c719d63c074a6",true,false,false,false,"{""Python"":344961,""Shell"":524}","defect",""
"3966870","inducer/sumpy",false,"1921","20","1","13","Python","main",,,"7","31","8","2527","2011-06-06T06:38:05","2024-11-08T12:12:26","2024-11-08T12:12:30","17","9","202","16","4470","15010","4174","[{""language"":""INI"",""blankLines"":8,""codeLines"":24,""commentLines"":0},{""language"":""Text"",""blankLines"":2,""codeLines"":14,""commentLines"":0},{""language"":""TeX"",""blankLines"":21,""codeLines"":81,""commentLines"":11},{""language"":""Python"",""blankLines"":4265,""codeLines"":11519,""commentLines"":3792},{""language"":""Bourne Shell"",""blankLines"":1,""codeLines"":2,""commentLines"":0},{""language"":""reStructuredText"",""blankLines"":79,""codeLines"":142,""commentLines"":51},{""language"":""JSON"",""blankLines"":21,""codeLines"":141,""commentLines"":0},{""language"":""YAML"",""blankLines"":28,""codeLines"":295,""commentLines"":31},{""language"":""make"",""blankLines"":30,""codeLines"":187,""commentLines"":6},{""language"":""XML"",""blankLines"":0,""codeLines"":2294,""commentLines"":0},{""language"":""Jupyter Notebook"",""blankLines"":0,""codeLines"":162,""commentLines"":280},{""language"":""TOML"",""blankLines"":15,""codeLines"":149,""commentLines"":3}]","2024-11-08T12:12:25","48ccecad2d5e1d4460d5137f1eeae8e0db00eb2e",true,false,false,false,"{""Python"":674719,""Jupyter Notebook"":11943,""TeX"":3503,""Perl"":275}","dependencies",""
"3966874","nltk/nltk",false,"14681","17","0","2866","Python","develop","Apache License 2.0","https://www.nltk.org","463","13457","371","353324","2009-09-07T10:53:58","2024-09-25T08:35:09","2024-09-26T11:25:41","1808","255","1488","20","21526","88454","42921","[{""language"":""YAML"",""blankLines"":35,""codeLines"":220,""commentLines"":6},{""language"":""make"",""blankLines"":49,""codeLines"":172,""commentLines"":21},{""language"":""JSON"",""blankLines"":0,""codeLines"":173,""commentLines"":0},{""language"":""XML"",""blankLines"":0,""codeLines"":17,""commentLines"":0},{""language"":""Jupyter Notebook"",""blankLines"":0,""codeLines"":166,""commentLines"":1122},{""language"":""reStructuredText"",""blankLines"":390,""codeLines"":709,""commentLines"":64},{""language"":""INI"",""blankLines"":20,""codeLines"":107,""commentLines"":8},{""language"":""Text"",""blankLines"":45,""codeLines"":8417,""commentLines"":0},{""language"":""Python"",""blankLines"":20833,""codeLines"":77199,""commentLines"":41650},{""language"":""CSS"",""blankLines"":6,""codeLines"":27,""commentLines"":5},{""language"":""HTML"",""blankLines"":52,""codeLines"":665,""commentLines"":15},{""language"":""Markdown"",""blankLines"":83,""codeLines"":513,""commentLines"":0},{""language"":""Bourne Shell"",""blankLines"":13,""codeLines"":69,""commentLines"":30}]","2024-09-25T08:35:04","9a5622f8a5b228df9499cd03181d9f8491e39f17",true,false,false,false,"{""Python"":4882492,""Jupyter Notebook"":56591,""HTML"":24786,""Makefile"":7734,""Shell"":4707,""CSS"":705}","admin;awesome-contribution;book;bug;ci;classifier;cli;cluster;corpus;critical;dependency parsing;deprecation;discussion;documentation;duplicate issue;enhancement;good first issue;gui;inactive;installation;internals;invalid;language-model;lgtm;machine-learning;metrics;model;multithread / multiprocessing;need-help;needs review;nice idea;nltk_data;off-topic;parsing;performance;pleaseverify;plot;python2.7;python3;python3.7;python3.8;python4;pythonic;resolved;sentiment;smt;stanford api;stem/lemma;tagger;tests;text;third-party;tkinter;tokenizer;translate;twitter;windows related;wontfix;wordnet","machine-learning;natural-language-processing;nlp;nltk;python"
"3966894","daviddrysdale/python-phonenumbers",false,"1694","3","0","414","Python","dev","Apache License 2.0",,"88","3509","27","80723","2011-04-21T03:06:38","2024-11-04T07:07:17","2024-11-04T10:29:17","187","9","115","1","6587","883268","10786","[{""language"":""Java"",""blankLines"":6,""codeLines"":91,""commentLines"":12},{""language"":""Ruby"",""blankLines"":0,""codeLines"":6,""commentLines"":0},{""language"":""Markdown"",""blankLines"":295,""codeLines"":961,""commentLines"":0},{""language"":""Text"",""blankLines"":2235,""codeLines"":496702,""commentLines"":0},{""language"":""Python"",""blankLines"":2730,""codeLines"":333733,""commentLines"":6196},{""language"":""HTML"",""blankLines"":607,""codeLines"":4260,""commentLines"":0},{""language"":""YAML"",""blankLines"":15,""codeLines"":121,""commentLines"":1},{""language"":""Protocol Buffers"",""blankLines"":50,""codeLines"":77,""commentLines"":322},{""language"":""make"",""blankLines"":25,""codeLines"":143,""commentLines"":20},{""language"":""XML"",""blankLines"":624,""codeLines"":47174,""commentLines"":4235}]","2024-11-04T06:57:24","59d879de1568cc011b224dbf5938dc62cc98f19d",false,false,false,false,"{""Python"":22088753,""Makefile"":9034,""Java"":3898,""Ruby"":237}","bug;feature;help;packaging;performance;process;unresponsive;upstream;wai",""
"3966896","django-compressor/django-compressor",false,"1645","13","0","600","Python","develop","Other","https://django-compressor.readthedocs.io","49","2798","177","1942","2010-02-05T03:48:14","2024-10-21T09:58:57","2024-10-21T09:57:36","657","111","593","17","2076","7013","1294","[{""language"":""DOS Batch"",""blankLines"":21,""codeLines"":148,""commentLines"":1},{""language"":""Text"",""blankLines"":769,""codeLines"":1543,""commentLines"":0},{""language"":""Python"",""blankLines"":1172,""codeLines"":4554,""commentLines"":1265},{""language"":""CSS"",""blankLines"":0,""codeLines"":23,""commentLines"":0},{""language"":""make"",""blankLines"":26,""codeLines"":117,""commentLines"":4},{""language"":""reStructuredText"",""blankLines"":18,""codeLines"":43,""commentLines"":18},{""language"":""CoffeeScript"",""blankLines"":0,""codeLines"":0,""commentLines"":1},{""language"":""HTML"",""blankLines"":62,""codeLines"":488,""commentLines"":0},{""language"":""YAML"",""blankLines"":8,""codeLines"":68,""commentLines"":5},{""language"":""JavaScript"",""blankLines"":0,""codeLines"":5,""commentLines"":0},{""language"":""INI"",""blankLines"":0,""codeLines"":24,""commentLines"":0}]","2024-10-21T09:57:31","8795cf8549759e3ef78c24e8c0d8e60c57d5dee0",false,false,false,false,"{""Python"":244096,""HTML"":16886,""CSS"":884,""Makefile"":406,""JavaScript"":88,""CoffeeScript"":21}","bug;dependencies;deployment;documentation;feature;github_actions;investigate;needinfo;python;sekizai;windows",""
"3966898","behave/behave",false,"1852","13","3","644","Python","main","Other","https://behave.readthedocs.io/en/latest/","122","3185","80","4604","2011-10-25T11:02:35","2024-11-06T08:11:44","2024-11-06T08:11:48","827","52","325","28","13718","56213","15031","[{""language"":""Markdown"",""blankLines"":9,""codeLines"":15,""commentLines"":0},{""language"":""Bourne Shell"",""blankLines"":5,""codeLines"":16,""commentLines"":9},{""language"":""reStructuredText"",""blankLines"":2517,""codeLines"":3022,""commentLines"":2729},{""language"":""YAML"",""blankLines"":40,""codeLines"":328,""commentLines"":139},{""language"":""make"",""blankLines"":25,""codeLines"":127,""commentLines"":7},{""language"":""TOML"",""blankLines"":29,""codeLines"":172,""commentLines"":77},{""language"":""INI"",""blankLines"":34,""codeLines"":275,""commentLines"":0},{""language"":""Text"",""blankLines"":81,""codeLines"":346,""commentLines"":0},{""language"":""DOS Batch"",""blankLines"":2,""codeLines"":5,""commentLines"":3},{""language"":""XSD"",""blankLines"":19,""codeLines"":149,""commentLines"":27},{""language"":""JSON"",""blankLines"":0,""codeLines"":3849,""commentLines"":0},{""language"":""Cucumber"",""blankLines"":3264,""codeLines"":22476,""commentLines"":269},{""language"":""Python"",""blankLines"":7589,""codeLines"":25008,""commentLines"":11741},{""language"":""CSS"",""blankLines"":104,""codeLines"":367,""commentLines"":30},{""language"":""HTML"",""blankLines"":0,""codeLines"":58,""commentLines"":0}]","2024-11-06T08:10:01","8aa63aac16d2992df4e3eb6895d84017b888319d",false,false,false,false,"{""Python"":1577121,""Gherkin"":907364,""Just"":4241,""Shell"":1940,""Batchfile"":272}","already-fixed;bug;change-request;critical;django;docs;duplicated;enhancement;formatter;help-wanted;info;infrastructure;insufficient-information;logging;major;minor;mistaken;needs-analysis;not-reproducible;out-of-scope;pending.analysis-needed;pending.answer-needed;pending.decision-needed;probably-mistaken;py3;question;unicode;wont-fix;wontfix","bdd;bdd-framework;behave;behavior-driven-development;cucumber-like;gherkin;python;python3"
"3966929","stripe/stripe-python",false,"1721","18","306","431","Python","master","MIT License","https://stripe.com","41","1676","129","17826","2011-06-25T07:53:04","2024-11-05T08:45:03","2024-11-05T06:46:32","372","10","1015","4","20596","162444","85444","[{""language"":""JSON"",""blankLines"":4,""codeLines"":40,""commentLines"":0},{""language"":""reStructuredText"",""blankLines"":15,""codeLines"":19,""commentLines"":0},{""language"":""make"",""blankLines"":15,""codeLines"":34,""commentLines"":0},{""language"":""YAML"",""blankLines"":17,""codeLines"":251,""commentLines"":4},{""language"":""Text"",""blankLines"":3,""codeLines"":26,""commentLines"":0},{""language"":""Python"",""blankLines"":19987,""codeLines"":160134,""commentLines"":85434},{""language"":""TOML"",""blankLines"":4,""codeLines"":30,""commentLines"":2},{""language"":""Markdown"",""blankLines"":541,""codeLines"":1848,""commentLines"":3},{""language"":""INI"",""blankLines"":10,""codeLines"":62,""commentLines"":1}]","2024-10-30T11:42:16","5c185815b7b9684af8d5fb13ef99c5151545ba75",true,false,false,false,"{""Python"":10566607,""Makefile"":1211}","approved;breaking-api-change;bug;bypass;codegen;dependencies;feature;feature-request;future;github_actions;speculative","stripe;stripe-sdk"
"3966946","cms-dev/cms",false,"4392","14","12","362","Python","master","GNU Affero General Public License v3.0","http://cms-dev.github.io/","42","898","83","19695","2011-10-03T01:37:02","2024-11-06T11:21:32","2024-11-06T11:21:36","510","149","759","37","22838","73601","20178","[{""language"":""SQL"",""blankLines"":44,""codeLines"":182,""commentLines"":3},{""language"":""C"",""blankLines"":57,""codeLines"":319,""commentLines"":62},{""language"":""C#"",""blankLines"":16,""codeLines"":180,""commentLines"":2},{""language"":""Python"",""blankLines"":12992,""codeLines"":36386,""commentLines"":17647},{""language"":""PO File"",""blankLines"":5614,""codeLines"":14924,""commentLines"":513},{""language"":""JavaScript"",""blankLines"":944,""codeLines"":4701,""commentLines"":1034},{""language"":""Rust"",""blankLines"":10,""codeLines"":135,""commentLines"":0},{""language"":""SVG"",""blankLines"":5,""codeLines"":338,""commentLines"":5},{""language"":""Bourne Shell"",""blankLines"":18,""codeLines"":56,""commentLines"":8},{""language"":""C/C++ Header"",""blankLines"":671,""codeLines"":3763,""commentLines"":328},{""language"":""make"",""blankLines"":24,""codeLines"":124,""commentLines"":5},{""language"":""INI"",""blankLines"":3,""codeLines"":14,""commentLines"":0},{""language"":""Haskell"",""blankLines"":4,""codeLines"":25,""commentLines"":0},{""language"":""Pascal"",""blankLines"":75,""codeLines"":322,""commentLines"":2},{""language"":""Text"",""blankLines"":128,""codeLines"":636,""commentLines"":0},{""language"":""TeX"",""blankLines"":0,""codeLines"":14,""commentLines"":0},{""language"":""JSON"",""blankLines"":2,""codeLines"":57,""commentLines"":0},{""language"":""Dockerfile"",""blankLines"":11,""codeLines"":43,""commentLines"":4},{""language"":""Java"",""blankLines"":60,""codeLines"":299,""commentLines"":4},{""language"":""CSS"",""blankLines"":574,""codeLines"":3104,""commentLines"":185},{""language"":""Diff"",""blankLines"":6,""codeLines"":80,""commentLines"":22},{""language"":""HTML"",""blankLines"":633,""codeLines"":6358,""commentLines"":56},{""language"":""PHP"",""blankLines"":0,""codeLines"":59,""commentLines"":1},{""language"":""Markdown"",""blankLines"":72,""codeLines"":166,""commentLines"":0},{""language"":""reStructuredText"",""blankLines"":817,""codeLines"":887,""commentLines"":279},{""language"":""C++"",""blankLines"":44,""codeLines"":320,""commentLines"":10},{""language"":""YAML"",""blankLines"":14,""codeLines"":109,""commentLines"":8}]","2024-11-06T11:21:32","98ad9a243ad1bb26b051808fbbcb14a35d779e4f",true,false,false,false,"{""Python"":2480780,""HTML"":260041,""JavaScript"":208016,""C++"":150967,""CSS"":70169,""C"":12587,""Java"":9577,""PLpgSQL"":9010,""Pascal"":6301,""C#"":4280,""Rust"":3375,""Shell"":2442,""Dockerfile"":1528,""Haskell"":1366,""PHP"":1149,""TeX"":561,""RenderScript"":15}","aws;bug;cleanup;cli;configuration;cws;data_model;db;doc;es;feature_request;file_storage;import_export;io_model;minor;pr_ready;programming_style;ps;rs;rules;rws;sandbox;scoretypes;sqlalchemy;ss;submitter_not_replying;support;taskenv;tasktypes;testsuite;unreproducible;waiting_for_dependencies;yamlimporter","grading-system;programming-competitions;programming-contests"
"3966997","eblot/pyftdi",false,"1003","12","0","209","Python","master","Other",,"29","476","42","15182","2010-12-13T12:49:37","2024-04-19T07:44:06","2024-04-21T06:06:23","241","75","112","13","3111","13293","4249","[{""language"":""Bourne Shell"",""blankLines"":2,""codeLines"":25,""commentLines"":1},{""language"":""reStructuredText"",""blankLines"":856,""codeLines"":1533,""commentLines"":532},{""language"":""Markdown"",""blankLines"":23,""codeLines"":47,""commentLines"":0},{""language"":""YAML"",""blankLines"":37,""codeLines"":430,""commentLines"":33},{""language"":""Text"",""blankLines"":0,""codeLines"":6,""commentLines"":0},{""language"":""Python"",""blankLines"":2193,""codeLines"":11252,""commentLines"":3683}]","2024-04-10T07:53:49","327a1a75ad6e8cbebfabac1b8ad2bc9b4a92f29a",true,false,false,false,"{""Python"":644515,""Shell"":846}","bug;documentation;duplicate;enhancement;help_wanted;howto;hw_limitation;invalid;performance;wait4feedback",""
"3967764","ccnmtl/django-pagetree",false,"1717","1","27","5","Python","main","Other","https://django-pagetree.readthedocs.org","4","14","11","1920","2010-08-17T01:55:28","2024-11-01T01:01:02","2024-11-01T01:01:06","22","12","732","0","1296","6878","669","[{""language"":""JavaScript"",""blankLines"":29,""codeLines"":179,""commentLines"":28},{""language"":""make"",""blankLines"":48,""codeLines"":205,""commentLines"":22},{""language"":""YAML"",""blankLines"":2,""codeLines"":29,""commentLines"":0},{""language"":""reStructuredText"",""blankLines"":66,""codeLines"":151,""commentLines"":43},{""language"":""Markdown"",""blankLines"":6,""codeLines"":16,""commentLines"":0},{""language"":""JSON"",""blankLines"":1,""codeLines"":1752,""commentLines"":0},{""language"":""Text"",""blankLines"":187,""codeLines"":387,""commentLines"":0},{""language"":""HTML"",""blankLines"":158,""codeLines"":777,""commentLines"":5},{""language"":""Python"",""blankLines"":796,""codeLines"":3334,""commentLines"":566},{""language"":""CSS"",""blankLines"":3,""codeLines"":48,""commentLines"":5}]","2024-11-01T01:01:01","d29a2643e5307fe7890c8e356a5c728dfba0ae58",true,false,false,false,"{""Python"":149034,""HTML"":27543,""JavaScript"":6344,""Makefile"":1792,""CSS"":1151}","dependencies;github_actions;javascript;python",""
"3967825","csng-mff/mozaik",false,"1100","8","2","25","Python","master","Other",,"6","16","13","1376847","2011-09-06T12:39:47","2024-11-07T07:06:20","2024-11-07T07:06:26","6","0","96","4","6613","21267","8675","[{""language"":""DOS Batch"",""blankLines"":23,""codeLines"":166,""commentLines"":1},{""language"":""Dockerfile"",""blankLines"":11,""codeLines"":80,""commentLines"":0},{""language"":""Bourne Shell"",""blankLines"":3,""codeLines"":3,""commentLines"":5},{""language"":""reStructuredText"",""blankLines"":491,""codeLines"":943,""commentLines"":210},{""language"":""SVG"",""blankLines"":2,""codeLines"":527,""commentLines"":2},{""language"":""make"",""blankLines"":24,""codeLines"":124,""commentLines"":5},{""language"":""Text"",""blankLines"":18,""codeLines"":106,""commentLines"":0},{""language"":""MATLAB"",""blankLines"":267,""codeLines"":939,""commentLines"":397},{""language"":""TOML"",""blankLines"":2,""codeLines"":42,""commentLines"":2},{""language"":""Python"",""blankLines"":5730,""codeLines"":18089,""commentLines"":8041},{""language"":""YAML"",""blankLines"":42,""codeLines"":248,""commentLines"":12}]","2024-11-07T07:06:20","e7eac1f140c57f87015d1499561bdc4277da93a2",true,false,false,false,"{""Python"":1404481,""MATLAB"":44223,""Dockerfile"":2032,""Shell"":228}","dependencies",""
"3967860","tornadoweb/tornado",false,"4796","26","0","5504","Python","master","Apache License 2.0","http://www.tornadoweb.org/","982","21731","362","10422","2009-09-09T04:55:16","2024-10-30T06:27:15","2024-10-31T06:05:28","1828","186","1600","33","9378","34697","11512","[{""language"":""Bourne Shell"",""blankLines"":46,""codeLines"":98,""commentLines"":40},{""language"":""XML"",""blankLines"":0,""codeLines"":49,""commentLines"":0},{""language"":""JavaScript"",""blankLines"":21,""codeLines"":156,""commentLines"":26},{""language"":""PO File"",""blankLines"":5,""codeLines"":32,""commentLines"":10},{""language"":""make"",""blankLines"":7,""codeLines"":22,""commentLines"":4},{""language"":""YAML"",""blankLines"":26,""codeLines"":193,""commentLines"":35},{""language"":""reStructuredText"",""blankLines"":1588,""codeLines"":5213,""commentLines"":1093},{""language"":""Markdown"",""blankLines"":11,""codeLines"":33,""commentLines"":0},{""language"":""TOML"",""blankLines"":6,""codeLines"":18,""commentLines"":9},{""language"":""Text"",""blankLines"":1,""codeLines"":135,""commentLines"":0},{""language"":""CSV"",""blankLines"":0,""codeLines"":1,""commentLines"":0},{""language"":""INI"",""blankLines"":31,""codeLines"":244,""commentLines"":0},{""language"":""Dockerfile"",""blankLines"":5,""codeLines"":8,""commentLines"":0},{""language"":""JSON"",""blankLines"":3,""codeLines"":51,""commentLines"":0},{""language"":""SQL"",""blankLines"":4,""codeLines"":19,""commentLines"":20},{""language"":""Cython"",""blankLines"":5,""codeLines"":20,""commentLines"":4},{""language"":""C"",""blankLines"":12,""codeLines"":58,""commentLines"":0},{""language"":""HTML"",""blankLines"":13,""codeLines"":240,""commentLines"":0},{""language"":""Python"",""blankLines"":7543,""codeLines"":27897,""commentLines"":10226},{""language"":""CSS"",""blankLines"":51,""codeLines"":210,""commentLines"":45}]","2024-10-30T06:27:15","e22eaeff0e60079cbdd0310f8f65fa8b677c81a9",true,false,false,false,"{""Python"":1598650,""Shell"":4070,""C"":1524,""Cython"":780,""HTML"":25}","asyncio;auth;autoreload;concurrent;dependencies;docs;escape;gen;http1connection;httpclient;httpserver;httputil;investigation;ioloop;iostream;locale;locks;log;multiple;netutil;options;other;process;queues;routing;tcpclient;tcpserver;template;testing;typing;web;websocket;windows;wsgi","asynchronous;python"
"3967865","django-cms/django-cms",false,"16187","30","19","3108","Python","develop-4","BSD 3-Clause New or Revised License","http://www.django-cms.org","397","10194","306","107894","2009-03-05T10:14:18","2024-11-07T11:50:09","2024-11-07T01:50:08","3551","123","4434","16","68842","251387","22097","[{""language"":""make"",""blankLines"":21,""codeLines"":98,""commentLines"":5},{""language"":""YAML"",""blankLines"":97,""codeLines"":688,""commentLines"":11},{""language"":""Markdown"",""blankLines"":63,""codeLines"":111,""commentLines"":63},{""language"":""XML"",""blankLines"":0,""codeLines"":5,""commentLines"":0},{""language"":""JSON"",""blankLines"":0,""codeLines"":40694,""commentLines"":0},{""language"":""SCSS"",""blankLines"":608,""codeLines"":5153,""commentLines"":395},{""language"":""reStructuredText"",""blankLines"":6012,""codeLines"":10954,""commentLines"":3645},{""language"":""Bourne Again Shell"",""blankLines"":158,""codeLines"":437,""commentLines"":133},{""language"":""Text"",""blankLines"":5,""codeLines"":240,""commentLines"":0},{""language"":""TOML"",""blankLines"":8,""codeLines"":75,""commentLines"":3},{""language"":""Python"",""blankLines"":10290,""codeLines"":45054,""commentLines"":9294},{""language"":""CSS"",""blankLines"":138,""codeLines"":648,""commentLines"":29},{""language"":""HTML"",""blankLines"":339,""codeLines"":3957,""commentLines"":9},{""language"":""INI"",""blankLines"":9,""codeLines"":27,""commentLines"":0},{""language"":""PO File"",""blankLines"":45908,""codeLines"":107172,""commentLines"":3373},{""language"":""JavaScript"",""blankLines"":4670,""codeLines"":30671,""commentLines"":4772},{""language"":""Bourne Shell"",""blankLines"":3,""codeLines"":13,""commentLines"":0},{""language"":""Sass"",""blankLines"":512,""codeLines"":4620,""commentLines"":342},{""language"":""SVG"",""blankLines"":1,""codeLines"":770,""commentLines"":23}]","2024-11-07T11:50:08","0224f1e364b023fa5d584420c9f664ac661cfabe",false,false,false,false,"{""Python"":2468723,""JavaScript"":1235198,""HTML"":206883,""SCSS"":154613,""Shell"":21712}","3.10.x;3.11;3.9.1;4.0.x;4.1;4.2;RfC (Request for Comments);backport;blocker;component: alias plugin;component: configuration;component: documentation;component: frontend;component: menus;component: performance;component: permissions;component: plugin-limiting;component: reversion;dependencies;django-cms website;djangonauts;easy pickings;feature request;forwardport;github_actions;good first issues;hacktoberfest;in attendance;javascript;kind: bug;kind: cleanup;kind: enhancement;needs adjustments;needs contribution;needs design decision;needs docs;needs expert opinion;needs more info;needs patch;needs port to 4.1.x;needs reproduction;needs tests;needs to be backported;needs to be forwardported;priority: high;priority: low;priority: medium;python;stale;status: accepted;status: has patch;status: marked for rejection;status: non-issue;status: on hold;status: ready for review;status: ready to be merged;status: won't fix;status: work in progress;wontfix","cms;django;django-cms;hacktoberfest;python;web"
"3967871","kivy/python-for-android",false,"3845","22","20","1844","Python","develop","MIT License","https://python-for-android.readthedocs.io","353","8332","225","19337","2011-11-28T09:02:36","2024-10-22T06:20:47","2024-10-23T01:28:51","1452","205","1615","57","7275","34353","7328","[{""language"":""DOS Batch"",""blankLines"":58,""codeLines"":291,""commentLines"":4},{""language"":""reStructuredText"",""blankLines"":713,""codeLines"":1682,""commentLines"":187},{""language"":""Python"",""blankLines"":4208,""codeLines"":15772,""commentLines"":4353},{""language"":""Cython"",""blankLines"":108,""codeLines"":402,""commentLines"":39},{""language"":""C"",""blankLines"":293,""codeLines"":1546,""commentLines"":255},{""language"":""TOML"",""blankLines"":4,""codeLines"":8,""commentLines"":0},{""language"":""SVG"",""blankLines"":0,""codeLines"":414,""commentLines"":0},{""language"":""C/C++ Header"",""blankLines"":27,""codeLines"":69,""commentLines"":43},{""language"":""Properties"",""blankLines"":10,""codeLines"":19,""commentLines"":29},{""language"":""INI"",""blankLines"":4,""codeLines"":40,""commentLines"":0},{""language"":""Bourne Shell"",""blankLines"":11,""codeLines"":22,""commentLines"":5},{""language"":""Text"",""blankLines"":27,""codeLines"":241,""commentLines"":0},{""language"":""make"",""blankLines"":152,""codeLines"":449,""commentLines"":39},{""language"":""JavaScript"",""blankLines"":11,""codeLines"":89,""commentLines"":52},{""language"":""Diff"",""blankLines"":288,""codeLines"":4854,""commentLines"":1244},{""language"":""kvlang"",""blankLines"":17,""codeLines"":472,""commentLines"":0},{""language"":""Dockerfile"",""blankLines"":13,""codeLines"":71,""commentLines"":27},{""language"":""Java"",""blankLines"":709,""codeLines"":3059,""commentLines"":737},{""language"":""CMake"",""blankLines"":0,""codeLines"":8,""commentLines"":0},{""language"":""Gradle"",""blankLines"":18,""codeLines"":108,""commentLines"":1},{""language"":""CSS"",""blankLines"":21,""codeLines"":174,""commentLines"":16},{""language"":""HTML"",""blankLines"":41,""codeLines"":193,""commentLines"":0},{""language"":""XML"",""blankLines"":120,""codeLines"":580,""commentLines"":166},{""language"":""JSON"",""blankLines"":1,""codeLines"":50,""commentLines"":0},{""language"":""Bourne Again Shell"",""blankLines"":20,""codeLines"":123,""commentLines"":21},{""language"":""Sass"",""blankLines"":71,""codeLines"":715,""commentLines"":82},{""language"":""YAML"",""blankLines"":36,""codeLines"":443,""commentLines"":22},{""language"":""Markdown"",""blankLines"":294,""codeLines"":2459,""commentLines"":6}]","2024-10-22T06:20:46","10c529261d1cb19f1873bcf31db4e3f88c099488",false,false,false,false,"{""Python"":865538,""Java"":151015,""C"":65185,""kvlang"":17453,""Makefile"":16327,""Cython"":15033,""HTML"":5776,""Dockerfile"":3269,""CSS"":3107,""Shell"":1286,""CMake"":250}","awaiting-reply;bounty;bug;easy;faq;feature-request;ndk-r19+;need-analysis;need-discussion;need-fortran;need-testing;old toolchain;platform-linux;platform-osx;priority: critical;priority: high;priority: low;priority: medium;pygame backend;python2;python3;recipe;release blocker;sdl2 backend;spam;status: has pr;status: on hold;support;testing-pull-requests;upstream;wip","android;apk;kivy;packaging;python"
"3967907","apache/libcloud",false,"10132","26","0","925","Python","trunk","Apache License 2.0","https://libcloud.apache.org","84","2027","325","36236","2009-12-11T09:00:14","2024-08-06T02:25:24","2024-08-03T01:18:07","207","81","1824","9","48002","478683","50922","[{""language"":""JSON"",""blankLines"":86,""codeLines"":256595,""commentLines"":0},{""language"":""DOS Batch"",""blankLines"":23,""codeLines"":166,""commentLines"":1},{""language"":""TypeScript"",""blankLines"":56,""codeLines"":643,""commentLines"":32},{""language"":""Dockerfile"",""blankLines"":9,""codeLines"":37,""commentLines"":19},{""language"":""SVG"",""blankLines"":0,""codeLines"":21,""commentLines"":0},{""language"":""Bourne Again Shell"",""blankLines"":11,""codeLines"":31,""commentLines"":10},{""language"":""Python"",""blankLines"":38752,""codeLines"":170076,""commentLines"":45719},{""language"":""HTML"",""blankLines"":2,""codeLines"":73,""commentLines"":0},{""language"":""XML"",""blankLines"":50,""codeLines"":20352,""commentLines"":50},{""language"":""CSV"",""blankLines"":0,""codeLines"":80,""commentLines"":0},{""language"":""JavaScript"",""blankLines"":3284,""codeLines"":14497,""commentLines"":2278},{""language"":""reStructuredText"",""blankLines"":5150,""codeLines"":11633,""commentLines"":2453},{""language"":""YAML"",""blankLines"":166,""codeLines"":986,""commentLines"":97},{""language"":""Markdown"",""blankLines"":138,""codeLines"":346,""commentLines"":0},{""language"":""Bourne Shell"",""blankLines"":90,""codeLines"":263,""commentLines"":232},{""language"":""TOML"",""blankLines"":35,""codeLines"":192,""commentLines"":26},{""language"":""make"",""blankLines"":27,""codeLines"":138,""commentLines"":5},{""language"":""PowerShell"",""blankLines"":1,""codeLines"":8,""commentLines"":0},{""language"":""INI"",""blankLines"":41,""codeLines"":382,""commentLines"":0},{""language"":""Text"",""blankLines"":81,""codeLines"":2164,""commentLines"":0}]","2024-06-29T10:43:36","1ebd60533ad1b4a9384716fd2c2dcf43fcd78674",false,false,false,false,"{""Python"":8909349,""Shell"":11003,""HTML"":2545,""Dockerfile"":2172,""PowerShell"":410}","api documentation;api: backup;api: common;api: common: connection;api: compute;api: compute: deploy node;api: compute: ssh;api: compute: ssh: paramiko;api: container;api: dns;api: http layer;api: http layer: retrying;api: loadbalancer;api: storage;async;bug fix;build;ci/cd;code reformat: black;dev tooling;documentation;driver: aliyun ecs;driver: godaddy dns;driver: nttcis;drivers: aliyun oss;drivers: aurora dns;drivers: aws alb;drivers: aws s3;drivers: aws s3 compatible;drivers: azure;drivers: azure arm;drivers: azure blobs;drivers: backblaze b2;drivers: cloudfiles;drivers: cloudflare;drivers: cloudsigma;drivers: common: google;drivers: digitalocean;drivers: digitalocean spaces;drivers: docker;drivers: ebs;drivers: ec2;drivers: equinix metal;drivers: gandi;drivers: gandi live;drivers: gce;drivers: gig g8;drivers: gke;drivers: google storage;drivers: gridscale;drivers: kamatera;drivers: kubernetes;drivers: kubevirt;drivers: linode;drivers: local storage;drivers: lxd;drivers: minio;drivers: nsone;drivers: oneandone;drivers: openstack;drivers: outscale;drivers: ovh;drivers: ovh storage;drivers: packet;drivers: powerdns;drivers: scaleway;drivers: softlayer;drivers: vmware vcloud;drivers: vultr;external dependency;feature flag;feature request;github;github_actions;integrations: github;issue: bug;javascript;lint checks;lint checks: black;lint checks: codespell;lint checks: dist install;lint checks: isort;mypy;new driver;os: windows;packaging;performance optimization;potential 2.8.x candidate;pricing data;proposal / rfc;pylint;python;python 2.x and 3.x compatibility;python implementation: pypy;python version compatibility;readthedocs;security;setupy metadata;stale;status: cant reproduce;status: needs cla;status: needs documentation;status: needs more info;status: needs tests;status: needs upgrade notes entry;status: not an issue;status: verified;status: wip;status: work in progress;tests;tests: dockerfile;tests: integration;tests: unit;tool: sphinx;travis ci;type annotations;website","apache;cloud;libcloud;library;python"
"3967940","jazzband/django-axes",false,"1792","2","113","347","Python","master","MIT License",,"24","1495","153","2616","2009-12-17T02:25:27","2024-10-29T08:12:02","2024-10-29T08:12:00","369","15","883","0","2624","7609","1055","[{""language"":""INI"",""blankLines"":1,""codeLines"":5,""commentLines"":0},{""language"":""PO File"",""blankLines"":140,""codeLines"":418,""commentLines"":179},{""language"":""make"",""blankLines"":30,""codeLines"":156,""commentLines"":6},{""language"":""YAML"",""blankLines"":31,""codeLines"":158,""commentLines"":22},{""language"":""reStructuredText"",""blankLines"":984,""codeLines"":1893,""commentLines"":110},{""language"":""Markdown"",""blankLines"":29,""codeLines"":83,""commentLines"":6},{""language"":""TOML"",""blankLines"":6,""codeLines"":51,""commentLines"":3},{""language"":""Text"",""blankLines"":0,""codeLines"":15,""commentLines"":0},{""language"":""Python"",""blankLines"":1403,""codeLines"":4830,""commentLines"":729}]","2024-10-29T08:11:56","4c3a36cf9aa070c936ca2d1bf6a54ac1198148e5",true,false,false,false,"{""Python"":249703}","6.x;bug;customization;dependencies;documentation;duplicate;enhancement;example;feature request;github_actions;good first issue;help wanted;integration;known issue wont fix;localization;needs clarification;python;question;refactoring;security;sync;testing",""
"3967944","enthought/mayavi",false,"3304","21","5","282","Python","master","Other","http://docs.enthought.com/mayavi/mayavi/","95","1284","57","94966","2011-01-24T05:48:00","2024-07-23T02:35:17","2024-07-23T02:35:23","886","454","422","3","22424","75095","28812","[{""language"":""Text"",""blankLines"":693,""codeLines"":2019,""commentLines"":0},{""language"":""Cython"",""blankLines"":24,""codeLines"":72,""commentLines"":46},{""language"":""C"",""blankLines"":476,""codeLines"":9249,""commentLines"":1674},{""language"":""HTML"",""blankLines"":10,""codeLines"":54,""commentLines"":0},{""language"":""Fortran 77"",""blankLines"":21,""codeLines"":60,""commentLines"":28},{""language"":""Python"",""blankLines"":15372,""codeLines"":48562,""commentLines"":22987},{""language"":""CSS"",""blankLines"":26,""codeLines"":189,""commentLines"":11},{""language"":""INI"",""blankLines"":2,""codeLines"":21,""commentLines"":0},{""language"":""SVG"",""blankLines"":0,""codeLines"":366,""commentLines"":1},{""language"":""make"",""blankLines"":15,""codeLines"":91,""commentLines"":4},{""language"":""YAML"",""blankLines"":13,""codeLines"":124,""commentLines"":1},{""language"":""reStructuredText"",""blankLines"":5764,""codeLines"":7671,""commentLines"":3817},{""language"":""TeX"",""blankLines"":1,""codeLines"":11,""commentLines"":0},{""language"":""XML"",""blankLines"":0,""codeLines"":68,""commentLines"":0},{""language"":""XMI"",""blankLines"":0,""codeLines"":409,""commentLines"":0},{""language"":""JavaScript"",""blankLines"":0,""codeLines"":4501,""commentLines"":1},{""language"":""ANTLR Grammar"",""blankLines"":0,""codeLines"":919,""commentLines"":0},{""language"":""CSV"",""blankLines"":7,""codeLines"":678,""commentLines"":0},{""language"":""Jupyter Notebook"",""blankLines"":0,""codeLines"":24,""commentLines"":242},{""language"":""TOML"",""blankLines"":0,""codeLines"":7,""commentLines"":0}]","2024-07-23T02:35:17","964c95c0f906edbdd817e18f1e73cba40d6feecd",true,false,false,false,"{""Python"":2650449,""G-code"":34817,""CSS"":6551,""Cython"":4877}","bug;docs;feature;gh-pages;maintenance;needs investigation;new-vtk-version-compat;not-urgent;python3;refactor;release-branch;support;vtk-bug",""
"3967989","nipy/nibabel",false,"6042","21","42","259","Python","master","Other","http://nipy.org/nibabel/","37","652","95","19312","2010-07-22T04:28:30","2024-10-23T02:27:32","2024-10-23T02:28:43","516","106","852","25","13785","123161","23035","[{""language"":""Bourne Shell"",""blankLines"":0,""codeLines"":35,""commentLines"":2},{""language"":""reStructuredText"",""blankLines"":2798,""codeLines"":7397,""commentLines"":1470},{""language"":""make"",""blankLines"":81,""codeLines"":227,""commentLines"":72},{""language"":""C/C++ Header"",""blankLines"":262,""codeLines"":202,""commentLines"":1026},{""language"":""XML"",""blankLines"":0,""codeLines"":72259,""commentLines"":0},{""language"":""YAML"",""blankLines"":22,""codeLines"":298,""commentLines"":29},{""language"":""Markdown"",""blankLines"":34,""codeLines"":89,""commentLines"":0},{""language"":""DOS Batch"",""blankLines"":16,""codeLines"":95,""commentLines"":1},{""language"":""Text"",""blankLines"":209,""codeLines"":1681,""commentLines"":0},{""language"":""PowerShell"",""blankLines"":12,""codeLines"":76,""commentLines"":5},{""language"":""TOML"",""blankLines"":14,""codeLines"":176,""commentLines"":12},{""language"":""Fortran 77"",""blankLines"":13,""codeLines"":96,""commentLines"":0},{""language"":""HTML"",""blankLines"":9,""codeLines"":48,""commentLines"":0},{""language"":""INI"",""blankLines"":15,""codeLines"":206,""commentLines"":0},{""language"":""Bourne Again Shell"",""blankLines"":2,""codeLines"":3,""commentLines"":0},{""language"":""Jupyter Notebook"",""blankLines"":0,""codeLines"":9,""commentLines"":396},{""language"":""JSON"",""blankLines"":0,""codeLines"":412,""commentLines"":0},{""language"":""SVG"",""blankLines"":2,""codeLines"":187,""commentLines"":2},{""language"":""MATLAB"",""blankLines"":2,""codeLines"":46,""commentLines"":28},{""language"":""Python"",""blankLines"":10193,""codeLines"":39183,""commentLines"":19980},{""language"":""CSS"",""blankLines"":101,""codeLines"":436,""commentLines"":12}]","2024-10-23T01:35:18","d9c479a03df4119fcac0ffd3bd1b2b0fabf650e7",true,false,false,false,"{""Python"":2380670,""Makefile"":7178,""Shell"":4745,""PowerShell"":2988,""MATLAB"":2702}","backport candidate;bug;cifti-2;dependencies;dicom;documentation;enhancement;gifti;good first issue;good-hackathon-project;infrastructure;milestone-1.0;milestone-1.2;milestone-3.0;needs confirmation;nifti;optimization;orphaned;packaging;prio-high;prio-low;prio-medium;support;typing;wishlist","afni-brik-head;brain-imaging;cifti-2;data-formats;dicom;ecat;gifti;minc;neuroimaging;nifti;python;streamlines;tck;trk"
"3968529","jobovy/galpy",false,"7758","20","21","100","Python","main","BSD 3-Clause New or Revised License","https://www.galpy.org","21","228","28","36604","2011-09-13T03:20:30","2024-11-06T04:19:03","2024-11-06T04:19:05","401","4","269","2","15932","148482","32588","[{""language"":""JavaScript"",""blankLines"":7,""codeLines"":106,""commentLines"":19},{""language"":""Bourne Shell"",""blankLines"":1,""codeLines"":39,""commentLines"":7},{""language"":""reStructuredText"",""blankLines"":2769,""codeLines"":6562,""commentLines"":1979},{""language"":""SVG"",""blankLines"":0,""codeLines"":3,""commentLines"":0},{""language"":""C++"",""blankLines"":29,""codeLines"":344,""commentLines"":106},{""language"":""make"",""blankLines"":21,""codeLines"":85,""commentLines"":4},{""language"":""Text"",""blankLines"":256,""codeLines"":750,""commentLines"":0},{""language"":""C/C++ Header"",""blankLines"":51,""codeLines"":1065,""commentLines"":255},{""language"":""TOML"",""blankLines"":1,""codeLines"":5,""commentLines"":0},{""language"":""YAML"",""blankLines"":15,""codeLines"":1001,""commentLines"":25},{""language"":""Markdown"",""blankLines"":67,""codeLines"":124,""commentLines"":21},{""language"":""DOS Batch"",""blankLines"":2,""codeLines"":14,""commentLines"":1},{""language"":""JSON"",""blankLines"":0,""codeLines"":5243,""commentLines"":0},{""language"":""Python"",""blankLines"":11998,""codeLines"":119784,""commentLines"":28118},{""language"":""CSS"",""blankLines"":43,""codeLines"":328,""commentLines"":10},{""language"":""C"",""blankLines"":593,""codeLines"":12196,""commentLines"":2040},{""language"":""HTML"",""blankLines"":79,""codeLines"":833,""commentLines"":3}]","2024-11-06T04:19:00","e593ab62b968f2b6531970bad5ad4d5f699502d4",true,false,false,false,"{""Python"":5926708,""C"":551501,""C++"":16627,""Shell"":1873,""Batchfile"":479,""Makefile"":423}","bug;compilation bug;critical;dependencies;documentation;enhancement;fixed in branch;good first issue;help wanted;installation issue;low priority;pinned;stale;very low priority;wontfix","astronomy;astrophysics;astropy-affiliated;dynamics;physics;python;scientific-computing"
"3969295","encode/django-rest-framework",false,"8827","18","18","6833","Python","master","Other","https://www.django-rest-framework.org","627","28319","387","53634","2011-03-02T05:13:56","2024-10-23T02:09:36","2024-10-23T02:09:48","3921","56","4757","44","22763","72543","14355","[{""language"":""SVG"",""blankLines"":0,""codeLines"":702,""commentLines"":0},{""language"":""PO File"",""blankLines"":7039,""codeLines"":17098,""commentLines"":7884},{""language"":""Text"",""blankLines"":5,""codeLines"":38,""commentLines"":0},{""language"":""YAML"",""blankLines"":33,""codeLines"":225,""commentLines"":12},{""language"":""Python"",""blankLines"":7831,""codeLines"":28981,""commentLines"":5685},{""language"":""CSS"",""blankLines"":1162,""codeLines"":8223,""commentLines"":96},{""language"":""Markdown"",""blankLines"":6001,""codeLines"":13610,""commentLines"":58},{""language"":""INI"",""blankLines"":7,""codeLines"":46,""commentLines"":1},{""language"":""HTML"",""blankLines"":256,""codeLines"":1970,""commentLines"":18},{""language"":""JavaScript"",""blankLines"":429,""codeLines"":1650,""commentLines"":601}]","2024-10-23T02:09:36","9016efe3fc412488df92912c619f8f24fed2937c",false,false,false,false,"{""Python"":1531595,""HTML"":85858,""CSS"":40329,""JavaScript"":18245}","3.15.1;breaking change;bug;cleanup;dependencies;deprecation;documentation;enhancement;extension eligible;good first issue;help wanted;interactive api documentation;needs confirmation;needs design decision;needs further review;needs information;needs re-base;priority;process;python;release;schema generation;spam;stale;testcase;usage","api;django;python;rest"
"3969303","pyinstaller/pyinstaller",false,"9529","6","68","1939","Python","develop","Other","http://www.pyinstaller.org","231","11881","393","65993","2011-11-23T11:05:56","2024-11-03T02:53:24","2024-11-04T09:32:42","5397","267","2486","18","17847","82159","28121","[{""language"":""C/C++ Header"",""blankLines"":845,""codeLines"":11828,""commentLines"":2312},{""language"":""YAML"",""blankLines"":87,""codeLines"":481,""commentLines"":56},{""language"":""Markdown"",""blankLines"":98,""codeLines"":199,""commentLines"":22},{""language"":""Bourne Shell"",""blankLines"":60,""codeLines"":202,""commentLines"":74},{""language"":""reStructuredText"",""blankLines"":3461,""codeLines"":10336,""commentLines"":1596},{""language"":""Fish Shell"",""blankLines"":15,""codeLines"":67,""commentLines"":5},{""language"":""make"",""blankLines"":30,""codeLines"":157,""commentLines"":6},{""language"":""XML"",""blankLines"":0,""codeLines"":19,""commentLines"":0},{""language"":""Dockerfile"",""blankLines"":35,""codeLines"":73,""commentLines"":133},{""language"":""SWIG"",""blankLines"":0,""codeLines"":3,""commentLines"":0},{""language"":""DOS Batch"",""blankLines"":34,""codeLines"":232,""commentLines"":3},{""language"":""TOML"",""blankLines"":15,""codeLines"":71,""commentLines"":4},{""language"":""Text"",""blankLines"":167,""codeLines"":877,""commentLines"":0},{""language"":""Python"",""blankLines"":11154,""codeLines"":39946,""commentLines"":20409},{""language"":""CSS"",""blankLines"":2,""codeLines"":13,""commentLines"":6},{""language"":""Qt"",""blankLines"":0,""codeLines"":39,""commentLines"":0},{""language"":""C"",""blankLines"":1836,""codeLines"":8738,""commentLines"":3492},{""language"":""INI"",""blankLines"":2,""codeLines"":13,""commentLines"":0},{""language"":""JSON"",""blankLines"":0,""codeLines"":6,""commentLines"":0},{""language"":""Bourne Again Shell"",""blankLines"":2,""codeLines"":18,""commentLines"":1},{""language"":""SVG"",""blankLines"":4,""codeLines"":8841,""commentLines"":2}]","2024-11-03T02:53:23","34cc28539c7f79c5f5f2537ddee7a8218410d024",true,false,false,false,"{""Python"":2984504,""C"":1296135,""Shell"":14789,""Dockerfile"":4255,""TeX"":2118,""Batchfile"":143,""SWIG"":21}","@high;@low;@low / cleanup;@medium;antivirus-false-positives;area:bootloader;area:cpython;area:dependency;area:documentation;area:hooks;area:hooks/pyqt4;area:hooks/pyqt5;area:hooks/pyside;area:modulegraph;area:pip;area:project infrastructure;area:test-suite;area:tests/ci;area:tests/ci/pyup;area:unicode;backported;bug;bugfix;do not merge;feature;good first issue;help wanted;kind:refactoring;kind:support;kind:to be discussed;merge-on-ci-pass;move-to-contrib;needs backport;not-our-bug;platform:conda;platform:linux;platform:os x;platform:other os;platform:windows;play-stupid-games-win-stupid-rewards;pr:changelog-entry;pr:commit-message;pr:copyright-header;pull-request wanted;python:2;python:3;python:3.4;python:3.5;python:3.6;python:3.7;python:3.8;ready to merge;solution:already-fixed;solution:duplicate;solution:invalid;solution:not enough info;solution:read the manual;solution:won't fix;solution:works for me;spam;squash-merge-on-ci-pass;state:need info;state:needs more work;state:stale by author;state:verify;triage;unsolvable;version 5;version:2.1;version:3.0;version:3.1;version:3.1.1;version:3.2;version:3.2.1;version:3.3;version:3.3.1;version:3.4;version:3.5;version:3.6;version:4.0;version:4.1;version:4.2;version:develop;xkcd-1987","bundle;package;py2app;py2exe;pyinstaller;python;python-3;python-to-exe"
"3969308","django-extensions/django-extensions",false,"3624","1","5","1151","Python","main","MIT License","https://django-extensions.readthedocs.io","103","6480","378","4095","2009-03-21T04:11:19","2024-07-15T10:18:37","2024-07-16T12:42:40","892","168","986","44","6164","20752","3331","[{""language"":""XML"",""blankLines"":0,""codeLines"":17,""commentLines"":0},{""language"":""JSON"",""blankLines"":0,""codeLines"":105,""commentLines"":0},{""language"":""reStructuredText"",""blankLines"":1142,""codeLines"":2011,""commentLines"":140},{""language"":""HTML"",""blankLines"":2,""codeLines"":64,""commentLines"":0},{""language"":""Text"",""blankLines"":22,""codeLines"":43,""commentLines"":0},{""language"":""Python"",""blankLines"":4229,""codeLines"":15360,""commentLines"":2502},{""language"":""CSS"",""blankLines"":4,""codeLines"":28,""commentLines"":6},{""language"":""INI"",""blankLines"":16,""codeLines"":118,""commentLines"":0},{""language"":""JavaScript"",""blankLines"":112,""codeLines"":871,""commentLines"":324},{""language"":""PO File"",""blankLines"":260,""codeLines"":804,""commentLines"":350},{""language"":""make"",""blankLines"":21,""codeLines"":95,""commentLines"":4},{""language"":""YAML"",""blankLines"":13,""codeLines"":230,""commentLines"":5},{""language"":""Markdown"",""blankLines"":343,""codeLines"":1006,""commentLines"":0}]","2024-04-27T04:13:05","b7dfee0be0c16ba7fca107380f81fc86b6aaaaa8",true,false,false,false,"{""Python"":829925,""JavaScript"":41300,""HTML"":2126,""Makefile"":1257,""CSS"":740}","backwards incompatible;bug;easy pickings;feature request;food for thought;improvement;need help;need patch;need reproducable example;need test case;needs more information;patch need improvement;regression",""
"3969315","twisted/twisted",false,"30666","1886","34","1174","Python","trunk","Other","https://twisted.org","172","5590","180","75527","2011-07-01T08:40:42","2024-11-07T06:40:35","2024-11-08T05:03:31","10272","2649","2082","110","87692","227322","125742","[{""language"":""DOS Batch"",""blankLines"":22,""codeLines"":154,""commentLines"":37},{""language"":""ANTLR Grammar"",""blankLines"":90,""codeLines"":433,""commentLines"":1},{""language"":""SVG"",""blankLines"":1,""codeLines"":595,""commentLines"":1},{""language"":""Glade"",""blankLines"":226,""codeLines"":3268,""commentLines"":0},{""language"":""Python"",""blankLines"":71648,""codeLines"":204815,""commentLines"":120325},{""language"":""CSS"",""blankLines"":36,""codeLines"":173,""commentLines"":0},{""language"":""Cucumber"",""blankLines"":0,""codeLines"":1,""commentLines"":0},{""language"":""HTML"",""blankLines"":17,""codeLines"":129,""commentLines"":5},{""language"":""zsh"",""blankLines"":2,""codeLines"":13,""commentLines"":18},{""language"":""XML"",""blankLines"":1,""codeLines"":55,""commentLines"":1},{""language"":""JavaScript"",""blankLines"":0,""codeLines"":3,""commentLines"":2},{""language"":""YAML"",""blankLines"":90,""codeLines"":408,""commentLines"":166},{""language"":""Markdown"",""blankLines"":90,""codeLines"":603,""commentLines"":1},{""language"":""Bourne Shell"",""blankLines"":21,""codeLines"":52,""commentLines"":16},{""language"":""reStructuredText"",""blankLines"":15313,""codeLines"":15473,""commentLines"":5065},{""language"":""make"",""blankLines"":28,""codeLines"":143,""commentLines"":6},{""language"":""TOML"",""blankLines"":58,""codeLines"":810,""commentLines"":52},{""language"":""Text"",""blankLines"":8,""codeLines"":46,""commentLines"":0},{""language"":""INI"",""blankLines"":41,""codeLines"":148,""commentLines"":46}]","2024-11-07T12:37:16","8c74b069f86c595c9d6dd2066f112095db8074e8",false,false,false,false,"{""Python"":12657186,""GAP"":18090,""Batchfile"":3472,""Shell"":3244,""HTML"":1050,""Gherkin"":52}","abandoned;adbapi;agent;amp;assigned;auth;bug;closed;conch;core;deferred;documentation;duplicate;easy;endpoint;enhancement;enterprise;fixed;flaky-test;ftp;gtk;howto;http;http2;httpclient;imap;insults;invalid;iocpreactor;ipv6;irc;log;logger;logging;lore;mail;mypy;names;needs-changes;needs-merge;needs-review;new;pair;pb;performance;policy;priority-high;priority-highest;priority-low;priority-lowest;priority-normal;process;proxy;pydoctor;release management;release-blocker;reopened;request;runner;security;serialport;smtp;soc2007;ssh;ssl;tape;task;tests;thread;tls;trial;twist;twistd;unicode;url;web;website;win32;windows;wontfix;words;worksforme;xmlrpc;xmpp","async;async-python;dns;event-driven;http;imap;irc;network;python;smtp;ssl;tls;twisted;xmpp"
"3969321","gitpython-developers/gitpython",false,"4159","17","14","905","Python","main","BSD 3-Clause New or Revised License","http://gitpython.readthedocs.org","105","4611","274","11245","2010-11-30T05:34:03","2024-10-15T07:09:37","2024-10-16T02:12:18","1029","157","742","4","6663","20521","8776","[{""language"":""make"",""blankLines"":17,""codeLines"":71,""commentLines"":4},{""language"":""TOML"",""blankLines"":8,""codeLines"":63,""commentLines"":18},{""language"":""Text"",""blankLines"":1,""codeLines"":23,""commentLines"":0},{""language"":""YAML"",""blankLines"":76,""codeLines"":298,""commentLines"":67},{""language"":""Python"",""blankLines"":5640,""codeLines"":18156,""commentLines"":8217},{""language"":""Markdown"",""blankLines"":156,""codeLines"":346,""commentLines"":0},{""language"":""INI"",""blankLines"":6,""codeLines"":44,""commentLines"":0},{""language"":""JSON"",""blankLines"":0,""codeLines"":7,""commentLines"":0},{""language"":""Dockerfile"",""blankLines"":6,""codeLines"":13,""commentLines"":3},{""language"":""Bourne Shell"",""blankLines"":54,""codeLines"":176,""commentLines"":68},{""language"":""reStructuredText"",""blankLines"":699,""codeLines"":1324,""commentLines"":399}]","2024-10-15T07:09:36","a52722421e9afd333ed60be1ebf5a5aebb9a7e05",false,false,false,false,"{""Python"":1185365,""Shell"":10593,""Dockerfile"":629,""Makefile"":299}","acknowledged;breaking change;c-typing;cannot reproduce;critical;dependencies;enhancement;github_actions;help wanted;in progress;python version specific;q&a;rejected;submodules;tag.cygwin;tag.deadlocks;tag.encodings;tag.leaks;tag.windows;waiting for feedback;wont fix;📣highlight-in-changelog📣","git-plumbing;git-porcelain;python-library"
"3969324","praw-dev/praw",false,"4203","2","15","458","Python","master","BSD 2-Clause Simplified License","http://praw.readthedocs.io/","73","3499","184","51350","2010-08-19T04:00:07","2024-11-04T03:13:36","2024-11-05T12:23:37","753","3","1282","3","8054","220774","8917","[{""language"":""SVG"",""blankLines"":0,""codeLines"":89,""commentLines"":2},{""language"":""TOML"",""blankLines"":10,""codeLines"":142,""commentLines"":0},{""language"":""Text"",""blankLines"":6,""codeLines"":230,""commentLines"":0},{""language"":""Python"",""blankLines"":6775,""codeLines"":16951,""commentLines"":7804},{""language"":""Bourne Shell"",""blankLines"":7,""codeLines"":6,""commentLines"":0},{""language"":""INI"",""blankLines"":7,""codeLines"":31,""commentLines"":0},{""language"":""DOS Batch"",""blankLines"":23,""codeLines"":168,""commentLines"":1},{""language"":""make"",""blankLines"":25,""codeLines"":125,""commentLines"":5},{""language"":""YAML"",""blankLines"":6,""codeLines"":401,""commentLines"":0},{""language"":""JSON"",""blankLines"":0,""codeLines"":200197,""commentLines"":0},{""language"":""reStructuredText"",""blankLines"":1187,""codeLines"":2422,""commentLines"":1105},{""language"":""Markdown"",""blankLines"":8,""codeLines"":12,""commentLines"":0}]","2024-10-25T09:47:34","108e4eeba6f92a791c795d45e260a1adc7063bcf",false,false,false,false,"{""Python"":1120900,""Shell"":189}","auto-closed - stale;bug;critical;developer environment;discussion;documentation;duplicate;feature;invalid;major change;reddit api change;stale;verified;won't fix;⭐️ new contributor friendly ⭐️","api;oauth;praw;python;reddit;reddit-api"
"3969339","andreafrancia/trash-cli",false,"1980","1","0","177","Python","master","GNU General Public License v2.0",,"38","3519","48","2417","2011-11-09T05:06:36","2024-07-11T09:34:10","2024-07-11T09:34:14","241","58","93","0","3514","11763","279","[{""language"":""Bourne Again Shell"",""blankLines"":34,""codeLines"":114,""commentLines"":7},{""language"":""TOML"",""blankLines"":0,""codeLines"":3,""commentLines"":0},{""language"":""Text"",""blankLines"":202,""codeLines"":879,""commentLines"":0},{""language"":""Python"",""blankLines"":3035,""codeLines"":9730,""commentLines"":254},{""language"":""INI"",""blankLines"":1,""codeLines"":21,""commentLines"":0},{""language"":""HTML"",""blankLines"":5,""codeLines"":505,""commentLines"":4},{""language"":""YAML"",""blankLines"":11,""codeLines"":93,""commentLines"":3},{""language"":""Markdown"",""blankLines"":20,""codeLines"":55,""commentLines"":0},{""language"":""reStructuredText"",""blankLines"":206,""codeLines"":363,""commentLines"":11}]","2024-07-11T09:34:10","73e5892830aa93dfe3e837f84363ffac35a6003d",true,false,false,false,"{""Python"":430836,""Shell"":3403}","force-volume;help-wanted;skip-volume-check;trash-empy;trash-put;trash-restore-ui","linux;python;trashcan"
"3969341","rthalley/dnspython",false,"2482","12","5","517","Python","main","Other","http://www.dnspython.org","59","2451","113","4174","2011-08-24T11:36:39","2024-11-02T03:54:03","2024-11-02T03:54:08","558","5","562","0","9294","36077","10687","[{""language"":""TOML"",""blankLines"":12,""codeLines"":104,""commentLines"":6},{""language"":""Text"",""blankLines"":9,""codeLines"":27,""commentLines"":0},{""language"":""Python"",""blankLines"":8071,""codeLines"":34545,""commentLines"":9311},{""language"":""INI"",""blankLines"":4,""codeLines"":12,""commentLines"":0},{""language"":""reStructuredText"",""blankLines"":1083,""codeLines"":996,""commentLines"":1327},{""language"":""make"",""blankLines"":22,""codeLines"":45,""commentLines"":37},{""language"":""YAML"",""blankLines"":11,""codeLines"":83,""commentLines"":6},{""language"":""Markdown"",""blankLines"":82,""codeLines"":265,""commentLines"":0}]","2024-11-02T03:53:59","1f838bf4a16d0c7868abbde8065c8500fc00519a",true,false,false,false,"{""Python"":1732264,""Makefile"":2362}","archived enhancements;awaiting standardization;bug;cannot reproduce;dependencies;documentation bug;enhancement request;fixed;future;github_actions;needs author;next feature;next patch;not a bug;pinned;python;will not fix","asyncio;ddns;dns;dns-over-https;dns-over-quic;dns-over-tls;dnspython;dnssec;edns;edns0;idna;stub-resolver;trio"
"3969345","twilio/twilio-python",false,"1758","15","232","711","Python","main","MIT License",,"124","1853","108","155547","2009-09-15T05:33:57","2024-10-28T12:03:02","2024-10-29T06:38:57","313","21","503","11","47346","144097","91529","[{""language"":""Dockerfile"",""blankLines"":4,""codeLines"":11,""commentLines"":0},{""language"":""reStructuredText"",""blankLines"":14,""codeLines"":12,""commentLines"":11},{""language"":""make"",""blankLines"":20,""codeLines"":58,""commentLines"":0},{""language"":""TOML"",""blankLines"":5,""codeLines"":16,""commentLines"":1},{""language"":""Text"",""blankLines"":0,""codeLines"":20,""commentLines"":0},{""language"":""YAML"",""blankLines"":19,""codeLines"":141,""commentLines"":3},{""language"":""Python"",""blankLines"":45775,""codeLines"":140224,""commentLines"":91493},{""language"":""Properties"",""blankLines"":2,""codeLines"":10,""commentLines"":4},{""language"":""Markdown"",""blankLines"":1505,""codeLines"":3585,""commentLines"":17},{""language"":""INI"",""blankLines"":1,""codeLines"":8,""commentLines"":0},{""language"":""HTML"",""blankLines"":1,""codeLines"":12,""commentLines"":0}]","2024-10-28T12:02:59","5aa42dc526d486140fd5c021a5e7da4e76318978",false,false,false,false,"{""Python"":11494631,""Makefile"":2622,""Dockerfile"":234}","code-generation;dependencies;difficulty: easy;difficulty: hard;difficulty: medium;difficulty: unknown or n/a;difficulty: very hard;status: code review request;status: duplicate;status: help wanted;status: invalid;status: ready for deploy;status: ready for merge;status: waiting for feature;status: waiting for feedback;status: wontfix;status: work in progress;type: bug;type: community enhancement;type: docs update;type: getting started;type: non-library issue;type: question;type: security;type: support;type: twilio enhancement","twilio;twilio-api;twiml"
"3969355","openstack/horizon",false,"16706","10","0","1231","Python","master","Apache License 2.0","https://opendev.org/openstack/horizon","165","1348","273","359203","2011-10-28T01:12:05","2024-11-07T08:27:40","2024-11-08T02:45:29","0","0","83","0","135304","478735","55278","[{""language"":""SVG"",""blankLines"":24,""codeLines"":2915,""commentLines"":17},{""language"":""Bourne Again Shell"",""blankLines"":1,""codeLines"":14,""commentLines"":0},{""language"":""Text"",""blankLines"":7,""codeLines"":116,""commentLines"":0},{""language"":""Python"",""blankLines"":23511,""codeLines"":99300,""commentLines"":21504},{""language"":""INI"",""blankLines"":27,""codeLines"":214,""commentLines"":0},{""language"":""HTML"",""blankLines"":1192,""codeLines"":14577,""commentLines"":168},{""language"":""PO File"",""blankLines"":92445,""codeLines"":278354,""commentLines"":1263},{""language"":""JavaScript"",""blankLines"":9534,""codeLines"":49462,""commentLines"":20578},{""language"":""YAML"",""blankLines"":1804,""codeLines"":13703,""commentLines"":8510},{""language"":""Bourne Shell"",""blankLines"":35,""codeLines"":130,""commentLines"":35},{""language"":""Sass"",""blankLines"":991,""codeLines"":4539,""commentLines"":548},{""language"":""CSV"",""blankLines"":0,""codeLines"":41,""commentLines"":0},{""language"":""JSON"",""blankLines"":68,""codeLines"":1032,""commentLines"":0},{""language"":""XML"",""blankLines"":0,""codeLines"":92,""commentLines"":1},{""language"":""SCSS"",""blankLines"":991,""codeLines"":4439,""commentLines"":648},{""language"":""reStructuredText"",""blankLines"":4674,""codeLines"":9807,""commentLines"":2006}]","2024-11-05T06:08:26","0763ff9f5bf7ad895b6b26c1375aea125311266c",false,false,false,false,"{""Python"":5692205,""JavaScript"":2601606,""HTML"":589421,""SCSS"":133256,""Shell"":6684}","","service"
"3969397","sunpy/sunpy",false,"18597","3","142","590","Python","main","BSD 2-Clause Simplified License","http://www.sunpy.org","49","918","225","68949","2011-08-06T03:34:08","2024-11-06T06:02:21","2024-11-06T06:12:23","2101","273","5731","24","19029","65857","26354","[{""language"":""Bourne Shell"",""blankLines"":1,""codeLines"":15,""commentLines"":0},{""language"":""C/C++ Header"",""blankLines"":22,""codeLines"":69,""commentLines"":3},{""language"":""reStructuredText"",""blankLines"":3758,""codeLines"":8110,""commentLines"":4327},{""language"":""make"",""blankLines"":6,""codeLines"":16,""commentLines"":7},{""language"":""YAML"",""blankLines"":210,""codeLines"":1897,""commentLines"":40},{""language"":""IDL"",""blankLines"":16,""codeLines"":47,""commentLines"":96},{""language"":""DOS Batch"",""blankLines"":8,""codeLines"":26,""commentLines"":1},{""language"":""CSV"",""blankLines"":0,""codeLines"":6671,""commentLines"":0},{""language"":""TOML"",""blankLines"":31,""codeLines"":290,""commentLines"":30},{""language"":""Text"",""blankLines"":39,""codeLines"":972,""commentLines"":0},{""language"":""INI"",""blankLines"":8,""codeLines"":252,""commentLines"":0},{""language"":""JSON"",""blankLines"":0,""codeLines"":7363,""commentLines"":0},{""language"":""SVG"",""blankLines"":0,""codeLines"":1,""commentLines"":0},{""language"":""Python"",""blankLines"":14817,""codeLines"":38485,""commentLines"":21456},{""language"":""C"",""blankLines"":113,""codeLines"":1643,""commentLines"":394}]","2024-11-06T06:02:21","664d1c51901edbfda9f5ac4d8f23ab3a4a4daed1",true,false,false,false,"{""Python"":2241108,""C"":76616,""Xonsh"":7590,""IDL"":5746,""Prolog"":5746,""Shell"":675}","Close (?);affects dev;affects release;backport 6.0;benchmarks;bug;coordinates;data;discussion;documentation;downstream fix required;effort high;effort low;effort medium;examples;feature request;good first issue;hacktoberfest;hacktoberfest-accepted;image;infrastructure;invalid;io;io/asdf;io/cdf;io/fits;keep open;map;merge when ci passes;minor change;needs adoption;needs review;net;no backport;no changelog entry needed;package expert;package intermediate;package novice;performance;physics;priority high;priority low;priority medium;question;refactoring;remote server issue;remote server issue / vso;run cron ci;run publish;sep needed;solar physics knowledge;source metadata;stale;still needs manual backport;sun;tests;time;timeseries;upstream fix required;util;visualization;whats new?;wont fix","astronomy;astropy;hacktoberfest;python;solar;solar-physics;sun;sunpy"
"3969467","couchbase/couchbase-python-client",false,"1275","8","0","110","Python","master","Apache License 2.0","https://www.couchbase.com/","30","242","26","11496","2011-07-29T04:24:46","2024-11-05T08:18:31","2024-11-05T08:18:35","6","2","52","0","19235","92219","17679","[{""language"":""C++"",""blankLines"":1923,""codeLines"":16738,""commentLines"":759},{""language"":""CMake"",""blankLines"":23,""codeLines"":197,""commentLines"":27},{""language"":""make"",""blankLines"":4,""codeLines"":9,""commentLines"":7},{""language"":""JSON"",""blankLines"":0,""codeLines"":8848,""commentLines"":0},{""language"":""DOS Batch"",""blankLines"":8,""codeLines"":26,""commentLines"":1},{""language"":""Dockerfile"",""blankLines"":181,""codeLines"":509,""commentLines"":691},{""language"":""reStructuredText"",""blankLines"":546,""codeLines"":633,""commentLines"":834},{""language"":""TOML"",""blankLines"":3,""codeLines"":44,""commentLines"":1},{""language"":""Text"",""blankLines"":0,""codeLines"":75,""commentLines"":0},{""language"":""Python"",""blankLines"":15794,""codeLines"":61527,""commentLines"":14756},{""language"":""INI"",""blankLines"":2,""codeLines"":13,""commentLines"":22},{""language"":""C/C++ Header"",""blankLines"":537,""codeLines"":2712,""commentLines"":577},{""language"":""YAML"",""blankLines"":2,""codeLines"":383,""commentLines"":4},{""language"":""Markdown"",""blankLines"":212,""codeLines"":505,""commentLines"":0}]","2024-11-05T08:18:30","95c2a594aa0faaedb6db20df105b6d51157c2e86",false,false,false,false,"{""Python"":3647295,""C++"":784993,""C"":676256,""CMake"":7943,""Shell"":5675}","dependencies",""
"3969477","copier-org/copier",false,"1633","2","44","181","Python","master","MIT License","https://readthedocs.org/projects/copier/","19","2028","86","3886","2011-11-01T07:22:44","2024-11-10T07:39:54","2024-11-10T07:39:58","504","69","1159","18","2706","13610","2979","[{""language"":""INI"",""blankLines"":3,""codeLines"":13,""commentLines"":0},{""language"":""Jinja Template"",""blankLines"":0,""codeLines"":2,""commentLines"":0},{""language"":""JSON"",""blankLines"":0,""codeLines"":133,""commentLines"":0},{""language"":""YAML"",""blankLines"":59,""codeLines"":600,""commentLines"":16},{""language"":""Markdown"",""blankLines"":942,""codeLines"":2495,""commentLines"":6},{""language"":""Nix"",""blankLines"":8,""codeLines"":141,""commentLines"":13},{""language"":""SVG"",""blankLines"":0,""codeLines"":157,""commentLines"":0},{""language"":""TOML"",""blankLines"":30,""codeLines"":158,""commentLines"":3},{""language"":""Text"",""blankLines"":0,""codeLines"":14,""commentLines"":0},{""language"":""Python"",""blankLines"":1658,""codeLines"":9870,""commentLines"":2941},{""language"":""CSS"",""blankLines"":6,""codeLines"":27,""commentLines"":0}]","2024-11-10T07:39:53","19156ee3be576a72ba8603137b25e227fde28021",false,false,false,false,"{""Python"":467555,""Nix"":5261,""Shell"":576,""Dockerfile"":186,""Jinja"":73}","bug;dependencies;documentation;enhancement;github_actions;good first issue;hacktoberfest-accepted;help wanted;maintenance;python;triage","cookiecutter;copier-template;hacktoberfest;project-template;python;scaffolding"
"3969486","ceph/s3-tests",false,"1098","126","0","287","Python","master","MIT License",,"102","297","68","2405","2011-09-13T10:05:24","2024-10-23T11:57:18","2024-10-23T11:54:22","81","49","514","110","5237","19775","1571","[{""language"":""reStructuredText"",""blankLines"":39,""codeLines"":63,""commentLines"":0},{""language"":""Text"",""blankLines"":0,""codeLines"":15,""commentLines"":0},{""language"":""Python"",""blankLines"":5197,""codeLines"":19638,""commentLines"":1571},{""language"":""INI"",""blankLines"":1,""codeLines"":59,""commentLines"":0}]","2024-10-23T11:54:18","d245097771698774d36a0283e9ef69bf67f3ba76",true,false,false,false,"{""Python"":1020561,""Shell"":2764}","dnm;wip-abhi-testing",""
"3969487","gpodder/mygpo",false,"4296","21","0","87","Python","master","GNU Affero General Public License v3.0","http://gpodder.net/","17","281","49","15418","2011-04-28T08:52:08","2024-11-08T07:06:50","2024-11-08T07:06:54","216","126","597","21","18062","76900","17884","[{""language"":""PO File"",""blankLines"":8701,""codeLines"":22192,""commentLines"":13965},{""language"":""SVG"",""blankLines"":4,""codeLines"":19161,""commentLines"":6},{""language"":""make"",""blankLines"":37,""codeLines"":159,""commentLines"":6},{""language"":""YAML"",""blankLines"":17,""codeLines"":1192,""commentLines"":1},{""language"":""Markdown"",""blankLines"":16,""codeLines"":28,""commentLines"":0},{""language"":""INI"",""blankLines"":0,""codeLines"":5,""commentLines"":0},{""language"":""Bourne Shell"",""blankLines"":23,""codeLines"":53,""commentLines"":11},{""language"":""JavaScript"",""blankLines"":692,""codeLines"":2097,""commentLines"":609},{""language"":""Python"",""blankLines"":5241,""codeLines"":14832,""commentLines"":2089},{""language"":""CSS"",""blankLines"":1214,""codeLines"":11140,""commentLines"":141},{""language"":""reStructuredText"",""blankLines"":855,""codeLines"":1066,""commentLines"":985},{""language"":""HTML"",""blankLines"":1256,""codeLines"":4927,""commentLines"":71},{""language"":""JSON"",""blankLines"":2,""codeLines"":9,""commentLines"":0},{""language"":""XML"",""blankLines"":4,""codeLines"":39,""commentLines"":0}]","2024-11-08T07:06:49","c99c8b875e74698d001ee0bf88e3afb8e3c80356",true,false,false,false,"{""Python"":657831,""HTML"":183973,""CSS"":50547,""JavaScript"":43927,""Shell"":2218,""Makefile"":1434,""Procfile"":191}","admin;api;auth;ci;client;configuration;data;dependencies;directory;documentation;frontend;search;security;starter-issue;support;tests;translations;user","django;gpodder;hacktoberfest;podcast;python;rest-api;webservice"
"3970110","dmwm/wmcore",false,"17619","124","59","107","Python","master","Apache License 2.0",,"26","46","63","70238","2011-09-12T10:37:21","2024-10-31T03:22:08","2024-10-30T08:16:54","5919","508","4623","55","57687","1016318","62713","[{""language"":""reStructuredText"",""blankLines"":128,""codeLines"":252,""commentLines"":9},{""language"":""Python"",""blankLines"":50588,""codeLines"":187587,""commentLines"":58740},{""language"":""CSS"",""blankLines"":264,""codeLines"":3409,""commentLines"":135},{""language"":""Bourne Again Shell"",""blankLines"":12,""codeLines"":87,""commentLines"":1},{""language"":""HTML"",""blankLines"":803,""codeLines"":3988,""commentLines"":262},{""language"":""Patran Command Language"",""blankLines"":0,""codeLines"":3623,""commentLines"":0},{""language"":""XML"",""blankLines"":302,""codeLines"":18534,""commentLines"":7},{""language"":""JSON"",""blankLines"":83,""codeLines"":761757,""commentLines"":0},{""language"":""Erlang"",""blankLines"":1,""codeLines"":123,""commentLines"":0},{""language"":""SVG"",""blankLines"":0,""codeLines"":565,""commentLines"":0},{""language"":""make"",""blankLines"":17,""codeLines"":76,""commentLines"":3},{""language"":""Text"",""blankLines"":6,""codeLines"":145,""commentLines"":0},{""language"":""Bourne Shell"",""blankLines"":424,""codeLines"":2212,""commentLines"":432},{""language"":""JavaScript"",""blankLines"":5013,""codeLines"":33766,""commentLines"":3107},{""language"":""YAML"",""blankLines"":9,""codeLines"":113,""commentLines"":17},{""language"":""Markdown"",""blankLines"":37,""codeLines"":81,""commentLines"":0}]","2024-10-30T08:16:50","76fd3a93ab322a897d63a0b54aa7129c8588db16",true,false,false,false,"{""Python"":12187051,""JavaScript"":559376,""HTML"":197553,""Shell"":114188,""CSS"":49696,""Erlang"":3800}","acdc / acdcserver;auth;aws;bug;ci/cd;concurrency;configuration;containerization;couchdb;data taking;dbs;dbs schema change with event addition;dependencies;deployment;deprecation;documentation;enhancement;farfuture;feature change;further discussion;gpu;has external dependency;has internal dependency;high priority;highest priority;http;investigation;jenkins;job runtime;kubernetes;latency improvement;logs;low effort;low priority;lumilist;major projects;mariadb;medium priority;microservices v2;minor projects;mongodb;monitoring;msassigner;msmonitor;msoutput;mspileup;msrulecleaner;mstransferor;msunmerged;new feature;not reproducible;operations;oracle;phedexnodename;post2.7;pr: db schema change;pr: do not merge yet;pr: further tests needed;pr: need cmsweb branch;pr: need crab branch;pr: need dbs branch;pr: need wmagent branch;pr: never merge;pr: one approval required;pr: patch production agent;pr: patch production services;pr: squashing needed;pr: two approvals required;pr: update documentation;pr: work in progress;py2py3 slice;py2tested;py3 potential bug;python3;qprio: high;qprio: low;qprio: medium;r&d;reqmgr;reqmgr2;reqmgr2ms;resource utilization;revision needed;rucio;scalability;security;selected;simplecondorplugin;stakeholders;storeresults;support;support non-x86 resources;technical debt;testing;tier0-systems;tokens;unified porting;unittest;upgrades;urgent (ops);web development;wmagent;wmagent crash;wmarchive;wmstats;wont-do;workqueue","cms;dmwm;python;workload-management"
"3970126","enthought/apptools",false,"2011","12","6","24","Python","main","Other",,"55","38","30","44162","2011-01-27T11:49:03","2024-07-08T01:22:28","2024-07-08T11:16:58","107","25","249","2","5378","12482","6466","[{""language"":""TOML"",""blankLines"":0,""codeLines"":3,""commentLines"":0},{""language"":""reStructuredText"",""blankLines"":316,""codeLines"":795,""commentLines"":64},{""language"":""Python"",""blankLines"":4731,""codeLines"":10195,""commentLines"":6370},{""language"":""CSS"",""blankLines"":152,""codeLines"":667,""commentLines"":18},{""language"":""make"",""blankLines"":15,""codeLines"":70,""commentLines"":4},{""language"":""Text"",""blankLines"":129,""codeLines"":513,""commentLines"":0},{""language"":""INI"",""blankLines"":10,""codeLines"":65,""commentLines"":0},{""language"":""YAML"",""blankLines"":24,""codeLines"":172,""commentLines"":10},{""language"":""Markdown"",""blankLines"":1,""codeLines"":2,""commentLines"":0}]","2024-07-08T11:16:54","ca2528b95bdfa5a8e1d22c58269b7c2b3aa282ba",true,false,false,false,"{""Python"":679092}","component: documentation;component: test suite;dependencies;need backport to 5.0;type: bug;type: cleanup;type: discussion;type: enhancement;type: refactor",""
"3981887","mopidy/mopidy",false,"8777","5","17","686","Python","main","Apache License 2.0","https://mopidy.com","189","8034","126","25038","2009-12-23T02:25:36","2024-10-15T09:45:42","2024-10-15T09:45:47","1240","197","879","12","8733","23567","3102","[{""language"":""INI"",""blankLines"":7,""codeLines"":37,""commentLines"":0},{""language"":""Bourne Shell"",""blankLines"":5,""codeLines"":24,""commentLines"":1},{""language"":""reStructuredText"",""blankLines"":3118,""codeLines"":5929,""commentLines"":866},{""language"":""HTML"",""blankLines"":4,""codeLines"":27,""commentLines"":0},{""language"":""Text"",""blankLines"":0,""codeLines"":1,""commentLines"":0},{""language"":""YAML"",""blankLines"":16,""codeLines"":151,""commentLines"":9},{""language"":""Python"",""blankLines"":5531,""codeLines"":17062,""commentLines"":2216},{""language"":""CSS"",""blankLines"":2,""codeLines"":41,""commentLines"":0},{""language"":""Markdown"",""blankLines"":12,""codeLines"":40,""commentLines"":0},{""language"":""make"",""blankLines"":21,""codeLines"":105,""commentLines"":4},{""language"":""Bourne Again Shell"",""blankLines"":1,""codeLines"":4,""commentLines"":1},{""language"":""TOML"",""blankLines"":16,""codeLines"":146,""commentLines"":5}]","2024-10-15T09:45:42","4e7cced0956469c69db14319f5cfc862554ec06f",false,false,false,false,"{""Python"":797233,""HTML"":805,""CSS"":610,""Roff"":573,""Shell"":556}","a-audio;a-backend;a-config;a-core;a-docs;a-file;a-http;a-m3u;a-models;a-project;a-softwaremixer;a-stream;a-zeroconf;breaking change;c-bug;c-enhancement;c-extension-request;good first issue;needs changelog entry;needs tests;s-blocked;s-waiting-on-author;typing","mopidy;music-player;python"
"3981926","petl-developers/petl",false,"1331","1","47","191","Python","master","MIT License",,"51","1205","48","3894","2011-08-19T09:51:03","2024-05-12T09:27:24","2024-05-21T12:20:07","458","84","211","4","8711","25211","13827","[{""language"":""Jupyter Notebook"",""blankLines"":0,""codeLines"":138,""commentLines"":4697},{""language"":""TOML"",""blankLines"":2,""codeLines"":6,""commentLines"":0},{""language"":""DOS Batch"",""blankLines"":21,""codeLines"":133,""commentLines"":1},{""language"":""INI"",""blankLines"":8,""codeLines"":94,""commentLines"":0},{""language"":""reStructuredText"",""blankLines"":724,""codeLines"":1415,""commentLines"":508},{""language"":""Markdown"",""blankLines"":42,""codeLines"":125,""commentLines"":0},{""language"":""Text"",""blankLines"":27,""codeLines"":101,""commentLines"":0},{""language"":""Python"",""blankLines"":7795,""codeLines"":22146,""commentLines"":8502},{""language"":""make"",""blankLines"":21,""codeLines"":105,""commentLines"":4},{""language"":""YAML"",""blankLines"":70,""codeLines"":616,""commentLines"":115},{""language"":""JSON"",""blankLines"":0,""codeLines"":323,""commentLines"":0},{""language"":""XML"",""blankLines"":1,""codeLines"":9,""commentLines"":0}]","2024-04-17T03:25:22","1e77626f17f6a89697abd17fd9d98b2ad9ed41cb",true,false,false,false,"{""Python"":1051500,""Jupyter Notebook"":21938,""Shell"":2605,""Batchfile"":1823}","bug;build ci cd;can't reproduce;dependencies;documentation;feature;help wanted;invalid;maintainability;performance;usability;wontfix",""
"3981937","mozilla-services/socorro",false,"15360","36","195","223","Python","main","Mozilla Public License 2.0","https://crash-stats.mozilla.org/","45","585","113","182560","2011-08-24T07:21:49","2024-11-07T12:36:07","2024-11-07T11:25:21","0","0","6791","3","15489","76206","10818","[{""language"":""YAML"",""blankLines"":333,""codeLines"":4914,""commentLines"":87},{""language"":""Markdown"",""blankLines"":185,""codeLines"":370,""commentLines"":6},{""language"":""make"",""blankLines"":32,""codeLines"":126,""commentLines"":16},{""language"":""JavaScript"",""blankLines"":559,""codeLines"":2987,""commentLines"":784},{""language"":""SVG"",""blankLines"":0,""codeLines"":20,""commentLines"":4},{""language"":""Bourne Shell"",""blankLines"":176,""codeLines"":367,""commentLines"":289},{""language"":""Text"",""blankLines"":26,""codeLines"":2075,""commentLines"":0},{""language"":""Python"",""blankLines"":11482,""codeLines"":48255,""commentLines"":8625},{""language"":""CSS"",""blankLines"":27,""codeLines"":707,""commentLines"":54},{""language"":""TOML"",""blankLines"":10,""codeLines"":27,""commentLines"":4},{""language"":""Less"",""blankLines"":292,""codeLines"":2752,""commentLines"":54},{""language"":""INI"",""blankLines"":11,""codeLines"":57,""commentLines"":0},{""language"":""HTML"",""blankLines"":391,""codeLines"":4912,""commentLines"":20},{""language"":""Dockerfile"",""blankLines"":34,""codeLines"":93,""commentLines"":33},{""language"":""JSON"",""blankLines"":1,""codeLines"":5804,""commentLines"":0},{""language"":""reStructuredText"",""blankLines"":1930,""codeLines"":2740,""commentLines"":842}]","2024-11-04T09:21:25","83b0a9321d579409e204019587fee88b57ddb680",false,false,false,false,"{""Python"":1725825,""HTML"":148534,""JavaScript"":129425,""Less"":51735,""Shell"":24327,""Dockerfile"":6176,""Makefile"":4839,""CSS"":936,""Scilab"":277,""Procfile"":82}","back-end;critical;dependencies;do not merge;docker;e2e tests;front-end;github_actions;javascript;major;no rush;not ready;python;security",""
"3981952","okfde/froide",false,"7041","45","0","86","Python","main","MIT License",,"31","364","33","31362","2011-05-04T12:20:51","2024-11-02T02:09:14","2024-11-03T07:48:12","420","96","463","19","26339","129295","20023","[{""language"":""HTML"",""blankLines"":8,""codeLines"":10064,""commentLines"":7},{""language"":""Text"",""blankLines"":423,""codeLines"":8311,""commentLines"":0},{""language"":""Python"",""blankLines"":10067,""codeLines"":52215,""commentLines"":1978},{""language"":""TypeScript"",""blankLines"":280,""codeLines"":1940,""commentLines"":98},{""language"":""INI"",""blankLines"":1,""codeLines"":7,""commentLines"":0},{""language"":""Vuejs Component"",""blankLines"":494,""codeLines"":11523,""commentLines"":364},{""language"":""SCSS"",""blankLines"":246,""codeLines"":1794,""commentLines"":157},{""language"":""JSON"",""blankLines"":0,""codeLines"":190,""commentLines"":0},{""language"":""TOML"",""blankLines"":15,""codeLines"":155,""commentLines"":0},{""language"":""DOS Batch"",""blankLines"":21,""codeLines"":148,""commentLines"":1},{""language"":""reStructuredText"",""blankLines"":202,""codeLines"":414,""commentLines"":17},{""language"":""Markdown"",""blankLines"":31,""codeLines"":70,""commentLines"":0},{""language"":""make"",""blankLines"":26,""codeLines"":122,""commentLines"":4},{""language"":""YAML"",""blankLines"":967,""codeLines"":3324,""commentLines"":6},{""language"":""XML"",""blankLines"":0,""codeLines"":12,""commentLines"":0},{""language"":""JavaScript"",""blankLines"":147,""codeLines"":1820,""commentLines"":39},{""language"":""Sass"",""blankLines"":226,""codeLines"":1647,""commentLines"":134},{""language"":""PO File"",""blankLines"":13185,""codeLines"":35021,""commentLines"":17217},{""language"":""SVG"",""blankLines"":0,""codeLines"":518,""commentLines"":1}]","2024-11-01T12:55:19","473c57e3eb8c99fad13635331f37eb6d4dac9bf5",true,false,false,false,"{""Python"":2021570,""HTML"":461623,""Vue"":335669,""TypeScript"":65995,""JavaScript"":56858,""SCSS"":48022,""Makefile"":602,""Procfile"":25}","api;backlog;bug;core;dependencies;enhancement;feature;help wanted;important;javascript;low priority;not now;python;redaction;request administration;search and filter;setup;status issues;useful","fragdenstaat"
"3982071","akvo/akvo-rsr",false,"17960","251","117","20","Python","master","GNU Affero General Public License v3.0","http://rsr.akvo.org","25","39","34","438545","2009-11-30T01:38:01","2024-10-29T10:42:14","2024-10-29T09:40:57","2752","42","2587","56","30083","292538","14906","[{""language"":""JSX"",""blankLines"":1989,""codeLines"":38337,""commentLines"":617},{""language"":""SCSS"",""blankLines"":541,""codeLines"":17019,""commentLines"":327},{""language"":""Dockerfile"",""blankLines"":9,""codeLines"":30,""commentLines"":1},{""language"":""PlantUML"",""blankLines"":30,""codeLines"":113,""commentLines"":0},{""language"":""SQL"",""blankLines"":0,""codeLines"":4,""commentLines"":0},{""language"":""Bourne Shell"",""blankLines"":317,""codeLines"":964,""commentLines"":98},{""language"":""Text"",""blankLines"":74,""codeLines"":3972,""commentLines"":0},{""language"":""YAML"",""blankLines"":66,""codeLines"":5233,""commentLines"":24},{""language"":""Markdown"",""blankLines"":2868,""codeLines"":4499,""commentLines"":1},{""language"":""make"",""blankLines"":6,""codeLines"":26,""commentLines"":9},{""language"":""JavaScript"",""blankLines"":966,""codeLines"":12143,""commentLines"":850},{""language"":""Sass"",""blankLines"":540,""codeLines"":17158,""commentLines"":156},{""language"":""Clojure"",""blankLines"":6,""codeLines"":64,""commentLines"":7},{""language"":""PO File"",""blankLines"":5083,""codeLines"":11733,""commentLines"":3169},{""language"":""CSV"",""blankLines"":0,""codeLines"":4278,""commentLines"":0},{""language"":""SVG"",""blankLines"":2,""codeLines"":1229,""commentLines"":6},{""language"":""HTML"",""blankLines"":434,""codeLines"":6579,""commentLines"":24},{""language"":""Python"",""blankLines"":16600,""codeLines"":97529,""commentLines"":9542},{""language"":""CSS"",""blankLines"":543,""codeLines"":4183,""commentLines"":66},{""language"":""JSON"",""blankLines"":0,""codeLines"":67419,""commentLines"":0},{""language"":""Bourne Again Shell"",""blankLines"":9,""codeLines"":26,""commentLines"":9}]","2024-10-29T09:40:47","75fba5aaff0f741ae66126293fa6a7388f78a106",true,false,false,false,"{""Python"":7737920,""JavaScript"":1900068,""SCSS"":435721,""HTML"":312315,""CSS"":140450,""Shell"":44355,""Clojure"":3317,""Mustache"":1574,""Dockerfile"":1336,""Makefile"":1165}","a4a;backlog;bug;chore;component::project hierarchies;dependencies;discussion;documentation;epic;eutf;feature request;for production;gdpr;good first issue;iati 2.03;in progress;inbeta;javascript;k8s;myrsr refactor;needs review;nso;nuffic;organisation reports;priority: high;priority: low;priority: medium;project reports;python;quick fix;ready;requires reproduction;rsr updates;stale;tested;type: akvo pages;type: api;type: data structure refactor;type: deployment;type: donations;type: external to rsr;type: iati;type: infrastructure;type: layout/design;type: maps;type: mobile;type: myrsr;type: performance;type: permissions;type: project editor;type: release automation;type: reports;type: results framework;type: rss feeds;type: testing;type: translations;type: ux required;type: widgets;unep;user testing ready","akvo;akvo-rsr;django;iati;iati-standard;javascript;python;reporting"
"3982505","kivy/kivy",false,"12958","94","12","3073","Python","master","MIT License","https://kivy.org","603","17722","335","76239","2010-11-03T08:27:32","2024-11-09T04:54:36","2024-11-10T02:27:56","5087","738","3777","118","31505","105292","41936","[{""language"":""JavaScript"",""blankLines"":142,""codeLines"":780,""commentLines"":226},{""language"":""Vim Script"",""blankLines"":11,""codeLines"":30,""commentLines"":6},{""language"":""Bourne Shell"",""blankLines"":123,""codeLines"":618,""commentLines"":72},{""language"":""reStructuredText"",""blankLines"":3015,""codeLines"":7860,""commentLines"":855},{""language"":""CSS"",""blankLines"":10,""codeLines"":877,""commentLines"":5},{""language"":""HTML"",""blankLines"":13,""codeLines"":259,""commentLines"":35},{""language"":""Dockerfile"",""blankLines"":13,""codeLines"":34,""commentLines"":9},{""language"":""kvlang"",""blankLines"":568,""codeLines"":3851,""commentLines"":67},{""language"":""Lisp"",""blankLines"":53,""codeLines"":195,""commentLines"":45},{""language"":""JSON"",""blankLines"":12,""codeLines"":862,""commentLines"":0},{""language"":""Fortran 77"",""blankLines"":5,""codeLines"":12,""commentLines"":0},{""language"":""GLSL"",""blankLines"":10,""codeLines"":29,""commentLines"":8},{""language"":""YAML"",""blankLines"":55,""codeLines"":1007,""commentLines"":43},{""language"":""Markdown"",""blankLines"":389,""codeLines"":1034,""commentLines"":5},{""language"":""XML"",""blankLines"":0,""codeLines"":59,""commentLines"":0},{""language"":""SVG"",""blankLines"":15,""codeLines"":4402,""commentLines"":15},{""language"":""Cython"",""blankLines"":5292,""codeLines"":20387,""commentLines"":6453},{""language"":""C"",""blankLines"":640,""codeLines"":3731,""commentLines"":1164},{""language"":""Objective-C++"",""blankLines"":153,""codeLines"":685,""commentLines"":50},{""language"":""Python"",""blankLines"":20430,""codeLines"":55557,""commentLines"":31919},{""language"":""Objective-C"",""blankLines"":146,""codeLines"":697,""commentLines"":34},{""language"":""F#"",""blankLines"":3,""codeLines"":13,""commentLines"":0},{""language"":""make"",""blankLines"":58,""codeLines"":249,""commentLines"":17},{""language"":""Text"",""blankLines"":13,""codeLines"":78,""commentLines"":0},{""language"":""TeX"",""blankLines"":21,""codeLines"":114,""commentLines"":31},{""language"":""PowerShell"",""blankLines"":21,""codeLines"":103,""commentLines"":13},{""language"":""C/C++ Header"",""blankLines"":292,""codeLines"":1746,""commentLines"":864},{""language"":""TOML"",""blankLines"":1,""codeLines"":16,""commentLines"":0},{""language"":""INI"",""blankLines"":1,""codeLines"":7,""commentLines"":0}]","2024-11-09T03:59:48","d6ba697e37017a29a0749b47ed0a2f9d1aa44c15",true,false,false,false,"{""Python"":3381296,""Cython"":1188958,""C"":327781,""kvlang"":43852,""Shell"":28532,""Objective-C++"":28113,""Emacs Lisp"":9839,""PowerShell"":5442,""Makefile"":5234,""Objective-C"":3544,""Vim Script"":2120,""C++"":1182,""GLSL"":883}","awaiting-reply;backport devel-2.3.x;bounty;component: core-app;component: core-providers;component: core-widget;component: distribution;component: documentation;component: graphics;component: input;component: kv-lang;component: misc;component: packaging;component: tests/ci;component: widgets;easy;faq;hacktoberfest;kep;notes: api-break;notes: api-deprecation;notes: release-highlight;platform: android;platform: browser;platform: ios;platform: linux;platform: osx;platform: rpi;platform: windows;priority: critical;priority: high;priority: low;priority: medium;pygame;python3;sdl2;status: confirmed;status: has pr;status: incomplete;status: needs-analysis;status: on-hold;support;type: bug;type: documentation;type: feature;type: regression;upstream;website;wontfix","android;app;ios;kivy;linux;macos;python;ui;windows"
"3982506","beetbox/beets",false,"12043","24","34","1818","Python","master","MIT License","http://beets.io/","395","12859","357","28318","2010-08-09T11:17:20","2024-10-31T12:50:05","2024-10-31T01:55:06","2809","590","2054","67","18379","80909","14349","[{""language"":""XML"",""blankLines"":0,""codeLines"":334,""commentLines"":0},{""language"":""JavaScript"",""blankLines"":1917,""codeLines"":7997,""commentLines"":1801},{""language"":""Markdown"",""blankLines"":38,""codeLines"":45,""commentLines"":35},{""language"":""reStructuredText"",""blankLines"":3634,""codeLines"":12257,""commentLines"":1003},{""language"":""Bourne Shell"",""blankLines"":64,""codeLines"":236,""commentLines"":70},{""language"":""Python"",""blankLines"":10991,""codeLines"":45519,""commentLines"":11375},{""language"":""CSS"",""blankLines"":18,""codeLines"":145,""commentLines"":9},{""language"":""HTML"",""blankLines"":11,""codeLines"":86,""commentLines"":1},{""language"":""JSON"",""blankLines"":0,""codeLines"":5073,""commentLines"":0},{""language"":""YAML"",""blankLines"":96,""codeLines"":1411,""commentLines"":35},{""language"":""TOML"",""blankLines"":32,""codeLines"":216,""commentLines"":15},{""language"":""make"",""blankLines"":22,""codeLines"":108,""commentLines"":5},{""language"":""INI"",""blankLines"":10,""codeLines"":57,""commentLines"":0},{""language"":""Text"",""blankLines"":1546,""codeLines"":7425,""commentLines"":0}]","2024-10-31T12:50:01","fa10dcf11add0afd3b4b22af29f8d504e7ef8a0a",true,false,false,false,"{""Python"":2291697,""JavaScript"":85950,""Shell"":8289,""HTML"":3306,""CSS"":2951}","big;bug;discussion;docs;duplicate;feature;good first issue;hacktoberfest;mediafile;mediumsize;migrated;needinfo;newplugin;project;python 3;refactor;review-needed;stale;testing;windows","cli;hacktoberfest;music;music-library;musicbrainz;python"
"3982507","coleifer/peewee",false,"4640","4","142","1373","Python","master","MIT License","http://docs.peewee-orm.com/","199","11168","125","14940","2010-10-11T08:14:11","2024-10-30T04:58:54","2024-10-30T07:28:17","2453","1","485","0","16942","46050","14776","[{""language"":""JavaScript"",""blankLines"":0,""codeLines"":4,""commentLines"":6},{""language"":""Markdown"",""blankLines"":692,""codeLines"":2037,""commentLines"":0},{""language"":""C/C++ Header"",""blankLines"":46,""codeLines"":109,""commentLines"":105},{""language"":""reStructuredText"",""blankLines"":6583,""codeLines"":3733,""commentLines"":11874},{""language"":""Bourne Shell"",""blankLines"":5,""codeLines"":34,""commentLines"":2},{""language"":""YAML"",""blankLines"":2,""codeLines"":141,""commentLines"":0},{""language"":""SVG"",""blankLines"":0,""codeLines"":229,""commentLines"":0},{""language"":""HTML"",""blankLines"":25,""codeLines"":366,""commentLines"":0},{""language"":""Cython"",""blankLines"":319,""codeLines"":1343,""commentLines"":105},{""language"":""Python"",""blankLines"":9214,""codeLines"":37686,""commentLines"":2672},{""language"":""CSS"",""blankLines"":14,""codeLines"":113,""commentLines"":7},{""language"":""DOS Batch"",""blankLines"":21,""codeLines"":133,""commentLines"":1},{""language"":""TOML"",""blankLines"":0,""codeLines"":3,""commentLines"":0},{""language"":""make"",""blankLines"":21,""codeLines"":105,""commentLines"":4},{""language"":""Text"",""blankLines"":0,""codeLines"":14,""commentLines"":0}]","2024-10-30T04:58:40","ed6a6e2325b1332e688d6e4ea54e581533249db2",true,false,false,false,"{""Python"":1671819,""Cython"":55078,""C"":9175,""Shell"":1033}","bug;design decision;feature","dank;gametight;peewee;python;sqlite"
"3982510","ajenti/ajenti",false,"1308","5","30","843","Python","master","MIT License","http://ajenti.org/core/","260","7546","23","38164","2010-03-03T08:04:15","2024-10-29T08:47:15","2024-10-29T02:00:32","1185","12","295","0","39202","109196","43066","[{""language"":""Markdown"",""blankLines"":60,""codeLines"":190,""commentLines"":6},{""language"":""reStructuredText"",""blankLines"":741,""codeLines"":868,""commentLines"":541},{""language"":""Bourne Shell"",""blankLines"":153,""codeLines"":656,""commentLines"":47},{""language"":""CoffeeScript"",""blankLines"":173,""codeLines"":874,""commentLines"":11},{""language"":""YAML"",""blankLines"":13,""codeLines"":732,""commentLines"":15},{""language"":""make"",""blankLines"":47,""codeLines"":163,""commentLines"":5},{""language"":""JavaScript"",""blankLines"":104,""codeLines"":494,""commentLines"":6},{""language"":""PO File"",""blankLines"":34908,""codeLines"":91870,""commentLines"":39769},{""language"":""INI"",""blankLines"":0,""codeLines"":3,""commentLines"":0},{""language"":""Less"",""blankLines"":289,""codeLines"":1204,""commentLines"":8},{""language"":""Python"",""blankLines"":2401,""codeLines"":8284,""commentLines"":2591},{""language"":""CSS"",""blankLines"":1,""codeLines"":6,""commentLines"":0},{""language"":""Text"",""blankLines"":37,""codeLines"":240,""commentLines"":0},{""language"":""HTML"",""blankLines"":266,""codeLines"":3499,""commentLines"":59},{""language"":""JSON"",""blankLines"":0,""codeLines"":99,""commentLines"":0},{""language"":""Bourne Again Shell"",""blankLines"":5,""codeLines"":2,""commentLines"":8},{""language"":""TOML"",""blankLines"":4,""codeLines"":12,""commentLines"":0}]","2024-10-29T08:47:15","825a03e9a81ffc5736761bfbae36e44253c7d2c3",false,false,false,false,"{""Python"":389152,""JavaScript"":180198,""HTML"":173931,""CoffeeScript"":36135,""Less"":27428,""Shell"":19300,""Makefile"":1969,""Augeas"":1372,""Erlang"":906}","1.0;bug;changes pending;confirmed;dependencies;enhancement;feature request;idea;incomplete;install;python;stale;test for confirmation;website","administration;ajenti;angular;javascript;linux;panel;python"
"3982511","readthedocs/readthedocs.org",false,"20638","115","0","3583","Python","main","MIT License","https://readthedocs.org/","249","8040","410","118983","2010-08-16T07:18:06","2024-11-10T12:08:06","2024-11-09T01:04:18","5623","358","5905","47","83442","320582","85406","[{""language"":""Markdown"",""blankLines"":54,""codeLines"":130,""commentLines"":0},{""language"":""reStructuredText"",""blankLines"":8638,""codeLines"":18114,""commentLines"":7172},{""language"":""Bourne Shell"",""blankLines"":18,""codeLines"":52,""commentLines"":86},{""language"":""YAML"",""blankLines"":98,""codeLines"":428,""commentLines"":160},{""language"":""TeX"",""blankLines"":0,""codeLines"":6,""commentLines"":0},{""language"":""JavaScript"",""blankLines"":402,""codeLines"":2425,""commentLines"":427},{""language"":""XML"",""blankLines"":0,""codeLines"":20,""commentLines"":0},{""language"":""make"",""blankLines"":54,""codeLines"":256,""commentLines"":15},{""language"":""Diff"",""blankLines"":2,""codeLines"":7,""commentLines"":6},{""language"":""SVG"",""blankLines"":2,""codeLines"":2863,""commentLines"":1},{""language"":""PO File"",""blankLines"":54500,""codeLines"":172396,""commentLines"":64694},{""language"":""INI"",""blankLines"":14,""codeLines"":149,""commentLines"":0},{""language"":""HTML"",""blankLines"":2784,""codeLines"":14439,""commentLines"":244},{""language"":""Text"",""blankLines"":159,""codeLines"":2547,""commentLines"":0},{""language"":""Python"",""blankLines"":16348,""codeLines"":86802,""commentLines"":12474},{""language"":""CSS"",""blankLines"":304,""codeLines"":1686,""commentLines"":114},{""language"":""JSON"",""blankLines"":0,""codeLines"":17903,""commentLines"":0},{""language"":""Less"",""blankLines"":30,""codeLines"":155,""commentLines"":1},{""language"":""Dockerfile"",""blankLines"":14,""codeLines"":56,""commentLines"":11},{""language"":""DOS Batch"",""blankLines"":21,""codeLines"":148,""commentLines"":1}]","2024-11-07T05:03:49","a94aa1f6e7689456b627d904df71cf17cb46c803",false,false,false,false,"{""Python"":3956240,""HTML"":844866,""JavaScript"":99145,""CSS"":67553,""Shell"":6121,""Makefile"":4594,""Batchfile"":4515,""Dockerfile"":2278,""Less"":873,""TeX"":162}","accepted;bug;community effort;dependencies;design;feature;good first issue;hacktoberfest-accepted;improvement;needed: design decision;needed: documentation;needed: more information;needed: patch;needed: replication;needed: tests;operations;pr: hotfix;pr: work in progress;priority: high;priority: low;reminder;sprintable;status: blocked;status: stale;support;todo :spiral_notepad:","docs;mkdocs;python;sphinx;sphinx-doc"
"3982541","jazzband/django-simple-history",false,"1372","17","38","478","Python","master","BSD 3-Clause New or Revised License","https://django-simple-history.readthedocs.org","43","2204","163","2707","2011-03-06T10:42:19","2024-10-28T05:53:25","2024-10-29T10:32:07","589","141","824","33","3244","12142","2092","[{""language"":""INI"",""blankLines"":14,""codeLines"":74,""commentLines"":2},{""language"":""HTML"",""blankLines"":7,""codeLines"":111,""commentLines"":0},{""language"":""reStructuredText"",""blankLines"":760,""codeLines"":1329,""commentLines"":710},{""language"":""make"",""blankLines"":39,""codeLines"":176,""commentLines"":6},{""language"":""YAML"",""blankLines"":40,""codeLines"":268,""commentLines"":16},{""language"":""Markdown"",""blankLines"":29,""codeLines"":90,""commentLines"":13},{""language"":""Text"",""blankLines"":6,""codeLines"":38,""commentLines"":0},{""language"":""DOS Batch"",""blankLines"":29,""codeLines"":212,""commentLines"":1},{""language"":""PO File"",""blankLines"":269,""codeLines"":818,""commentLines"":327},{""language"":""Python"",""blankLines"":2040,""codeLines"":8936,""commentLines"":1007},{""language"":""TOML"",""blankLines"":11,""codeLines"":90,""commentLines"":10}]","2024-09-10T09:02:16","7fdebc8f048469a13c7acb81ef5b8fb615e26aac",false,false,false,false,"{""Python"":423294,""HTML"":4559,""Makefile"":701}","3.0 planning;accepted;admin;bug;decision-needed;dependencies;djangoconus2018;do not merge;docs;enhancement;github_actions;good-first-issue;help-wanted;meta;p2;p3;pycon2014 sprint;python;release;sync;tests;translations;wip",""
"3982577","spiral-project/ihatemoney",false,"1376","23","13","267","Python","master","Other","https://ihatemoney.org","24","1177","150","18863","2011-03-10T02:38:21","2024-09-29T10:15:49","2024-09-29T08:13:01","495","47","820","31","14230","38883","6171","[{""language"":""make"",""blankLines"":39,""codeLines"":184,""commentLines"":5},{""language"":""Jinja Template"",""blankLines"":40,""codeLines"":138,""commentLines"":0},{""language"":""YAML"",""blankLines"":24,""codeLines"":265,""commentLines"":17},{""language"":""Markdown"",""blankLines"":600,""codeLines"":1403,""commentLines"":0},{""language"":""PO File"",""blankLines"":11451,""codeLines"":24659,""commentLines"":4804},{""language"":""JavaScript"",""blankLines"":86,""codeLines"":495,""commentLines"":51},{""language"":""Bourne Shell"",""blankLines"":7,""codeLines"":42,""commentLines"":2},{""language"":""SVG"",""blankLines"":0,""codeLines"":1122,""commentLines"":3},{""language"":""Text"",""blankLines"":18,""codeLines"":77,""commentLines"":0},{""language"":""Python"",""blankLines"":1503,""codeLines"":7513,""commentLines"":1144},{""language"":""CSS"",""blankLines"":249,""codeLines"":1118,""commentLines"":125},{""language"":""TOML"",""blankLines"":10,""codeLines"":93,""commentLines"":6},{""language"":""INI"",""blankLines"":18,""codeLines"":69,""commentLines"":0},{""language"":""HTML"",""blankLines"":145,""codeLines"":1454,""commentLines"":2},{""language"":""Dockerfile"",""blankLines"":5,""codeLines"":51,""commentLines"":3},{""language"":""DOS Batch"",""blankLines"":21,""codeLines"":148,""commentLines"":1},{""language"":""XML"",""blankLines"":0,""codeLines"":22,""commentLines"":0},{""language"":""Mako"",""blankLines"":7,""codeLines"":15,""commentLines"":0},{""language"":""reStructuredText"",""blankLines"":7,""codeLines"":15,""commentLines"":8}]","2024-09-20T09:58:50","6582e2c0c3b5bd84516715d287e54e26147d09e1",true,false,false,false,"{""Python"":347667,""HTML"":66940,""CSS"":28588,""JavaScript"":11205,""Jinja"":6865,""Makefile"":3825,""Dockerfile"":1733,""Shell"":1313,""Mako"":412}","bug;dependencies;discussion;doc;docker;feature request;help wanted;ihatemoney.org;improvement;low hanging fruits;need info;security;support;ui/ux","budget-manager;flask;python"
"3982582","ncclient/ncclient",false,"1059","21","14","397","Python","master","Apache License 2.0",,"63","677","91","3481","2011-05-05T01:02:44","2024-10-31T09:50:13","2024-10-31T09:50:17","331","68","274","9","3079","10425","3682","[{""language"":""INI"",""blankLines"":6,""codeLines"":25,""commentLines"":0},{""language"":""Markdown"",""blankLines"":58,""codeLines"":163,""commentLines"":0},{""language"":""reStructuredText"",""blankLines"":262,""codeLines"":336,""commentLines"":224},{""language"":""Python"",""blankLines"":2708,""codeLines"":9267,""commentLines"":3431},{""language"":""Text"",""blankLines"":1,""codeLines"":12,""commentLines"":0},{""language"":""HTML"",""blankLines"":0,""codeLines"":8,""commentLines"":0},{""language"":""YAML"",""blankLines"":15,""codeLines"":66,""commentLines"":23},{""language"":""XML"",""blankLines"":14,""codeLines"":478,""commentLines"":0},{""language"":""make"",""blankLines"":15,""codeLines"":70,""commentLines"":4}]","2024-10-31T09:50:13","a001efed8c60ac1b7019030c8b19194e321c96ea",true,false,false,false,"{""Python"":439718}","bug;documentation;enhancement;investigate;no feedback;open for feedback;python 3;python 3.7;python 3.8;vendor issue;waiting","ncclient;netconf;official-python-netconf;python;python-library"
"3982596","mekkablue/glyphs-scripts",false,"2271","4","0","103","Python","master","Apache License 2.0","http://glyphsapp.com/","47","387","17","4028","2011-10-05T07:12:37","2024-11-02T10:47:14","2024-11-02T10:47:18","282","26","62","2","9068","45277","7693","[{""language"":""TOML"",""blankLines"":0,""codeLines"":4,""commentLines"":0},{""language"":""Python"",""blankLines"":8959,""codeLines"":44794,""commentLines"":7693},{""language"":""Text"",""blankLines"":2,""codeLines"":39,""commentLines"":0},{""language"":""Markdown"",""blankLines"":107,""codeLines"":429,""commentLines"":0},{""language"":""JSON"",""blankLines"":0,""codeLines"":11,""commentLines"":0}]","2024-11-02T10:47:09","4cb79b382dedf3fafd74f9e4240096d995130a60",true,false,false,false,"{""Python"":2256002}","installation;update",""
"3982645","ceph/teuthology",false,"6888","193","0","291","Python","main","MIT License",,"100","163","88","12072","2011-09-09T08:00:28","2024-10-25T04:20:21","2024-10-25T04:20:26","0","0","2007","26","6360","36461","8488","[{""language"":""SQL"",""blankLines"":1,""codeLines"":8,""commentLines"":0},{""language"":""Bourne Shell"",""blankLines"":197,""codeLines"":1360,""commentLines"":233},{""language"":""Lua"",""blankLines"":5,""codeLines"":91,""commentLines"":9},{""language"":""INI"",""blankLines"":7,""codeLines"":80,""commentLines"":0},{""language"":""make"",""blankLines"":36,""codeLines"":206,""commentLines"":22},{""language"":""Jinja Template"",""blankLines"":2,""codeLines"":29,""commentLines"":0},{""language"":""YAML"",""blankLines"":23,""codeLines"":541,""commentLines"":14},{""language"":""Markdown"",""blankLines"":146,""codeLines"":381,""commentLines"":0},{""language"":""SVG"",""blankLines"":0,""codeLines"":5,""commentLines"":0},{""language"":""Text"",""blankLines"":1,""codeLines"":708,""commentLines"":0},{""language"":""Python"",""blankLines"":5433,""codeLines"":31149,""commentLines"":8060},{""language"":""TOML"",""blankLines"":1,""codeLines"":9,""commentLines"":0},{""language"":""reStructuredText"",""blankLines"":474,""codeLines"":1416,""commentLines"":101},{""language"":""Bourne Again Shell"",""blankLines"":28,""codeLines"":298,""commentLines"":47},{""language"":""Dockerfile"",""blankLines"":5,""codeLines"":121,""commentLines"":2},{""language"":""XML"",""blankLines"":1,""codeLines"":59,""commentLines"":0}]","2024-10-25T04:20:21","d61fe8ceee8390fd00680e26d6042e17e98866e6",true,false,false,false,"{""Python"":1509574,""Shell"":60884,""Makefile"":4194,""Lua"":2701,""Dockerfile"":1432,""Jinja"":1096}","bug;ci/cd;dependencies;deploy-test;dnm;documentation;feature;improvement;intern-application;needs-qa;needs-rebase;needs-review;needs-smoke-testing;py3-migration;rh-qe-downstream;test",""
"3982675","digitalfox/pydici",false,"3858","13","14","63","Python","master","GNU Affero General Public License v3.0","http://www.enioka.com/pydici-web/","14","140","13","11610","2010-02-20T04:23:56","2024-11-03T05:49:04","2024-11-03T05:58:55","130","30","74","0","5994","28186","5351","[{""language"":""Diff"",""blankLines"":2,""codeLines"":16,""commentLines"":17},{""language"":""JavaScript"",""blankLines"":35,""codeLines"":338,""commentLines"":87},{""language"":""PO File"",""blankLines"":1436,""codeLines"":2738,""commentLines"":2481},{""language"":""SQL"",""blankLines"":1,""codeLines"":49,""commentLines"":0},{""language"":""Markdown"",""blankLines"":46,""codeLines"":77,""commentLines"":0},{""language"":""Bourne Shell"",""blankLines"":4,""codeLines"":23,""commentLines"":2},{""language"":""YAML"",""blankLines"":2,""codeLines"":67,""commentLines"":0},{""language"":""SVG"",""blankLines"":0,""codeLines"":38,""commentLines"":0},{""language"":""HTML"",""blankLines"":1057,""codeLines"":7785,""commentLines"":274},{""language"":""Text"",""blankLines"":12,""codeLines"":74,""commentLines"":0},{""language"":""Python"",""blankLines"":3258,""codeLines"":15169,""commentLines"":2413},{""language"":""CSS"",""blankLines"":128,""codeLines"":669,""commentLines"":71},{""language"":""JSON"",""blankLines"":4,""codeLines"":1053,""commentLines"":0},{""language"":""XML"",""blankLines"":8,""codeLines"":77,""commentLines"":4},{""language"":""Dockerfile"",""blankLines"":1,""codeLines"":13,""commentLines"":2}]","2024-11-03T05:48:39","7dc9b6cb9504755fc2d8110f6b514d15c63b548e",true,false,false,false,"{""Python"":936998,""HTML"":385363,""CSS"":20123,""JavaScript"":14129,""PLpgSQL"":1552,""Shell"":681,""Dockerfile"":467}","bug;dependencies;easy;enhancement;good first issue;help wanted;high priority;new feature;support;waiting info","consulting;crm;django;enterprise;erp;python"
"3983450","jazzband/django-debug-toolbar",false,"2670","6","24","1047","Python","main","BSD 3-Clause New or Revised License","https://django-debug-toolbar.readthedocs.io/","112","8077","262","8066","2008-08-28T06:58:04","2024-10-21T09:00:43","2024-10-21T09:00:44","917","60","1099","2","5908","20339","5770","[{""language"":""DOS Batch"",""blankLines"":8,""codeLines"":26,""commentLines"":1},{""language"":""JSON"",""blankLines"":0,""codeLines"":20,""commentLines"":0},{""language"":""YAML"",""blankLines"":46,""codeLines"":321,""commentLines"":19},{""language"":""TOML"",""blankLines"":10,""codeLines"":101,""commentLines"":3},{""language"":""make"",""blankLines"":12,""codeLines"":40,""commentLines"":7},{""language"":""Jinja Template"",""blankLines"":0,""codeLines"":17,""commentLines"":0},{""language"":""INI"",""blankLines"":19,""codeLines"":114,""commentLines"":0},{""language"":""Text"",""blankLines"":9,""codeLines"":84,""commentLines"":0},{""language"":""PO File"",""blankLines"":3358,""codeLines"":8874,""commentLines"":4188},{""language"":""JavaScript"",""blankLines"":52,""codeLines"":660,""commentLines"":48},{""language"":""Markdown"",""blankLines"":7,""codeLines"":15,""commentLines"":0},{""language"":""reStructuredText"",""blankLines"":702,""codeLines"":1576,""commentLines"":266},{""language"":""Python"",""blankLines"":1581,""codeLines"":6659,""commentLines"":1234},{""language"":""CSS"",""blankLines"":69,""codeLines"":674,""commentLines"":3},{""language"":""HTML"",""blankLines"":35,""codeLines"":1158,""commentLines"":1}]","2024-10-21T09:00:39","aac8ea9ec85db69cd3f4bddafcf06fc7added4e7",true,false,false,false,"{""Python"":336741,""HTML"":39525,""JavaScript"":27238,""CSS"":16851,""Makefile"":1215,""Jinja"":501}","Djangonaut Space :rocket:;async 🦄;beginner friendly;blocker;bug;dependencies;documentation;encoding;feature;frontend;hacktoberfest;hacktoberfest-accepted;improvement;needs info;requirejs;support request;sync;third party request",""
"3983451","cython/cython",false,"18727","27","34","1491","Python","master","Apache License 2.0","https://cython.org","240","9513","379","74655","2010-11-21T07:44:20","2024-11-10T10:31:23","2024-11-10T02:49:27","3745","1212","2727","157","51927","191216","83029","[{""language"":""Jupyter Notebook"",""blankLines"":0,""codeLines"":268,""commentLines"":1510},{""language"":""C++"",""blankLines"":56,""codeLines"":235,""commentLines"":31},{""language"":""Bazel"",""blankLines"":4,""codeLines"":27,""commentLines"":4},{""language"":""sed"",""blankLines"":3,""codeLines"":11,""commentLines"":7},{""language"":""XML"",""blankLines"":61,""codeLines"":1031,""commentLines"":41},{""language"":""Markdown"",""blankLines"":78,""codeLines"":127,""commentLines"":0},{""language"":""YAML"",""blankLines"":63,""codeLines"":583,""commentLines"":76},{""language"":""Diff"",""blankLines"":1,""codeLines"":1136,""commentLines"":7},{""language"":""Cython"",""blankLines"":20825,""codeLines"":62064,""commentLines"":54361},{""language"":""C"",""blankLines"":2885,""codeLines"":18120,""commentLines"":2316},{""language"":""Python"",""blankLines"":18958,""codeLines"":88174,""commentLines"":20628},{""language"":""DOS Batch"",""blankLines"":35,""codeLines"":241,""commentLines"":4},{""language"":""PowerShell"",""blankLines"":12,""codeLines"":96,""commentLines"":3},{""language"":""TOML"",""blankLines"":6,""codeLines"":20,""commentLines"":4},{""language"":""make"",""blankLines"":79,""codeLines"":320,""commentLines"":11},{""language"":""Smalltalk"",""blankLines"":0,""codeLines"":1,""commentLines"":0},{""language"":""INI"",""blankLines"":6,""codeLines"":29,""commentLines"":0},{""language"":""Text"",""blankLines"":421,""codeLines"":1084,""commentLines"":0},{""language"":""JavaScript"",""blankLines"":35,""codeLines"":511,""commentLines"":6},{""language"":""CSV"",""blankLines"":0,""codeLines"":17,""commentLines"":0},{""language"":""reStructuredText"",""blankLines"":8091,""codeLines"":14685,""commentLines"":3880},{""language"":""C/C++ Header"",""blankLines"":217,""codeLines"":1308,""commentLines"":44},{""language"":""Bourne Shell"",""blankLines"":36,""codeLines"":179,""commentLines"":33},{""language"":""Starlark"",""blankLines"":13,""codeLines"":66,""commentLines"":34},{""language"":""SVG"",""blankLines"":0,""codeLines"":612,""commentLines"":2},{""language"":""HTML"",""blankLines"":4,""codeLines"":32,""commentLines"":0},{""language"":""CSS"",""blankLines"":38,""codeLines"":239,""commentLines"":27}]","2024-11-10T10:31:21","a27ff566224b8dca2bd6672fb3399272c325396f",true,false,false,false,"{""Python"":4461974,""Cython"":3529051,""C"":856063,""C++"":33034,""Emacs Lisp"":12379,""Shell"":8492,""PowerShell"":4022,""Starlark"":3570,""Makefile"":2932,""Batchfile"":1429,""sed"":807,""Smalltalk"":618}","buffers;build system;c++;cleanup;code generation;coverage;cython language feature;debugger;defect;documentation;enhancement;feature;good first issue;help wanted;library;limited api;memory leak;needs decision;nogil CPython;numerics;numpy;optimization;p: blocker;p: critical;p: minor;p: trivial;packaging;parsing;performance;pure python mode;pypy;python 3.0;python semantics;python3 semantics;pythran;r: duplicate;r: invalid;r: third party;r: wontfix;r: worksforme;support question;task;tempita;testing;tools;type analysis;unclear;website;​​​​​error reporting","big-data;c;cpp;cpython;cpython-extensions;cython;performance;python"
"3983455","gorakhargosh/watchdog",false,"1519","3","41","696","Python","master","Apache License 2.0","http://packages.python.org/watchdog/","133","6594","134","2315","2010-10-23T12:00:17","2024-11-01T02:09:37","2024-11-01T02:09:37","662","188","420","9","2505","8515","2164","[{""language"":""reStructuredText"",""blankLines"":351,""codeLines"":734,""commentLines"":169},{""language"":""INI"",""blankLines"":5,""codeLines"":54,""commentLines"":0},{""language"":""Text"",""blankLines"":0,""codeLines"":10,""commentLines"":0},{""language"":""YAML"",""blankLines"":21,""codeLines"":235,""commentLines"":17},{""language"":""C"",""blankLines"":119,""codeLines"":609,""commentLines"":188},{""language"":""Fortran 77"",""blankLines"":4,""codeLines"":29,""commentLines"":0},{""language"":""Python"",""blankLines"":1948,""codeLines"":6326,""commentLines"":1779},{""language"":""XML"",""blankLines"":0,""codeLines"":155,""commentLines"":0},{""language"":""JSON"",""blankLines"":0,""codeLines"":31,""commentLines"":0},{""language"":""make"",""blankLines"":21,""codeLines"":105,""commentLines"":4},{""language"":""TOML"",""blankLines"":9,""codeLines"":54,""commentLines"":6},{""language"":""DOS Batch"",""blankLines"":27,""codeLines"":173,""commentLines"":1}]","2024-11-01T02:09:23","439a4d7e209f15b1b87967e497deaeda499d07fb",true,false,false,false,"{""Python"":325783,""C"":32938,""Batchfile"":988}","bug;core;dependencies;dirsnapshot;documentation;duplicate;fanotify;feature;fsevents;fsevents-c;good first issue;help welcome :);improvement;incomplete (need more info);inotify;kqueue;not a bug;tests;watchmedo;windows",""
"3983470","celery/kombu",false,"3747","34","36","929","Python","main","BSD 3-Clause New or Revised License","http://kombu.readthedocs.org/","73","2884","345","8964","2010-06-23T10:10:24","2024-11-06T12:40:43","2024-11-07T01:11:18","893","159","1234","50","11291","33135","7373","[{""language"":""INI"",""blankLines"":24,""codeLines"":162,""commentLines"":0},{""language"":""Markdown"",""blankLines"":7,""codeLines"":10,""commentLines"":0},{""language"":""Python"",""blankLines"":8062,""codeLines"":27566,""commentLines"":5308},{""language"":""reStructuredText"",""blankLines"":2933,""codeLines"":4201,""commentLines"":2012},{""language"":""Text"",""blankLines"":113,""codeLines"":338,""commentLines"":0},{""language"":""HTML"",""blankLines"":0,""codeLines"":10,""commentLines"":0},{""language"":""YAML"",""blankLines"":44,""codeLines"":289,""commentLines"":45},{""language"":""make"",""blankLines"":71,""codeLines"":304,""commentLines"":6},{""language"":""DOS Batch"",""blankLines"":35,""codeLines"":235,""commentLines"":2},{""language"":""TOML"",""blankLines"":2,""codeLines"":20,""commentLines"":0}]","2024-11-06T12:40:43","7c90d25ee86d7376209141cf3de4df61568b4fdf",true,false,false,false,"{""Python"":1350828,""Makefile"":3783,""Batchfile"":1844}","Component: Kafka Broker;amqp 1.0;category: experimental features;category: packaging and release management;category: project governance;category: tests;ci;cleanup;component: amazon sqs broker;component: amqp broker;component: azure servicebus broker;component: compression;component: connection;component: connection pool;component: consumer;component: documentation;component: entities;component: event loop;component: librabbitmq;component: logging;component: memory broker;component: mongodb broker (unsupported);component: pidbox;component: producer;component: pyamqp;component: pyro broker;component: qpid broker;component: redis broker;component: serialization;component: simple api;component: unsupported broker;dependencies;djangoconus 2018 sprint;eventlet;gevent;issue type: bug report;issue type: documentation;issue type: enhancement;issue type: feature request;issue type: optimization;issue type: question;issue type: task;not funded;operating system: bsd;operating system: linux;operating system: macos;operating system: windows;pr type: bugfix;pr type: cleanup;pr type: enhancement;pr type: feature;pr type: task;priority: blocker;priority: critical;priority: low;priority: major;priority: none (no current effort);priority: normal;priority: trivial;py-redis;python;python version: jython;python version: pypy;python version: pypy 3;python version: python 2;python version: python 3;regression;sqlalchemy broker;status: cannot reproduce;status: confirmed;status: duplicate;status: feedback needed;status: has patch;status: has testcase;status: in progress;status: invalid;status: needs documentation;status: needs rebase;status: needs test coverage;status: needs testcase;status: needs verification;status: not a bug;status: ready for merge;status: won't fix;status: works for me;todo;upstream;version: 2.5;version: 3.0;version: 4.0;version: 5.0","celery;kombu;message-queue;messaging;python;python-3;python-library;python3;rabbitmq;redis;sqs"
"3983492","reviewboard/reviewboard",false,"11753","21","9","430","Python","master","MIT License","https://www.reviewboard.org/","99","1568","216","67750","2009-08-22T09:39:49","2024-11-04T05:14:12","2024-11-04T07:27:47","0","0","47","0","105205","367811","120929","[{""language"":""SVG"",""blankLines"":1,""codeLines"":3780,""commentLines"":2},{""language"":""Text"",""blankLines"":97,""codeLines"":368,""commentLines"":0},{""language"":""Python"",""blankLines"":57406,""codeLines"":183973,""commentLines"":69899},{""language"":""CSS"",""blankLines"":16,""codeLines"":356,""commentLines"":16},{""language"":""HTML"",""blankLines"":667,""codeLines"":6760,""commentLines"":0},{""language"":""TypeScript"",""blankLines"":9201,""codeLines"":38236,""commentLines"":15588},{""language"":""Less"",""blankLines"":2653,""codeLines"":12924,""commentLines"":6238},{""language"":""reStructuredText"",""blankLines"":20842,""codeLines"":33727,""commentLines"":6950},{""language"":""JSON"",""blankLines"":1,""codeLines"":16931,""commentLines"":0},{""language"":""Dockerfile"",""blankLines"":40,""codeLines"":145,""commentLines"":126},{""language"":""SQL"",""blankLines"":0,""codeLines"":2,""commentLines"":0},{""language"":""Diff"",""blankLines"":1798,""codeLines"":20991,""commentLines"":4196},{""language"":""Bourne Shell"",""blankLines"":72,""codeLines"":218,""commentLines"":393},{""language"":""JavaScript"",""blankLines"":5639,""codeLines"":31692,""commentLines"":10024},{""language"":""PO File"",""blankLines"":6622,""codeLines"":17341,""commentLines"":7236},{""language"":""make"",""blankLines"":45,""codeLines"":190,""commentLines"":12},{""language"":""YAML"",""blankLines"":65,""codeLines"":112,""commentLines"":249},{""language"":""Markdown"",""blankLines"":40,""codeLines"":65,""commentLines"":0}]","2024-11-04T05:14:08","68603eeacf0864f3fc6c587997d68929cdd8d4bc",false,false,false,false,"{""Python"":11055536,""TypeScript"":1934156,""JavaScript"":1265275,""Less"":564829,""HTML"":240967,""CSS"":23647,""Dockerfile"":9287,""Shell"":5756}","","code-review;codereview;developer-tools;javascript;python"
"3983494","nandaka/pixivutil2",false,"1498","3","167","255","Python","master","BSD 2-Clause Simplified License","http://nandaka.devnull.zone/","99","2382","61","14538","2011-11-28T01:14:34","2024-11-03T12:16:24","2024-11-03T12:16:28","1164","120","214","0","3343","27789","1850","[{""language"":""Markdown"",""blankLines"":198,""codeLines"":888,""commentLines"":0},{""language"":""Text"",""blankLines"":205,""codeLines"":1111,""commentLines"":0},{""language"":""Python"",""blankLines"":2035,""codeLines"":11550,""commentLines"":1422},{""language"":""HTML"",""blankLines"":902,""codeLines"":3622,""commentLines"":426},{""language"":""JSON"",""blankLines"":0,""codeLines"":10604,""commentLines"":0},{""language"":""YAML"",""blankLines"":0,""codeLines"":9,""commentLines"":2},{""language"":""Dockerfile"",""blankLines"":3,""codeLines"":5,""commentLines"":0}]","2024-11-03T12:16:24","21f7bede602d83a97617cf8b313ba0eac59f59ad",true,false,false,false,"{""Python"":642357,""HTML"":9398,""Dockerfile"":160}","bug;cancelled;duplicates;enhancement;monitor;more info req;psa;question;tips",""
"3983507","psychopy/psychopy",false,"24783","6","113","909","Python","dev","GNU General Public License v3.0","http://www.psychopy.org","66","1687","209","277226","2010-09-01T05:00:04","2024-11-01T08:31:27","2024-11-01T08:31:34","1681","208","5263","22","81821","300591","116517","[{""language"":""PowerShell"",""blankLines"":14,""codeLines"":43,""commentLines"":28},{""language"":""make"",""blankLines"":22,""codeLines"":112,""commentLines"":4},{""language"":""JavaScript"",""blankLines"":3390,""codeLines"":20940,""commentLines"":3211},{""language"":""PO File"",""blankLines"":35760,""codeLines"":88326,""commentLines"":41869},{""language"":""Markdown"",""blankLines"":307,""codeLines"":882,""commentLines"":0},{""language"":""Bourne Shell"",""blankLines"":32,""codeLines"":119,""commentLines"":56},{""language"":""YAML"",""blankLines"":637,""codeLines"":2014,""commentLines"":1372},{""language"":""TOML"",""blankLines"":10,""codeLines"":137,""commentLines"":11},{""language"":""SVG"",""blankLines"":4,""codeLines"":1929,""commentLines"":5},{""language"":""HTML"",""blankLines"":110,""codeLines"":1778,""commentLines"":37},{""language"":""INI"",""blankLines"":0,""codeLines"":32,""commentLines"":0},{""language"":""Text"",""blankLines"":855,""codeLines"":21895,""commentLines"":0},{""language"":""Python"",""blankLines"":34185,""codeLines"":133900,""commentLines"":64718},{""language"":""CSS"",""blankLines"":323,""codeLines"":9625,""commentLines"":365},{""language"":""XML"",""blankLines"":0,""codeLines"":8539,""commentLines"":0},{""language"":""CSV"",""blankLines"":1,""codeLines"":138,""commentLines"":0},{""language"":""JSON"",""blankLines"":27,""codeLines"":1568,""commentLines"":0},{""language"":""DOS Batch"",""blankLines"":16,""codeLines"":111,""commentLines"":3},{""language"":""XSD"",""blankLines"":29,""codeLines"":174,""commentLines"":20},{""language"":""reStructuredText"",""blankLines"":6099,""codeLines"":8329,""commentLines"":4818}]","2024-11-01T08:31:26","19b77b339c1f09696f17bba29ededd27ab314b95",true,false,false,false,"{""Python"":8664520,""JavaScript"":58258,""NSIS"":21851,""CSS"":9738,""Shell"":6630,""PowerShell"":3073,""Batchfile"":244}","⏰ waiting for feedback;▶️ good first issue;🎵 audio;🐍 py builder outputs;👀 visual;💻 app/ui;📓 docs & demos;📦 packaging;🔌 plugins;🔧 hardware/iohub;🔬 tests;🟨 js builder outputs;🤗 enhancement;🦟 bug","experiment;experiment-control;experimental-design;linguistics;neuroscience;psycholinguistics;psychology;psychophysics;psychopy;python;science"
"3983520","nilearn/nilearn",false,"10462","2","11","601","Python","main","Other","http://nilearn.github.io","70","1184","208","45266","2011-01-09T07:02:23","2024-11-07T11:54:42","2024-11-07T11:54:48","2115","266","2593","28","28056","113507","40048","[{""language"":""Text"",""blankLines"":4,""codeLines"":914,""commentLines"":0},{""language"":""Python"",""blankLines"":22744,""codeLines"":70794,""commentLines"":35741},{""language"":""CSS"",""blankLines"":77,""codeLines"":483,""commentLines"":34},{""language"":""Bourne Again Shell"",""blankLines"":9,""codeLines"":20,""commentLines"":14},{""language"":""HTML"",""blankLines"":85,""codeLines"":1065,""commentLines"":43},{""language"":""INI"",""blankLines"":16,""codeLines"":149,""commentLines"":11},{""language"":""Jupyter Notebook"",""blankLines"":0,""codeLines"":35,""commentLines"":177},{""language"":""CSV"",""blankLines"":0,""codeLines"":913,""commentLines"":0},{""language"":""JSON"",""blankLines"":0,""codeLines"":26613,""commentLines"":0},{""language"":""TOML"",""blankLines"":15,""codeLines"":171,""commentLines"":14},{""language"":""DOS Batch"",""blankLines"":16,""codeLines"":96,""commentLines"":1},{""language"":""TeX"",""blankLines"":136,""codeLines"":1605,""commentLines"":0},{""language"":""make"",""blankLines"":42,""codeLines"":169,""commentLines"":22},{""language"":""reStructuredText"",""blankLines"":4546,""codeLines"":6448,""commentLines"":3736},{""language"":""YAML"",""blankLines"":213,""codeLines"":1065,""commentLines"":178},{""language"":""Markdown"",""blankLines"":81,""codeLines"":152,""commentLines"":16},{""language"":""JavaScript"",""blankLines"":30,""codeLines"":149,""commentLines"":18},{""language"":""SVG"",""blankLines"":15,""codeLines"":2549,""commentLines"":8},{""language"":""Bourne Shell"",""blankLines"":27,""codeLines"":117,""commentLines"":35}]","2024-11-07T11:54:39","8c4e2e59fc25bedc46d196922751765cd881e3c6",true,false,false,false,"{""Python"":3486244,""HTML"":30854,""CSS"":7180,""Shell"":6086,""JavaScript"":4737,""Makefile"":404}","Next dev agenda;api;atlas;bids;blocked;blocker;bug;code quality;connectivity;datasets;dependencies;developer experience;discussion;documentation;duplicate;effort: high;effort: low;effort: medium;enhancement;glm;good first issue;hacktoberfest;hacktoberfest-accepted;impact: high;impact: low;impact: medium;infrastructure;installation;invalid;maintenance;masker;out of scope;performance;plotly;plotting;priority: high;priority: low;priority: medium;report;review required;spam;stalled;surface;testing;usage;user experience","brain-connectivity;brain-imaging;brain-mri;decoding;fmri;machine-learning;mvpa;neuroimaging;python"
"3983554","tendenci/tendenci",false,"15506","12","116","202","Python","main","Other","https://www.tendenci.com","57","493","57","245959","2010-05-06T10:20:15","2024-11-08T10:54:24","2024-11-08T10:50:19","997","234","333","18","505436","1466137","1154497","[{""language"":""Less"",""blankLines"":357,""codeLines"":2913,""commentLines"":639},{""language"":""Text"",""blankLines"":1765,""codeLines"":5254,""commentLines"":0},{""language"":""Python"",""blankLines"":29828,""codeLines"":130742,""commentLines"":22914},{""language"":""CSS"",""blankLines"":9140,""codeLines"":48341,""commentLines"":1710},{""language"":""HTML"",""blankLines"":13166,""codeLines"":84114,""commentLines"":1039},{""language"":""DOS Batch"",""blankLines"":23,""codeLines"":166,""commentLines"":1},{""language"":""JSON"",""blankLines"":133,""codeLines"":39356,""commentLines"":0},{""language"":""SCSS"",""blankLines"":19,""codeLines"":919,""commentLines"":31},{""language"":""TypeScript"",""blankLines"":0,""codeLines"":3238,""commentLines"":0},{""language"":""YAML"",""blankLines"":8,""codeLines"":33,""commentLines"":8},{""language"":""make"",""blankLines"":24,""codeLines"":124,""commentLines"":5},{""language"":""PO File"",""blankLines"":439093,""codeLines"":1078748,""commentLines"":1114796},{""language"":""SQL"",""blankLines"":2,""codeLines"":49,""commentLines"":0},{""language"":""JavaScript"",""blankLines"":11085,""codeLines"":68933,""commentLines"":13289},{""language"":""Markdown"",""blankLines"":753,""codeLines"":1784,""commentLines"":27},{""language"":""SVG"",""blankLines"":0,""codeLines"":414,""commentLines"":0},{""language"":""Bourne Shell"",""blankLines"":21,""codeLines"":81,""commentLines"":16},{""language"":""Sass"",""blankLines"":19,""codeLines"":928,""commentLines"":22}]","2024-11-08T10:50:08","15fc67c90846e3b91cd047764aed0cb16fe0c95e",false,false,false,false,"{""Python"":7408040,""HTML"":3797416,""JavaScript"":2145331,""CSS"":512043,""Less"":82101,""Shell"":4103}","best practices;bug;cleanup;dependencies;deprecation;documentation;hacktoberfest;new feature;security;show stopper;wish list",""
"3983567","openstack/tempest",false,"14920","1","0","488","Python","master","Apache License 2.0","https://opendev.org/openstack/tempest","69","354","271","33640","2011-09-09T03:56:02","2024-11-07T12:33:51","2024-11-07T12:33:55","0","0","33","0","19890","94563","28815","[{""language"":""reStructuredText"",""blankLines"":1221,""codeLines"":3066,""commentLines"":610},{""language"":""INI"",""blankLines"":43,""codeLines"":457,""commentLines"":0},{""language"":""Bourne Shell"",""blankLines"":46,""codeLines"":147,""commentLines"":89},{""language"":""YAML"",""blankLines"":340,""codeLines"":4621,""commentLines"":243},{""language"":""Text"",""blankLines"":13,""codeLines"":147,""commentLines"":0},{""language"":""Python"",""blankLines"":18227,""codeLines"":86011,""commentLines"":27873},{""language"":""JSON"",""blankLines"":0,""codeLines"":114,""commentLines"":0}]","2024-11-07T12:33:17","14588c55b376c3de342bdfbf815543cc48cdfc8a",false,false,false,false,"{""Python"":5441998,""Shell"":8684}","",""
"3983579","arelle/arelle",false,"6539","11","207","283","Python","master","Other","https://arelle.org","7","53","25","144029","2011-06-08T06:33:19","2024-11-04T03:11:37","2024-11-04T03:11:40","247","59","1152","11","24133","458805","22259","[{""language"":""JSON"",""blankLines"":0,""codeLines"":31291,""commentLines"":0},{""language"":""XSD"",""blankLines"":2274,""codeLines"":22659,""commentLines"":973},{""language"":""Dockerfile"",""blankLines"":17,""codeLines"":81,""commentLines"":1},{""language"":""Java"",""blankLines"":9,""codeLines"":138,""commentLines"":13},{""language"":""XML"",""blankLines"":2526,""codeLines"":121738,""commentLines"":562},{""language"":""MSBuild script"",""blankLines"":5,""codeLines"":27,""commentLines"":0},{""language"":""DTD"",""blankLines"":559,""codeLines"":1491,""commentLines"":580},{""language"":""Markdown"",""blankLines"":454,""codeLines"":1337,""commentLines"":1},{""language"":""Visual Studio Solution"",""blankLines"":1,""codeLines"":29,""commentLines"":1},{""language"":""YAML"",""blankLines"":81,""codeLines"":1380,""commentLines"":10},{""language"":""XSLT"",""blankLines"":9,""codeLines"":100,""commentLines"":0},{""language"":""C#"",""blankLines"":23,""codeLines"":380,""commentLines"":10},{""language"":""Tcl/Tk"",""blankLines"":55,""codeLines"":472,""commentLines"":305},{""language"":""Python"",""blankLines"":12812,""codeLines"":109900,""commentLines"":14345},{""language"":""DOS Batch"",""blankLines"":11,""codeLines"":39,""commentLines"":9},{""language"":""SQL"",""blankLines"":114,""codeLines"":28298,""commentLines"":27},{""language"":""XHTML"",""blankLines"":4,""codeLines"":4,""commentLines"":0},{""language"":""TOML"",""blankLines"":12,""codeLines"":355,""commentLines"":7},{""language"":""make"",""blankLines"":5,""codeLines"":11,""commentLines"":7},{""language"":""INI"",""blankLines"":4,""codeLines"":26,""commentLines"":0},{""language"":""Text"",""blankLines"":50,""codeLines"":222,""commentLines"":0},{""language"":""CSV"",""blankLines"":0,""codeLines"":121288,""commentLines"":0},{""language"":""PO File"",""blankLines"":4547,""codeLines"":15024,""commentLines"":5384},{""language"":""Bourne Shell"",""blankLines"":22,""codeLines"":43,""commentLines"":22},{""language"":""HTML"",""blankLines"":537,""codeLines"":2469,""commentLines"":2},{""language"":""CSS"",""blankLines"":2,""codeLines"":3,""commentLines"":0}]","2024-11-04T03:11:35","631a81a3d372acef5218443af71d545b49a63fa0",true,false,false,false,"{""Python"":6826986,""HTML"":2968843,""PLSQL"":1056221,""TSQL"":728214,""Tcl"":72710,""C#"":21213,""NSIS"":8746,""Makefile"":5565,""Java"":4665,""XSLT"":3825,""Shell"":3654,""Dockerfile"":2594,""Batchfile"":777}","arelle team review;bug;dependencies;docker;documentation;duplicate;enhancement;github_actions;good first issue;hactoberfest;help wanted;invalid;major;major-release;minor;minor-release;patch;patch-release;pre-release;python;question;wontfix",""
"3983582","djblets/djblets",false,"3319","15","9","73","Python","master",,,"20","321","61","7259","2009-08-17T12:07:25","2024-08-23T11:31:16","2024-08-23T11:31:19","0","0","22","1","28591","74559","33537","[{""language"":""INI"",""blankLines"":4,""codeLines"":13,""commentLines"":0},{""language"":""Less"",""blankLines"":495,""codeLines"":1926,""commentLines"":1011},{""language"":""Text"",""blankLines"":1,""codeLines"":16,""commentLines"":0},{""language"":""Python"",""blankLines"":19442,""codeLines"":46866,""commentLines"":26222},{""language"":""CSS"",""blankLines"":0,""codeLines"":380,""commentLines"":16},{""language"":""HTML"",""blankLines"":136,""codeLines"":1076,""commentLines"":0},{""language"":""JSON"",""blankLines"":0,""codeLines"":4177,""commentLines"":0},{""language"":""TypeScript"",""blankLines"":542,""codeLines"":2121,""commentLines"":1191},{""language"":""reStructuredText"",""blankLines"":6081,""codeLines"":9909,""commentLines"":1513},{""language"":""YAML"",""blankLines"":16,""codeLines"":44,""commentLines"":6},{""language"":""make"",""blankLines"":28,""codeLines"":119,""commentLines"":8},{""language"":""XML"",""blankLines"":6,""codeLines"":46,""commentLines"":0},{""language"":""JavaScript"",""blankLines"":1539,""codeLines"":7025,""commentLines"":2777},{""language"":""SVG"",""blankLines"":5,""codeLines"":76,""commentLines"":1},{""language"":""PO File"",""blankLines"":296,""codeLines"":765,""commentLines"":792}]","2024-08-23T11:31:13","9e7b0f9eb22f5e3c8504034c342357073c6ab94b",false,false,false,false,"{""Python"":2998162,""JavaScript"":342370,""TypeScript"":106935,""Less"":79809,""HTML"":38241,""CSS"":12111}","dependencies;javascript","django;javascript;python"
"3983604","camptocamp/tilecloud",false,"2914","17","43","34","Python","master","BSD 2-Clause Simplified License",,"19","231","22","27934","2011-12-10T06:21:01","2024-11-04T08:07:59","2024-11-04T08:08:01","41","11","1938","0","1278","5564","732","[{""language"":""TOML"",""blankLines"":10,""codeLines"":101,""commentLines"":0},{""language"":""JSON5"",""blankLines"":0,""codeLines"":82,""commentLines"":16},{""language"":""Text"",""blankLines"":0,""codeLines"":14,""commentLines"":0},{""language"":""Python"",""blankLines"":1062,""codeLines"":4608,""commentLines"":670},{""language"":""INI"",""blankLines"":3,""codeLines"":14,""commentLines"":0},{""language"":""make"",""blankLines"":32,""codeLines"":154,""commentLines"":5},{""language"":""Bourne Again Shell"",""blankLines"":6,""codeLines"":18,""commentLines"":1},{""language"":""reStructuredText"",""blankLines"":32,""codeLines"":54,""commentLines"":26},{""language"":""YAML"",""blankLines"":26,""codeLines"":267,""commentLines"":9},{""language"":""Markdown"",""blankLines"":99,""codeLines"":228,""commentLines"":0},{""language"":""Dockerfile"",""blankLines"":8,""codeLines"":24,""commentLines"":5}]","2024-11-04T08:07:57","075a34d662381f7307b0166681f2a1415ed10d4d",true,false,false,false,"{""Python"":220365,""Smarty"":11492,""Dockerfile"":1463,""Makefile"":901,""Shell"":489}","backport 1.10;backport 1.11;backport 1.12;backport 1.6;backport 1.8;backport 1.9;backport master;breaking;bug;chore;dependencies;documentation;enhancement;pull request wellcome;python;refactor;security;tests",""
"3984019","healpy/healpy",false,"1909","6","41","187","Python","main","GNU General Public License v2.0","healpy.readthedocs.org","18","262","68","21252","2011-07-06T11:08:31","2024-11-02T09:08:11","2024-11-02T09:08:00","511","55","463","8","2575","12956","6117","[{""language"":""C++"",""blankLines"":206,""codeLines"":1341,""commentLines"":193},{""language"":""make"",""blankLines"":13,""codeLines"":55,""commentLines"":4},{""language"":""TeX"",""blankLines"":5,""codeLines"":78,""commentLines"":0},{""language"":""Markdown"",""blankLines"":29,""codeLines"":114,""commentLines"":0},{""language"":""C/C++ Header"",""blankLines"":6,""codeLines"":17,""commentLines"":0},{""language"":""YAML"",""blankLines"":18,""codeLines"":97,""commentLines"":0},{""language"":""Bourne Shell"",""blankLines"":0,""codeLines"":8,""commentLines"":0},{""language"":""TOML"",""blankLines"":16,""codeLines"":85,""commentLines"":7},{""language"":""Cython"",""blankLines"":218,""codeLines"":807,""commentLines"":518},{""language"":""Text"",""blankLines"":0,""codeLines"":5,""commentLines"":0},{""language"":""Python"",""blankLines"":1688,""codeLines"":9137,""commentLines"":4130},{""language"":""reStructuredText"",""blankLines"":368,""codeLines"":707,""commentLines"":205},{""language"":""Dockerfile"",""blankLines"":8,""codeLines"":17,""commentLines"":26},{""language"":""Jupyter Notebook"",""blankLines"":0,""codeLines"":488,""commentLines"":1034}]","2024-11-02T09:07:04","a57770262788bb72281d48fdfe427d1098898d53",false,false,false,false,"{""Python"":502192,""C++"":53265,""Cython"":52119,""TeX"":4693,""Dockerfile"":1650,""Shell"":440,""C"":350}","bug;dependencies;docs;featurerequest;good first issue;helpus;wontfix",""
"3984119","ghoseb/planet.clojure",false,"1780","2","0","220","Python","master","Other","http://planet.clojure.in/","9","124","234","4068","2009-12-28T09:58:25","2024-11-06T11:14:38","2024-11-06T11:14:42","0","0","356","0","5857","28412","4758","[{""language"":""Ruby"",""blankLines"":8,""codeLines"":18,""commentLines"":8},{""language"":""Markdown"",""blankLines"":16,""codeLines"":31,""commentLines"":0},{""language"":""INI"",""blankLines"":1475,""codeLines"":5115,""commentLines"":24},{""language"":""sed"",""blankLines"":0,""codeLines"":3,""commentLines"":0},{""language"":""Text"",""blankLines"":0,""codeLines"":1,""commentLines"":0},{""language"":""JavaScript"",""blankLines"":75,""codeLines"":474,""commentLines"":28},{""language"":""Sass"",""blankLines"":101,""codeLines"":132,""commentLines"":235},{""language"":""XSLT"",""blankLines"":142,""codeLines"":1217,""commentLines"":106},{""language"":""SVG"",""blankLines"":11,""codeLines"":118,""commentLines"":1},{""language"":""CSV"",""blankLines"":0,""codeLines"":3,""commentLines"":0},{""language"":""HTML"",""blankLines"":102,""codeLines"":915,""commentLines"":0},{""language"":""Python"",""blankLines"":3451,""codeLines"":17939,""commentLines"":3843},{""language"":""CSS"",""blankLines"":211,""codeLines"":968,""commentLines"":53},{""language"":""XML"",""blankLines"":265,""codeLines"":1464,""commentLines"":460},{""language"":""JSON"",""blankLines"":0,""codeLines"":14,""commentLines"":0}]","2024-11-06T11:14:23","a54205cf0183941ccc10eea37a517ceca0fc3f4c",false,false,false,false,"{""Python"":190277,""XSLT"":49905,""CSS"":19398,""JavaScript"":16250,""Sass"":10235,""HTML"":1129,""Ruby"":632,""sed"":259}","",""
"3984148","diracgrid/dirac",false,"37047","35","225","176","Python","integration","GNU General Public License v3.0","http://diracgrid.org","18","113","86","88726","2011-04-06T11:47:53","2024-11-07T02:31:06","2024-11-07T02:31:50","1472","72","6203","14","51946","204658","54362","[{""language"":""SQL"",""blankLines"":634,""codeLines"":1696,""commentLines"":621},{""language"":""Bourne Shell"",""blankLines"":635,""codeLines"":2262,""commentLines"":604},{""language"":""INI"",""blankLines"":0,""codeLines"":14,""commentLines"":0},{""language"":""YAML"",""blankLines"":71,""codeLines"":858,""commentLines"":59},{""language"":""make"",""blankLines"":23,""codeLines"":89,""commentLines"":15},{""language"":""Markdown"",""blankLines"":55,""codeLines"":146,""commentLines"":0},{""language"":""TOML"",""blankLines"":20,""codeLines"":49,""commentLines"":32},{""language"":""Text"",""blankLines"":4,""codeLines"":44,""commentLines"":0},{""language"":""Python"",""blankLines"":43823,""codeLines"":168870,""commentLines"":50559},{""language"":""CSS"",""blankLines"":49,""codeLines"":244,""commentLines"":45},{""language"":""HTML"",""blankLines"":25,""codeLines"":151,""commentLines"":33},{""language"":""XML"",""blankLines"":0,""codeLines"":291,""commentLines"":0},{""language"":""Bourne Again Shell"",""blankLines"":6,""codeLines"":10,""commentLines"":21},{""language"":""reStructuredText"",""blankLines"":6601,""codeLines"":15176,""commentLines"":2373},{""language"":""JSON"",""blankLines"":0,""codeLines"":14758,""commentLines"":0}]","2024-11-07T02:31:05","df964500f8fe5d73aaf2e59fdc5532958dc41e7b",true,false,false,false,"{""Python"":9801968,""Shell"":108353}","alsotargeting:integration;alsotargeting:rel-v7r3;alsotargeting:rel-v8r0;bug;core;dms;documentation;elasticsearch;feature request;fixed;for patch release;framework;getting started;interface;json;oauth2;python3;review ok;rms;rss;sweep from:rel-v7r2;sweep from:rel-v7r3;sweep from:rel-v8r0;sweep:done;sweep:failed;sweep:from master;sweep:from rel-v7r2;sweep:from rel-v7r3;sweep:from rel-v8r0;sweep:ignore;task;testing;ts;wait for decision;waiting for input;waiting for release;web;wms","distributed-computing;grid;interware;workflow-management;workload-management"
"3984149","gaphor/gaphas",false,"2699","6","56","21","Python","main",,"https://gaphas.readthedocs.io","12","166","15","4571","2009-06-18T08:16:19","2024-11-04T12:26:29","2024-11-04T12:26:32","45","1","803","0","2785","11529","2205","[{""language"":""DOS Batch"",""blankLines"":8,""codeLines"":26,""commentLines"":1},{""language"":""Text"",""blankLines"":32,""codeLines"":42,""commentLines"":0},{""language"":""Python"",""blankLines"":2353,""codeLines"":5807,""commentLines"":2030},{""language"":""TOML"",""blankLines"":18,""codeLines"":89,""commentLines"":0},{""language"":""Bourne Shell"",""blankLines"":4,""codeLines"":21,""commentLines"":1},{""language"":""reStructuredText"",""blankLines"":196,""codeLines"":357,""commentLines"":123},{""language"":""make"",""blankLines"":4,""codeLines"":9,""commentLines"":6},{""language"":""XML"",""blankLines"":1,""codeLines"":4481,""commentLines"":0},{""language"":""Markdown"",""blankLines"":132,""codeLines"":334,""commentLines"":7},{""language"":""YAML"",""blankLines"":37,""codeLines"":363,""commentLines"":37}]","2024-11-04T12:26:28","9cb094a2912c1ace0b505d2de793737a007bcbf9",true,false,false,false,"{""Python"":272093}","bug;chore;dependencies;feature;fix;github_actions;python;skip-changelog","cairo;diagram-editor;gtk;python;widget"
"3984188","tinkerforge/kicad-libraries",false,"1046","1","0","74","Python","master","Other","http://www.tinkerforge.com","22","109","8","486905","2011-08-25T01:34:30","2024-10-30T02:32:44","2024-10-30T02:34:00","1","0","4","0","2399","28930","14868","[{""language"":""Bourne Shell"",""blankLines"":0,""codeLines"":11,""commentLines"":0},{""language"":""reStructuredText"",""blankLines"":7,""codeLines"":19,""commentLines"":0},{""language"":""Qt"",""blankLines"":0,""codeLines"":145,""commentLines"":0},{""language"":""Markdown"",""blankLines"":18,""codeLines"":28,""commentLines"":0},{""language"":""IDL"",""blankLines"":0,""codeLines"":62,""commentLines"":0},{""language"":""Text"",""blankLines"":31,""codeLines"":328,""commentLines"":0},{""language"":""Python"",""blankLines"":2343,""codeLines"":28337,""commentLines"":14868}]","2024-10-30T02:32:40","54816ca2e8f8c2a2ceedf51cffdc6283e5b21629",true,false,false,false,"{""Python"":3146845,""Shell"":229}","",""
"3984751","slapos/slapos.core",false,"10342","37","0","5","Python","master",,"https://slapos.nexedi.com","5","14","27","38973","2011-05-31T11:47:47","2024-11-07T01:55:02","2024-11-07T01:55:07","0","0","1","0","16894","706282","18368","[{""language"":""reStructuredText"",""blankLines"":756,""codeLines"":1754,""commentLines"":122},{""language"":""Markdown"",""blankLines"":23,""codeLines"":49,""commentLines"":0},{""language"":""Bourne Shell"",""blankLines"":15,""codeLines"":36,""commentLines"":5},{""language"":""XML"",""blankLines"":167,""codeLines"":495690,""commentLines"":0},{""language"":""make"",""blankLines"":7,""codeLines"":14,""commentLines"":0},{""language"":""JavaScript"",""blankLines"":432,""codeLines"":8002,""commentLines"":614},{""language"":""SQL"",""blankLines"":30,""codeLines"":117123,""commentLines"":18},{""language"":""PO File"",""blankLines"":65,""codeLines"":150,""commentLines"":0},{""language"":""Python"",""blankLines"":14494,""codeLines"":73215,""commentLines"":17147},{""language"":""CSS"",""blankLines"":94,""codeLines"":3950,""commentLines"":148},{""language"":""C"",""blankLines"":2,""codeLines"":6,""commentLines"":0},{""language"":""Text"",""blankLines"":639,""codeLines"":2789,""commentLines"":0},{""language"":""HTML"",""blankLines"":156,""codeLines"":1171,""commentLines"":311},{""language"":""JSON"",""blankLines"":10,""codeLines"":1817,""commentLines"":0},{""language"":""Web Services Description"",""blankLines"":0,""codeLines"":399,""commentLines"":0},{""language"":""TOML"",""blankLines"":0,""codeLines"":3,""commentLines"":0},{""language"":""XSD"",""blankLines"":4,""codeLines"":114,""commentLines"":3}]","2024-11-06T03:50:06","ff8cd70709faa3c92083c67f94d7ea4823f962c0",true,false,false,false,"{""Python"":4106299,""JavaScript"":336426,""CSS"":91597,""Shell"":80782,""HTML"":71749,""Makefile"":434,""C"":149}","",""
"3984853","getpelican/pelican",false,"3902","9","23","1807","Python","main","GNU Affero General Public License v3.0","https://getpelican.com","335","12567","411","7396","2010-10-16T06:57:40","2024-11-08T09:57:37","2024-11-08T09:57:43","1695","52","1617","19","7365","39417","4766","[{""language"":""INI"",""blankLines"":11,""codeLines"":46,""commentLines"":0},{""language"":""make"",""blankLines"":21,""codeLines"":105,""commentLines"":4},{""language"":""Jinja Template"",""blankLines"":82,""codeLines"":338,""commentLines"":0},{""language"":""YAML"",""blankLines"":37,""codeLines"":308,""commentLines"":24},{""language"":""Markdown"",""blankLines"":83,""codeLines"":210,""commentLines"":49},{""language"":""SVG"",""blankLines"":0,""codeLines"":408,""commentLines"":0},{""language"":""PO File"",""blankLines"":1657,""codeLines"":6773,""commentLines"":1968},{""language"":""Text"",""blankLines"":19,""codeLines"":80,""commentLines"":0},{""language"":""TOML"",""blankLines"":16,""codeLines"":158,""commentLines"":42},{""language"":""Python"",""blankLines"":2316,""codeLines"":12549,""commentLines"":1517},{""language"":""CSS"",""blankLines"":95,""codeLines"":617,""commentLines"":70},{""language"":""HTML"",""blankLines"":1291,""codeLines"":11191,""commentLines"":5},{""language"":""reStructuredText"",""blankLines"":1706,""codeLines"":3540,""commentLines"":1071},{""language"":""XML"",""blankLines"":31,""codeLines"":3094,""commentLines"":16}]","2024-11-08T09:57:37","882cd16e114cac40f0bc39e0b317981939b598d7",true,false,false,false,"{""Python"":568836,""CSS"":58136,""HTML"":37043,""Jinja"":12042}","awaiting review;awaiting user feedback;bug;dependencies;docs;enhancement;github_actions;good first issue;in progress;manual merge;needs conflict resolution;needs docs;needs more work;needs tests;question;scrapped;stale","pelican;python;static-site-generator"
"3984855","rq/rq",false,"1898","17","31","1413","Python","master","Other","https://python-rq.org","206","9881","280","3647","2011-11-14T10:53:48","2024-11-09T07:04:24","2024-11-09T07:04:28","1152","188","928","22","4577","15367","3249","[{""language"":""Dockerfile"",""blankLines"":13,""codeLines"":51,""commentLines"":1},{""language"":""TOML"",""blankLines"":14,""codeLines"":128,""commentLines"":2},{""language"":""Python"",""blankLines"":3370,""codeLines"":11608,""commentLines"":3178},{""language"":""CSS"",""blankLines"":44,""codeLines"":331,""commentLines"":34},{""language"":""INI"",""blankLines"":8,""codeLines"":40,""commentLines"":8},{""language"":""YAML"",""blankLines"":66,""codeLines"":336,""commentLines"":25},{""language"":""Markdown"",""blankLines"":1045,""codeLines"":2737,""commentLines"":0},{""language"":""HTML"",""blankLines"":12,""codeLines"":116,""commentLines"":0},{""language"":""JSON"",""blankLines"":0,""codeLines"":1,""commentLines"":0},{""language"":""make"",""blankLines"":5,""codeLines"":19,""commentLines"":1}]","2024-11-09T07:04:24","cf39441f47c9a1ee44ae9c7297c53609c01b889b",false,false,false,false,"{""Python"":709129,""Dockerfile"":1309,""Makefile"":736,""Shell"":88}","bug;dependencies;docs;feature;github_actions;important;needs fix;optimization;python;wontfix","async;background-jobs;delayed-jobs;delayed-tasks;job-queue;python;redis;rq;task;task-queue;workers"
"3984872","coleifer/huey",false,"1005","15","50","370","Python","master","MIT License","https://huey.readthedocs.io/","87","5173","52","3654","2011-11-03T04:39:43","2024-10-15T01:57:07","2024-10-15T01:57:11","637","0","179","0","3567","9796","3332","[{""language"":""Bourne Shell"",""blankLines"":3,""codeLines"":15,""commentLines"":3},{""language"":""TOML"",""blankLines"":0,""codeLines"":2,""commentLines"":0},{""language"":""DOS Batch"",""blankLines"":23,""codeLines"":166,""commentLines"":1},{""language"":""make"",""blankLines"":24,""codeLines"":124,""commentLines"":5},{""language"":""YAML"",""blankLines"":0,""codeLines"":37,""commentLines"":0},{""language"":""reStructuredText"",""blankLines"":1336,""codeLines"":1289,""commentLines"":2156},{""language"":""Markdown"",""blankLines"":188,""codeLines"":484,""commentLines"":0},{""language"":""HTML"",""blankLines"":0,""codeLines"":72,""commentLines"":0},{""language"":""Python"",""blankLines"":1733,""codeLines"":6080,""commentLines"":903},{""language"":""CSS"",""blankLines"":12,""codeLines"":51,""commentLines"":7},{""language"":""Lua"",""blankLines"":248,""codeLines"":1476,""commentLines"":257}]","2024-10-15T01:57:01","13a377cbb9e43badc5e8ee9e877a376c265d951d",true,false,false,false,"{""Python"":272817,""Lua"":48791}","","dank;python;queue;redis;task-queue"
"3984912","indico/indico",false,"25289","4","62","427","Python","master","MIT License","https://getindico.io","62","1778","101","258413","2011-07-27T01:56:30","2024-11-08T02:18:38","2024-11-08T06:20:25","3600","732","2987","45","151507","563422","174438","[{""language"":""make"",""blankLines"":18,""codeLines"":78,""commentLines"":4},{""language"":""YAML"",""blankLines"":220,""codeLines"":4974,""commentLines"":155},{""language"":""reStructuredText"",""blankLines"":2715,""codeLines"":5063,""commentLines"":2810},{""language"":""Markdown"",""blankLines"":172,""codeLines"":505,""commentLines"":2},{""language"":""TeX"",""blankLines"":130,""codeLines"":635,""commentLines"":12},{""language"":""JavaScript"",""blankLines"":4495,""codeLines"":35086,""commentLines"":5312},{""language"":""Sass"",""blankLines"":4751,""codeLines"":20453,""commentLines"":1737},{""language"":""XSLT"",""blankLines"":9,""codeLines"":41,""commentLines"":0},{""language"":""SVG"",""blankLines"":8,""codeLines"":24787,""commentLines"":7},{""language"":""PO File"",""blankLines"":99888,""codeLines"":241213,""commentLines"":137283},{""language"":""Bourne Again Shell"",""blankLines"":16,""codeLines"":73,""commentLines"":11},{""language"":""Text"",""blankLines"":711,""codeLines"":3256,""commentLines"":0},{""language"":""HTML"",""blankLines"":2005,""codeLines"":29924,""commentLines"":26},{""language"":""Python"",""blankLines"":25996,""codeLines"":105189,""commentLines"":21435},{""language"":""CSS"",""blankLines"":320,""codeLines"":1586,""commentLines"":125},{""language"":""INI"",""blankLines"":14,""codeLines"":69,""commentLines"":6},{""language"":""TypeScript"",""blankLines"":62,""codeLines"":428,""commentLines"":50},{""language"":""SCSS"",""blankLines"":5237,""codeLines"":22452,""commentLines"":2216},{""language"":""JSX"",""blankLines"":4687,""codeLines"":48154,""commentLines"":3233},{""language"":""JSON"",""blankLines"":0,""codeLines"":19088,""commentLines"":0},{""language"":""Mako"",""blankLines"":14,""codeLines"":45,""commentLines"":0},{""language"":""TOML"",""blankLines"":23,""codeLines"":227,""commentLines"":13},{""language"":""DOS Batch"",""blankLines"":16,""codeLines"":96,""commentLines"":1}]","2024-11-08T02:18:09","462c88866ede7aa2484f2173e8cd6b5c364a0003",true,false,false,false,"{""Python"":6240998,""JavaScript"":2767089,""HTML"":1472271,""SCSS"":556015,""CSS"":34694,""TeX"":23675,""TypeScript"":13929,""Shell"":2728,""Mako"":1527,""XSLT"":1504}","a11y;alembic;bug;build-wheel;dependencies;duplicate;enhancement;github_actions;hacktoberfest;hacktoberfest-accepted;help wanted;infoneeded;invalid;jacow;javascript;needs-fix;new-timetable;norepro;p-blocker;p-critical;p-desirable;p-essential;p-medium;p-minor;prj-global;python;trivial;usability;wontfix","conferences;events;flask;hacktoberfest;python;sqlalchemy"
"3984934","mozilla/kitsune",false,"10732","18","23","725","Python","main","BSD 3-Clause New or Revised License","https://mozilla.github.io/kitsune/","339","1321","118","150261","2010-01-26T06:53:57","2024-11-07T04:45:49","2024-11-07T04:43:40","573","20","5496","10","26497","153685","16538","[{""language"":""Sass"",""blankLines"":1795,""codeLines"":9708,""commentLines"":827},{""language"":""SVG"",""blankLines"":5,""codeLines"":3783,""commentLines"":1},{""language"":""PO File"",""blankLines"":4,""codeLines"":34,""commentLines"":14},{""language"":""TOML"",""blankLines"":4,""codeLines"":124,""commentLines"":3},{""language"":""HTML"",""blankLines"":1086,""codeLines"":12853,""commentLines"":17},{""language"":""Python"",""blankLines"":16652,""codeLines"":71115,""commentLines"":10830},{""language"":""CSS"",""blankLines"":13,""codeLines"":801,""commentLines"":8},{""language"":""reStructuredText"",""blankLines"":38,""codeLines"":106,""commentLines"":1},{""language"":""JSON"",""blankLines"":0,""codeLines"":17149,""commentLines"":0},{""language"":""Bourne Again Shell"",""blankLines"":1,""codeLines"":2,""commentLines"":0},{""language"":""SCSS"",""blankLines"":1965,""codeLines"":10332,""commentLines"":901},{""language"":""Dockerfile"",""blankLines"":26,""codeLines"":69,""commentLines"":19},{""language"":""SQL"",""blankLines"":11,""codeLines"":20,""commentLines"":6},{""language"":""INI"",""blankLines"":44,""codeLines"":247,""commentLines"":0},{""language"":""Markdown"",""blankLines"":1157,""codeLines"":2765,""commentLines"":0},{""language"":""Bourne Shell"",""blankLines"":58,""codeLines"":169,""commentLines"":45},{""language"":""Text"",""blankLines"":8,""codeLines"":1994,""commentLines"":0},{""language"":""Svelte"",""blankLines"":90,""codeLines"":805,""commentLines"":0},{""language"":""Nunjucks"",""blankLines"":130,""codeLines"":1481,""commentLines"":7},{""language"":""ERB"",""blankLines"":0,""codeLines"":31,""commentLines"":0},{""language"":""JavaScript"",""blankLines"":3332,""codeLines"":19416,""commentLines"":3814},{""language"":""make"",""blankLines"":20,""codeLines"":70,""commentLines"":5},{""language"":""YAML"",""blankLines"":58,""codeLines"":611,""commentLines"":40}]","2024-11-07T04:43:35","474d8a4bd1317216a39b90254f90e13e8db354e9",false,false,false,false,"{""Python"":3906625,""JavaScript"":836529,""HTML"":582352,""SCSS"":265280,""Nunjucks"":67076,""Svelte"":26866,""Shell"":8196,""Jinja"":4837,""Dockerfile"":3071,""Makefile"":2363,""CSS"":1156}","blocked;dependencies;do not merge;good-first-bug;javascript;python",""
"3984937","unidata/metpy",false,"6551","3","41","415","Python","main","BSD 3-Clause New or Revised License","https://unidata.github.io/MetPy/","60","1255","79","992565","2011-02-25T04:20:25","2024-11-06T06:44:01","2024-11-06T06:30:44","1179","316","2252","37","52815","166783","26587","[{""language"":""PEG"",""blankLines"":0,""codeLines"":25,""commentLines"":0},{""language"":""JavaScript"",""blankLines"":9,""codeLines"":57,""commentLines"":9},{""language"":""CSV"",""blankLines"":0,""codeLines"":58935,""commentLines"":0},{""language"":""reStructuredText"",""blankLines"":503,""codeLines"":834,""commentLines"":9285},{""language"":""Python"",""blankLines"":10208,""codeLines"":34153,""commentLines"":15776},{""language"":""CSS"",""blankLines"":11,""codeLines"":44,""commentLines"":6},{""language"":""HTML"",""blankLines"":3,""codeLines"":19,""commentLines"":1},{""language"":""DOS Batch"",""blankLines"":11,""codeLines"":46,""commentLines"":1},{""language"":""Jupyter Notebook"",""blankLines"":0,""codeLines"":280,""commentLines"":1440},{""language"":""Ruby"",""blankLines"":0,""codeLines"":6,""commentLines"":0},{""language"":""JSON"",""blankLines"":5,""codeLines"":71,""commentLines"":0},{""language"":""Dockerfile"",""blankLines"":1,""codeLines"":6,""commentLines"":0},{""language"":""make"",""blankLines"":8,""codeLines"":20,""commentLines"":10},{""language"":""Text"",""blankLines"":41651,""codeLines"":70273,""commentLines"":0},{""language"":""TOML"",""blankLines"":17,""codeLines"":147,""commentLines"":9},{""language"":""YAML"",""blankLines"":148,""codeLines"":1197,""commentLines"":40},{""language"":""Markdown"",""blankLines"":240,""codeLines"":670,""commentLines"":10}]","2024-11-06T06:30:39","86f704d82a140a31ef17cf75c30ed12e6a43bf56",false,false,false,false,"{""Python"":2093904,""Dockerfile"":551,""Ruby"":137,""Makefile"":59}","area: calc;area: cross-sections;area: devtools;area: docs;area: examples;area: gridding;area: infrastructure;area: io;area: plots;area: projections;area: tests;area: units;area: xarray;backport;backported-pr;epic;gempak conversion;good first issue;hacktoberfest;hacktoberfest-accepted;manual backport;nightly-ci;status: duplicate;status: need info;status: need triage;status: needs review;status: not a bug;status: on hold;status: team discussion;status: upstream;status: won't fix;subarea: thermo;type: api change;type: bug;type: enhancement;type: feature;type: maintenance;type: question","atmospheric-science;hacktoberfest;hodograph;meteorology;plotting;python;scientific-computations;skew-t;weather;weather-data"
"3984976","sublimetext/packagedev",false,"1692","5","53","83","Python","master","MIT License",,"33","436","20","2425","2011-06-25T03:05:48","2024-11-07T04:14:25","2024-11-07T04:14:25","215","20","185","1","2559","18262","2786","[{""language"":""Text"",""blankLines"":279,""codeLines"":1060,""commentLines"":0},{""language"":""YAML"",""blankLines"":838,""codeLines"":7519,""commentLines"":552},{""language"":""Markdown"",""blankLines"":31,""codeLines"":67,""commentLines"":0},{""language"":""Python"",""blankLines"":1222,""codeLines"":3807,""commentLines"":1886},{""language"":""XML"",""blankLines"":59,""codeLines"":4155,""commentLines"":348},{""language"":""JSON"",""blankLines"":130,""codeLines"":1654,""commentLines"":0}]","2024-11-07T04:14:20","1b41a41310f9ab1a5bca6f69caa9fdc646039587",true,false,false,false,"{""Python"":234031}","core metadata;defect;duplicate;enhancement;for later consideration;invalid;legacy;question;task;wontfix","color-scheme;hacktoberfest;json;package-development;packagedev;snippets;sublime-text;syntax-highlighting;textmate;yaml"