"id","name","isFork","commits","branches","releases","forks","mainLanguage","defaultBranch","license","homepage","watchers","stargazers","contributors","size","createdAt","pushedAt","updatedAt","totalIssues","openIssues","totalPullRequests","openPullRequests","blankLines","codeLines","commentLines","metrics","lastCommit","lastCommitSHA","hasWiki","isArchived","isDisabled","isLocked","languages","labels","topics"
"3918100","oauthlib/oauthlib",false,"1700","7","48","486","Python","master","BSD 3-Clause New or Revised License","https://oauthlib.readthedocs.io/en/latest/","65","2808","171","3066","2011-11-19T11:08:51","2024-10-21T09:56:47","2024-10-21T09:56:52","376","81","503","9","5331","15165","7384","[{""language"":""TOML"",""blankLines"":5,""codeLines"":72,""commentLines"":30},{""language"":""Text"",""blankLines"":0,""codeLines"":6,""commentLines"":0},{""language"":""Python"",""blankLines"":4135,""codeLines"":11229,""commentLines"":6455},{""language"":""INI"",""blankLines"":4,""codeLines"":30,""commentLines"":0},{""language"":""DOS Batch"",""blankLines"":23,""codeLines"":166,""commentLines"":1},{""language"":""make"",""blankLines"":35,""codeLines"":167,""commentLines"":35},{""language"":""YAML"",""blankLines"":3,""codeLines"":135,""commentLines"":7},{""language"":""JSON"",""blankLines"":0,""codeLines"":1222,""commentLines"":0},{""language"":""reStructuredText"",""blankLines"":1103,""codeLines"":2081,""commentLines"":856},{""language"":""Markdown"",""blankLines"":23,""codeLines"":57,""commentLines"":0}]","2024-10-21T09:56:47","1fd5253630c03e3f12719dd8c13d43111f66a8d2",false,false,false,false,"{""Python"":889797,""Makefile"":2930}","breaking;bug;cleanup;contributor friendly;discussion;documentation;feature;invalid;missing information;oauth1;oauth2-client;oauth2-provider;oidc;todo","authentication;authorization;identity;jwt-authentication;jwt-bearer-tokens;library;oauth;oauth1;oauth2;oidc;oidc-provider;openid-connect;python;python-2;python-3;python2;python3;token-based-authentication"
"3918121","feincms/feincms",false,"4040","6","0","231","Python","main","BSD 3-Clause New or Revised License","http://www.feincms.org/","39","933","98","6216","2009-01-27T08:34:16","2024-09-06T08:18:32","2024-09-06T08:18:36","443","25","276","1","8170","21914","7382","[{""language"":""PO File"",""blankLines"":3940,""codeLines"":8897,""commentLines"":4654},{""language"":""JavaScript"",""blankLines"":154,""codeLines"":909,""commentLines"":111},{""language"":""reStructuredText"",""blankLines"":1444,""codeLines"":2822,""commentLines"":416},{""language"":""make"",""blankLines"":15,""codeLines"":69,""commentLines"":4},{""language"":""Text"",""blankLines"":0,""codeLines"":3,""commentLines"":0},{""language"":""Python"",""blankLines"":2460,""codeLines"":8072,""commentLines"":2182},{""language"":""CSS"",""blankLines"":69,""codeLines"":325,""commentLines"":8},{""language"":""YAML"",""blankLines"":6,""codeLines"":94,""commentLines"":7},{""language"":""INI"",""blankLines"":3,""codeLines"":29,""commentLines"":0},{""language"":""HTML"",""blankLines"":79,""codeLines"":694,""commentLines"":0}]","2024-09-06T08:18:00","a9cb72cd502adad8645bc276bab88dc9bd546192",true,false,false,false,"{""Python"":429202,""JavaScript"":35968,""HTML"":30978,""CSS"":6168}","ddn;dependencies;documentation;enhancement;future;major bug;minor bug;needsinfo",""
"3918478","jeetsukumaran/dendropy",false,"4768","29","0","63","Python","main","BSD 3-Clause New or Revised License","https://pypi.org/project/DendroPy/.","13","207","27","58198","2009-10-06T09:50:18","2024-09-23T03:55:42","2024-09-23T05:59:22","134","19","80","1","11124","653327","30146","[{""language"":""reStructuredText"",""blankLines"":2351,""codeLines"":5179,""commentLines"":1116},{""language"":""Markdown"",""blankLines"":38,""codeLines"":159,""commentLines"":0},{""language"":""TeX"",""blankLines"":3,""codeLines"":593,""commentLines"":0},{""language"":""Bourne Shell"",""blankLines"":10,""codeLines"":21,""commentLines"":2},{""language"":""Pascal"",""blankLines"":18,""codeLines"":66,""commentLines"":0},{""language"":""XML"",""blankLines"":45,""codeLines"":87378,""commentLines"":7586},{""language"":""make"",""blankLines"":28,""codeLines"":143,""commentLines"":6},{""language"":""YAML"",""blankLines"":4,""codeLines"":300,""commentLines"":16},{""language"":""HTML"",""blankLines"":7,""codeLines"":72,""commentLines"":6},{""language"":""Fortran 77"",""blankLines"":17,""codeLines"":30,""commentLines"":3},{""language"":""Text"",""blankLines"":6,""codeLines"":24273,""commentLines"":0},{""language"":""Python"",""blankLines"":8321,""codeLines"":48733,""commentLines"":21275},{""language"":""CSS"",""blankLines"":245,""codeLines"":1169,""commentLines"":134},{""language"":""JSON"",""blankLines"":0,""codeLines"":483347,""commentLines"":0},{""language"":""R"",""blankLines"":0,""codeLines"":5,""commentLines"":1},{""language"":""TOML"",""blankLines"":2,""codeLines"":20,""commentLines"":0},{""language"":""DOS Batch"",""blankLines"":29,""codeLines"":212,""commentLines"":1},{""language"":""CSV"",""blankLines"":0,""codeLines"":1627,""commentLines"":0}]","2024-09-23T03:54:53","49cf2cc26c8e770f06ca37e15095e38514431802",true,false,false,false,"{""Python"":3229693,""Turing"":540706,""Perl"":540706,""TeX"":27113,""Shell"":1022,""R"":120}","bug;dependencies;enhancement;infrastructure;question",""
"3919390","progval/limnoria",false,"11972","17","0","173","Python","master","Other","https://docs.limnoria.net/","49","619","79","35938","2011-04-26T08:18:00","2024-10-23T06:19:38","2024-10-23T06:29:40","857","241","738","9","19812","102187","31844","[{""language"":""reStructuredText"",""blankLines"":3167,""codeLines"":3358,""commentLines"":986},{""language"":""Python"",""blankLines"":9654,""codeLines"":49474,""commentLines"":21701},{""language"":""make"",""blankLines"":9,""codeLines"":33,""commentLines"":0},{""language"":""Bourne Again Shell"",""blankLines"":1,""codeLines"":4,""commentLines"":1},{""language"":""Text"",""blankLines"":5,""codeLines"":13,""commentLines"":0},{""language"":""INI"",""blankLines"":2,""codeLines"":7,""commentLines"":0},{""language"":""Bourne Shell"",""blankLines"":0,""codeLines"":2,""commentLines"":0},{""language"":""YAML"",""blankLines"":16,""codeLines"":80,""commentLines"":3},{""language"":""Markdown"",""blankLines"":31,""codeLines"":94,""commentLines"":0},{""language"":""PO File"",""blankLines"":6925,""codeLines"":49116,""commentLines"":9153},{""language"":""TOML"",""blankLines"":2,""codeLines"":6,""commentLines"":0}]","2024-10-23T06:19:37","8ec873015aac3ba4193a2d498eb294975615b296",true,false,false,false,"{""Python"":3248222,""Makefile"":983,""Shell"":331}","api cleanup;bug;documentation;feature request;forwarded;good first issue;hacktoberfest-accepted;help wanted;meta;need more info;python 2 compatibility;requires api change;sasl;security/dos;spam;windows-specific","gpg;i18n;irc;irc-bot;ircv3;limnoria;python;rss;sasl;supybot;tls"
"3919391","splunk/splunk-sdk-python",false,"1767","54","24","370","Python","master","Apache License 2.0","http://dev.splunk.com","104","696","70","71544","2011-03-20T11:20:06","2024-10-30T09:52:34","2024-10-30T09:49:52","235","22","361","24","5290","213108","6382","[{""language"":""make"",""blankLines"":44,""codeLines"":199,""commentLines"":10},{""language"":""YAML"",""blankLines"":10,""codeLines"":102,""commentLines"":7},{""language"":""Python"",""blankLines"":4546,""codeLines"":11152,""commentLines"":6126},{""language"":""CSS"",""blankLines"":12,""codeLines"":50,""commentLines"":5},{""language"":""INI"",""blankLines"":7,""codeLines"":47,""commentLines"":0},{""language"":""HTML"",""blankLines"":2,""codeLines"":3,""commentLines"":0},{""language"":""reStructuredText"",""blankLines"":179,""codeLines"":96,""commentLines"":233},{""language"":""Bourne Shell"",""blankLines"":2,""codeLines"":10,""commentLines"":0},{""language"":""Markdown"",""blankLines"":461,""codeLines"":910,""commentLines"":0},{""language"":""XML"",""blankLines"":4,""codeLines"":200373,""commentLines"":0},{""language"":""DOS Batch"",""blankLines"":23,""codeLines"":166,""commentLines"":1}]","2024-10-30T09:49:46","1a3e2909c41aeb3a18e65ab080546dd95c8474a2",false,false,false,false,"{""Python"":791335,""Makefile"":2203,""Ruby"":302,""Shell"":270}","auth;bug;centos;core;dependencies;docs;enhancement;hold;in progress;internal;known issue;performance;planned next release;py3 compatibility;ready to be released;samples;tests;waiting for response;windows",""
"3919408","pylons/webob",false,"2538","14","0","187","Python","main",,"https://webob.org/","20","432","96","4663","2011-09-17T07:32:24","2024-10-27T05:14:23","2024-10-26T09:56:15","224","36","247","7","8052","25595","5205","[{""language"":""YAML"",""blankLines"":7,""codeLines"":133,""commentLines"":16},{""language"":""reStructuredText"",""blankLines"":37,""codeLines"":62,""commentLines"":6},{""language"":""Python"",""blankLines"":6167,""codeLines"":19701,""commentLines"":5175},{""language"":""Text"",""blankLines"":1759,""codeLines"":5344,""commentLines"":0},{""language"":""INI"",""blankLines"":8,""codeLines"":85,""commentLines"":0},{""language"":""Markdown"",""blankLines"":42,""codeLines"":91,""commentLines"":0},{""language"":""make"",""blankLines"":30,""codeLines"":156,""commentLines"":6},{""language"":""TOML"",""blankLines"":2,""codeLines"":23,""commentLines"":2}]","2024-10-26T09:56:10","39d5af3c797e7b867f152c2e8c979de42d029403",false,false,false,false,"{""Python"":1008590}","backport;backport-complete;dependencies;docs;feature;needs-info;python 2.x;python 3.x;sprintable;stdlib",""
"3920269","jazzband/tablib",false,"1206","2","14","592","Python","master","MIT License","https://tablib.readthedocs.io/","134","4603","110","2085","2011-03-28T02:36:50","2024-10-08T01:11:00","2024-10-08T07:44:26","254","25","345","6","2135","5049","1710","[{""language"":""reStructuredText"",""blankLines"":461,""codeLines"":631,""commentLines"":156},{""language"":""Markdown"",""blankLines"":208,""codeLines"":372,""commentLines"":0},{""language"":""HTML"",""blankLines"":0,""codeLines"":16,""commentLines"":0},{""language"":""INI"",""blankLines"":3,""codeLines"":34,""commentLines"":0},{""language"":""make"",""blankLines"":21,""codeLines"":105,""commentLines"":4},{""language"":""YAML"",""blankLines"":33,""codeLines"":154,""commentLines"":0},{""language"":""TOML"",""blankLines"":5,""codeLines"":58,""commentLines"":0},{""language"":""Text"",""blankLines"":0,""codeLines"":9,""commentLines"":0},{""language"":""TeX"",""blankLines"":9,""codeLines"":96,""commentLines"":13},{""language"":""Python"",""blankLines"":1395,""codeLines"":3574,""commentLines"":1537}]","2024-10-08T01:04:44","eeb8461e06d8e1d84a3b8ec7181d071591c65da5",true,false,false,false,"{""Python"":201295}","bug;crisis;documentation;feature;formatter;idea;needs bdfl approval;needs test;packages;question;sync",""
"3920346","parisson/timeside",false,"3847","78","6","59","Python","master","GNU Affero General Public License v3.0","https://timeside.ircam.fr/docs/","28","369","16","66479","2011-11-21T09:48:08","2024-10-14T05:26:35","2024-10-14T04:32:32","217","33","110","0","6010","76884","5058","[{""language"":""TypeScript"",""blankLines"":6,""codeLines"":10,""commentLines"":0},{""language"":""JSON"",""blankLines"":0,""codeLines"":54320,""commentLines"":0},{""language"":""Dockerfile"",""blankLines"":27,""codeLines"":50,""commentLines"":27},{""language"":""Jupyter Notebook"",""blankLines"":0,""codeLines"":71,""commentLines"":682},{""language"":""SVG"",""blankLines"":1,""codeLines"":1366,""commentLines"":2},{""language"":""TOML"",""blankLines"":3,""codeLines"":52,""commentLines"":1},{""language"":""YAML"",""blankLines"":154,""codeLines"":2714,""commentLines"":274},{""language"":""Text"",""blankLines"":124,""codeLines"":795,""commentLines"":0},{""language"":""make"",""blankLines"":28,""codeLines"":142,""commentLines"":5},{""language"":""INI"",""blankLines"":18,""codeLines"":62,""commentLines"":0},{""language"":""Bourne Shell"",""blankLines"":94,""codeLines"":227,""commentLines"":64},{""language"":""JavaScript"",""blankLines"":17,""codeLines"":137,""commentLines"":3},{""language"":""Markdown"",""blankLines"":131,""codeLines"":454,""commentLines"":0},{""language"":""reStructuredText"",""blankLines"":494,""codeLines"":869,""commentLines"":246},{""language"":""EJS"",""blankLines"":8,""codeLines"":73,""commentLines"":0},{""language"":""Python"",""blankLines"":4905,""codeLines"":15523,""commentLines"":3752},{""language"":""HTML"",""blankLines"":0,""codeLines"":19,""commentLines"":2}]","2024-10-14T03:20:39","7b3929f89dcd897542895aee7df1a9f1cf40de67",true,false,false,false,"{""Python"":752723,""Handlebars"":28367,""SCSS"":21050,""Shell"":10326,""CSS"":7844,""JavaScript"":4132,""Dockerfile"":3019,""EJS"":2268,""HTML"":658,""TypeScript"":311}","bug;dependencies;documentation;duplicate;feature;help wanted;high priority;install;invalid;javascript;optimization;python;question;refactoring;security;tests;wontfix","audio-processing;python;web"
"3920441","mozilla/mozregression",false,"1895","34","111","101","Python","main","Mozilla Public License 2.0","https://mozilla.github.io/mozregression/","14","172","71","5995","2010-02-11T05:49:14","2024-11-06T03:46:17","2024-11-06T03:45:41","0","0","1794","36","3149","27155","1891","[{""language"":""SCSS"",""blankLines"":76,""codeLines"":323,""commentLines"":63},{""language"":""TOML"",""blankLines"":7,""codeLines"":66,""commentLines"":3},{""language"":""SVG"",""blankLines"":0,""codeLines"":217,""commentLines"":1},{""language"":""YAML"",""blankLines"":32,""codeLines"":727,""commentLines"":19},{""language"":""Text"",""blankLines"":26,""codeLines"":12339,""commentLines"":0},{""language"":""Markdown"",""blankLines"":335,""codeLines"":894,""commentLines"":0},{""language"":""XML"",""blankLines"":0,""codeLines"":51,""commentLines"":3},{""language"":""JavaScript"",""blankLines"":1,""codeLines"":19,""commentLines"":8},{""language"":""Bourne Shell"",""blankLines"":6,""codeLines"":10,""commentLines"":0},{""language"":""Sass"",""blankLines"":76,""codeLines"":376,""commentLines"":10},{""language"":""Python"",""blankLines"":2570,""codeLines"":10294,""commentLines"":1784},{""language"":""Qt"",""blankLines"":0,""codeLines"":1759,""commentLines"":0},{""language"":""HTML"",""blankLines"":19,""codeLines"":73,""commentLines"":0},{""language"":""Bourne Again Shell"",""blankLines"":1,""codeLines"":7,""commentLines"":0}]","2024-11-06T03:45:36","0c5a8125a531a243467b3a28ae37ca593feec31f",false,false,false,false,"{""Python"":499880,""NSIS"":4441,""Shell"":494}","blocked-by-python3.5;dependencies;github_actions;python;python3","python;regression"
"3920549","theochem/horton",false,"2120","9","10","40","Python","master","GNU General Public License v3.0","http://theochem.github.io/horton/","20","92","13","24725","2011-07-24T05:48:17","2024-08-02T10:23:04","2024-08-02T10:23:08","140","32","164","5","14794","54437","22200","[{""language"":""CSV"",""blankLines"":0,""codeLines"":213,""commentLines"":0},{""language"":""Cython"",""blankLines"":1081,""codeLines"":3010,""commentLines"":2152},{""language"":""Text"",""blankLines"":1314,""codeLines"":3596,""commentLines"":0},{""language"":""Python"",""blankLines"":8759,""codeLines"":33163,""commentLines"":15121},{""language"":""CSS"",""blankLines"":3,""codeLines"":17,""commentLines"":0},{""language"":""reStructuredText"",""blankLines"":1760,""codeLines"":3415,""commentLines"":1575},{""language"":""HTML"",""blankLines"":5,""codeLines"":33,""commentLines"":0},{""language"":""JSON"",""blankLines"":0,""codeLines"":357,""commentLines"":0},{""language"":""Fortran 77"",""blankLines"":2,""codeLines"":11,""commentLines"":0},{""language"":""C++"",""blankLines"":930,""codeLines"":8353,""commentLines"":1440},{""language"":""TeX"",""blankLines"":41,""codeLines"":412,""commentLines"":0},{""language"":""Markdown"",""blankLines"":7,""codeLines"":26,""commentLines"":0},{""language"":""C/C++ Header"",""blankLines"":728,""codeLines"":961,""commentLines"":1811},{""language"":""INI"",""blankLines"":0,""codeLines"":4,""commentLines"":0},{""language"":""YAML"",""blankLines"":17,""codeLines"":90,""commentLines"":32},{""language"":""make"",""blankLines"":25,""codeLines"":136,""commentLines"":4},{""language"":""SVG"",""blankLines"":1,""codeLines"":139,""commentLines"":1},{""language"":""Bourne Shell"",""blankLines"":121,""codeLines"":501,""commentLines"":64}]","2024-08-02T10:23:04","053c4374f93d172e19a962e9abe0e3fb067d98a5",true,false,false,false,"{""Python"":1908985,""C++"":1030868,""Cython"":224201,""Shell"":23380,""C"":18071,""TeX"":15117,""Makefile"":202,""HTML"":47,""POV-Ray SDL"":47}","bugfix;documentation;feature;qa",""
"3920552","nakagami/pyfirebirdsql",false,"1361","3","0","29","Python","master","BSD 2-Clause Simplified License",,"13","71","13","2513","2010-09-25T07:35:22","2024-10-13T12:04:01","2024-10-13T12:04:04","59","5","53","0","2652","12909","3163","[{""language"":""C"",""blankLines"":14,""codeLines"":49,""commentLines"":28},{""language"":""Python"",""blankLines"":1166,""codeLines"":10888,""commentLines"":1163},{""language"":""CSS"",""blankLines"":125,""codeLines"":516,""commentLines"":16},{""language"":""reStructuredText"",""blankLines"":1318,""codeLines"":1325,""commentLines"":1948},{""language"":""YAML"",""blankLines"":16,""codeLines"":73,""commentLines"":4},{""language"":""make"",""blankLines"":13,""codeLines"":58,""commentLines"":4}]","2024-10-13T11:21:11","5a9549c6098af75b269ced0e07fb76075661af06",true,false,false,false,"{""Python"":502210,""CSS"":9704,""C"":3179,""Makefile"":2359}","",""
"3921090","ilastik/volumina",false,"2393","18","0","65","Python","main","Other","http://ilastik.org","24","32","33","6695","2011-07-05T02:34:09","2024-10-16T08:02:51","2024-10-15T12:50:44","146","27","171","9","4849","20970","5243","[{""language"":""TOML"",""blankLines"":2,""codeLines"":12,""commentLines"":0},{""language"":""make"",""blankLines"":24,""codeLines"":124,""commentLines"":5},{""language"":""Text"",""blankLines"":1,""codeLines"":2,""commentLines"":0},{""language"":""YAML"",""blankLines"":20,""codeLines"":221,""commentLines"":2},{""language"":""INI"",""blankLines"":3,""codeLines"":13,""commentLines"":0},{""language"":""Bourne Shell"",""blankLines"":16,""codeLines"":40,""commentLines"":27},{""language"":""Qt"",""blankLines"":0,""codeLines"":2633,""commentLines"":0},{""language"":""Markdown"",""blankLines"":16,""codeLines"":31,""commentLines"":0},{""language"":""Python"",""blankLines"":4738,""codeLines"":17795,""commentLines"":5186},{""language"":""reStructuredText"",""blankLines"":29,""codeLines"":99,""commentLines"":23}]","2024-10-15T12:50:37","7d58143236f1feb6aac75e6a2b8c1898103c0458",true,false,false,false,"{""Python"":1071195,""Shell"":546}","architecture;bug;data selection;dependencies;easyfix;enhancement;infrastructure;next seven days;os:windows;refactor;wip",""
"3921448","sirver/ultisnips",false,"1581","10","3","685","Python","master","GNU General Public License v3.0",,"90","7405","153","7000","2011-12-30T07:07:24","2024-03-15T07:25:55","2024-03-15T05:52:26","1146","111","404","0","3589","11463","2170","[{""language"":""Bourne Shell"",""blankLines"":14,""codeLines"":60,""commentLines"":8},{""language"":""Python"",""blankLines"":2671,""codeLines"":8126,""commentLines"":2033},{""language"":""Text"",""blankLines"":590,""codeLines"":2231,""commentLines"":0},{""language"":""INI"",""blankLines"":3,""codeLines"":10,""commentLines"":0},{""language"":""Markdown"",""blankLines"":125,""codeLines"":337,""commentLines"":17},{""language"":""make"",""blankLines"":5,""codeLines"":46,""commentLines"":7},{""language"":""YAML"",""blankLines"":5,""codeLines"":33,""commentLines"":2},{""language"":""Dockerfile"",""blankLines"":10,""codeLines"":20,""commentLines"":0},{""language"":""Vim Script"",""blankLines"":166,""codeLines"":600,""commentLines"":103}]","2024-03-15T07:25:53","49dc8cb2086db19d385791c8e1635723b0fd95c7",false,false,false,false,"{""Python"":378925,""Vim Script"":31514,""Makefile"":2872,""Shell"":1965,""Dockerfile"":393,""Vim Snippet"":81}","answered or workaround exists;bug: low;bug: medium;bug: severe;bug: snipmate only;can't reproduce;caused by vims design;difficulty: hard;difficulty: hopefully easy;difficulty: normal;duplicate;feature request;good first issue;neovim only;osx only;pending feedback;possible bug;questionable;sample snippet;thirdparty problem;traceback;triaged;user question;windows only;wontfix","plugin;snippets;ultisnips;vim"
"3921846","batiste/django-page-cms",false,"1960","13","0","112","Python","master","BSD 3-Clause New or Revised License","http://django-page-cms.readthedocs.io/","25","284","46","8890","2009-12-07T11:59:13","2024-10-15T08:13:52","2024-10-15T08:13:57","96","10","129","0","5887","25488","5333","[{""language"":""Dockerfile"",""blankLines"":0,""codeLines"":11,""commentLines"":0},{""language"":""JavaScript"",""blankLines"":1657,""codeLines"":7640,""commentLines"":1683},{""language"":""PO File"",""blankLines"":1502,""codeLines"":3638,""commentLines"":1658},{""language"":""HTML"",""blankLines"":161,""codeLines"":1119,""commentLines"":19},{""language"":""Python"",""blankLines"":1602,""codeLines"":5706,""commentLines"":1461},{""language"":""CSS"",""blankLines"":118,""codeLines"":3145,""commentLines"":50},{""language"":""make"",""blankLines"":13,""codeLines"":58,""commentLines"":4},{""language"":""Text"",""blankLines"":1,""codeLines"":38,""commentLines"":0},{""language"":""YAML"",""blankLines"":21,""codeLines"":88,""commentLines"":18},{""language"":""SVG"",""blankLines"":0,""codeLines"":2711,""commentLines"":1},{""language"":""reStructuredText"",""blankLines"":812,""codeLines"":1254,""commentLines"":439},{""language"":""JSON"",""blankLines"":0,""codeLines"":80,""commentLines"":0}]","2024-10-15T08:13:48","fbcb1abdc46ad5431d882558b1d2d80e055074af",true,false,false,false,"{""Python"":303219,""HTML"":44008,""JavaScript"":42736,""CSS"":20006,""Dockerfile"":264}","bug;cleanup;dependencies;new feature","cms;django;django-admin;django3;python;python-3"
"3921851","mysociety/mapit",false,"1328","120","17","88","Python","master","Other",,"27","269","31","5258","2010-06-22T04:36:01","2024-07-09T08:30:12","2024-07-09T08:30:15","220","38","196","6","3331","42385","2616","[{""language"":""HTML"",""blankLines"":201,""codeLines"":1439,""commentLines"":4},{""language"":""Python"",""blankLines"":2040,""codeLines"":8717,""commentLines"":1871},{""language"":""CSS"",""blankLines"":53,""codeLines"":557,""commentLines"":22},{""language"":""JSON"",""blankLines"":28,""codeLines"":140,""commentLines"":0},{""language"":""SVG"",""blankLines"":0,""codeLines"":81,""commentLines"":1},{""language"":""SQL"",""blankLines"":3,""codeLines"":133,""commentLines"":11},{""language"":""Sass"",""blankLines"":102,""codeLines"":499,""commentLines"":9},{""language"":""Text"",""blankLines"":151,""codeLines"":768,""commentLines"":0},{""language"":""JavaScript"",""blankLines"":1,""codeLines"":15,""commentLines"":13},{""language"":""INI"",""blankLines"":4,""codeLines"":26,""commentLines"":0},{""language"":""Bourne Shell"",""blankLines"":37,""codeLines"":143,""commentLines"":17},{""language"":""reStructuredText"",""blankLines"":10,""codeLines"":31,""commentLines"":0},{""language"":""XML"",""blankLines"":0,""codeLines"":19,""commentLines"":0},{""language"":""YAML"",""blankLines"":12,""codeLines"":59,""commentLines"":0},{""language"":""Markdown"",""blankLines"":12,""codeLines"":19,""commentLines"":0},{""language"":""PO File"",""blankLines"":561,""codeLines"":2077,""commentLines"":646},{""language"":""CSV"",""blankLines"":0,""codeLines"":27144,""commentLines"":0},{""language"":""SCSS"",""blankLines"":102,""codeLines"":499,""commentLines"":9},{""language"":""Bourne Again Shell"",""blankLines"":14,""codeLines"":19,""commentLines"":13}]","2024-07-09T08:29:36","0e8d3cd77120d3421bc3da09b17b372fddc8c622",true,false,false,false,"{""Python"":480579,""HTML"":68108,""CSS"":14061,""SCSS"":11982,""Shell"":6093}","awaiting input;backlog;bucks;bug;current;design;global;icebox;in progress;mysociety;next;options;reviewed;reviewing;sprint after;uk specific;wishlist",""
"3922006","acoustid/acoustid-server",false,"1124","10","6","19","Python","master","MIT License",,"5","64","9","1721","2011-04-17T09:07:52","2024-07-28T07:34:41","2024-07-28T07:34:44","67","31","66","6","2497","17343","894","[{""language"":""Dockerfile"",""blankLines"":11,""codeLines"":29,""commentLines"":0},{""language"":""JSON"",""blankLines"":0,""codeLines"":19,""commentLines"":0},{""language"":""SQL"",""blankLines"":4,""codeLines"":17,""commentLines"":0},{""language"":""HTML"",""blankLines"":142,""codeLines"":663,""commentLines"":10},{""language"":""Python"",""blankLines"":1979,""codeLines"":14667,""commentLines"":880},{""language"":""CSS"",""blankLines"":38,""codeLines"":174,""commentLines"":0},{""language"":""Text"",""blankLines"":4,""codeLines"":213,""commentLines"":0},{""language"":""YAML"",""blankLines"":52,""codeLines"":319,""commentLines"":1},{""language"":""INI"",""blankLines"":37,""codeLines"":126,""commentLines"":0},{""language"":""Bourne Shell"",""blankLines"":32,""codeLines"":74,""commentLines"":1},{""language"":""SVG"",""blankLines"":2,""codeLines"":279,""commentLines"":2},{""language"":""Markdown"",""blankLines"":177,""codeLines"":681,""commentLines"":0},{""language"":""JavaScript"",""blankLines"":7,""codeLines"":57,""commentLines"":0},{""language"":""Mako"",""blankLines"":12,""codeLines"":25,""commentLines"":0}]","2024-07-28T07:34:36","4ecca2d450810f4faaada402bc1f7cc210d080c6",false,false,false,false,"{""Python"":537618,""HTML"":23902,""CSS"":3131,""Shell"":2450,""JavaScript"":1915,""Makefile"":1246,""Mako"":785,""Dockerfile"":571}","admin;api;backend;dependencies;easy;ops;scalability;website","acoustid;audio-fingerprinting"
"3922300","supervisor/supervisor",false,"2445","1","0","1237","Python","main","Other","http://supervisord.org","232","8353","146","5780","2010-12-08T12:48:48","2024-07-19T04:08:40","2024-07-20T02:31:52","1161","135","485","29","7275","34595","4259","[{""language"":""reStructuredText"",""blankLines"":1860,""codeLines"":4338,""commentLines"":493},{""language"":""HTML"",""blankLines"":176,""codeLines"":847,""commentLines"":9},{""language"":""Text"",""blankLines"":78,""codeLines"":375,""commentLines"":0},{""language"":""Python"",""blankLines"":5077,""codeLines"":28610,""commentLines"":3709},{""language"":""CSS"",""blankLines"":20,""codeLines"":200,""commentLines"":28},{""language"":""make"",""blankLines"":12,""codeLines"":54,""commentLines"":4},{""language"":""YAML"",""blankLines"":47,""codeLines"":123,""commentLines"":15},{""language"":""Bourne Shell"",""blankLines"":0,""codeLines"":7,""commentLines"":0},{""language"":""INI"",""blankLines"":5,""codeLines"":41,""commentLines"":1}]","2024-07-18T04:01:04","29eeb9dd55c55da2e83c5497d01f3a859998ecf9",false,false,false,false,"{""Python"":1396205,""HTML"":34522,""CSS"":3430}","docs;environment;events;expansions;help wanted;linux;logging;packaging;python 3;question;rlimits;signals;supervisorctl;syslog;web;xmlrpc",""
"3922437","jsonpickle/jsonpickle",false,"1622","2","0","175","Python","main","BSD 3-Clause New or Revised License","https://jsonpickle.readthedocs.io/en/latest/","33","1258","65","2328","2009-12-10T03:59:23","2024-11-09T09:50:35","2024-11-09T09:50:39","321","65","219","1","3079","15764","2170","[{""language"":""JavaScript"",""blankLines"":143,""codeLines"":1033,""commentLines"":200},{""language"":""INI"",""blankLines"":5,""codeLines"":60,""commentLines"":0},{""language"":""HTML"",""blankLines"":3,""codeLines"":50,""commentLines"":0},{""language"":""Text"",""blankLines"":0,""codeLines"":4,""commentLines"":0},{""language"":""Python"",""blankLines"":2187,""codeLines"":6797,""commentLines"":1789},{""language"":""YAML"",""blankLines"":43,""codeLines"":266,""commentLines"":17},{""language"":""Markdown"",""blankLines"":158,""codeLines"":447,""commentLines"":0},{""language"":""make"",""blankLines"":18,""codeLines"":117,""commentLines"":16},{""language"":""TOML"",""blankLines"":9,""codeLines"":84,""commentLines"":4},{""language"":""SVG"",""blankLines"":204,""codeLines"":6132,""commentLines"":0},{""language"":""Bourne Shell"",""blankLines"":24,""codeLines"":71,""commentLines"":31},{""language"":""reStructuredText"",""blankLines"":285,""codeLines"":703,""commentLines"":113}]","2024-11-09T09:50:35","7ebffbc20a3c19344d0fd0d41e5e87758505dbf3",true,false,false,false,"{""Python"":342017,""JavaScript"":45159,""Makefile"":4734,""Shell"":4686,""HTML"":1688}","bug;cannot-reproduce;compatibility;core;documentation;enhancement;extensions;good-first-issue;has-MRE;needs-author-action;not-a-bug;not-a-jsonpickle-bug;performance;release-blocker;security;testcase-needed;wishlist","bsd-3-clause;deserialization;json;objectstorage;pickle;python;serialization"
"3923891","riptano/ccm",false,"1321","3","2","301","Python","master","Apache License 2.0",,"73","1216","101","2394","2011-03-01T09:42:18","2024-10-01T05:27:51","2024-10-01T05:04:31","249","68","529","5","1759","7097","858","[{""language"":""Bourne Again Shell"",""blankLines"":17,""codeLines"":83,""commentLines"":29},{""language"":""Markdown"",""blankLines"":137,""codeLines"":355,""commentLines"":0},{""language"":""Text"",""blankLines"":34,""codeLines"":176,""commentLines"":0},{""language"":""YAML"",""blankLines"":11,""codeLines"":31,""commentLines"":0},{""language"":""Python"",""blankLines"":1560,""codeLines"":6452,""commentLines"":829}]","2024-10-01T05:04:27","cc8cb98b29f68d12c8b5fa093a33dc3b346873b3",true,false,false,false,"{""Python"":386136,""Shell"":3903}","fixed in develop;good first issue",""
"3923992","simplistix/testfixtures",false,"1168","1","0","62","Python","master","MIT License","http://testfixtures.readthedocs.io","16","233","29","1765","2011-05-27T06:44:50","2024-11-07T07:13:57","2024-11-07T07:14:01","103","0","100","0","4588","15426","1542","[{""language"":""DOS Batch"",""blankLines"":15,""codeLines"":84,""commentLines"":1},{""language"":""INI"",""blankLines"":0,""codeLines"":8,""commentLines"":0},{""language"":""Python"",""blankLines"":2763,""codeLines"":10784,""commentLines"":1533},{""language"":""Text"",""blankLines"":1287,""codeLines"":3479,""commentLines"":0},{""language"":""make"",""blankLines"":14,""codeLines"":60,""commentLines"":4},{""language"":""reStructuredText"",""blankLines"":496,""codeLines"":889,""commentLines"":4},{""language"":""YAML"",""blankLines"":13,""codeLines"":122,""commentLines"":0}]","2024-11-07T07:13:56","a23532c7bc685589cce6a5037821a74da48959e7",false,false,false,false,"{""Python"":477855}","linux-distro-packaging",""
"3924034","x-plane/xplane2blender",false,"1572","24","34","67","Python","master","GNU General Public License v3.0",,"50","198","12","55585","2010-08-10T05:48:50","2024-10-26T12:12:32","2024-10-26T12:12:36","707","143","33","2","5445","31737","3830","[{""language"":""YAML"",""blankLines"":0,""codeLines"":29,""commentLines"":0},{""language"":""Markdown"",""blankLines"":32,""codeLines"":94,""commentLines"":0},{""language"":""Python"",""blankLines"":5010,""codeLines"":22204,""commentLines"":3830},{""language"":""Text"",""blankLines"":403,""codeLines"":9392,""commentLines"":0},{""language"":""TOML"",""blankLines"":0,""codeLines"":18,""commentLines"":0}]","2024-10-26T12:12:29","47200de2838a738fd9b80c23067e685df261dd4f",true,false,false,false,"{""Python"":1212493,""Rich Text Format"":5011}","2.49 converter;bug;documentation;feature;feedback;good first issue;importer;improvement;in review;new unit test;optimization;possible pr;priority high;priority low;priority normal;priority urgent;ready;updater problems;wysiwyg lights","addon;blender;python;x-plane"
"3924190","ckan/ckanext-harvest",false,"1515","83","27","203","Python","master",,,"25","130","61","2355","2011-12-01T11:31:21","2024-10-31T01:15:49","2024-10-31T01:15:53","266","101","290","12","2769","9100","1634","[{""language"":""YAML"",""blankLines"":3,""codeLines"":80,""commentLines"":1},{""language"":""TOML"",""blankLines"":6,""codeLines"":45,""commentLines"":1},{""language"":""reStructuredText"",""blankLines"":417,""codeLines"":978,""commentLines"":47},{""language"":""Mako"",""blankLines"":7,""codeLines"":17,""commentLines"":0},{""language"":""PO File"",""blankLines"":124,""codeLines"":296,""commentLines"":171},{""language"":""JavaScript"",""blankLines"":2,""codeLines"":37,""commentLines"":0},{""language"":""INI"",""blankLines"":33,""codeLines"":111,""commentLines"":0},{""language"":""Less"",""blankLines"":10,""codeLines"":70,""commentLines"":0},{""language"":""Python"",""blankLines"":2032,""codeLines"":6638,""commentLines"":1413},{""language"":""CSS"",""blankLines"":24,""codeLines"":121,""commentLines"":1},{""language"":""Text"",""blankLines"":12,""codeLines"":53,""commentLines"":0},{""language"":""HTML"",""blankLines"":99,""codeLines"":654,""commentLines"":0}]","2024-10-31T01:15:29","4d42da135b7886afcfe09888978eac7c600a6e04",true,false,false,false,"{""Python"":355329,""HTML"":29975,""CSS"":2254,""JavaScript"":2149,""Less"":1203,""Mako"":494}","bug;feature;future;help wanted;wip",""
"3924790","tinkerforge/brickv",false,"4012","3","0","21","Python","master","GNU General Public License v2.0","http://www.tinkerforge.com/en/doc/Software/Brickv.html","13","19","14","30474","2011-08-24T12:59:03","2024-11-04T05:07:25","2024-11-04T05:07:29","15","1","13","1","39449","202300","37794","[{""language"":""XML"",""blankLines"":0,""codeLines"":180,""commentLines"":4},{""language"":""Text"",""blankLines"":211,""codeLines"":1093,""commentLines"":0},{""language"":""Python"",""blankLines"":39013,""codeLines"":120116,""commentLines"":37684},{""language"":""Diff"",""blankLines"":5,""codeLines"":124,""commentLines"":32},{""language"":""TNSDL"",""blankLines"":58,""codeLines"":286,""commentLines"":22},{""language"":""make"",""blankLines"":2,""codeLines"":5,""commentLines"":1},{""language"":""Snakemake"",""blankLines"":0,""codeLines"":1,""commentLines"":2},{""language"":""Qt"",""blankLines"":0,""codeLines"":77561,""commentLines"":0},{""language"":""SVG"",""blankLines"":0,""codeLines"":2518,""commentLines"":6},{""language"":""Bourne Shell"",""blankLines"":95,""codeLines"":281,""commentLines"":33},{""language"":""reStructuredText"",""blankLines"":49,""codeLines"":90,""commentLines"":0},{""language"":""GLSL"",""blankLines"":16,""codeLines"":45,""commentLines"":10}]","2024-11-04T05:06:34","32faa90b8fbe9f88ba33162f4258f59cac03a0d9",true,false,false,false,"{""Python"":8563109,""Shell"":8904,""GLSL"":1827,""C"":1438,""Batchfile"":936,""Makefile"":274}","dependencies",""
"3925169","robotframework/ride",false,"6283","10","33","379","Python","master","Apache License 2.0",,"116","963","42","40138","2011-09-27T11:53:40","2024-10-13T07:29:22","2024-10-13T07:29:26","2261","131","639","1","37179","148130","48436","[{""language"":""AsciiDoc"",""blankLines"":213,""codeLines"":857,""commentLines"":6},{""language"":""YAML"",""blankLines"":27,""codeLines"":249,""commentLines"":43},{""language"":""JSON"",""blankLines"":20,""codeLines"":173,""commentLines"":0},{""language"":""Bourne Shell"",""blankLines"":10,""codeLines"":65,""commentLines"":7},{""language"":""HTML"",""blankLines"":178,""codeLines"":3922,""commentLines"":16},{""language"":""PO File"",""blankLines"":15933,""codeLines"":40708,""commentLines"":21582},{""language"":""Maven"",""blankLines"":0,""codeLines"":53,""commentLines"":1},{""language"":""Python"",""blankLines"":18578,""codeLines"":67314,""commentLines"":22995},{""language"":""CSS"",""blankLines"":48,""codeLines"":1190,""commentLines"":35},{""language"":""XML"",""blankLines"":4,""codeLines"":164,""commentLines"":0},{""language"":""JavaScript"",""blankLines"":414,""codeLines"":6128,""commentLines"":1010},{""language"":""RobotFramework"",""blankLines"":931,""codeLines"":26200,""commentLines"":528},{""language"":""reStructuredText"",""blankLines"":761,""codeLines"":626,""commentLines"":2207},{""language"":""INI"",""blankLines"":4,""codeLines"":16,""commentLines"":0},{""language"":""DOS Batch"",""blankLines"":1,""codeLines"":14,""commentLines"":6},{""language"":""Text"",""blankLines"":57,""codeLines"":439,""commentLines"":0},{""language"":""Properties"",""blankLines"":0,""codeLines"":12,""commentLines"":0}]","2024-10-13T07:25:33","a1bca91761cd08f971ce2b8f5cbe44c2a903b2b3",true,false,false,false,"{""Python"":4250234,""RobotFramework"":523071,""HTML"":96342,""JavaScript"":42656,""CSS"":31131,""Shell"":1871}","analyze;bad_issue_report;bug;current development;documentation;duplicate;enhancement;fixed;good first issue;hacktoberfest2022;help_wanted;invalid;not-a-bug;obsolete;os: all;os: linux;os: mac;os: windows;pending;performance;prio-critical;prio-high;prio-low;prio-medium;python3.8;task;testrunner;thirdparty;ui;wontfix;work in progress","hacktoberfest;robotframework;robotframework-ide;robotframework-testing;testing-tools;wxpython"
"3925375","jaraco/inflect",false,"1108","1","27","106","Python","main","MIT License","https://pypi.org/project/inflect","24","970","54","1271","2010-06-20T01:43:13","2024-11-02T03:13:14","2024-11-02T03:13:18","123","30","98","0","1342","6540","881","[{""language"":""TOML"",""blankLines"":18,""codeLines"":94,""commentLines"":13},{""language"":""reStructuredText"",""blankLines"":348,""codeLines"":508,""commentLines"":290},{""language"":""YAML"",""blankLines"":15,""codeLines"":141,""commentLines"":9},{""language"":""Markdown"",""blankLines"":1,""codeLines"":2,""commentLines"":0},{""language"":""Python"",""blankLines"":942,""codeLines"":4831,""commentLines"":569},{""language"":""INI"",""blankLines"":18,""codeLines"":104,""commentLines"":0},{""language"":""Text"",""blankLines"":0,""codeLines"":860,""commentLines"":0}]","2024-11-02T03:13:13","eaf1a9bb5e0425ace0b7fb6a3be4feae92725b94",true,false,false,false,"{""Python"":182487}","bug;documentation;duplicate;feature;help wanted;invalid;question;stale",""
"3925378","inveniosoftware/invenio",false,"14181","19","60","290","Python","master","MIT License","https://invenio.readthedocs.io","129","608","114","89787","2011-10-28T02:33:51","2024-03-26T01:41:58","2024-03-08T01:22:17","2541","238","1552","0","2475","5258","2291","[{""language"":""SVG"",""blankLines"":0,""codeLines"":1,""commentLines"":0},{""language"":""make"",""blankLines"":30,""codeLines"":156,""commentLines"":6},{""language"":""YAML"",""blankLines"":21,""codeLines"":104,""commentLines"":5},{""language"":""XML"",""blankLines"":0,""codeLines"":1,""commentLines"":0},{""language"":""INI"",""blankLines"":9,""codeLines"":42,""commentLines"":0},{""language"":""HTML"",""blankLines"":0,""codeLines"":10,""commentLines"":0},{""language"":""Python"",""blankLines"":110,""codeLines"":238,""commentLines"":220},{""language"":""CSS"",""blankLines"":1,""codeLines"":8,""commentLines"":2},{""language"":""Bourne Shell"",""blankLines"":4,""codeLines"":13,""commentLines"":10},{""language"":""Text"",""blankLines"":0,""codeLines"":8,""commentLines"":0},{""language"":""reStructuredText"",""blankLines"":2266,""codeLines"":4450,""commentLines"":2046},{""language"":""DOS Batch"",""blankLines"":34,""codeLines"":227,""commentLines"":2}]","2024-03-26T01:41:58","63c9325ec41f940576f05ed40102be89ddc4feb8",true,false,false,false,"{""Python"":5766,""Shell"":754}","branch: legacy;branch: maint-0.99;branch: maint-1.0;branch: maint-1.1;branch: maint-1.2;branch: maint-2.0;branch: master;bug;component: annotations;component: batchuploader;component: bibarchive;component: bibauthorid;component: bibauthority;component: bibbowling;component: bibcatalog;component: bibcheck;component: bibcirculation;component: bibclassify;component: bibconvert;component: bibdocfile;component: bibedit;component: bibencode;component: bibexport;component: bibfield;component: bibformat;component: bibindex;component: bibingest;component: bibknowledge;component: bibmatch;component: bibmerge;component: bibrank;component: bibrecord;component: bibsched;component: bibsort;component: bibsword;component: bibupload;component: collections;component: communities;component: deposit;component: docextract;component: documents;component: ext_arxiv;component: ext_crossref;component: ext_restful;component: formatter;component: general;component: global;component: i18n;component: importutils;component: installation;component: jsonalchemy;component: miscutil;component: montysolr;component: multimedia;component: oaiharvest;component: oairepository;component: oauth2server;component: oauthclient;component: pages;component: previewer;component: redirector;component: solrutils;component: trac;component: travis;component: upgrader;component: webaccess;component: webalert;component: webauthorprofile;component: webbasket;component: webcomment;component: webhelp;component: webjournal;component: weblinkback;component: webmessage;component: webnews;component: websearch;component: websession;component: webstat;component: webstyle;component: websubmit;component: webtag;component: workflows;hacktoberfest;lane: fast;lane: help wanted;need: documentation;need: information;need: tests;need: work;service: b2share;service: cap;service: cds;service: cod;service: iaea;service: inspire;service: scoap3;service: tind;service: zenodo;size: beginner-friendly;size: easy;size: hard;size: wizard;status: duplicate;status: in review;status: in work;status: invalid;status: ready for work;status: someday;status: wontfix;type: bug;type: discussion;type: enhancement;type: new feature;type: rfc","angularjs;digital-library;digital-repository;elasticsearch;flask;institutional-repository;invenio;inveniosoftware;json-schema;multimedia-library;multimedia-repository;postgresql;python;rabbitmq;redis"
"3925389","dipy/dipy",false,"14699","25","0","439","Python","master","Other","https://dipy.org","54","715","151","75487","2010-02-06T11:43:08","2024-11-08T02:03:21","2024-11-08T02:03:26","944","131","2251","34","29961","110018","49885","[{""language"":""make"",""blankLines"":42,""codeLines"":168,""commentLines"":13},{""language"":""PowerShell"",""blankLines"":15,""codeLines"":75,""commentLines"":19},{""language"":""C/C++ Header"",""blankLines"":24,""codeLines"":106,""commentLines"":21},{""language"":""TeX"",""blankLines"":221,""codeLines"":2405,""commentLines"":7},{""language"":""YAML"",""blankLines"":82,""codeLines"":826,""commentLines"":38},{""language"":""Markdown"",""blankLines"":67,""codeLines"":180,""commentLines"":0},{""language"":""Bourne Shell"",""blankLines"":26,""codeLines"":163,""commentLines"":13},{""language"":""reStructuredText"",""blankLines"":2226,""codeLines"":9065,""commentLines"":1121},{""language"":""JSON"",""blankLines"":18,""codeLines"":408,""commentLines"":0},{""language"":""HTML"",""blankLines"":16,""codeLines"":90,""commentLines"":0},{""language"":""Bourne Again Shell"",""blankLines"":0,""codeLines"":16,""commentLines"":0},{""language"":""Text"",""blankLines"":9,""codeLines"":5993,""commentLines"":0},{""language"":""TOML"",""blankLines"":58,""codeLines"":446,""commentLines"":14},{""language"":""Python"",""blankLines"":23501,""codeLines"":76683,""commentLines"":41098},{""language"":""CSS"",""blankLines"":4,""codeLines"":17,""commentLines"":6},{""language"":""Cython"",""blankLines"":3325,""codeLines"":11059,""commentLines"":7359},{""language"":""Fortran 77"",""blankLines"":34,""codeLines"":281,""commentLines"":0},{""language"":""Meson"",""blankLines"":226,""codeLines"":1165,""commentLines"":133},{""language"":""SVG"",""blankLines"":16,""codeLines"":465,""commentLines"":6},{""language"":""DOS Batch"",""blankLines"":30,""codeLines"":222,""commentLines"":37},{""language"":""Pascal"",""blankLines"":20,""codeLines"":179,""commentLines"":0},{""language"":""INI"",""blankLines"":1,""codeLines"":6,""commentLines"":0}]","2024-11-08T02:03:21","aede76c94416483a24dd07cec5a311e6b8adfc79",true,false,false,false,"{""Python"":4454147,""Cython"":376468,""Meson"":33903,""Shell"":5056,""Smarty"":4116,""PowerShell"":3619,""Batchfile"":3368,""Makefile"":3171,""C"":2966}",":grey_question: type:question :grey_question:;:notebook:type:documentation  :notebook:;:speech_balloon:type:discussion :speech_balloon:;beginner-friendly;category:visualization;dependencies;gsoc2016;gsoc2018;gsod2020;state: needs code review;state: needs decision;state: needs feedback;state: needs pr;state: needs to check;state: ready-to-be-merged;state: stalled;state: work-in-progress;type: refactoring;type:bug fix;type:enhancement;type:maintenance;type:new feature;type:release plan","bundles;contextual-enhancement;denoising;diffusion-mri;dki;dti;machine-learning;medical-imaging;microstructure;neuroanatomy;neuroimaging;patch2self;python;registration;segmentation;self-supervised-learning;spherical-harmonics;tracking;tractography;tractometry"
"3925487","pyrocko/pyrocko",false,"5730","107","6","80","Python","master","GNU General Public License v3.0","https://pyrocko.org","25","215","19","46498","2010-03-11T08:19:55","2024-10-18T06:56:04","2024-10-18T07:39:28","0","0","228","5","42863","159691","25493","[{""language"":""make"",""blankLines"":8,""codeLines"":27,""commentLines"":6},{""language"":""C/C++ Header"",""blankLines"":99,""codeLines"":134,""commentLines"":270},{""language"":""reStructuredText"",""blankLines"":2461,""codeLines"":3629,""commentLines"":2174},{""language"":""YAML"",""blankLines"":175,""codeLines"":1217,""commentLines"":15},{""language"":""Markdown"",""blankLines"":323,""codeLines"":1425,""commentLines"":14},{""language"":""Dockerfile"",""blankLines"":11,""codeLines"":77,""commentLines"":3},{""language"":""Bourne Shell"",""blankLines"":316,""codeLines"":1020,""commentLines"":23},{""language"":""XML"",""blankLines"":1,""codeLines"":7774,""commentLines"":0},{""language"":""Diff"",""blankLines"":24,""codeLines"":94,""commentLines"":122},{""language"":""Python"",""blankLines"":36606,""codeLines"":106459,""commentLines"":21791},{""language"":""C"",""blankLines"":2462,""codeLines"":12207,""commentLines"":730},{""language"":""HTML"",""blankLines"":127,""codeLines"":1135,""commentLines"":0},{""language"":""TOML"",""blankLines"":9,""codeLines"":80,""commentLines"":17},{""language"":""SVG"",""blankLines"":70,""codeLines"":23247,""commentLines"":54},{""language"":""Perl"",""blankLines"":62,""codeLines"":342,""commentLines"":221},{""language"":""DOS Batch"",""blankLines"":5,""codeLines"":20,""commentLines"":1},{""language"":""JavaScript"",""blankLines"":17,""codeLines"":92,""commentLines"":0},{""language"":""TeX"",""blankLines"":87,""codeLines"":589,""commentLines"":52},{""language"":""Text"",""blankLines"":0,""codeLines"":123,""commentLines"":0}]","2024-10-09T11:52:30","d06725ebff8855cfd3a26a5b15c4e03a65078478",false,false,false,false,"{""Python"":4936273,""C"":421547,""HTML"":41395,""Shell"":41050,""Perl"":21092,""TeX"":20957,""Dockerfile"":3492,""JavaScript"":3262,""Batchfile"":1025,""Makefile"":439}","bug;decision;feature request;help wanted;improvement;ready;support;to-be-done;wip;wish list","earthquake;geophysical-inversions;geophysics;python;seismology"
"3926409","openstack/glance",false,"7985","11","0","526","Python","master","Apache License 2.0","https://opendev.org/openstack/glance","72","511","275","33609","2011-08-04T03:05:19","2024-11-07T07:40:24","2024-11-07T07:40:28","0","0","12","0","28070","123020","18095","[{""language"":""Bourne Shell"",""blankLines"":16,""codeLines"":44,""commentLines"":25},{""language"":""reStructuredText"",""blankLines"":3981,""codeLines"":8831,""commentLines"":1923},{""language"":""PHP"",""blankLines"":389,""codeLines"":883,""commentLines"":0},{""language"":""PO File"",""blankLines"":5457,""codeLines"":25105,""commentLines"":121},{""language"":""Mako"",""blankLines"":5,""codeLines"":15,""commentLines"":0},{""language"":""JSON"",""blankLines"":7,""codeLines"":6145,""commentLines"":0},{""language"":""XML"",""blankLines"":0,""codeLines"":1467,""commentLines"":3},{""language"":""Fortran 77"",""blankLines"":1129,""codeLines"":1684,""commentLines"":84},{""language"":""INI"",""blankLines"":57,""codeLines"":289,""commentLines"":0},{""language"":""Fortran 90"",""blankLines"":71,""codeLines"":93,""commentLines"":5},{""language"":""Text"",""blankLines"":59,""codeLines"":284,""commentLines"":0},{""language"":""Python"",""blankLines"":16487,""codeLines"":73450,""commentLines"":15885},{""language"":""YAML"",""blankLines"":412,""codeLines"":4730,""commentLines"":49}]","2024-11-07T07:39:33","c7d70ae763667ff772cc4fb13706076641f4fd31",false,false,false,false,"{""Python"":4207614,""Shell"":3184,""HTML"":1800,""C++"":1353,""Mako"":431}","dependencies","service"
"3926431","feisuzhu/thbattle",false,"2365","17","0","97","Python","master","GNU General Public License v3.0","http://www.thbattle.net","39","402","5","127527","2011-07-20T11:04:30","2024-03-24T01:40:48","2024-03-22T06:26:39","60","24","213","11","13706","54167","7422","[{""language"":""Bourne Again Shell"",""blankLines"":7,""codeLines"":43,""commentLines"":3},{""language"":""TOML"",""blankLines"":12,""codeLines"":123,""commentLines"":2},{""language"":""MATLAB"",""blankLines"":6,""codeLines"":16,""commentLines"":0},{""language"":""Rust"",""blankLines"":263,""codeLines"":1606,""commentLines"":68},{""language"":""Vuejs Component"",""blankLines"":25,""codeLines"":278,""commentLines"":8},{""language"":""Windows Resource File"",""blankLines"":0,""codeLines"":2,""commentLines"":0},{""language"":""JavaScript"",""blankLines"":7,""codeLines"":155,""commentLines"":18},{""language"":""Text"",""blankLines"":18,""codeLines"":309,""commentLines"":0},{""language"":""INI"",""blankLines"":4,""codeLines"":26,""commentLines"":0},{""language"":""GraphQL"",""blankLines"":5,""codeLines"":13,""commentLines"":5},{""language"":""C++"",""blankLines"":21,""codeLines"":94,""commentLines"":15},{""language"":""C/C++ Header"",""blankLines"":134,""codeLines"":559,""commentLines"":49},{""language"":""YAML"",""blankLines"":14,""codeLines"":476,""commentLines"":0},{""language"":""Markdown"",""blankLines"":15,""codeLines"":77,""commentLines"":0},{""language"":""Dockerfile"",""blankLines"":16,""codeLines"":71,""commentLines"":16},{""language"":""Bourne Shell"",""blankLines"":7,""codeLines"":26,""commentLines"":0},{""language"":""Visual Studio Solution"",""blankLines"":1,""codeLines"":24,""commentLines"":1},{""language"":""MSBuild script"",""blankLines"":0,""codeLines"":468,""commentLines"":0},{""language"":""JSON"",""blankLines"":0,""codeLines"":8938,""commentLines"":0},{""language"":""XML"",""blankLines"":0,""codeLines"":351,""commentLines"":0},{""language"":""Python"",""blankLines"":13150,""codeLines"":40481,""commentLines"":7231},{""language"":""Diff"",""blankLines"":1,""codeLines"":15,""commentLines"":6},{""language"":""HTML"",""blankLines"":0,""codeLines"":16,""commentLines"":0}]","2024-03-24T01:40:47","17fd8b591054a8791397ba22166ccf44b4f18b42",true,false,false,false,"{""Python"":1998350,""CSS"":65150,""Rust"":51598,""C"":21947,""Vue"":10480,""C++"":6343,""JavaScript"":4369,""Dockerfile"":3338,""CoffeeScript"":2515,""Shell"":1927,""PHP"":778,""Objective-C"":442,""HTML"":387,""Vim Script"":51}","dependencies;javascript;python;rust",""
"3926498","nipy/nitime",false,"1384","8","2","83","Python","master","BSD 3-Clause New or Revised License","http://nipy.org/nitime","32","244","24","29057","2009-09-02T12:29:57","2024-11-06T05:39:49","2024-11-06T05:39:49","83","18","144","1","6210","417773","8239","[{""language"":""make"",""blankLines"":19,""codeLines"":62,""commentLines"":4},{""language"":""YAML"",""blankLines"":31,""codeLines"":243,""commentLines"":5},{""language"":""reStructuredText"",""blankLines"":671,""codeLines"":1590,""commentLines"":199},{""language"":""HTML"",""blankLines"":14,""codeLines"":71,""commentLines"":0},{""language"":""Fortran 77"",""blankLines"":6,""codeLines"":61,""commentLines"":0},{""language"":""Text"",""blankLines"":51,""codeLines"":402499,""commentLines"":0},{""language"":""Python"",""blankLines"":5300,""codeLines"":9087,""commentLines"":7989},{""language"":""CSS"",""blankLines"":97,""codeLines"":421,""commentLines"":11},{""language"":""Bourne Shell"",""blankLines"":0,""codeLines"":35,""commentLines"":2},{""language"":""TOML"",""blankLines"":10,""codeLines"":63,""commentLines"":5},{""language"":""Cython"",""blankLines"":11,""codeLines"":29,""commentLines"":24},{""language"":""CSV"",""blankLines"":0,""codeLines"":3612,""commentLines"":0}]","2024-11-06T05:39:44","acafa03cf76d6b2adf674feeac4aea88820bf6d8",true,false,false,false,"{""Python"":571416}","bug;dependencies;docs;feature request;github_actions",""
"3927570","jazzband/django-taggit",false,"1211","23","0","622","Python","master","BSD 3-Clause New or Revised License","https://django-taggit.readthedocs.io","63","3339","136","1286","2009-12-08T11:40:49","2024-11-05T04:55:28","2024-11-05T01:32:00","438","88","485","6","1884","28749","1010","[{""language"":""DOS Batch"",""blankLines"":3,""codeLines"":28,""commentLines"":1},{""language"":""PO File"",""blankLines"":336,""codeLines"":1070,""commentLines"":420},{""language"":""YAML"",""blankLines"":22,""codeLines"":111,""commentLines"":4},{""language"":""Markdown"",""blankLines"":10,""codeLines"":36,""commentLines"":0},{""language"":""JSON"",""blankLines"":0,""codeLines"":20777,""commentLines"":0},{""language"":""reStructuredText"",""blankLines"":399,""codeLines"":774,""commentLines"":142},{""language"":""Python"",""blankLines"":1077,""codeLines"":5603,""commentLines"":442},{""language"":""make"",""blankLines"":4,""codeLines"":17,""commentLines"":1},{""language"":""Text"",""blankLines"":0,""codeLines"":4,""commentLines"":0},{""language"":""HTML"",""blankLines"":27,""codeLines"":276,""commentLines"":0},{""language"":""INI"",""blankLines"":6,""codeLines"":53,""commentLines"":0}]","2024-11-05T04:55:28","7af1e7415225ef00c801a7e687137a2a0eb9f323",true,false,false,false,"{""Python"":235963,""HTML"":9664,""Batchfile"":1393,""Makefile"":1234}","bug;djangonauts-reserved;docs;enhancement;good first issue;hacktoberfest-accepted;needsinfo;question;sync",""
"3927575","diaoul/subliminal",false,"1287","4","14","313","Python","main","MIT License","http://subliminal.readthedocs.org","64","2410","38","18217","2011-07-05T12:24:23","2024-11-04T11:41:15","2024-11-04T11:38:09","856","51","329","17","4612","181817","2177","[{""language"":""Markdown"",""blankLines"":95,""codeLines"":188,""commentLines"":0},{""language"":""make"",""blankLines"":30,""codeLines"":156,""commentLines"":6},{""language"":""Text"",""blankLines"":0,""codeLines"":6,""commentLines"":0},{""language"":""Python"",""blankLines"":2889,""codeLines"":11340,""commentLines"":1995},{""language"":""INI"",""blankLines"":23,""codeLines"":77,""commentLines"":1},{""language"":""TOML"",""blankLines"":44,""codeLines"":300,""commentLines"":14},{""language"":""YAML"",""blankLines"":1235,""codeLines"":168834,""commentLines"":16},{""language"":""Dockerfile"",""blankLines"":8,""codeLines"":24,""commentLines"":1},{""language"":""DOS Batch"",""blankLines"":34,""codeLines"":227,""commentLines"":2},{""language"":""reStructuredText"",""blankLines"":254,""codeLines"":665,""commentLines"":142}]","2024-11-04T11:38:04","3e1dc079e9ed569bc9da1093631aebfe5ecd0259",false,false,false,false,"{""Python"":528784,""Dockerfile"":908}","source/cli;source/encoding;status/cannot-reproduce;status/duplicate;status/fixed;status/help-wanted;status/more-info-needed;status/needs-review;status/on-hold;status/ready-to-merge;status/work-in-progress;type/bug;type/dependency;type/documentation;type/downstream;type/enhancement;type/new-provider;type/question;wontfix",""
"3927579","kliment/printrun",false,"3169","7","9","996","Python","master","GNU General Public License v3.0",,"175","2376","107","83415","2011-05-10T07:41:19","2024-10-20T08:08:46","2024-10-20T07:57:29","968","185","491","10","7873","32361","8150","[{""language"":""Text"",""blankLines"":4,""codeLines"":25,""commentLines"":0},{""language"":""YAML"",""blankLines"":51,""codeLines"":309,""commentLines"":24},{""language"":""Cython"",""blankLines"":20,""codeLines"":214,""commentLines"":25},{""language"":""Python"",""blankLines"":2630,""codeLines"":15059,""commentLines"":2585},{""language"":""SVG"",""blankLines"":96,""codeLines"":3826,""commentLines"":62},{""language"":""TOML"",""blankLines"":2,""codeLines"":39,""commentLines"":0},{""language"":""DOS Batch"",""blankLines"":21,""codeLines"":101,""commentLines"":62},{""language"":""PO File"",""blankLines"":4764,""codeLines"":11763,""commentLines"":5381},{""language"":""Diff"",""blankLines"":2,""codeLines"":9,""commentLines"":4},{""language"":""Markdown"",""blankLines"":280,""codeLines"":934,""commentLines"":0},{""language"":""C/C++ Header"",""blankLines"":3,""codeLines"":20,""commentLines"":7},{""language"":""XML"",""blankLines"":0,""codeLines"":62,""commentLines"":0}]","2024-10-20T07:57:24","d96b791a0978c3ec97abb2d520b261c06fbb9f72",true,false,false,false,"{""Python"":823555,""Cython"":9791,""Batchfile"":9397,""G-code"":6852,""C"":1016}","1.x;2.0.0rc8;2.x;3.x;after 2.0.0;can't reproduce;debian;dependencies;documentation;duplicate;feature request;firmware marlin 2.x;fix commited;fix in progress;fixed;github_actions;macos;needs thoughts;not a bug;not regression;performance;platform-specific issue;python;question;regression;reproduced;rtl;triaged;waiting for feedback;windows;wip;wxpython issue",""
"3928953","jazzband/sorl-thumbnail",false,"1057","2","8","497","Python","master","BSD 3-Clause New or Revised License","https://sorl-thumbnail.readthedocs.io","36","1743","130","2148","2010-11-12T12:46:35","2024-11-02T04:39:03","2024-11-02T04:39:07","424","109","352","10","1552","5006","780","[{""language"":""reStructuredText"",""blankLines"":501,""codeLines"":1122,""commentLines"":106},{""language"":""Markdown"",""blankLines"":10,""codeLines"":36,""commentLines"":0},{""language"":""HTML"",""blankLines"":2,""codeLines"":145,""commentLines"":0},{""language"":""INI"",""blankLines"":11,""codeLines"":78,""commentLines"":2},{""language"":""YAML"",""blankLines"":20,""codeLines"":104,""commentLines"":0},{""language"":""make"",""blankLines"":21,""codeLines"":105,""commentLines"":4},{""language"":""TOML"",""blankLines"":9,""codeLines"":72,""commentLines"":1},{""language"":""Python"",""blankLines"":953,""codeLines"":3145,""commentLines"":664},{""language"":""CSS"",""blankLines"":0,""codeLines"":54,""commentLines"":0},{""language"":""DOS Batch"",""blankLines"":21,""codeLines"":133,""commentLines"":1},{""language"":""Bourne Shell"",""blankLines"":4,""codeLines"":12,""commentLines"":2}]","2024-11-02T04:39:02","a2c7e571bf498acd4a7bce24183991be723916c1",true,false,false,false,"{""Python"":151993,""HTML"":5341,""Shell"":638}","almost-ready;bug;compatibility;critical;duplicate;needs-docs;needs-help;needs-review;needs-tests;new-feature;performance;possible-duplicated;python3-support;simple-fix;sync;we need to talk about this;wip",""
"3929022","the-tale/the-tale",false,"3332","3","0","58","Python","develop","BSD 3-Clause New or Revised License","http://the-tale.org","28","283","21","43545","2011-06-24T06:49:48","2024-09-01T12:39:05","2024-09-01T12:38:25","2516","324","248","0","62219","170200","5671","[{""language"":""SVG"",""blankLines"":0,""codeLines"":1,""commentLines"":0},{""language"":""TOML"",""blankLines"":57,""codeLines"":265,""commentLines"":2},{""language"":""PHP"",""blankLines"":22,""codeLines"":129,""commentLines"":15},{""language"":""Bourne Shell"",""blankLines"":137,""codeLines"":320,""commentLines"":10},{""language"":""JavaScript"",""blankLines"":2587,""codeLines"":8931,""commentLines"":946},{""language"":""Markdown"",""blankLines"":374,""codeLines"":729,""commentLines"":0},{""language"":""Protocol Buffers"",""blankLines"":529,""codeLines"":1279,""commentLines"":1551},{""language"":""Text"",""blankLines"":37,""codeLines"":51,""commentLines"":0},{""language"":""YAML"",""blankLines"":561,""codeLines"":1511,""commentLines"":13},{""language"":""Jinja Template"",""blankLines"":89,""codeLines"":228,""commentLines"":0},{""language"":""INI"",""blankLines"":19,""codeLines"":48,""commentLines"":0},{""language"":""reStructuredText"",""blankLines"":8,""codeLines"":15,""commentLines"":0},{""language"":""JSON"",""blankLines"":135,""codeLines"":783,""commentLines"":0},{""language"":""Dockerfile"",""blankLines"":70,""codeLines"":107,""commentLines"":22},{""language"":""Python"",""blankLines"":52338,""codeLines"":131660,""commentLines"":2888},{""language"":""CSS"",""blankLines"":116,""codeLines"":6329,""commentLines"":195},{""language"":""Bourne Again Shell"",""blankLines"":62,""codeLines"":82,""commentLines"":8},{""language"":""HTML"",""blankLines"":4693,""codeLines"":16354,""commentLines"":13},{""language"":""Less"",""blankLines"":385,""codeLines"":1378,""commentLines"":8}]","2024-09-01T12:38:21","7005a55f4825dfba5f2cfb69ee0812162e6531fa",false,false,false,false,"{""Python"":8051947,""HTML"":955149,""JavaScript"":272297,""Less"":32192,""Shell"":13291,""Jinja"":8596,""PHP"":6484,""Dockerfile"":5340,""CSS"":3182}","comp_achievements;comp_api;comp_architecture;comp_cards;comp_chat;comp_clans;comp_cms;comp_companions;comp_discord;comp_docker;comp_emissary;comp_folclor;comp_forum;comp_game_logic;comp_general;comp_graphics;comp_linguistics;comp_market;comp_masters;comp_news;comp_payments;comp_personal_messages;comp_politics;comp_production;comp_pvp;comp_quests;comp_services;comp_textgen;comp_world;cont_analytics;cont_community;cont_content;cont_game_designe;cont_texts;cont_usability;decision required;dependencies;est_hard;est_medium;est_simple;good first issue;service required;type_bug;type_improvement;type_optimization;type_refactoring;type_story;type_task","browser-game;game;game-server;python;russian;zero-player-game;zpg"
"3929083","csingley/ofxtools",false,"1000","1","0","65","Python","master","Other",,"18","272","19","2946","2010-09-14T03:11:05","2024-04-13T07:44:31","2024-04-13T01:09:51","111","9","56","3","6557","27092","7077","[{""language"":""make"",""blankLines"":7,""codeLines"":25,""commentLines"":0},{""language"":""Text"",""blankLines"":3,""codeLines"":18,""commentLines"":0},{""language"":""Python"",""blankLines"":6059,""codeLines"":25909,""commentLines"":6392},{""language"":""reStructuredText"",""blankLines"":480,""codeLines"":637,""commentLines"":676},{""language"":""XML"",""blankLines"":4,""codeLines"":472,""commentLines"":0},{""language"":""YAML"",""blankLines"":4,""codeLines"":31,""commentLines"":9}]","2024-04-13T07:44:31","6ad692e386e0cb82d5903682d89c18be00742c29",true,false,false,false,"{""Python"":1154197,""Makefile"":559}","",""
"3929100","becksteinlab/gromacswrapper",false,"1242","4","17","53","Python","main","GNU General Public License v3.0","https://gromacswrapper.readthedocs.org","12","168","19","12451","2010-04-06T02:08:26","2024-10-07T04:40:05","2024-10-07T04:40:06","163","13","124","2","3571","9371","5342","[{""language"":""Text"",""blankLines"":221,""codeLines"":589,""commentLines"":0},{""language"":""Python"",""blankLines"":3203,""codeLines"":8303,""commentLines"":5262},{""language"":""reStructuredText"",""blankLines"":69,""codeLines"":108,""commentLines"":39},{""language"":""TOML"",""blankLines"":18,""codeLines"":70,""commentLines"":8},{""language"":""Bourne Shell"",""blankLines"":15,""codeLines"":22,""commentLines"":12},{""language"":""YAML"",""blankLines"":31,""codeLines"":219,""commentLines"":15},{""language"":""make"",""blankLines"":14,""codeLines"":60,""commentLines"":6}]","2024-10-07T04:40:02","0052c5b6ef3ee323f611ddbc476024ae45b0d14c",true,false,false,false,"{""Python"":569449,""Shell"":988}","bug;ci;configuration;documentation;enhancement;fileformats;installation;numkit;paper;python3;question;refactor;release;scripts;tests;wontfix;work in progress;wrong results","gromacs;gromacswrapper;molecular-dynamics;python;science"
"3929912","s3tools/s3cmd",false,"1920","11","10","904","Python","master","GNU General Public License v2.0","https://s3tools.org/s3cmd","107","4537","158","5324","2011-06-07T02:08:24","2024-09-11T12:23:26","2024-09-11T12:23:29","910","253","483","44","2106","10142","1717","[{""language"":""Markdown"",""blankLines"":173,""codeLines"":339,""commentLines"":0},{""language"":""Python"",""blankLines"":1907,""codeLines"":9467,""commentLines"":1704},{""language"":""make"",""blankLines"":5,""codeLines"":34,""commentLines"":5},{""language"":""YAML"",""blankLines"":6,""codeLines"":68,""commentLines"":1},{""language"":""Text"",""blankLines"":0,""codeLines"":2,""commentLines"":0},{""language"":""Perl"",""blankLines"":11,""codeLines"":206,""commentLines"":6},{""language"":""Dockerfile"",""blankLines"":3,""codeLines"":21,""commentLines"":0},{""language"":""Bourne Shell"",""blankLines"":1,""codeLines"":5,""commentLines"":1}]","2024-09-11T12:23:17","10aea0918082ea87723a7e6754133283883bcfa7",true,false,false,false,"{""Python"":540190,""Roff"":23381,""Perl"":7178,""Makefile"":1687,""Dockerfile"":529,""Shell"":350}","duplicate;feature-request;investigation-needed;not-a-bug;to-be-fixed;waiting-feedback","backup;cli;hacktoberfest;python;s3;s3cmd;storage-service"
"3929939","pika/pika",false,"2520","2","25","841","Python","main","BSD 3-Clause New or Revised License","https://pika.readthedocs.io","111","3562","166","7948","2009-10-19T11:22:02","2024-08-19T06:27:04","2024-08-20T05:03:46","840","34","600","4","8532","24948","8314","[{""language"":""YAML"",""blankLines"":21,""codeLines"":167,""commentLines"":49},{""language"":""Markdown"",""blankLines"":311,""codeLines"":2270,""commentLines"":0},{""language"":""JSON"",""blankLines"":0,""codeLines"":7,""commentLines"":0},{""language"":""make"",""blankLines"":24,""codeLines"":124,""commentLines"":5},{""language"":""Text"",""blankLines"":0,""codeLines"":7,""commentLines"":0},{""language"":""PowerShell"",""blankLines"":38,""codeLines"":130,""commentLines"":0},{""language"":""reStructuredText"",""blankLines"":486,""codeLines"":1393,""commentLines"":253},{""language"":""TOML"",""blankLines"":7,""codeLines"":53,""commentLines"":0},{""language"":""Python"",""blankLines"":7645,""codeLines"":20797,""commentLines"":8007}]","2024-07-22T08:35:55","96a92379346285a8f53dd0b3f76cb26f45baf350",false,false,false,false,"{""Python"":1272377}","blockingconnection;documentation;duplicate;enhancement;feature request;mailing-list;needs more info;needs volunteer;pending fix;pending investigation;question;resolved for next version;thinking;tornadoconnection;user error","amqp0-9-1;client;python;rabbitmq"
"3929948","websocket-client/websocket-client",false,"1281","10","28","767","Python","master","Apache License 2.0","https://github.com/websocket-client/websocket-client","86","3581","190","1415","2010-12-28T06:35:25","2024-11-05T11:11:59","2024-11-05T11:12:04","659","24","335","4","1393","11005","1514","[{""language"":""Text"",""blankLines"":3,""codeLines"":20,""commentLines"":0},{""language"":""reStructuredText"",""blankLines"":356,""codeLines"":629,""commentLines"":401},{""language"":""HTML"",""blankLines"":44,""codeLines"":5879,""commentLines"":0},{""language"":""Python"",""blankLines"":899,""codeLines"":4091,""commentLines"":1081},{""language"":""JSON"",""blankLines"":0,""codeLines"":9,""commentLines"":0},{""language"":""DOS Batch"",""blankLines"":8,""codeLines"":26,""commentLines"":1},{""language"":""Bourne Shell"",""blankLines"":7,""codeLines"":8,""commentLines"":16},{""language"":""INI"",""blankLines"":0,""codeLines"":8,""commentLines"":0},{""language"":""Markdown"",""blankLines"":52,""codeLines"":172,""commentLines"":0},{""language"":""make"",""blankLines"":4,""codeLines"":9,""commentLines"":7},{""language"":""YAML"",""blankLines"":20,""codeLines"":154,""commentLines"":8}]","2024-11-05T11:11:59","52329c4956f88133f45ecd510668776cd8a96ebf",true,false,false,false,"{""Python"":187030}","bug;duplicate;enhancement","python;rfc-6455;websocket;websocket-client;websockets;websockets-client"
"3929952","kozea/pygal",false,"1058","6","2","411","Python","master","GNU Lesser General Public License v3.0","https://www.pygal.org","125","2632","59","7991","2011-09-23T10:17:50","2024-08-12T02:55:28","2024-08-13T04:00:59","421","174","144","23","3585","11418","4761","[{""language"":""Nix"",""blankLines"":1,""codeLines"":13,""commentLines"":0},{""language"":""TOML"",""blankLines"":2,""codeLines"":22,""commentLines"":1},{""language"":""reStructuredText"",""blankLines"":1413,""codeLines"":1567,""commentLines"":2066},{""language"":""INI"",""blankLines"":2,""codeLines"":16,""commentLines"":0},{""language"":""Markdown"",""blankLines"":29,""codeLines"":43,""commentLines"":0},{""language"":""Python"",""blankLines"":2000,""codeLines"":9070,""commentLines"":2628},{""language"":""CSS"",""blankLines"":82,""codeLines"":277,""commentLines"":60},{""language"":""make"",""blankLines"":42,""codeLines"":192,""commentLines"":6},{""language"":""Jinja Template"",""blankLines"":14,""codeLines"":102,""commentLines"":0},{""language"":""YAML"",""blankLines"":0,""codeLines"":46,""commentLines"":0},{""language"":""JavaScript"",""blankLines"":0,""codeLines"":64,""commentLines"":0},{""language"":""Text"",""blankLines"":0,""codeLines"":6,""commentLines"":0}]","2024-08-12T02:54:41","b7c8f2a49e029f4fca043244d3b7d5ca4bec4c47",true,false,false,false,"{""Python"":375177,""CSS"":8542,""Makefile"":875,""Nix"":226}","bug;feature request (aka feel free to make a pull request);question;sprint;technical support",""
"3930006","lmfit/lmfit-py",false,"2862","4","37","275","Python","master","Other","https://lmfit.github.io/lmfit-py/","31","1072","68","355845","2011-08-01T12:13:19","2024-11-05T04:45:52","2024-11-05T04:19:06","372","2","519","1","6556","16281","7568","[{""language"":""JSON"",""blankLines"":16,""codeLines"":59,""commentLines"":0},{""language"":""HTML"",""blankLines"":25,""codeLines"":296,""commentLines"":0},{""language"":""Python"",""blankLines"":4715,""codeLines"":11891,""commentLines"":5468},{""language"":""CSS"",""blankLines"":75,""codeLines"":352,""commentLines"":16},{""language"":""Text"",""blankLines"":18,""codeLines"":54,""commentLines"":0},{""language"":""Bourne Shell"",""blankLines"":10,""codeLines"":31,""commentLines"":1},{""language"":""CSV"",""blankLines"":0,""codeLines"":102,""commentLines"":0},{""language"":""Markdown"",""blankLines"":44,""codeLines"":132,""commentLines"":32},{""language"":""make"",""blankLines"":22,""codeLines"":105,""commentLines"":4},{""language"":""YAML"",""blankLines"":24,""codeLines"":357,""commentLines"":11},{""language"":""TOML"",""blankLines"":10,""codeLines"":133,""commentLines"":0},{""language"":""Jupyter Notebook"",""blankLines"":0,""codeLines"":126,""commentLines"":583},{""language"":""reStructuredText"",""blankLines"":1588,""codeLines"":2610,""commentLines"":1452},{""language"":""DOS Batch"",""blankLines"":9,""codeLines"":33,""commentLines"":1}]","2024-11-05T04:17:31","39354856fa8b32db71bf9b02690ec90674aabd75",true,false,false,false,"{""Python"":664471,""Shell"":1010}","outdated;rude user -  did not follow instructions;wont fix","curve-fitting;least-squares;python;scipy"
"3930029","spritelink/nipap",false,"3152","9","0","132","Python","master","MIT License","https://spritelink.github.io/NIPAP/","27","540","36","57184","2011-07-22T09:14:49","2024-11-04T09:00:28","2024-11-04T09:00:33","900","210","503","20","7692","27464","8606","[{""language"":""Java"",""blankLines"":718,""codeLines"":1869,""commentLines"":813},{""language"":""reStructuredText"",""blankLines"":368,""codeLines"":1170,""commentLines"":27},{""language"":""XML"",""blankLines"":3,""codeLines"":18,""commentLines"":0},{""language"":""HTML"",""blankLines"":365,""codeLines"":2225,""commentLines"":21},{""language"":""Gradle"",""blankLines"":6,""codeLines"":15,""commentLines"":18},{""language"":""Dockerfile"",""blankLines"":17,""codeLines"":68,""commentLines"":62},{""language"":""SVG"",""blankLines"":0,""codeLines"":229,""commentLines"":0},{""language"":""Text"",""blankLines"":1,""codeLines"":64,""commentLines"":0},{""language"":""Python"",""blankLines"":4842,""codeLines"":16509,""commentLines"":6067},{""language"":""CSS"",""blankLines"":147,""codeLines"":891,""commentLines"":53},{""language"":""MATLAB"",""blankLines"":5,""codeLines"":22,""commentLines"":5},{""language"":""Bourne Shell"",""blankLines"":116,""codeLines"":676,""commentLines"":121},{""language"":""YAML"",""blankLines"":35,""codeLines"":242,""commentLines"":27},{""language"":""Markdown"",""blankLines"":76,""codeLines"":195,""commentLines"":0},{""language"":""Ant"",""blankLines"":10,""codeLines"":48,""commentLines"":0},{""language"":""make"",""blankLines"":133,""codeLines"":533,""commentLines"":64},{""language"":""JavaScript"",""blankLines"":850,""codeLines"":2690,""commentLines"":1328}]","2024-11-04T09:00:28","145fcf481b008969de047517222e9440cead4d37",true,false,false,false,"{""Python"":963583,""JavaScript"":134213,""PLSQL"":92199,""Java"":90789,""HTML"":80931,""Shell"":24586,""CSS"":24149,""Makefile"":17409,""MATLAB"":896}","backend;bug;build / packaging;cli client;db schema change;dependencies;design-decision;documentation;feature / enhancement;jnipap;low-hanging-fruit;nso-nipap;performance;py3;pynipap;rest;security;test;www-ui",""
"3930035","cornices/cornice",false,"1189","3","36","149","Python","main","Other","https://cornice.readthedocs.io","24","384","95","1762","2011-10-12T01:17:51","2024-11-04T09:17:53","2024-11-04T09:17:56","241","49","347","1","2520","5700","1666","[{""language"":""DOS Batch"",""blankLines"":21,""codeLines"":148,""commentLines"":1},{""language"":""YAML"",""blankLines"":21,""codeLines"":135,""commentLines"":0},{""language"":""Markdown"",""blankLines"":23,""codeLines"":41,""commentLines"":0},{""language"":""make"",""blankLines"":30,""codeLines"":140,""commentLines"":4},{""language"":""Text"",""blankLines"":242,""codeLines"":583,""commentLines"":0},{""language"":""reStructuredText"",""blankLines"":751,""codeLines"":808,""commentLines"":670},{""language"":""INI"",""blankLines"":4,""codeLines"":26,""commentLines"":0},{""language"":""TOML"",""blankLines"":10,""codeLines"":58,""commentLines"":5},{""language"":""Python"",""blankLines"":1418,""codeLines"":3761,""commentLines"":986}]","2024-11-04T09:17:51","cd6d2f614940c472e2363db67050e8934e8d14dc",false,false,false,false,"{""Python"":218121,""Makefile"":1155}","blocked;bug;cornice 2.0;dependencies;documentation;easy;github_actions;missing-tests;productivity;python;question;refactoring;resource;schema-validation;sphinx-ext",""
"3930540","multani/sonata",false,"1923","2","1","41","Python","master","GNU General Public License v3.0",,"11","124","24","10973","2010-04-28T05:49:51","2024-05-22T08:52:19","2024-05-22T08:52:24","68","34","84","6","11617","38945","12244","[{""language"":""Glade"",""blankLines"":2,""codeLines"":4860,""commentLines"":21},{""language"":""HTML"",""blankLines"":103,""codeLines"":853,""commentLines"":0},{""language"":""Python"",""blankLines"":1921,""codeLines"":9323,""commentLines"":2008},{""language"":""CSS"",""blankLines"":42,""codeLines"":92,""commentLines"":0},{""language"":""PO File"",""blankLines"":9464,""codeLines"":23628,""commentLines"":10149},{""language"":""Bourne Shell"",""blankLines"":11,""codeLines"":35,""commentLines"":34},{""language"":""reStructuredText"",""blankLines"":74,""codeLines"":154,""commentLines"":32}]","2024-05-22T08:52:19","4ff3460c33bd1f632d325619dd717ccfd34421d4",true,false,false,false,"{""Python"":524431,""HTML"":52507,""CSS"":2956,""Shell"":2349,""Roff"":1383}","bug;new feature;on hold;unreproducible",""
"3930763","hhru/frontik",false,"2986","764","3","11","Python","master",,,"96","45","52","5228","2010-08-09T05:13:13","2024-11-08T05:51:38","2024-11-08T09:27:28","19","0","735","6","2461","8960","172","[{""language"":""TOML"",""blankLines"":14,""codeLines"":125,""commentLines"":11},{""language"":""INI"",""blankLines"":1,""codeLines"":10,""commentLines"":0},{""language"":""HTML"",""blankLines"":0,""codeLines"":4,""commentLines"":0},{""language"":""Python"",""blankLines"":2092,""codeLines"":6810,""commentLines"":134},{""language"":""JSON"",""blankLines"":0,""codeLines"":3,""commentLines"":0},{""language"":""XML"",""blankLines"":0,""codeLines"":4,""commentLines"":0},{""language"":""Elixir"",""blankLines"":3,""codeLines"":10,""commentLines"":0},{""language"":""Bourne Shell"",""blankLines"":0,""codeLines"":5,""commentLines"":0},{""language"":""XSLT"",""blankLines"":149,""codeLines"":1031,""commentLines"":14},{""language"":""YAML"",""blankLines"":138,""codeLines"":741,""commentLines"":12},{""language"":""Markdown"",""blankLines"":61,""codeLines"":208,""commentLines"":0},{""language"":""Dockerfile"",""blankLines"":3,""codeLines"":9,""commentLines"":1}]","2024-11-08T09:25:27","2d78c9f1b1cdb5f74bad1099bd5358414f0d2090",true,false,false,false,"{""Python"":310648,""XSLT"":88326,""HTML"":255,""Euphoria"":191,""Elixir"":191,""Shell"":168}","dependencies;github_actions;idea;python;wip","crab-fetch;python;tornado"
"3931578","glideinwms/glideinwms",false,"9157","652","9","45","Python","master","Apache License 2.0","http://tinyurl.com/glideinwms","10","16","29","136787","2011-06-01T06:43:35","2024-09-25T07:33:55","2024-09-25T07:34:01","144","52","297","10","17687","109940","21006","[{""language"":""TOML"",""blankLines"":4,""codeLines"":22,""commentLines"":21},{""language"":""Bourne Again Shell"",""blankLines"":471,""codeLines"":3477,""commentLines"":747},{""language"":""Awk"",""blankLines"":16,""codeLines"":132,""commentLines"":28},{""language"":""INI"",""blankLines"":25,""codeLines"":138,""commentLines"":0},{""language"":""HTML"",""blankLines"":2399,""codeLines"":43900,""commentLines"":520},{""language"":""Text"",""blankLines"":324,""codeLines"":2878,""commentLines"":0},{""language"":""Python"",""blankLines"":11294,""codeLines"":41094,""commentLines"":14778},{""language"":""CSS"",""blankLines"":83,""codeLines"":858,""commentLines"":44},{""language"":""JavaScript"",""blankLines"":31,""codeLines"":357,""commentLines"":45},{""language"":""Markdown"",""blankLines"":265,""codeLines"":684,""commentLines"":48},{""language"":""Bourne Shell"",""blankLines"":2088,""codeLines"":10531,""commentLines"":4254},{""language"":""Perl"",""blankLines"":86,""codeLines"":606,""commentLines"":134},{""language"":""YAML"",""blankLines"":531,""codeLines"":2787,""commentLines"":275},{""language"":""Jinja Template"",""blankLines"":0,""codeLines"":6,""commentLines"":0},{""language"":""Dockerfile"",""blankLines"":41,""codeLines"":90,""commentLines"":54},{""language"":""XML"",""blankLines"":24,""codeLines"":2377,""commentLines"":50},{""language"":""reStructuredText"",""blankLines"":5,""codeLines"":3,""commentLines"":8}]","2024-09-25T07:33:55","c6b9511803ef7d2316fedcae90cbaceedec9d437",true,false,false,false,"{""Python"":2473787,""Shell"":863665,""HTML"":495228,""Perl"":32501,""JavaScript"":15669,""Dockerfile"":5693,""Awk"":4690,""Jinja"":174}","bug;ci-testing;cms;critical;documentation;dune;enhancement;factory;factory-mon;factoryops;feature;fermilab;fife;frontend;frontend-mon;glidein;good first issue;hepcloud;high;idea;igwn;low;medium;osg;other;other-sh;question;rel:3.11.0;rel:3.9.6;rel:3.9.7;release;support",""
"3931661","trentm/python-markdown2",false,"1233","2","0","433","Python","master","Other",,"60","2659","66","2363","2011-01-31T12:30:02","2024-11-02T07:52:57","2024-11-03T09:10:13","335","79","274","4","5906","16816","3669","[{""language"":""Diff"",""blankLines"":47,""codeLines"":137,""commentLines"":183},{""language"":""Text"",""blankLines"":1642,""codeLines"":3446,""commentLines"":0},{""language"":""Python"",""blankLines"":1555,""codeLines"":5282,""commentLines"":2297},{""language"":""PHP"",""blankLines"":243,""codeLines"":863,""commentLines"":435},{""language"":""INI"",""blankLines"":2,""codeLines"":9,""commentLines"":0},{""language"":""HTML"",""blankLines"":1567,""codeLines"":4773,""commentLines"":28},{""language"":""make"",""blankLines"":9,""codeLines"":29,""commentLines"":2},{""language"":""YAML"",""blankLines"":0,""codeLines"":29,""commentLines"":0},{""language"":""Perl"",""blankLines"":536,""codeLines"":1495,""commentLines"":724},{""language"":""Markdown"",""blankLines"":305,""codeLines"":753,""commentLines"":0}]","2024-11-02T07:52:56","1f314c1eb58daba8b4bcbda00de8c58845962b84",true,false,false,false,"{""Python"":333100,""HTML"":251961,""Perl"":67272,""PHP"":43291,""Makefile"":908}","bug;feature;priority;tech debt",""
"3931680","getlogbook/logbook",false,"1378","11","6","164","Python","develop","Other","http://logbook.readthedocs.org","36","1476","64","2112","2010-07-22T10:13:12","2024-10-26T04:23:22","2024-10-26T04:23:25","180","43","216","5","2741","8699","2090","[{""language"":""TOML"",""blankLines"":11,""codeLines"":57,""commentLines"":0},{""language"":""DOS Batch"",""blankLines"":21,""codeLines"":133,""commentLines"":1},{""language"":""reStructuredText"",""blankLines"":486,""codeLines"":1250,""commentLines"":244},{""language"":""Python"",""blankLines"":2094,""codeLines"":6593,""commentLines"":1800},{""language"":""make"",""blankLines"":32,""codeLines"":130,""commentLines"":4},{""language"":""HTML"",""blankLines"":3,""codeLines"":26,""commentLines"":0},{""language"":""Cython"",""blankLines"":54,""codeLines"":224,""commentLines"":30},{""language"":""YAML"",""blankLines"":31,""codeLines"":240,""commentLines"":11},{""language"":""Markdown"",""blankLines"":6,""codeLines"":15,""commentLines"":0},{""language"":""INI"",""blankLines"":3,""codeLines"":31,""commentLines"":0}]","2024-10-26T04:23:00","92a6d63cda00eeb7a107b4e7ed7f03617e50edcb",true,false,false,false,"{""Python"":329180,""Cython"":9455,""Batchfile"":1716,""Makefile"":727}","dependencies",""
"3931716","pytest-dev/pytest-django",false,"1289","3","23","342","Python","main","Other","https://pytest-django.readthedocs.io/","42","1392","142","1724","2011-09-29T07:35:55","2024-11-01T01:03:35","2024-11-01T01:36:28","542","156","619","27","2495","6139","1978","[{""language"":""DOS Batch"",""blankLines"":23,""codeLines"":166,""commentLines"":1},{""language"":""INI"",""blankLines"":10,""codeLines"":62,""commentLines"":0},{""language"":""reStructuredText"",""blankLines"":995,""codeLines"":1825,""commentLines"":314},{""language"":""make"",""blankLines"":8,""codeLines"":18,""commentLines"":7},{""language"":""YAML"",""blankLines"":38,""codeLines"":161,""commentLines"":6},{""language"":""JSON"",""blankLines"":0,""codeLines"":9,""commentLines"":0},{""language"":""TOML"",""blankLines"":9,""codeLines"":142,""commentLines"":2},{""language"":""Python"",""blankLines"":1411,""codeLines"":3752,""commentLines"":1648},{""language"":""Text"",""blankLines"":1,""codeLines"":4,""commentLines"":0}]","2024-09-29T02:55:34","1ffc3239387bcfadbd8aecfdfacf3d6b52b947f8",false,false,false,false,"{""Python"":209426,""Makefile"":216}","bitesize;bug;db-configuration;dependencies;documentation;enhancement;fixed-in-3.0;help wanted;invalid;needs-info;needs-test;question;release-blocker;sprint-idea;support;upstream","django;pytest;pytest-plugin;python;python3"
"3931720","m-labs/migen",false,"2052","3","0","209","Python","master","Other","https://m-labs.hk/migen","64","1202","66","3177","2011-12-04T03:46:17","2024-09-30T06:18:11","2024-10-01T12:03:15","130","46","163","11","3092","17784","1748","[{""language"":""reStructuredText"",""blankLines"":184,""codeLines"":310,""commentLines"":83},{""language"":""Python"",""blankLines"":2865,""codeLines"":17028,""commentLines"":1653},{""language"":""make"",""blankLines"":21,""codeLines"":105,""commentLines"":4},{""language"":""Text"",""blankLines"":0,""codeLines"":5,""commentLines"":0},{""language"":""YAML"",""blankLines"":0,""codeLines"":4,""commentLines"":0},{""language"":""Markdown"",""blankLines"":17,""codeLines"":64,""commentLines"":0},{""language"":""TOML"",""blankLines"":2,""codeLines"":39,""commentLines"":0},{""language"":""Bourne Shell"",""blankLines"":2,""codeLines"":7,""commentLines"":7},{""language"":""SVG"",""blankLines"":1,""codeLines"":222,""commentLines"":1}]","2024-09-30T06:18:11","c19ae9f8ae162ffe2d310a92bfce53ac2a821bc8",true,false,false,false,"{""Python"":693596,""Shell"":635}","bug;feature;fixed-in-nmigen;improvement;question",""
"3950057","coderholic/pyradio",false,"1175","1","107","129","Python","master","MIT License","www.coderholic.com/pyradio","31","958","28","5404","2008-09-24T11:51:13","2024-10-17T05:41:19","2024-10-17T05:35:59","191","11","66","0","7256","47976","8374","[{""language"":""DOS Batch"",""blankLines"":31,""codeLines"":219,""commentLines"":39},{""language"":""CSV"",""blankLines"":0,""codeLines"":45,""commentLines"":0},{""language"":""make"",""blankLines"":9,""codeLines"":36,""commentLines"":0},{""language"":""Bourne Again Shell"",""blankLines"":126,""codeLines"":1186,""commentLines"":96},{""language"":""Text"",""blankLines"":1,""codeLines"":6,""commentLines"":0},{""language"":""Python"",""blankLines"":5144,""codeLines"":38523,""commentLines"":8110},{""language"":""TOML"",""blankLines"":4,""codeLines"":30,""commentLines"":1},{""language"":""Markdown"",""blankLines"":1724,""codeLines"":2999,""commentLines"":38},{""language"":""HTML"",""blankLines"":217,""codeLines"":4932,""commentLines"":90}]","2024-10-17T05:34:19","faef8be21bab15aa4d7f05a3f6d1dd9286b3c639",true,false,false,false,"{""Python"":2077452,""HTML"":142531,""Roff"":97438,""Shell"":43503,""Batchfile"":8384,""Makefile"":895}","beta;bug;cannot-fix;cannot-reproduce;enhancement;help-needed;installation;non-pyradio-problem;postponed;windows",""
"3950419","reactionmechanismgenerator/rmg-database",false,"3933","241","18","139","Python","main",,"http://rmg.mit.edu/database/","37","95","61","215909","2011-06-02T04:09:36","2024-10-26T05:20:15","2024-10-26T05:20:17","150","85","519","40","162287","2037888","929557","[{""language"":""Text"",""blankLines"":16396,""codeLines"":265266,""commentLines"":0},{""language"":""Python"",""blankLines"":145846,""codeLines"":1280486,""commentLines"":926670},{""language"":""DOS Batch"",""blankLines"":2,""codeLines"":7,""commentLines"":3},{""language"":""reStructuredText"",""blankLines"":3,""codeLines"":9,""commentLines"":0},{""language"":""YAML"",""blankLines"":38,""codeLines"":490324,""commentLines"":52},{""language"":""Bourne Shell"",""blankLines"":2,""codeLines"":7,""commentLines"":3},{""language"":""Jupyter Notebook"",""blankLines"":0,""codeLines"":1789,""commentLines"":2829}]","2024-10-26T05:20:13","64dd3b60ae6f9d5c71ee779c1c4a564099500bf0",true,false,false,false,"{""Python"":67295428,""Jupyter Notebook"":962889,""PostScript"":42526,""Batchfile"":379,""Shell"":361}","complexity: low;for next release;priority: critical;priority: high;priority: low;priority: medium;status: abandoned;status: accepted;status: blocked;status: discussion needed;status: review needed;status: under revision;status: wip;topic: aromatics;topic: catalysis;topic: halogens;topic: kinetics;topic: liquid;topic: nitrogen;topic: species representation;topic: sulfur;topic: thermo;topic: tree gen;twin rmg-py pr;type: documentation;type: error;type: feature;type: risk of error",""
"3950811","hivesolutions/colony",false,"2343","2","0","5","Python","master",,"http://getcolony.com","6","23","3","4531","2011-07-13T02:56:01","2024-08-06T10:29:46","2024-08-06T10:29:49","5","0","12","0","5911","12243","12471","[{""language"":""XML"",""blankLines"":0,""codeLines"":25,""commentLines"":0},{""language"":""JSON"",""blankLines"":0,""codeLines"":134,""commentLines"":0},{""language"":""YAML"",""blankLines"":0,""codeLines"":92,""commentLines"":0},{""language"":""Markdown"",""blankLines"":137,""codeLines"":192,""commentLines"":0},{""language"":""Python"",""blankLines"":5774,""codeLines"":11791,""commentLines"":12471},{""language"":""INI"",""blankLines"":0,""codeLines"":6,""commentLines"":0},{""language"":""Text"",""blankLines"":0,""codeLines"":3,""commentLines"":0}]","2024-08-06T10:29:40","f8147ce2a101c10dde96f81c7c9c51e58d6a250e",true,false,false,false,"{""Python"":1032522}","0.5 days ⏲️;1 day ⏲️;2 days ⏲️;3 days ⏲️;5 days ⏲️;annoying 😔;architecture 🏚;back-port 🔮;blocked ⛔;bug;cant-repro;client;core 💎;delayed ⏳;demo 🎈;design;documentation;due-diligence 🕵️‍♀️;duplicate;enhancement;epic;expired;fast-track;feature-request 💡;hacktoberfest-accepted;ignore-actions;incomplete ❕;no-changelog;no-closing;office 🏢;p-high;p-low;p-medium;performance 🚀;poc;project;quick-win;reaper ☠️️;refactor ☢️;regression;release 🚀;review-merge 💪;reward 🏆️;risky ❕;services;side-quest ✨;stale;talk 🎤;testing 👮;triage;trial 🧪;ui-ux-review 🕵️‍;ui-validated 🌈;unit-testing;user-story;wontfix","colony;engine;framework;modularity;module;plugin;system"
"3951053","carltongibson/django-filter",false,"1330","2","23","768","Python","main","Other","https://django-filter.readthedocs.io/en/main/","68","4418","195","2286","2009-01-30T12:35:57","2024-09-16T09:24:47","2024-09-16T09:23:12","828","57","757","21","4436","12991","2066","[{""language"":""HTML"",""blankLines"":2,""codeLines"":16,""commentLines"":0},{""language"":""reStructuredText"",""blankLines"":261,""codeLines"":386,""commentLines"":30},{""language"":""INI"",""blankLines"":7,""codeLines"":40,""commentLines"":0},{""language"":""make"",""blankLines"":28,""codeLines"":133,""commentLines"":5},{""language"":""YAML"",""blankLines"":16,""codeLines"":147,""commentLines"":27},{""language"":""Markdown"",""blankLines"":2,""codeLines"":4,""commentLines"":0},{""language"":""DOS Batch"",""blankLines"":23,""codeLines"":166,""commentLines"":1},{""language"":""PO File"",""blankLines"":897,""codeLines"":2111,""commentLines"":1050},{""language"":""Text"",""blankLines"":839,""codeLines"":1824,""commentLines"":0},{""language"":""TOML"",""blankLines"":7,""codeLines"":53,""commentLines"":0},{""language"":""Python"",""blankLines"":2354,""codeLines"":8111,""commentLines"":953}]","2024-09-16T09:23:08","3656174bd90d20f3d916fd98b6476c270013b681",false,false,false,false,"{""Python"":367763,""HTML"":517,""Makefile"":145}","bug;dependencies;documentation;improvement/feature;in progress;needs info;optimisation/cleanup;question;testing/process",""
"3951210","tanghaibao/goatools",false,"1571","2","0","210","Python","main","BSD 2-Clause Simplified License",,"23","780","27","60304","2010-01-15T07:15:21","2024-11-09T05:08:54","2024-11-09T05:09:00","214","45","93","0","4864","346985","84377","[{""language"":""Markdown"",""blankLines"":333,""codeLines"":1013,""commentLines"":0},{""language"":""SQL"",""blankLines"":1,""codeLines"":5013,""commentLines"":0},{""language"":""Jupyter Notebook"",""blankLines"":0,""codeLines"":803,""commentLines"":8575},{""language"":""Bourne Shell"",""blankLines"":13,""codeLines"":33,""commentLines"":2},{""language"":""SVG"",""blankLines"":0,""codeLines"":1,""commentLines"":0},{""language"":""reStructuredText"",""blankLines"":12,""codeLines"":14,""commentLines"":7},{""language"":""make"",""blankLines"":104,""codeLines"":528,""commentLines"":84},{""language"":""YAML"",""blankLines"":6,""codeLines"":24,""commentLines"":0},{""language"":""TOML"",""blankLines"":1,""codeLines"":12,""commentLines"":0},{""language"":""Python"",""blankLines"":4312,""codeLines"":195764,""commentLines"":75709},{""language"":""Text"",""blankLines"":82,""codeLines"":143780,""commentLines"":0}]","2024-11-09T05:08:53","2dfb6af9f58f5781a6d5aa9b958a91111a0df4d5",true,false,false,false,"{""Python"":146692437,""Jupyter Notebook"":323913,""Makefile"":25151,""Shell"":1107}","backlog;bug;enhancement;help wanted;high priority;infrastructure;todo;visualization","bioinfomatics;fdr;fdr-benjamini;fisher-tests;gene-ontology;gene-set-enrichment;genomics;goslim-terms;holm-sidak;sidak"
"3951599","pyudev/pyudev",false,"1166","11","0","49","Python","master","GNU Lesser General Public License v2.1","http://pyudev.readthedocs.org","9","160","19","1929","2010-05-02T09:35:15","2024-05-16T07:49:39","2024-05-21T07:19:03","183","46","318","7","2306","4286","3709","[{""language"":""Python"",""blankLines"":1662,""codeLines"":3380,""commentLines"":3187},{""language"":""INI"",""blankLines"":0,""codeLines"":3,""commentLines"":0},{""language"":""YAML"",""blankLines"":5,""codeLines"":59,""commentLines"":5},{""language"":""reStructuredText"",""blankLines"":623,""codeLines"":792,""commentLines"":505},{""language"":""HTML"",""blankLines"":5,""codeLines"":21,""commentLines"":0},{""language"":""make"",""blankLines"":11,""codeLines"":28,""commentLines"":12},{""language"":""TOML"",""blankLines"":0,""codeLines"":3,""commentLines"":0}]","2024-05-16T05:09:48","8b758cd9d75d575075c3ada9e1370d71bf8035c8",true,false,false,false,"{""Python"":275291,""Makefile"":1481}","bug;challenging;documentation;duplicate;easy;enhancement;help wanted;in devel;invalid;libudev bug;required for 1.0;speculative;testsuite",""
"3951601","ilius/starcal",false,"1087","11","26","22","Python","main","GNU Affero General Public License v3.0","https://ilius.github.io/starcal/","14","153","8","7941","2011-03-13T12:25:11","2024-10-31T11:58:27","2024-10-31T11:52:00","59","2","15","0","9116","56578","8161","[{""language"":""Bourne Again Shell"",""blankLines"":58,""codeLines"":193,""commentLines"":11},{""language"":""Text"",""blankLines"":22,""codeLines"":471,""commentLines"":0},{""language"":""Python"",""blankLines"":7163,""codeLines"":46609,""commentLines"":7884},{""language"":""DOS Batch"",""blankLines"":4,""codeLines"":5,""commentLines"":7},{""language"":""JSON"",""blankLines"":0,""codeLines"":2053,""commentLines"":0},{""language"":""XML"",""blankLines"":0,""codeLines"":970,""commentLines"":0},{""language"":""Dockerfile"",""blankLines"":14,""codeLines"":32,""commentLines"":0},{""language"":""reStructuredText"",""blankLines"":19,""codeLines"":11,""commentLines"":25},{""language"":""YAML"",""blankLines"":12,""codeLines"":34,""commentLines"":37},{""language"":""Markdown"",""blankLines"":18,""codeLines"":43,""commentLines"":0},{""language"":""PO File"",""blankLines"":1361,""codeLines"":3199,""commentLines"":34},{""language"":""Bourne Shell"",""blankLines"":424,""codeLines"":1357,""commentLines"":161},{""language"":""SVG"",""blankLines"":21,""codeLines"":1601,""commentLines"":2}]","2024-10-31T11:51:18","658596342d82b7eed9252741743062676243d4b6",true,false,false,false,"{""Python"":1561615,""Shell"":50532,""Dockerfile"":1226,""Batchfile"":539}","bug;discussion;feature",""
"3951604","opensuse/osc",false,"5105","22","0","185","Python","master","GNU General Public License v2.0","http://openbuildservice.org/","40","169","127","13127","2011-09-23T08:43:05","2024-11-08T12:51:22","2024-11-08T12:51:24","658","89","994","14","8121","36954","6406","[{""language"":""Text"",""blankLines"":0,""codeLines"":3,""commentLines"":0},{""language"":""Cucumber"",""blankLines"":511,""codeLines"":2120,""commentLines"":62},{""language"":""Python"",""blankLines"":6954,""codeLines"":31073,""commentLines"":6072},{""language"":""CSS"",""blankLines"":0,""codeLines"":3,""commentLines"":0},{""language"":""XML"",""blankLines"":56,""codeLines"":300,""commentLines"":1},{""language"":""Bourne Again Shell"",""blankLines"":24,""codeLines"":1840,""commentLines"":19},{""language"":""reStructuredText"",""blankLines"":140,""codeLines"":142,""commentLines"":96},{""language"":""Fortran 77"",""blankLines"":0,""codeLines"":1,""commentLines"":0},{""language"":""Containerfile"",""blankLines"":5,""codeLines"":35,""commentLines"":1},{""language"":""Bourne Shell"",""blankLines"":188,""codeLines"":392,""commentLines"":84},{""language"":""zsh"",""blankLines"":32,""codeLines"":219,""commentLines"":35},{""language"":""INI"",""blankLines"":7,""codeLines"":28,""commentLines"":1},{""language"":""make"",""blankLines"":4,""codeLines"":9,""commentLines"":7},{""language"":""YAML"",""blankLines"":90,""codeLines"":418,""commentLines"":24},{""language"":""Markdown"",""blankLines"":106,""codeLines"":249,""commentLines"":0},{""language"":""C Shell"",""blankLines"":0,""codeLines"":14,""commentLines"":0},{""language"":""Fish Shell"",""blankLines"":4,""codeLines"":108,""commentLines"":4}]","2024-11-08T12:50:47","31f65dd37ed2d088daf04c858772ae931adf1425",true,false,false,false,"{""Python"":1623475,""Shell"":99779,""Gherkin"":96977,""Perl"":13433,""Dockerfile"":1099,""BitBake"":31,""Rebol"":23}","bug;deferred;documentation;feature;incomplete;obs change required",""
"3951678","beaker-project/beaker",false,"8202","79","14","41","Python","python-3","GNU General Public License v2.0","http://beaker-project.org/","20","79","50","27462","2010-09-26T11:21:50","2024-11-07T06:46:39","2024-11-07T06:46:43","79","28","149","6","36571","168956","49664","[{""language"":""reStructuredText"",""blankLines"":4859,""codeLines"":12507,""commentLines"":2006},{""language"":""Markdown"",""blankLines"":53,""codeLines"":134,""commentLines"":0},{""language"":""Bourne Shell"",""blankLines"":122,""codeLines"":658,""commentLines"":135},{""language"":""JavaScript"",""blankLines"":2343,""codeLines"":14691,""commentLines"":7837},{""language"":""make"",""blankLines"":81,""codeLines"":293,""commentLines"":56},{""language"":""YAML"",""blankLines"":36,""codeLines"":307,""commentLines"":21},{""language"":""XML"",""blankLines"":6,""codeLines"":3441,""commentLines"":14},{""language"":""SQL"",""blankLines"":10525,""codeLines"":47935,""commentLines"":15680},{""language"":""SVG"",""blankLines"":1,""codeLines"":89,""commentLines"":1},{""language"":""INI"",""blankLines"":1,""codeLines"":4,""commentLines"":0},{""language"":""HTML"",""blankLines"":12,""codeLines"":2766,""commentLines"":16},{""language"":""Python"",""blankLines"":15346,""codeLines"":80683,""commentLines"":23504},{""language"":""CSS"",""blankLines"":47,""codeLines"":408,""commentLines"":44},{""language"":""Text"",""blankLines"":2902,""codeLines"":3287,""commentLines"":0},{""language"":""Less"",""blankLines"":189,""codeLines"":1518,""commentLines"":299},{""language"":""Bourne Again Shell"",""blankLines"":40,""codeLines"":196,""commentLines"":51},{""language"":""Mako"",""blankLines"":8,""codeLines"":20,""commentLines"":0},{""language"":""CSV"",""blankLines"":0,""codeLines"":19,""commentLines"":0}]","2024-11-07T06:46:39","11cf7b7b0b3d8c7da90516ce2e74be509b1c2d00",false,false,false,false,"{""Python"":5019313,""JavaScript"":820769,""HTML"":112309,""Genshi"":103483,""Less"":51721,""Shell"":30802,""Makefile"":5060,""Mako"":662,""CSS"":376}","bug;docs;duplicate;enhancement;good first issue;help wanted;maintenance;question","beaker;hacktoberfest;infrastructure;lab-automation;netboot;provisioning;pxe;python;testing"
"3951946","django-haystack/django-haystack",false,"1925","19","15","1305","Python","master","Other","http://haystacksearch.org/","113","3611","186","4511","2009-01-29T08:23:57","2024-11-04T11:41:03","2024-11-05T09:31:38","1190","436","791","143","9249","32561","5652","[{""language"":""Windows Resource File"",""blankLines"":18,""codeLines"":173,""commentLines"":0},{""language"":""JSON"",""blankLines"":0,""codeLines"":460,""commentLines"":0},{""language"":""TOML"",""blankLines"":10,""codeLines"":94,""commentLines"":1},{""language"":""make"",""blankLines"":14,""codeLines"":62,""commentLines"":4},{""language"":""YAML"",""blankLines"":22,""codeLines"":204,""commentLines"":10},{""language"":""Text"",""blankLines"":1,""codeLines"":16,""commentLines"":0},{""language"":""INI"",""blankLines"":10,""codeLines"":67,""commentLines"":0},{""language"":""XML"",""blankLines"":715,""codeLines"":1708,""commentLines"":2600},{""language"":""reStructuredText"",""blankLines"":2858,""codeLines"":8029,""commentLines"":695},{""language"":""Markdown"",""blankLines"":22,""codeLines"":86,""commentLines"":0},{""language"":""Bourne Shell"",""blankLines"":23,""codeLines"":57,""commentLines"":9},{""language"":""HTML"",""blankLines"":3,""codeLines"":54,""commentLines"":0},{""language"":""Python"",""blankLines"":5553,""codeLines"":21522,""commentLines"":2333},{""language"":""CSS"",""blankLines"":0,""codeLines"":29,""commentLines"":0}]","2024-10-28T02:55:27","22655c6a2d1b819470df88258b6fd4af21b15701",false,false,false,false,"{""Python"":1022788,""Shell"":2974,""HTML"":1434}","awaiting reply;backend : all;backend : elasticsearch;backend : solr;backend : whoosh;backend : xapian;boost;bug;decision needed;dependency updates;documentation;facet;feature;forms;hacktoberfest;highlight;highpriority;indexes;needs review;needs test;performance;query;question;refactor;settings;simple;someday;spelling;templatetags;views;volunteers needed;wontfix",""
"3951956","python-markdown/markdown",false,"1599","18","4","861","Python","master","BSD 3-Clause New or Revised License","https://python-markdown.github.io/","75","3759","149","3595","2010-05-29T02:59:45","2024-10-01T05:06:59","2024-10-03T12:10:01","890","29","584","0","11670","34703","7056","[{""language"":""TOML"",""blankLines"":7,""codeLines"":91,""commentLines"":1},{""language"":""HTML"",""blankLines"":931,""codeLines"":9767,""commentLines"":11},{""language"":""Text"",""blankLines"":5164,""codeLines"":7236,""commentLines"":0},{""language"":""Python"",""blankLines"":3344,""codeLines"":10959,""commentLines"":6963},{""language"":""CSS"",""blankLines"":20,""codeLines"":81,""commentLines"":9},{""language"":""Bourne Shell"",""blankLines"":6,""codeLines"":22,""commentLines"":3},{""language"":""INI"",""blankLines"":7,""codeLines"":39,""commentLines"":0},{""language"":""make"",""blankLines"":7,""codeLines"":49,""commentLines"":2},{""language"":""Jinja Template"",""blankLines"":5,""codeLines"":37,""commentLines"":0},{""language"":""YAML"",""blankLines"":36,""codeLines"":444,""commentLines"":11},{""language"":""XHTML"",""blankLines"":303,""codeLines"":907,""commentLines"":2},{""language"":""Markdown"",""blankLines"":1840,""codeLines"":5071,""commentLines"":54}]","2024-10-01T05:06:59","0b5e80efbb83f119e0e38801bf5b5b5864c67cd0",true,false,false,false,"{""Python"":720597,""Makefile"":1136,""Shell"":679}","3rd-party;approved;bug;confirmed;core;docs;duplicate;extension;feature;invalid;more-info-needed;needs-confirmation;needs-decision;needs-review;process;rejected;requires-changes;someday-maybe;support;wontfix;work-in-progress","markdown;markdown-parser;markdown-to-html;python;python-markdown;python3"
"3953197","fabric/fabric",false,"1605","30","0","1927","Python","main","BSD 2-Clause Simplified License","http://fabfile.org","465","14553","17","19293","2009-05-01T01:14:24","2024-04-03T12:10:27","2024-04-03T01:47:39","1740","429","554","48","2140","7739","3889","[{""language"":""INI"",""blankLines"":0,""codeLines"":3,""commentLines"":0},{""language"":""Markdown"",""blankLines"":10,""codeLines"":45,""commentLines"":0},{""language"":""reStructuredText"",""blankLines"":791,""codeLines"":2740,""commentLines"":1382},{""language"":""JSON"",""blankLines"":0,""codeLines"":3,""commentLines"":0},{""language"":""YAML"",""blankLines"":16,""codeLines"":92,""commentLines"":18},{""language"":""Text"",""blankLines"":0,""codeLines"":22,""commentLines"":0},{""language"":""Python"",""blankLines"":1323,""codeLines"":4834,""commentLines"":2489}]","2024-01-26T10:08:21","988dd0fd05db47331cb43d0ea9787908ef33219c",false,false,false,false,"{""Python"":330349}","authentication/keys;awaiting feedback;bug;configuration;connection;contrib;core;decorators;docs;feature;group;invalid;low-hanging fruit;needs changelog/docs;needs investigation;needs patch;needs tests;network;nonstandard platforms;packaging;put()/get();python versions;ready to merge/rebase;refactoring;run();ssh_config;sudo();support;tasks;tests;ui;wart",""
"3953226","xhtml2pdf/xhtml2pdf",false,"1141","7","17","642","Python","master","Apache License 2.0","https://xhtml2pdf.readthedocs.io/","74","2250","139","46745","2011-05-16T01:45:29","2024-10-25T06:33:02","2024-10-25T06:30:08","434","122","352","1","5408","24166","3908","[{""language"":""Dockerfile"",""blankLines"":9,""codeLines"":14,""commentLines"":2},{""language"":""DOS Batch"",""blankLines"":36,""codeLines"":243,""commentLines"":2},{""language"":""TOML"",""blankLines"":22,""codeLines"":202,""commentLines"":15},{""language"":""YAML"",""blankLines"":7,""codeLines"":163,""commentLines"":7},{""language"":""make"",""blankLines"":43,""codeLines"":236,""commentLines"":5},{""language"":""Text"",""blankLines"":75,""codeLines"":301,""commentLines"":0},{""language"":""INI"",""blankLines"":5,""codeLines"":59,""commentLines"":0},{""language"":""XML"",""blankLines"":6,""codeLines"":24,""commentLines"":0},{""language"":""Markdown"",""blankLines"":56,""codeLines"":110,""commentLines"":15},{""language"":""reStructuredText"",""blankLines"":910,""codeLines"":1517,""commentLines"":546},{""language"":""Python"",""blankLines"":2771,""codeLines"":12176,""commentLines"":3071},{""language"":""CSS"",""blankLines"":160,""codeLines"":937,""commentLines"":93},{""language"":""HTML"",""blankLines"":1308,""codeLines"":8184,""commentLines"":152}]","2024-10-25T06:25:43","d97ed6a99af0e4cd6c1e79d2cbe468db7f6d7138",false,false,false,false,"{""Python"":564260,""HTML"":490475,""CSS"":23028,""Makefile"":1493,""Dockerfile"":601}","awaiting triage;bug;css;dependencies;docs;duplicate;feature request;fonts;good first issue;needs reproduction info;platform-specific;question;regression;rtl;tables;tags;wontfix","html-pdf;html-pdf-converter;html-to-pdf;html-to-pdf-converter;pdf;pdf-converter;pdf-generation;pypdf;python;reportlab;reportlab-pdf"
"3953245","kurtmckee/feedparser",false,"1413","7","0","342","Python","develop","Other","https://feedparser.readthedocs.io","46","1970","46","7059","2010-11-26T02:53:24","2024-11-05T02:56:49","2024-11-05T02:56:52","261","82","218","10","3575","22286","12216","[{""language"":""INI"",""blankLines"":19,""codeLines"":101,""commentLines"":0},{""language"":""reStructuredText"",""blankLines"":1981,""codeLines"":3208,""commentLines"":2111},{""language"":""JSON"",""blankLines"":0,""codeLines"":31,""commentLines"":0},{""language"":""XML"",""blankLines"":518,""codeLines"":12856,""commentLines"":8474},{""language"":""YAML"",""blankLines"":21,""codeLines"":159,""commentLines"":4},{""language"":""TOML"",""blankLines"":28,""codeLines"":92,""commentLines"":12},{""language"":""Text"",""blankLines"":0,""codeLines"":52,""commentLines"":0},{""language"":""Python"",""blankLines"":1008,""codeLines"":5782,""commentLines"":1615},{""language"":""CSS"",""blankLines"":0,""codeLines"":5,""commentLines"":0}]","2024-11-05T02:56:47","94897c256969604613f5e7774f3c2b5d8cc1fdcc",false,false,false,false,"{""Python"":267806}","character detection;dates;dependencies;documentation;github_actions;http;invalid;namespace;need-info;parser;performance;python;spam","atom;json;python;rdf;rss"
"3953292","spaam/svtplay-dl",false,"2610","15","0","122","Python","master","MIT License","https://svtplay-dl.se","34","724","55","3482","2011-03-01T04:49:18","2024-11-08T05:29:24","2024-11-08T05:29:19","1391","360","231","17","1969","12614","1663","[{""language"":""INI"",""blankLines"":1,""codeLines"":10,""commentLines"":0},{""language"":""Markdown"",""blankLines"":48,""codeLines"":141,""commentLines"":4},{""language"":""XML"",""blankLines"":1,""codeLines"":3424,""commentLines"":2},{""language"":""make"",""blankLines"":29,""codeLines"":85,""commentLines"":6},{""language"":""YAML"",""blankLines"":5,""codeLines"":186,""commentLines"":3},{""language"":""JSON"",""blankLines"":0,""codeLines"":2,""commentLines"":0},{""language"":""Dockerfile"",""blankLines"":4,""codeLines"":15,""commentLines"":1},{""language"":""Bourne Shell"",""blankLines"":17,""codeLines"":82,""commentLines"":8},{""language"":""TOML"",""blankLines"":0,""codeLines"":3,""commentLines"":0},{""language"":""Python"",""blankLines"":1864,""codeLines"":8652,""commentLines"":1639},{""language"":""Text"",""blankLines"":0,""codeLines"":14,""commentLines"":0}]","2024-11-08T05:23:26","2383b26e1b76f213ae67ee08d76e95edc6630743",false,false,false,false,"{""Python"":472478,""Makefile"":2958,""Shell"":2423,""Dockerfile"":398}","bug;drm;duplicate;feature request;question;windows",""
"3953299","macs3-project/macs",false,"1672","47","28","268","Python","master","BSD 3-Clause New or Revised License","https://macs3-project.github.io/MACS/","49","706","20","580157","2011-03-02T07:40:25","2024-10-30T02:29:00","2024-10-30T02:30:12","532","271","112","2","5744","273469","7639","[{""language"":""TOML"",""blankLines"":2,""codeLines"":36,""commentLines"":0},{""language"":""make"",""blankLines"":16,""codeLines"":47,""commentLines"":10},{""language"":""Bourne Again Shell"",""blankLines"":197,""codeLines"":443,""commentLines"":66},{""language"":""Text"",""blankLines"":4,""codeLines"":246523,""commentLines"":0},{""language"":""Cython"",""blankLines"":17,""codeLines"":62,""commentLines"":9},{""language"":""C"",""blankLines"":472,""codeLines"":4398,""commentLines"":301},{""language"":""Python"",""blankLines"":3865,""codeLines"":16854,""commentLines"":6543},{""language"":""Bourne Shell"",""blankLines"":7,""codeLines"":10,""commentLines"":16},{""language"":""Markdown"",""blankLines"":721,""codeLines"":3126,""commentLines"":1},{""language"":""C/C++ Header"",""blankLines"":351,""codeLines"":1483,""commentLines"":609},{""language"":""YAML"",""blankLines"":84,""codeLines"":461,""commentLines"":83},{""language"":""DOS Batch"",""blankLines"":8,""codeLines"":26,""commentLines"":1}]","2024-10-30T02:29:00","be8db0ae160197a796161f8acc3320c72c3dcffc",true,false,false,false,"{""Python"":1056337,""C"":215881,""Shell"":38084,""C++"":10635,""Cython"":3644,""Makefile"":1433}","bug report;epic;feature request;general question;v1.4;v2;v2.1.3;v2.1.4;v2.1.5;v2.2.4;v2.2.5;v2.2.6;v2.2.7;v2.2.8;v3","atac-seq;chip-seq;dnase-seq;macs;peak-caller;poisson-equation;python"
"3953345","kupferlauncher/kupfer",false,"4588","12","34","64","Python","master","GNU General Public License v3.0","http://kupferlauncher.github.io","22","366","51","10194","2009-03-07T08:25:43","2024-11-01T04:24:45","2024-11-01T04:24:50","131","16","49","0","37824","96084","28679","[{""language"":""TOML"",""blankLines"":23,""codeLines"":162,""commentLines"":7},{""language"":""Python"",""blankLines"":12967,""codeLines"":40989,""commentLines"":9968},{""language"":""Qt"",""blankLines"":9,""codeLines"":1301,""commentLines"":4},{""language"":""make"",""blankLines"":24,""codeLines"":64,""commentLines"":19},{""language"":""XML"",""blankLines"":2,""codeLines"":3,""commentLines"":0},{""language"":""Bourne Shell"",""blankLines"":1,""codeLines"":2,""commentLines"":0},{""language"":""Glade"",""blankLines"":0,""codeLines"":1778,""commentLines"":11},{""language"":""Visualforce Page"",""blankLines"":80,""codeLines"":1170,""commentLines"":0},{""language"":""reStructuredText"",""blankLines"":990,""codeLines"":2409,""commentLines"":279},{""language"":""SVG"",""blankLines"":6,""codeLines"":2677,""commentLines"":17},{""language"":""PO File"",""blankLines"":23722,""codeLines"":45529,""commentLines"":18374}]","2024-11-01T04:24:32","7d542a0da70d8da284c2a96414463c48a9955cc1",true,false,false,false,"{""Python"":1877250,""Shell"":3551,""Makefile"":2035}","bug;enhancement;external bug;help wanted;notabug;project;question;wayland","gplv3;launcher;linux;python"
"3953440","openframeworks/ofsite",false,"2979","7","0","580","Python","master",,"http://openframeworks.cc","36","160","163","110826","2011-12-19T09:45:44","2024-08-17T08:47:02","2024-08-17T08:44:18","240","58","554","10","213421","139663","172636","[{""language"":""Python"",""blankLines"":1472,""codeLines"":45656,""commentLines"":2756},{""language"":""CSS"",""blankLines"":107,""codeLines"":1753,""commentLines"":71},{""language"":""Text"",""blankLines"":0,""codeLines"":1,""commentLines"":0},{""language"":""Markdown"",""blankLines"":208401,""codeLines"":79733,""commentLines"":167527},{""language"":""PHP"",""blankLines"":3,""codeLines"":20,""commentLines"":7},{""language"":""JavaScript"",""blankLines"":2303,""codeLines"":8745,""commentLines"":2091},{""language"":""XSD"",""blankLines"":90,""codeLines"":808,""commentLines"":9},{""language"":""Bourne Shell"",""blankLines"":69,""codeLines"":301,""commentLines"":65},{""language"":""Mako"",""blankLines"":975,""codeLines"":2031,""commentLines"":109},{""language"":""SVG"",""blankLines"":1,""codeLines"":615,""commentLines"":1}]","2024-08-17T08:44:13","99bfb4fd7929e233b87b05758efc36f91505592e",true,false,false,false,"{""Python"":391022,""Mako"":156838,""JavaScript"":112673,""CSS"":38163,""Shell"":15012,""PHP"":776}","documentation",""
"3954830","veusz/veusz",false,"3554","20","55","112","Python","master","GNU General Public License v2.0","https://veusz.github.io/","36","763","34","18566","2011-02-03T03:13:28","2024-08-18T03:20:07","2024-08-18T04:48:57","633","338","82","3","14657","123366","16212","[{""language"":""Text"",""blankLines"":3,""codeLines"":14,""commentLines"":0},{""language"":""Python"",""blankLines"":11601,""codeLines"":41767,""commentLines"":13417},{""language"":""SVG"",""blankLines"":94,""codeLines"":20045,""commentLines"":94},{""language"":""Qt"",""blankLines"":0,""codeLines"":5685,""commentLines"":0},{""language"":""DOS Batch"",""blankLines"":34,""codeLines"":227,""commentLines"":2},{""language"":""CSV"",""blankLines"":5,""codeLines"":18362,""commentLines"":0},{""language"":""C++"",""blankLines"":1532,""codeLines"":9746,""commentLines"":1314},{""language"":""make"",""blankLines"":43,""codeLines"":204,""commentLines"":29},{""language"":""YAML"",""blankLines"":34,""codeLines"":194,""commentLines"":11},{""language"":""C/C++ Header"",""blankLines"":419,""codeLines"":1526,""commentLines"":633},{""language"":""reStructuredText"",""blankLines"":670,""codeLines"":1980,""commentLines"":273},{""language"":""XML"",""blankLines"":0,""codeLines"":22057,""commentLines"":2},{""language"":""Markdown"",""blankLines"":70,""codeLines"":240,""commentLines"":0},{""language"":""XSLT"",""blankLines"":1,""codeLines"":63,""commentLines"":2},{""language"":""C"",""blankLines"":151,""codeLines"":1256,""commentLines"":435}]","2024-08-18T03:20:03","82370a04e8402d63356c346d851396cb2d95d729",true,false,false,false,"{""Python"":2281981,""C++"":498486,""C"":62353,""Makefile"":9638,""NSIS"":9357,""Batchfile"":7250,""XSLT"":2120}","3d;documentation;easyproject;includescode;packaging;suggestion;ui",""
"3955629","nose-devs/nose2",false,"1207","11","0","135","Python","main","Other","https://nose2.io","23","791","66","2262","2011-12-14T03:33:15","2024-09-10T12:57:21","2024-09-10T12:59:45","272","48","350","1","4581","13046","3343","[{""language"":""Python"",""blankLines"":3423,""codeLines"":10578,""commentLines"":2542},{""language"":""INI"",""blankLines"":6,""codeLines"":46,""commentLines"":0},{""language"":""YAML"",""blankLines"":7,""codeLines"":185,""commentLines"":13},{""language"":""Markdown"",""blankLines"":1,""codeLines"":6,""commentLines"":0},{""language"":""make"",""blankLines"":27,""codeLines"":121,""commentLines"":4},{""language"":""Fortran 77"",""blankLines"":10,""codeLines"":29,""commentLines"":3},{""language"":""reStructuredText"",""blankLines"":1072,""codeLines"":1763,""commentLines"":779},{""language"":""DOS Batch"",""blankLines"":28,""codeLines"":212,""commentLines"":1},{""language"":""TOML"",""blankLines"":5,""codeLines"":77,""commentLines"":1},{""language"":""Text"",""blankLines"":2,""codeLines"":29,""commentLines"":0}]","2024-09-10T12:57:20","7ff6809f491ea966ea629fc71511474d5dcedb0c",true,false,false,false,"{""Python"":534879,""Makefile"":326}","1.0.x;accepted;backlog;bug;could not reproduce;decision needed;dependencies;docs;feature;feedback welcome;help wanted;in progress;information needed;plugin-layer;plugin-mp;ready;refactoring;release blocker;testgen;won't fix","library;nose;nose2;nosetest;nosetests;python;python-2;python-3;python-library;python2;python3;testing;testing-framework;testing-library;testing-tool;testing-tools;unit-test;unittest;unittesting"
"3955634","pazz/alot",false,"3804","38","9","163","Python","master","GNU General Public License v3.0",,"22","700","83","8462","2011-08-12T04:22:37","2024-10-30T02:43:36","2024-10-30T02:45:45","974","195","708","37","3835","12195","5250","[{""language"":""TOML"",""blankLines"":7,""codeLines"":46,""commentLines"":0},{""language"":""make"",""blankLines"":25,""codeLines"":111,""commentLines"":4},{""language"":""YAML"",""blankLines"":37,""codeLines"":149,""commentLines"":22},{""language"":""Nix"",""blankLines"":2,""codeLines"":53,""commentLines"":7},{""language"":""Bourne Shell"",""blankLines"":3,""codeLines"":9,""commentLines"":5},{""language"":""zsh"",""blankLines"":11,""codeLines"":68,""commentLines"":8},{""language"":""reStructuredText"",""blankLines"":822,""codeLines"":608,""commentLines"":993},{""language"":""Markdown"",""blankLines"":43,""codeLines"":132,""commentLines"":0},{""language"":""Python"",""blankLines"":2885,""codeLines"":11019,""commentLines"":4211}]","2024-10-30T02:43:36","d7fae55dac6d272309e862d141dac7a2c95642ad",true,false,false,false,"{""Python"":679194,""Shell"":3657,""Nix"":2683,""Ruby"":132}","<15mins;asyncio;backend;bug;cleanup;crypto;dependencies;deployment;doc;feature;good first issue;hooks;important;later;mimeparser;non-reproducable;outdated;py3k;settings;support;tests;theming;twisted;urwid;vanity;wontfix","email;mua;notmuch;urwid"
"3955817","qgis/qgis-django",false,"1070","12","7","61","Python","master","GNU General Public License v2.0","http://qgis.org","15","90","34","12208","2010-11-17T08:44:15","2024-11-08T07:15:25","2024-11-08T07:15:29","226","48","256","14","16547","78834","6100","[{""language"":""JSON"",""blankLines"":0,""codeLines"":284,""commentLines"":0},{""language"":""Less"",""blankLines"":1152,""codeLines"":2231,""commentLines"":87},{""language"":""HTML"",""blankLines"":863,""codeLines"":8727,""commentLines"":59},{""language"":""Python"",""blankLines"":2603,""codeLines"":13298,""commentLines"":1811},{""language"":""CSS"",""blankLines"":1489,""codeLines"":14385,""commentLines"":325},{""language"":""SVG"",""blankLines"":0,""codeLines"":430,""commentLines"":1},{""language"":""Text"",""blankLines"":234,""codeLines"":881,""commentLines"":0},{""language"":""Sass"",""blankLines"":1152,""codeLines"":2303,""commentLines"":14},{""language"":""XSLT"",""blankLines"":9,""codeLines"":180,""commentLines"":9},{""language"":""YAML"",""blankLines"":41,""codeLines"":471,""commentLines"":22},{""language"":""Markdown"",""blankLines"":126,""codeLines"":380,""commentLines"":0},{""language"":""make"",""blankLines"":54,""codeLines"":239,""commentLines"":9},{""language"":""JavaScript"",""blankLines"":7520,""codeLines"":31741,""commentLines"":3571},{""language"":""XML"",""blankLines"":0,""codeLines"":587,""commentLines"":0},{""language"":""Bourne Shell"",""blankLines"":85,""codeLines"":327,""commentLines"":81},{""language"":""reStructuredText"",""blankLines"":37,""codeLines"":78,""commentLines"":3},{""language"":""SCSS"",""blankLines"":1152,""codeLines"":2231,""commentLines"":86},{""language"":""Dockerfile"",""blankLines"":30,""codeLines"":61,""commentLines"":22}]","2024-11-08T07:15:24","ea5dd314b6e95a082fc946dba3f68f067c8ed71e",true,false,false,false,"{""Python"":612762,""HTML"":167700,""CSS"":78041,""JavaScript"":73993,""Shell"":11879,""Makefile"":11753,""XSLT"":4158,""Dockerfile"":3791,""templ"":2818}","backlog;hub feature;plugin feature;priority;style management;🕔 size 1;🕔 size 2;🕔 size 3;🕔 size 5;🕔 size 8",""
"3955844","strawlab/flydra",false,"3580","25","2","20","Python","main","Apache License 2.0",,"26","53","11","52609","2010-08-12T10:13:11","2024-02-26T09:10:25","2023-05-16T08:07:48","37","22","2","0","8278","37632","5472","[{""language"":""Markdown"",""blankLines"":137,""codeLines"":285,""commentLines"":0},{""language"":""Python"",""blankLines"":7072,""codeLines"":33764,""commentLines"":4725},{""language"":""make"",""blankLines"":15,""codeLines"":63,""commentLines"":4},{""language"":""YAML"",""blankLines"":6,""codeLines"":59,""commentLines"":3},{""language"":""Cython"",""blankLines"":333,""codeLines"":1312,""commentLines"":358},{""language"":""C"",""blankLines"":50,""codeLines"":146,""commentLines"":44},{""language"":""C/C++ Header"",""blankLines"":0,""codeLines"":1,""commentLines"":0},{""language"":""MATLAB"",""blankLines"":17,""codeLines"":43,""commentLines"":21},{""language"":""Bourne Shell"",""blankLines"":36,""codeLines"":108,""commentLines"":16},{""language"":""SVG"",""blankLines"":1,""codeLines"":301,""commentLines"":1},{""language"":""TOML"",""blankLines"":15,""codeLines"":151,""commentLines"":15},{""language"":""Text"",""blankLines"":41,""codeLines"":116,""commentLines"":0},{""language"":""reStructuredText"",""blankLines"":547,""codeLines"":1072,""commentLines"":264},{""language"":""XML"",""blankLines"":8,""codeLines"":211,""commentLines"":21}]","2024-02-26T09:10:09","a9ce4a88fd79f15b5d0f911830fbecaf4329f50d",true,false,false,false,"{""Python"":1498655,""Cython"":6650,""C"":4971,""Shell"":4794,""MATLAB"":2197,""Makefile"":413}","bug;feature-request;webapp","behavior-analysis;multi-camera-tracking;pose-estimation"
"3956472","django-guardian/django-guardian",false,"1093","11","0","565","Python","devel","Other","https://django-guardian.readthedocs.io/","78","3631","132","1803","2010-06-04T11:15:37","2024-10-22T08:51:50","2024-10-22T05:30:55","463","126","365","19","2644","8907","2443","[{""language"":""JavaScript"",""blankLines"":0,""codeLines"":1,""commentLines"":5},{""language"":""PO File"",""blankLines"":162,""codeLines"":426,""commentLines"":519},{""language"":""Bourne Shell"",""blankLines"":8,""codeLines"":14,""commentLines"":2},{""language"":""reStructuredText"",""blankLines"":605,""codeLines"":802,""commentLines"":469},{""language"":""DOS Batch"",""blankLines"":17,""codeLines"":103,""commentLines"":1},{""language"":""INI"",""blankLines"":2,""codeLines"":49,""commentLines"":0},{""language"":""HTML"",""blankLines"":68,""codeLines"":769,""commentLines"":1},{""language"":""Text"",""blankLines"":0,""codeLines"":9,""commentLines"":0},{""language"":""Python"",""blankLines"":1744,""codeLines"":6535,""commentLines"":1434},{""language"":""CSS"",""blankLines"":0,""codeLines"":1,""commentLines"":8},{""language"":""SVG"",""blankLines"":0,""codeLines"":6,""commentLines"":0},{""language"":""Markdown"",""blankLines"":7,""codeLines"":8,""commentLines"":0},{""language"":""make"",""blankLines"":17,""codeLines"":75,""commentLines"":4},{""language"":""YAML"",""blankLines"":14,""codeLines"":109,""commentLines"":0}]","2024-10-22T08:51:50","4784cfa91516944dfa113f56399c1b4c59a780c5",false,false,false,false,"{""Python"":372629,""HTML"":30979,""Shell"":269}","api change;blocked;bug;documentation;enhancement;good first issue;more info required;needs documentation;needs tests;performance;proposal;support;tech debt;testing;wont fix;work in progress",""
"3956476","cobrateam/splinter",false,"2334","8","14","507","Python","master","BSD 3-Clause New or Revised License","http://splinter.readthedocs.org/en/stable/index.html","95","2713","152","4580","2010-09-18T08:59:15","2024-09-23T08:37:43","2024-09-24T02:13:19","524","39","789","11","3539","8252","1972","[{""language"":""reStructuredText"",""blankLines"":1206,""codeLines"":1534,""commentLines"":715},{""language"":""HTML"",""blankLines"":53,""codeLines"":476,""commentLines"":0},{""language"":""Text"",""blankLines"":0,""codeLines"":19,""commentLines"":0},{""language"":""Python"",""blankLines"":2133,""codeLines"":5216,""commentLines"":1159},{""language"":""CSS"",""blankLines"":14,""codeLines"":67,""commentLines"":0},{""language"":""make"",""blankLines"":21,""codeLines"":105,""commentLines"":4},{""language"":""YAML"",""blankLines"":67,""codeLines"":267,""commentLines"":16},{""language"":""TOML"",""blankLines"":9,""codeLines"":108,""commentLines"":0},{""language"":""DOS Batch"",""blankLines"":21,""codeLines"":148,""commentLines"":1},{""language"":""Bourne Shell"",""blankLines"":4,""codeLines"":10,""commentLines"":3},{""language"":""JavaScript"",""blankLines"":0,""codeLines"":221,""commentLines"":74},{""language"":""INI"",""blankLines"":11,""codeLines"":81,""commentLines"":0}]","2024-08-06T03:09:25","1ff107b9776deabfee6febb357b541c0019f961a",true,false,false,false,"{""Python"":251481,""HTML"":15195,""Makefile"":731,""Shell"":615}","brainstorm;bug;dependencies;django;docs;easy;good first issue;hacktoberfest;help wanted;invalid;long term;needs clarification;needsinvestigation;on hold;question;refactoring;selenium bug","automation;hacktoberfest;python;selenium;webdriver"
"3956479","urwid/urwid",false,"1844","7","34","315","Python","master","GNU Lesser General Public License v2.1","urwid.org","58","2813","127","10701","2010-02-25T02:44:22","2024-11-04T09:49:16","2024-11-04T09:49:19","371","113","575","10","9605","35134","9730","[{""language"":""make"",""blankLines"":5,""codeLines"":10,""commentLines"":0},{""language"":""Bourne Shell"",""blankLines"":9,""codeLines"":36,""commentLines"":4},{""language"":""reStructuredText"",""blankLines"":1610,""codeLines"":2796,""commentLines"":711},{""language"":""YAML"",""blankLines"":46,""codeLines"":563,""commentLines"":13},{""language"":""Markdown"",""blankLines"":54,""codeLines"":163,""commentLines"":0},{""language"":""Dockerfile"",""blankLines"":0,""codeLines"":8,""commentLines"":0},{""language"":""JSON"",""blankLines"":0,""codeLines"":35,""commentLines"":0},{""language"":""HTML"",""blankLines"":8,""codeLines"":91,""commentLines"":0},{""language"":""Python"",""blankLines"":7585,""codeLines"":29196,""commentLines"":8919},{""language"":""CSS"",""blankLines"":3,""codeLines"":9,""commentLines"":0},{""language"":""C"",""blankLines"":170,""codeLines"":1481,""commentLines"":32},{""language"":""TOML"",""blankLines"":46,""codeLines"":248,""commentLines"":25},{""language"":""JavaScript"",""blankLines"":54,""codeLines"":382,""commentLines"":26},{""language"":""INI"",""blankLines"":14,""codeLines"":69,""commentLines"":0},{""language"":""Text"",""blankLines"":1,""codeLines"":47,""commentLines"":0}]","2024-11-04T09:49:15","0ec45165a2ad2995d1f2c2e96a4c057d29659591",true,false,false,false,"{""Python"":1333331,""C"":34575,""JavaScript"":12947,""Shell"":6078,""CSS"":359,""Dockerfile"":327}","breaking;bug;canvas;ci/cd;dependencies;deprecation;display;docs;event loop;feature;github_actions;in progress;invalid;low hanging fruit;maintenance;major;proposal;python;question;refactoring;regression;tests;unicode;waiting for response;widget;windows",""
"3956489","inducer/pycuda",false,"1611","13","8","286","Python","main","Other","http://mathema.tician.de/software/pycuda","56","1849","64","3066","2011-04-06T02:53:31","2024-11-05T11:42:06","2024-11-05T11:42:11","263","70","143","15","6960","19573","6069","[{""language"":""INI"",""blankLines"":8,""codeLines"":24,""commentLines"":0},{""language"":""Bourne Shell"",""blankLines"":1,""codeLines"":2,""commentLines"":0},{""language"":""reStructuredText"",""blankLines"":1689,""codeLines"":959,""commentLines"":2307},{""language"":""Text"",""blankLines"":10,""codeLines"":24,""commentLines"":0},{""language"":""Python"",""blankLines"":3712,""codeLines"":11382,""commentLines"":3352},{""language"":""Cython"",""blankLines"":19,""codeLines"":55,""commentLines"":0},{""language"":""C++"",""blankLines"":632,""codeLines"":3227,""commentLines"":147},{""language"":""TOML"",""blankLines"":1,""codeLines"":6,""commentLines"":1},{""language"":""C/C++ Header"",""blankLines"":863,""codeLines"":3739,""commentLines"":252},{""language"":""YAML"",""blankLines"":10,""codeLines"":106,""commentLines"":3},{""language"":""Markdown"",""blankLines"":11,""codeLines"":40,""commentLines"":0},{""language"":""make"",""blankLines"":4,""codeLines"":9,""commentLines"":7}]","2024-11-05T11:42:06","247be65a858ff0ee8a24ffc09013c067e028bbdf",false,false,false,false,"{""Python"":423238,""C++"":249291,""Cython"":2802,""Makefile"":323}","bug;enhancement","array;cuda;gpu;gpu-computing;multidimensional-arrays;pycuda;python;scientific-computing"
"3956548","otsaloma/gaupol",false,"2567","3","51","35","Python","master","GNU General Public License v3.0","https://otsaloma.io/gaupol/","14","246","15","18003","2011-04-09T01:46:24","2024-07-15T02:34:41","2024-07-15T02:34:44","197","15","26","1","15915","56226","21146","[{""language"":""JSON"",""blankLines"":0,""codeLines"":5002,""commentLines"":0},{""language"":""Markdown"",""blankLines"":213,""codeLines"":1075,""commentLines"":0},{""language"":""Python"",""blankLines"":4607,""codeLines"":18999,""commentLines"":7241},{""language"":""CSS"",""blankLines"":4,""codeLines"":16,""commentLines"":1},{""language"":""make"",""blankLines"":15,""codeLines"":58,""commentLines"":5},{""language"":""YAML"",""blankLines"":15,""codeLines"":118,""commentLines"":5},{""language"":""PO File"",""blankLines"":11052,""codeLines"":23988,""commentLines"":13858},{""language"":""Bourne Shell"",""blankLines"":9,""codeLines"":68,""commentLines"":9},{""language"":""SVG"",""blankLines"":0,""codeLines"":36,""commentLines"":0},{""language"":""Glade"",""blankLines"":0,""codeLines"":6083,""commentLines"":24},{""language"":""XML"",""blankLines"":0,""codeLines"":85,""commentLines"":0},{""language"":""Qt"",""blankLines"":0,""codeLines"":634,""commentLines"":0},{""language"":""Text"",""blankLines"":0,""codeLines"":30,""commentLines"":0},{""language"":""Bourne Again Shell"",""blankLines"":0,""codeLines"":34,""commentLines"":3}]","2024-07-15T02:34:34","2e61206f5c5df29310b5627a27e1b56d4068a710",false,false,false,false,"{""Python"":1172974,""Shell"":3127,""Makefile"":1798,""Roff"":1498,""Inno Setup"":686,""Batchfile"":471,""CSS"":340}","","gstreamer;gtk;python;subtitles"
"3956605","inducer/pymbolic",false,"1038","9","3","25","Python","main","Other","http://mathema.tician.de/software/pymbolic","7","109","17","1102","2011-07-08T04:56:43","2024-11-09T08:22:48","2024-11-09T08:20:16","26","5","131","7","4169","9871","3266","[{""language"":""Text"",""blankLines"":0,""codeLines"":3,""commentLines"":0},{""language"":""YAML"",""blankLines"":25,""codeLines"":227,""commentLines"":9},{""language"":""Python"",""blankLines"":3966,""codeLines"":9181,""commentLines"":3135},{""language"":""make"",""blankLines"":24,""codeLines"":124,""commentLines"":5},{""language"":""TOML"",""blankLines"":13,""codeLines"":112,""commentLines"":2},{""language"":""Bourne Shell"",""blankLines"":2,""codeLines"":4,""commentLines"":0},{""language"":""reStructuredText"",""blankLines"":131,""codeLines"":196,""commentLines"":115},{""language"":""INI"",""blankLines"":8,""codeLines"":24,""commentLines"":0}]","2024-11-09T08:20:12","670bbbb188d1b65a64811d401f1c3f71e99f85f6",true,false,false,false,"{""Python"":525068,""Shell"":57}","dependencies","code-generation;computer-algebra;expression-tree;python;symbolic-computation;term-rewriting"
"3957183","jazzband/django-pipeline",false,"1229","4","14","372","Python","master","MIT License","https://django-pipeline.readthedocs.io/","27","1517","144","1341","2011-06-03T07:01:34","2024-10-27T12:23:06","2024-10-27T12:23:10","448","118","373","27","1599","5288","760","[{""language"":""make"",""blankLines"":21,""codeLines"":105,""commentLines"":4},{""language"":""Jinja Template"",""blankLines"":0,""codeLines"":5,""commentLines"":0},{""language"":""Stylus"",""blankLines"":0,""codeLines"":2,""commentLines"":0},{""language"":""Markdown"",""blankLines"":10,""codeLines"":36,""commentLines"":0},{""language"":""reStructuredText"",""blankLines"":660,""codeLines"":1127,""commentLines"":143},{""language"":""YAML"",""blankLines"":27,""codeLines"":137,""commentLines"":3},{""language"":""SCSS"",""blankLines"":0,""codeLines"":10,""commentLines"":0},{""language"":""JSON"",""blankLines"":0,""codeLines"":29,""commentLines"":0},{""language"":""TypeScript"",""blankLines"":4,""codeLines"":9,""commentLines"":0},{""language"":""Less"",""blankLines"":1,""codeLines"":4,""commentLines"":0},{""language"":""HTML"",""blankLines"":6,""codeLines"":40,""commentLines"":0},{""language"":""Python"",""blankLines"":814,""codeLines"":3288,""commentLines"":590},{""language"":""CSS"",""blankLines"":12,""codeLines"":72,""commentLines"":5},{""language"":""TOML"",""blankLines"":1,""codeLines"":5,""commentLines"":0},{""language"":""SVG"",""blankLines"":0,""codeLines"":118,""commentLines"":0},{""language"":""Sass"",""blankLines"":0,""codeLines"":10,""commentLines"":0},{""language"":""JavaScript"",""blankLines"":18,""codeLines"":73,""commentLines"":14},{""language"":""DOS Batch"",""blankLines"":21,""codeLines"":148,""commentLines"":1},{""language"":""INI"",""blankLines"":4,""codeLines"":63,""commentLines"":0},{""language"":""CoffeeScript"",""blankLines"":0,""codeLines"":2,""commentLines"":0},{""language"":""Text"",""blankLines"":0,""codeLines"":5,""commentLines"":0}]","2024-10-27T12:23:05","1e8bfa843444f8b2e71aa5c099bf6f5fb8ce0529",false,false,false,false,"{""Python"":154031,""JavaScript"":2038,""CSS"":1765,""HTML"":1692,""Jinja"":822,""EJS"":323,""TypeScript"":254,""CoffeeScript"":104,""SCSS"":91,""Less"":38,""LiveScript"":26,""Stylus"":19}","awaiting response;bug;cleanup;contribution;documentation;duplicate;enhancement;feature request;help wanted;question;refactoring;sync;unconfirmed",""
"3957911","geekcomputers/python",false,"3988","5","0","12254","Python","master","MIT License","http://www.thegeekblog.co.uk","2441","31675","403","36371","2011-11-30T09:04:08","2024-11-10T08:48:43","2024-11-10T03:20:04","424","290","1963","101","10544","427213","16501","[{""language"":""JavaScript"",""blankLines"":2,""codeLines"":7,""commentLines"":0},{""language"":""CSV"",""blankLines"":0,""codeLines"":896,""commentLines"":0},{""language"":""XML"",""blankLines"":52,""codeLines"":184683,""commentLines"":6952},{""language"":""Tcl/Tk"",""blankLines"":14,""codeLines"":273,""commentLines"":18},{""language"":""TOML"",""blankLines"":5,""codeLines"":30,""commentLines"":0},{""language"":""C++"",""blankLines"":1,""codeLines"":0,""commentLines"":0},{""language"":""Qt"",""blankLines"":0,""codeLines"":139,""commentLines"":0},{""language"":""Jupyter Notebook"",""blankLines"":0,""codeLines"":462,""commentLines"":2164},{""language"":""JSON"",""blankLines"":0,""codeLines"":72,""commentLines"":0},{""language"":""INI"",""blankLines"":0,""codeLines"":5,""commentLines"":0},{""language"":""HTML"",""blankLines"":24,""codeLines"":147,""commentLines"":1},{""language"":""Text"",""blankLines"":326,""codeLines"":208609,""commentLines"":0},{""language"":""Python"",""blankLines"":9202,""codeLines"":29604,""commentLines"":7350},{""language"":""make"",""blankLines"":2,""codeLines"":12,""commentLines"":0},{""language"":""Markdown"",""blankLines"":907,""codeLines"":2182,""commentLines"":5},{""language"":""YAML"",""blankLines"":9,""codeLines"":92,""commentLines"":11}]","2024-11-10T08:48:37","e28690f53faed4b7ca89c89d3354c0f7d6690ccc",true,false,false,false,"{""Python"":1318807,""Jupyter Notebook"":305030,""Tcl"":11987,""HTML"":5499,""Java"":1607,""Makefile"":213,""JavaScript"":197,""C++"":1}","dependencies;document;python",""
"3957915","paramiko/paramiko",false,"4017","29","0","2005","Python","main","GNU Lesser General Public License v2.1","http://paramiko.org","319","9065","137","8248","2009-02-02T03:41:08","2024-10-02T02:24:28","2024-10-03T07:40:40","1653","841","806","247","4371","21658","9206","[{""language"":""reStructuredText"",""blankLines"":308,""codeLines"":1980,""commentLines"":151},{""language"":""INI"",""blankLines"":0,""codeLines"":3,""commentLines"":0},{""language"":""Markdown"",""blankLines"":2,""codeLines"":5,""commentLines"":0},{""language"":""Text"",""blankLines"":0,""codeLines"":24,""commentLines"":0},{""language"":""YAML"",""blankLines"":45,""codeLines"":378,""commentLines"":28},{""language"":""Python"",""blankLines"":4013,""codeLines"":19245,""commentLines"":9025},{""language"":""Dockerfile"",""blankLines"":3,""codeLines"":4,""commentLines"":2},{""language"":""XML"",""blankLines"":0,""codeLines"":19,""commentLines"":0}]","2024-09-15T11:57:50","23f92003898b060df0e2b8b1d889455264e63a3e",false,false,false,false,"{""Python"":1138755}","bug;critical;exception handling;feature;feature request eval needed;hangs;high priority;keys;known_hosts;low-hanging fruit;needs changelog/docs;needs investigation;needs patch;needs policy decision;needs tests;nonstandard platforms;performance;ready for review;reviewed;security;server;sftp;ssh_config;stream behavior;support",""
"3958467","jodal/comics",false,"2837","10","40","32","Python","main","GNU Affero General Public License v3.0","https://comics.readthedocs.io","10","133","13","7210","2009-05-11T12:49:31","2024-10-13T06:40:03","2024-10-13T06:40:07","68","8","525","10","3201","13526","874","[{""language"":""JSON"",""blankLines"":0,""codeLines"":453,""commentLines"":0},{""language"":""make"",""blankLines"":15,""codeLines"":69,""commentLines"":4},{""language"":""Markdown"",""blankLines"":11,""codeLines"":27,""commentLines"":0},{""language"":""HTML"",""blankLines"":304,""codeLines"":1246,""commentLines"":0},{""language"":""YAML"",""blankLines"":9,""codeLines"":74,""commentLines"":0},{""language"":""Python"",""blankLines"":2267,""codeLines"":7946,""commentLines"":252},{""language"":""CSS"",""blankLines"":11,""codeLines"":96,""commentLines"":8},{""language"":""SVG"",""blankLines"":0,""codeLines"":2671,""commentLines"":0},{""language"":""JavaScript"",""blankLines"":23,""codeLines"":198,""commentLines"":11},{""language"":""reStructuredText"",""blankLines"":538,""codeLines"":581,""commentLines"":597},{""language"":""INI"",""blankLines"":5,""codeLines"":30,""commentLines"":0},{""language"":""Text"",""blankLines"":0,""codeLines"":6,""commentLines"":0},{""language"":""TOML"",""blankLines"":18,""codeLines"":129,""commentLines"":2}]","2024-10-13T06:37:47","0b6d2d0352683ed6a7c68bd063560737bb5b2ec1",false,false,false,false,"{""Python"":310824,""HTML"":41787,""JavaScript"":6935,""CSS"":1549,""Shell"":180}","aggregator;bugs;comic-request;dependencies;docs;python;wishlist","comics;comics-reader;django;python"
"3958469","fedora-infra/bodhi",false,"9314","47","88","196","Python","develop","GNU General Public License v2.0","https://bodhi.fedoraproject.org","23","155","116","59977","2009-02-06T07:38:10","2024-11-09T01:20:40","2024-11-09T01:20:44","1897","289","3889","2","15007","101622","18722","[{""language"":""Dockerfile"",""blankLines"":16,""codeLines"":88,""commentLines"":12},{""language"":""JSON"",""blankLines"":0,""codeLines"":8,""commentLines"":0},{""language"":""HTML"",""blankLines"":252,""codeLines"":3929,""commentLines"":9},{""language"":""INI"",""blankLines"":319,""codeLines"":1181,""commentLines"":0},{""language"":""make"",""blankLines"":29,""codeLines"":140,""commentLines"":14},{""language"":""Jinja Template"",""blankLines"":32,""codeLines"":452,""commentLines"":0},{""language"":""YAML"",""blankLines"":100,""codeLines"":743,""commentLines"":70},{""language"":""Python"",""blankLines"":11105,""codeLines"":46462,""commentLines"":16831},{""language"":""CSS"",""blankLines"":195,""codeLines"":4148,""commentLines"":321},{""language"":""Bourne Shell"",""blankLines"":21,""codeLines"":84,""commentLines"":9},{""language"":""SVG"",""blankLines"":1,""codeLines"":31425,""commentLines"":2},{""language"":""XML"",""blankLines"":0,""codeLines"":50,""commentLines"":0},{""language"":""JavaScript"",""blankLines"":755,""codeLines"":7277,""commentLines"":1231},{""language"":""Cucumber"",""blankLines"":0,""codeLines"":3,""commentLines"":0},{""language"":""Bourne Again Shell"",""blankLines"":5,""codeLines"":22,""commentLines"":0},{""language"":""Text"",""blankLines"":0,""codeLines"":14,""commentLines"":0},{""language"":""Containerfile"",""blankLines"":3,""codeLines"":77,""commentLines"":15},{""language"":""TOML"",""blankLines"":94,""codeLines"":583,""commentLines"":6},{""language"":""reStructuredText"",""blankLines"":2073,""codeLines"":4903,""commentLines"":202},{""language"":""Mako"",""blankLines"":7,""codeLines"":33,""commentLines"":0}]","2024-11-09T01:20:40","f07e23879965ccb84ececc1266329e464e297b1a",true,false,false,false,"{""Python"":2928503,""HTML"":175840,""JavaScript"":28806,""Jinja"":15933,""CSS"":13326,""Dockerfile"":9369,""Shell"":6484,""Smarty"":4481,""Makefile"":1552,""Mako"":1181,""Gherkin"":330,""Vim Script"":45}","7.0-backports;7.1-backports;7.2-backports;8.0-backports;8.1-backports;8.2-backports;api;auto-obsoletion;backwards incompatible;blocked;bugzilla;buildroot override;client;composer;conflicts;crash;critical;css;dependencies;discussion;docs;easyfix;email;github_actions;graphql;groomed;help needed;high priority;high-gain;high-trouble;hotfixed;html;in-review;js;low priority;low-gain;low-trouble;medium-gain;medium-trouble;message schemas;migration;needs improvement;outreachy;python;python3;refactor;reliability;rfe;search;security;server cli;side-tags;tests;webui;wip","dnf;fedora;fedora-project;python;repository-management;rpm;yum"
"3958506","mozilla-releng/balrog",false,"2447","69","130","148","Python","main","Mozilla Public License 2.0","http://mozilla-balrog.readthedocs.io/en/latest/index.html","20","100","93","74699","2011-10-13T03:51:47","2024-10-31T04:03:28","2024-10-31T04:01:28","172","116","3052","71","7063","66366","37173","[{""language"":""INI"",""blankLines"":37,""codeLines"":246,""commentLines"":0},{""language"":""Text"",""blankLines"":5,""codeLines"":7113,""commentLines"":0},{""language"":""Python"",""blankLines"":5112,""codeLines"":29873,""commentLines"":8360},{""language"":""CSS"",""blankLines"":0,""codeLines"":3,""commentLines"":0},{""language"":""HTML"",""blankLines"":10,""codeLines"":64,""commentLines"":1},{""language"":""JSX"",""blankLines"":877,""codeLines"":9867,""commentLines"":382},{""language"":""SQL"",""blankLines"":2,""codeLines"":48,""commentLines"":0},{""language"":""TOML"",""blankLines"":1,""codeLines"":27,""commentLines"":0},{""language"":""SVG"",""blankLines"":0,""codeLines"":800,""commentLines"":0},{""language"":""YAML"",""blankLines"":347,""codeLines"":8985,""commentLines"":218},{""language"":""make"",""blankLines"":30,""codeLines"":190,""commentLines"":5},{""language"":""JavaScript"",""blankLines"":177,""codeLines"":2114,""commentLines"":110},{""language"":""Markdown"",""blankLines"":10,""codeLines"":16,""commentLines"":0},{""language"":""Bourne Shell"",""blankLines"":39,""codeLines"":253,""commentLines"":26},{""language"":""reStructuredText"",""blankLines"":323,""codeLines"":684,""commentLines"":27978},{""language"":""JSON"",""blankLines"":2,""codeLines"":5866,""commentLines"":0},{""language"":""Dockerfile"",""blankLines"":83,""codeLines"":187,""commentLines"":92},{""language"":""Bourne Again Shell"",""blankLines"":8,""codeLines"":30,""commentLines"":1}]","2024-10-31T04:01:23","7fc7aae40a0006425df48df23a79a103060d8e52",false,false,false,false,"{""Python"":1804038,""JavaScript"":402709,""Shell"":13383,""Dockerfile"":9310,""HTML"":1517}","admin;agent;blobs;ci;data;db;dependencies;docs;first-bug;frontend;good first issue;javascript;permissions;public;python;releases;rules;security;tests",""
"3958719","oaubert/advene",false,"8732","2","14","9","Python","master","GNU General Public License v2.0","https://www.advene.org/","9","36","3","24493","2011-03-01T04:45:13","2024-11-07T03:07:32","2024-11-07T03:07:24","85","21","12","0","27847","164698","46049","[{""language"":""make"",""blankLines"":10,""codeLines"":38,""commentLines"":0},{""language"":""reStructuredText"",""blankLines"":27,""codeLines"":81,""commentLines"":0},{""language"":""Markdown"",""blankLines"":13,""codeLines"":35,""commentLines"":0},{""language"":""YAML"",""blankLines"":27,""codeLines"":231,""commentLines"":56},{""language"":""Bourne Shell"",""blankLines"":219,""codeLines"":698,""commentLines"":175},{""language"":""Dockerfile"",""blankLines"":6,""codeLines"":10,""commentLines"":0},{""language"":""XML"",""blankLines"":261,""codeLines"":57926,""commentLines"":10133},{""language"":""PO File"",""blankLines"":11498,""codeLines"":27953,""commentLines"":14950},{""language"":""Diff"",""blankLines"":62,""codeLines"":350,""commentLines"":273},{""language"":""HTML"",""blankLines"":37,""codeLines"":195,""commentLines"":0},{""language"":""C"",""blankLines"":10,""codeLines"":18,""commentLines"":18},{""language"":""Python"",""blankLines"":10150,""codeLines"":48926,""commentLines"":16699},{""language"":""CSS"",""blankLines"":116,""codeLines"":854,""commentLines"":70},{""language"":""TOML"",""blankLines"":2,""codeLines"":36,""commentLines"":0},{""language"":""SVG"",""blankLines"":1,""codeLines"":4687,""commentLines"":35},{""language"":""Bourne Again Shell"",""blankLines"":13,""codeLines"":23,""commentLines"":6},{""language"":""Perl"",""blankLines"":213,""codeLines"":731,""commentLines"":503},{""language"":""JavaScript"",""blankLines"":4304,""codeLines"":19900,""commentLines"":3131},{""language"":""DOS Batch"",""blankLines"":0,""codeLines"":3,""commentLines"":0},{""language"":""Text"",""blankLines"":878,""codeLines"":2003,""commentLines"":0}]","2024-11-07T03:07:10","7a2693c9d0a1e1be7836aaa352aab9a66454f7a9",true,false,false,false,"{""Python"":2921835,""JavaScript"":56679,""Perl"":48357,""CSS"":42697,""Shell"":37653,""NSIS"":10520,""HTML"":9019,""C"":1541,""Makefile"":1071,""Dockerfile"":300,""Batchfile"":146}","bug;enhancement;help wanted;linux;macos x;suggestion;v1;windows","annotation;annotation-tool;hypermedia;python;video;video-player"
"3959292","webpy/webpy",false,"1075","5","7","1309","Python","master","Other","http://webpy.org","335","5884","74","1770","2008-09-29T03:42:56","2024-07-24T03:59:16","2024-07-24T06:57:44","442","35","344","14","2793","7520","2662","[{""language"":""make"",""blankLines"":28,""codeLines"":143,""commentLines"":6},{""language"":""Text"",""blankLines"":99,""codeLines"":424,""commentLines"":0},{""language"":""YAML"",""blankLines"":13,""codeLines"":91,""commentLines"":8},{""language"":""reStructuredText"",""blankLines"":255,""codeLines"":450,""commentLines"":31},{""language"":""Markdown"",""blankLines"":3,""codeLines"":9,""commentLines"":0},{""language"":""Python"",""blankLines"":2385,""codeLines"":6313,""commentLines"":2617},{""language"":""Bourne Shell"",""blankLines"":1,""codeLines"":2,""commentLines"":0},{""language"":""TOML"",""blankLines"":9,""codeLines"":88,""commentLines"":0}]","2024-04-30T12:34:33","952d1fda12ac7ecdc47f2242c467f5e2734238d6",false,false,false,false,"{""Python"":315631,""Shell"":31}","bug;ci;conflicts to resolve;database;def with();dependencies;documentation;feature request;feedback requested;form;improvement;invalid;license;needs tests;py3;session / cookie;wont fix",""
"3959293","burnash/gspread",false,"1986","10","64","947","Python","master","MIT License","https://docs.gspread.org","158","7108","162","3719","2011-12-02T10:46:20","2024-11-08T01:04:48","2024-11-08T06:04:32","918","42","606","12","3203","169386","3202","[{""language"":""Text"",""blankLines"":3,""codeLines"":33,""commentLines"":0},{""language"":""TOML"",""blankLines"":5,""codeLines"":40,""commentLines"":0},{""language"":""Python"",""blankLines"":2278,""codeLines"":5640,""commentLines"":2870},{""language"":""YAML"",""blankLines"":10,""codeLines"":104,""commentLines"":8},{""language"":""Markdown"",""blankLines"":196,""codeLines"":445,""commentLines"":0},{""language"":""reStructuredText"",""blankLines"":702,""codeLines"":1036,""commentLines"":320},{""language"":""JSON"",""blankLines"":0,""codeLines"":162017,""commentLines"":0},{""language"":""HTML"",""blankLines"":1,""codeLines"":26,""commentLines"":4},{""language"":""INI"",""blankLines"":8,""codeLines"":45,""commentLines"":0}]","2024-11-08T01:04:48","94617c94ed6507dd21abb485bdaa70a82c75f1f4",true,false,false,false,"{""Python"":361887,""Makefile"":41}","bug;dependencies;docs;feature request;github_actions;good first issue;help wanted;improvement;in progress;need investigation;python;ttl","google-sheets;google-sheets-api;google-sheets-api-v4;gspread;spreadsheet;spreadsheets"
"3959321","frescobaldi/frescobaldi",false,"7154","36","20","150","Python","master","GNU General Public License v2.0","http://www.frescobaldi.org/","49","724","62","84264","2011-01-28T02:38:51","2024-05-26T02:44:07","2024-06-01T04:56:45","1293","456","470","12","60291","237769","73021","[{""language"":""Bourne Shell"",""blankLines"":23,""codeLines"":238,""commentLines"":7},{""language"":""PO File"",""blankLines"":47578,""codeLines"":147651,""commentLines"":57221},{""language"":""Diff"",""blankLines"":12,""codeLines"":35,""commentLines"":20},{""language"":""JSON"",""blankLines"":0,""codeLines"":12,""commentLines"":0},{""language"":""HTML"",""blankLines"":0,""codeLines"":12,""commentLines"":4},{""language"":""INI"",""blankLines"":4,""codeLines"":39,""commentLines"":0},{""language"":""Text"",""blankLines"":167,""codeLines"":591,""commentLines"":0},{""language"":""TOML"",""blankLines"":6,""codeLines"":64,""commentLines"":4},{""language"":""Python"",""blankLines"":11095,""codeLines"":41725,""commentLines"":15325},{""language"":""SVG"",""blankLines"":226,""codeLines"":43581,""commentLines"":222},{""language"":""make"",""blankLines"":9,""codeLines"":32,""commentLines"":6},{""language"":""JavaScript"",""blankLines"":97,""codeLines"":263,""commentLines"":207},{""language"":""Markdown"",""blankLines"":1074,""codeLines"":3526,""commentLines"":5}]","2024-05-19T10:14:48","be880e16770632864d7efdf2154af0dc03dc3848",true,false,false,false,"{""Python"":2325446,""LilyPond"":90883,""JavaScript"":17331,""Shell"":7768,""Makefile"":1789,""Roff"":1535,""HTML"":422}","beginner;critical;defect;discussion;documentation;flatpak;git-development;macos;midi;qt6;qtbug;snippets;wayland;windows;wish",""
"3959347","ros/catkin",false,"2349","7","0","279","Python","noetic-devel","BSD 3-Clause New or Revised License","http://wiki.ros.org/catkin","34","318","83","3771","2011-11-07T10:19:26","2024-09-13T06:34:44","2024-09-13T06:34:49","643","33","553","21","3235","11367","3552","[{""language"":""Gencat NLS"",""blankLines"":0,""codeLines"":10,""commentLines"":0},{""language"":""XML"",""blankLines"":33,""codeLines"":238,""commentLines"":0},{""language"":""make"",""blankLines"":27,""codeLines"":123,""commentLines"":9},{""language"":""Bourne Again Shell"",""blankLines"":6,""codeLines"":108,""commentLines"":18},{""language"":""C/C++ Header"",""blankLines"":0,""codeLines"":20,""commentLines"":0},{""language"":""reStructuredText"",""blankLines"":1829,""codeLines"":3427,""commentLines"":1006},{""language"":""Python"",""blankLines"":818,""codeLines"":3977,""commentLines"":1149},{""language"":""YAML"",""blankLines"":8,""codeLines"":74,""commentLines"":2},{""language"":""Bourne Shell"",""blankLines"":53,""codeLines"":233,""commentLines"":8},{""language"":""C++"",""blankLines"":29,""codeLines"":101,""commentLines"":2},{""language"":""CMake"",""blankLines"":432,""codeLines"":3056,""commentLines"":1358}]","2024-09-13T06:34:44","24e9b0a27b7889a29698fa4c90a2b0bf90df1c0b",false,false,false,false,"{""Python"":229306,""CMake"":195452,""Shell"":23212,""EmberScript"":3429,""C++"":2915,""Makefile"":331}","bug;consider-backport;consider-future-release;duplicate;enhancement;in progress;invalid;more-information-needed;question;requires-changes;wontfix",""
"3959420","proycon/folia",false,"1601","18","32","10","Python","master","GNU General Public License v3.0","http://proycon.github.io/folia/","13","59","4","57691","2011-06-24T02:50:47","2024-05-14T12:29:06","2024-05-14T12:29:09","97","21","1","0","4207","54698","2972","[{""language"":""make"",""blankLines"":4,""codeLines"":9,""commentLines"":6},{""language"":""YAML"",""blankLines"":23,""codeLines"":1232,""commentLines"":28},{""language"":""reStructuredText"",""blankLines"":1779,""codeLines"":4247,""commentLines"":2066},{""language"":""Markdown"",""blankLines"":38,""codeLines"":147,""commentLines"":0},{""language"":""TeX"",""blankLines"":2254,""codeLines"":11849,""commentLines"":695},{""language"":""Python"",""blankLines"":63,""codeLines"":72,""commentLines"":130},{""language"":""Bourne Shell"",""blankLines"":4,""codeLines"":28,""commentLines"":1},{""language"":""SVG"",""blankLines"":6,""codeLines"":10367,""commentLines"":6},{""language"":""CSV"",""blankLines"":12,""codeLines"":58,""commentLines"":0},{""language"":""XML"",""blankLines"":24,""codeLines"":26689,""commentLines"":40}]","2024-05-14T12:28:09","8a1af1cf7515ec550088f30273d744f6c2c2baec",true,false,false,false,"{""Python"":1526,""Shell"":315}","bug;enhancement;help wanted;in progress;low priority;priority;question;ready;to do;verify;waiting;wontfix;wrong project","computational-linguistics;corpus;file-format;folia;language;library;linguistic-annotation-framework;linguistics;nlp;python;xml"
"3960098","pycqa/pycodestyle",false,"1484","11","4","754","Python","main","Other","https://pycodestyle.pycqa.org","114","5030","114","1897","2009-10-02T12:43:37","2024-10-29T01:21:00","2024-10-29T01:21:03","743","89","521","18","1833","5999","2090","[{""language"":""make"",""blankLines"":25,""codeLines"":128,""commentLines"":6},{""language"":""YAML"",""blankLines"":2,""codeLines"":83,""commentLines"":0},{""language"":""reStructuredText"",""blankLines"":249,""codeLines"":681,""commentLines"":96},{""language"":""INI"",""blankLines"":3,""codeLines"":21,""commentLines"":0},{""language"":""Python"",""blankLines"":1143,""codeLines"":4319,""commentLines"":1987},{""language"":""Text"",""blankLines"":388,""codeLines"":601,""commentLines"":0},{""language"":""DOS Batch"",""blankLines"":23,""codeLines"":166,""commentLines"":1}]","2024-10-29T01:20:59","887b89d3993079530591fcdc6834426feb90e87c",true,false,false,false,"{""Python"":197453,""Makefile"":111}","bug;do not merge;doc;extension;feature;help wanted;incomplete;needs patch;needs review;needs test;not-a-bug;opinion;undecided;wip","flake8-plugin;linter-flake8;linter-plugin;pep8;python;style-guide;styleguide"
"3960115","datadog/dd-agent",false,"8477","322","103","816","Python","master","Other","https://docs.datadoghq.com/","392","1299","275","44792","2010-12-31T03:02:47","2024-06-20T03:46:58","2024-06-20T05:32:15","1356","143","2571","38","7287","35210","6459","[{""language"":""Ruby"",""blankLines"":152,""codeLines"":852,""commentLines"":76},{""language"":""XML"",""blankLines"":13,""codeLines"":71,""commentLines"":3},{""language"":""JSON"",""blankLines"":0,""codeLines"":549,""commentLines"":0},{""language"":""Python"",""blankLines"":5469,""codeLines"":23291,""commentLines"":4717},{""language"":""INI"",""blankLines"":0,""codeLines"":4,""commentLines"":0},{""language"":""YAML"",""blankLines"":203,""codeLines"":1034,""commentLines"":1294},{""language"":""Markdown"",""blankLines"":1032,""codeLines"":4784,""commentLines"":20},{""language"":""Bourne Shell"",""blankLines"":387,""codeLines"":1812,""commentLines"":344},{""language"":""Text"",""blankLines"":5,""codeLines"":2562,""commentLines"":0},{""language"":""HTML"",""blankLines"":26,""codeLines"":243,""commentLines"":4},{""language"":""SVG"",""blankLines"":0,""codeLines"":8,""commentLines"":1}]","2024-06-20T03:46:58","56f59bb86c2f49e323ee67f26720c3e63e2781b8",true,false,false,false,"{""Python"":1295699,""Shell"":83980,""Ruby"":33421,""HTML"":8571}","0 - backlog;1 - ready;2 - working;3 - done;bugfix;checks;community;configuration;containers;core;dependencies;dev/tooling;documentation;dogstatsd;dogstream;feature;help welcome;improvement;metric backward incompatibility;new integration;packaging;regression;request;resilience;sdk-later;sdk-merge;sdk-triage;service checks;service discovery;triage;windows;wip;wontfix","agent;agent-checks;datadog;datadog-agent;dd;devops;monitoring;python"
"3960133","nixos/nixops",false,"3599","23","0","366","Python","master","GNU Lesser General Public License v3.0","https://nixos.org/nixops","59","1701","143","7027","2011-10-24T03:49:58","2024-04-10T11:14:58","2024-04-11T09:53:25","855","311","607","17","2903","11050","1373","[{""language"":""DOS Batch"",""blankLines"":8,""codeLines"":26,""commentLines"":1},{""language"":""Nix"",""blankLines"":198,""codeLines"":1036,""commentLines"":86},{""language"":""make"",""blankLines"":4,""codeLines"":9,""commentLines"":7},{""language"":""Bourne Again Shell"",""blankLines"":0,""codeLines"":2,""commentLines"":0},{""language"":""Text"",""blankLines"":0,""codeLines"":478,""commentLines"":0},{""language"":""TOML"",""blankLines"":13,""codeLines"":67,""commentLines"":8},{""language"":""Python"",""blankLines"":1580,""codeLines"":6955,""commentLines"":1067},{""language"":""YAML"",""blankLines"":7,""codeLines"":142,""commentLines"":8},{""language"":""Markdown"",""blankLines"":33,""codeLines"":60,""commentLines"":0},{""language"":""Bourne Shell"",""blankLines"":20,""codeLines"":44,""commentLines"":6},{""language"":""reStructuredText"",""blankLines"":1040,""codeLines"":2231,""commentLines"":190}]","2024-04-10T11:14:58","5374247f3a6aecbac561d162f2b8e9bee0a8ab0a",false,false,false,false,"{""Python"":311471,""Nix"":38371,""Shell"":1578}","backends/azure;backends/container;backends/digital-ocean;backends/ec2;backends/gce;backends/hetzner;backends/libvirtd;backends/none;backends/virtualbox;blocker;bug;dependencies;documentation;feature;idea;improvement;must-have;needs-rework;nice-to-have;nixops 1->2 regression;question","aws;cloud;devops;digialocean;gce;hetzner;libvirt;nix;nixops;nixos;python;virtualbox"
"3960171","edgewall/trac",false,"13393","7","0","158","Python","trunk","Other","https://trac.edgewall.org/","51","487","1","57231","2010-04-17T03:10:51","2024-11-05T06:15:05","2024-11-05T06:15:10","0","0","24","1","95553","336360","164821","[{""language"":""Python"",""blankLines"":16855,""codeLines"":76509,""commentLines"":22818},{""language"":""CSS"",""blankLines"":293,""codeLines"":4211,""commentLines"":185},{""language"":""INI"",""blankLines"":81,""codeLines"":230,""commentLines"":80},{""language"":""Text"",""blankLines"":480,""codeLines"":4785,""commentLines"":0},{""language"":""HTML"",""blankLines"":1135,""codeLines"":10019,""commentLines"":24},{""language"":""DOS Batch"",""blankLines"":16,""codeLines"":13,""commentLines"":66},{""language"":""make"",""blankLines"":200,""codeLines"":558,""commentLines"":93},{""language"":""JavaScript"",""blankLines"":260,""codeLines"":2362,""commentLines"":327},{""language"":""YAML"",""blankLines"":99,""codeLines"":365,""commentLines"":0},{""language"":""Bourne Shell"",""blankLines"":35,""codeLines"":329,""commentLines"":179},{""language"":""reStructuredText"",""blankLines"":1374,""codeLines"":1846,""commentLines"":1099},{""language"":""CoffeeScript"",""blankLines"":22,""codeLines"":93,""commentLines"":50},{""language"":""PO File"",""blankLines"":74451,""codeLines"":233817,""commentLines"":139626},{""language"":""DTD"",""blankLines"":200,""codeLines"":564,""commentLines"":214},{""language"":""PowerShell"",""blankLines"":14,""codeLines"":226,""commentLines"":0},{""language"":""Diff"",""blankLines"":12,""codeLines"":48,""commentLines"":46},{""language"":""XML"",""blankLines"":22,""codeLines"":350,""commentLines"":0},{""language"":""Bourne Again Shell"",""blankLines"":4,""codeLines"":35,""commentLines"":14}]","2024-11-05T06:14:49","4e4d0529870bee221c6a4eb0861265487a630ec0",false,false,false,false,"{""Python"":4628655,""HTML"":379024,""JavaScript"":92341,""CSS"":83956,""Makefile"":26654,""PowerShell"":12473,""Shell"":9595,""CoffeeScript"":5861,""Batchfile"":3270,""Perl"":3075}","","bsd-license;bug-tracker;issue-tracker;project-manager;python;wiki"
"3960626","learning-unlimited/esp-website",false,"11855","157","5","57","Python","main",,,"23","83","64","62556","2011-10-25T02:30:31","2024-10-20T03:20:14","2024-10-20T05:45:20","2030","521","1749","15","39198","625654","53468","[{""language"":""XSLT"",""blankLines"":486,""codeLines"":2648,""commentLines"":416},{""language"":""SVG"",""blankLines"":0,""codeLines"":335,""commentLines"":0},{""language"":""XML"",""blankLines"":19,""codeLines"":119,""commentLines"":10},{""language"":""JavaScript"",""blankLines"":17436,""codeLines"":67049,""commentLines"":35903},{""language"":""Bourne Again Shell"",""blankLines"":10,""codeLines"":67,""commentLines"":23},{""language"":""reStructuredText"",""blankLines"":1257,""codeLines"":3703,""commentLines"":45},{""language"":""Text"",""blankLines"":127,""codeLines"":418,""commentLines"":0},{""language"":""TeX"",""blankLines"":82,""codeLines"":499,""commentLines"":7},{""language"":""DOS Batch"",""blankLines"":5,""codeLines"":28,""commentLines"":10},{""language"":""JSX"",""blankLines"":91,""codeLines"":791,""commentLines"":187},{""language"":""CSV"",""blankLines"":0,""codeLines"":63973,""commentLines"":0},{""language"":""SQL"",""blankLines"":0,""codeLines"":1,""commentLines"":0},{""language"":""Ruby"",""blankLines"":0,""codeLines"":45,""commentLines"":0},{""language"":""make"",""blankLines"":33,""codeLines"":109,""commentLines"":34},{""language"":""YAML"",""blankLines"":14,""codeLines"":89,""commentLines"":21},{""language"":""JSON"",""blankLines"":0,""codeLines"":379800,""commentLines"":0},{""language"":""Markdown"",""blankLines"":126,""codeLines"":186,""commentLines"":0},{""language"":""HTML"",""blankLines"":3856,""codeLines"":28257,""commentLines"":645},{""language"":""Python"",""blankLines"":12645,""codeLines"":56729,""commentLines"":14258},{""language"":""CSS"",""blankLines"":1702,""codeLines"":13696,""commentLines"":595},{""language"":""Bourne Shell"",""blankLines"":82,""codeLines"":281,""commentLines"":84},{""language"":""Less"",""blankLines"":1227,""codeLines"":6831,""commentLines"":1230}]","2024-10-20T03:20:14","b03cb2e121e0006f9a3a8cdb6892e5f123db194c",true,false,false,false,"{""Python"":3646396,""HTML"":1218752,""JavaScript"":1216374,""CSS"":240518,""Less"":239801,""XSLT"":134453,""TeX"":19854,""Shell"":15587,""Makefile"":6647,""PostScript"":4032,""Batchfile"":1552,""Ruby"":1425}","accounting;admin panel;ajax scheduler;architecturalchange;caching;can be made into standalone package;chapterrequest;class search;classflags;customforms;dashboard;dependencies;deprecated (discussion);deprecated (vague);development;documentation;easy;email (built-in);email (mailman);enhancement;error;feature request;forms;front end;future django;idea for discussion;infrastructure;javascript;mit;moderators;needs clarification;needsreproducer;old/unused code;onsite;performance;permissions;printables;profiles;program modules;python;qsd;records;resources;security;server setup;small;spam;starter;student applications;student registration;surveys;tags;teacher registration;technical debt;testing;themes;twilio;two phase lottery ui;userinterface;usersearchcontroller;userview;volunteers;webapp;work in progress",""
"3960632","hasgeek/coaster",false,"1008","10","1","13","Python","main","BSD 3-Clause New or Revised License","http://coaster.readthedocs.org/","12","69","16","2023","2011-11-30T04:10:41","2024-10-29T09:41:57","2024-10-29T09:42:00","140","28","346","0","4637","16267","5934","[{""language"":""INI"",""blankLines"":7,""codeLines"":37,""commentLines"":0},{""language"":""JavaScript"",""blankLines"":0,""codeLines"":6,""commentLines"":0},{""language"":""Text"",""blankLines"":5,""codeLines"":33,""commentLines"":0},{""language"":""Python"",""blankLines"":4478,""codeLines"":15084,""commentLines"":5802},{""language"":""TOML"",""blankLines"":27,""codeLines"":310,""commentLines"":13},{""language"":""make"",""blankLines"":24,""codeLines"":124,""commentLines"":5},{""language"":""YAML"",""blankLines"":15,""codeLines"":330,""commentLines"":5},{""language"":""JSON"",""blankLines"":0,""codeLines"":10,""commentLines"":0},{""language"":""reStructuredText"",""blankLines"":81,""codeLines"":333,""commentLines"":109}]","2024-10-29T09:41:55","8f5a618c3742101ab8f939d69a039f7ac7ff85a1",true,false,false,false,"{""Python"":919778,""Shell"":115,""JavaScript"":104}","bug;coaster.auth;coaster.sqlalchemy;coaster.text;coaster.utils;coaster.views;code-architecture;docs;duplicate;enhancement;evaluate;finished;in progress;later;parked;priority-hi;priority-low;priority-medium;sanity;tests;wontfix","flask;hacktoberfest;hasgeek;library;python"
"3960830","thumbor/thumbor",false,"2445","20","130","827","Python","master","MIT License","http://thumbor.org","203","10084","163","53026","2011-03-16T05:30:05","2024-11-01T08:02:56","2024-11-01T11:30:46","1000","13","699","10","7334","320033","12399","[{""language"":""make"",""blankLines"":69,""codeLines"":311,""commentLines"":9},{""language"":""C/C++ Header"",""blankLines"":19,""codeLines"":72,""commentLines"":0},{""language"":""YAML"",""blankLines"":48,""codeLines"":383,""commentLines"":43},{""language"":""reStructuredText"",""blankLines"":1925,""codeLines"":2907,""commentLines"":1220},{""language"":""Markdown"",""blankLines"":136,""codeLines"":315,""commentLines"":0},{""language"":""Bourne Shell"",""blankLines"":0,""codeLines"":11,""commentLines"":0},{""language"":""XML"",""blankLines"":101,""codeLines"":295435,""commentLines"":8970},{""language"":""Dockerfile"",""blankLines"":13,""codeLines"":42,""commentLines"":0},{""language"":""Python"",""blankLines"":4676,""codeLines"":18936,""commentLines"":2098},{""language"":""TOML"",""blankLines"":4,""codeLines"":13,""commentLines"":0},{""language"":""C"",""blankLines"":324,""codeLines"":1407,""commentLines"":54},{""language"":""SVG"",""blankLines"":1,""codeLines"":60,""commentLines"":0},{""language"":""JavaScript"",""blankLines"":13,""codeLines"":61,""commentLines"":5},{""language"":""Text"",""blankLines"":4,""codeLines"":69,""commentLines"":0},{""language"":""INI"",""blankLines"":1,""codeLines"":11,""commentLines"":0}]","2024-10-20T01:40:39","5b19638385bc11b3aedfa6130a9a29438ab89b48",true,false,false,false,"{""Python"":741307,""C"":59028,""Makefile"":12227,""JavaScript"":2514,""Dockerfile"":1349,""Shell"":331}","0.3.0;0.4.0;0.4.1;0.5.0;0.6.2;0.8.0;1.3.0;backlog;bug;community suggestion;dependencies;do-not-reap;docs;duplicate;feature;github_actions;hacktoberfest;hacktoberfest-accepted;improvement;installation/setup issue;invalid;moved;need help;review;stale;wip","hacktoberfest"
"3960832","benoitc/gunicorn",false,"3178","25","31","1750","Python","master","Other","http://www.gunicorn.org","225","9814","346","4741","2009-11-30T06:18:08","2024-10-25T09:36:15","2024-10-25T04:13:31","2123","113","1135","82","4338","13391","3076","[{""language"":""make"",""blankLines"":29,""codeLines"":141,""commentLines"":7},{""language"":""YAML"",""blankLines"":4,""codeLines"":147,""commentLines"":48},{""language"":""reStructuredText"",""blankLines"":1497,""codeLines"":2937,""commentLines"":533},{""language"":""Markdown"",""blankLines"":66,""codeLines"":141,""commentLines"":0},{""language"":""Bourne Shell"",""blankLines"":4,""codeLines"":8,""commentLines"":0},{""language"":""XML"",""blankLines"":0,""codeLines"":73,""commentLines"":0},{""language"":""HTML"",""blankLines"":22,""codeLines"":357,""commentLines"":31},{""language"":""Python"",""blankLines"":2601,""codeLines"":8743,""commentLines"":2444},{""language"":""CSS"",""blankLines"":62,""codeLines"":340,""commentLines"":0},{""language"":""SVG"",""blankLines"":1,""codeLines"":117,""commentLines"":1},{""language"":""TOML"",""blankLines"":9,""codeLines"":76,""commentLines"":4},{""language"":""INI"",""blankLines"":14,""codeLines"":87,""commentLines"":0},{""language"":""JavaScript"",""blankLines"":4,""codeLines"":35,""commentLines"":7},{""language"":""DOS Batch"",""blankLines"":23,""codeLines"":166,""commentLines"":1},{""language"":""Text"",""blankLines"":2,""codeLines"":23,""commentLines"":0}]","2024-10-25T09:36:15","bacbf8aa5152b94e44aa5d2a94aeaf0318a85248",true,false,false,false,"{""Python"":380160,""Makefile"":373}","- bugs -;- forum -;- mailing list -;- upstream bugs -;add example;answered;blocket o_o;bug :(;code related changes;dependencies;deploy;discussion;documentation;feature/app;feature/cli;feature/config;feature/core;feature/http;feature/ipc;feature/logging;feature/reload;feature/setup;feature/ssl;feature/worker;feedback requested;good first issue;help wanted;improvement;investigation;platform/docker;platform/heroku;platform/windows;project;question;release;testing;thirdparty/aio;thirdparty/django;thirdparty/eventlet;thirdparty/flask;thirdparty/gevent;thirdparty/tornado;thirdparty/uvicorn;to do;to review;to schedule;top priority;unconfirmed;waiting for feedback;working on it :)","http;http-server;python;wsgi;wsgi-server"
"3960834","pymysql/pymysql",false,"1116","3","7","1423","Python","main","MIT License","https://pymysql.readthedocs.io/","228","7675","111","1408","2011-07-27T05:38:47","2024-11-06T03:46:44","2024-11-07T12:37:53","663","15","505","4","1654","30463","1439","[{""language"":""SQL"",""blankLines"":2,""codeLines"":10,""commentLines"":5},{""language"":""make"",""blankLines"":25,""codeLines"":122,""commentLines"":6},{""language"":""YAML"",""blankLines"":55,""codeLines"":241,""commentLines"":45},{""language"":""JSON"",""blankLines"":0,""codeLines"":16,""commentLines"":0},{""language"":""reStructuredText"",""blankLines"":67,""codeLines"":71,""commentLines"":76},{""language"":""Markdown"",""blankLines"":167,""codeLines"":410,""commentLines"":0},{""language"":""Text"",""blankLines"":0,""codeLines"":22805,""commentLines"":0},{""language"":""Python"",""blankLines"":1300,""codeLines"":6518,""commentLines"":1306},{""language"":""TOML"",""blankLines"":9,""codeLines"":58,""commentLines"":0},{""language"":""DOS Batch"",""blankLines"":29,""codeLines"":212,""commentLines"":1}]","2024-11-06T03:46:44","a1ac8239c8bf79e7f1a17347b10d6e184221f9c1",true,false,false,false,"{""Python"":241672}","faq;feature request;help wanted;priority-high;priority-low","mysql;python"
"3960836","hyperopt/hyperopt",false,"1221","7","0","1053","Python","master","Other","http://hyperopt.github.io/hyperopt","121","7221","98","6182","2011-09-06T10:24:59","2024-10-08T12:38:04","2024-10-09T01:28:42","650","138","277","2","4602","24826","2969","[{""language"":""JSON"",""blankLines"":0,""codeLines"":14,""commentLines"":0},{""language"":""Jupyter Notebook"",""blankLines"":0,""codeLines"":109,""commentLines"":691},{""language"":""YAML"",""blankLines"":3,""codeLines"":85,""commentLines"":0},{""language"":""Markdown"",""blankLines"":362,""codeLines"":910,""commentLines"":0},{""language"":""Text"",""blankLines"":1593,""codeLines"":12495,""commentLines"":0},{""language"":""Python"",""blankLines"":2644,""codeLines"":11213,""commentLines"":2278}]","2024-09-25T05:28:01","e9122b53041bf4bddff402ab6df251d379cf3420",true,false,false,false,"{""Python"":527603,""Jupyter Notebook"":143487}","bug;doc wish;hacktoberfest;stale;wishlist","hacktoberfest"
"3961178","factoryboy/factory_boy",false,"1019","19","0","390","Python","master","MIT License","https://factoryboy.readthedocs.io/","40","3479","109","2003","2011-05-11T08:26:59","2024-08-18T07:41:26","2024-08-18T07:41:28","578","151","509","28","4864","9329","3442","[{""language"":""reStructuredText"",""blankLines"":2064,""codeLines"":1336,""commentLines"":2371},{""language"":""Markdown"",""blankLines"":31,""codeLines"":64,""commentLines"":0},{""language"":""make"",""blankLines"":48,""codeLines"":94,""commentLines"":27},{""language"":""Text"",""blankLines"":0,""codeLines"":42,""commentLines"":0},{""language"":""Python"",""blankLines"":2674,""codeLines"":7421,""commentLines"":1042},{""language"":""INI"",""blankLines"":12,""codeLines"":58,""commentLines"":0},{""language"":""DOS Batch"",""blankLines"":8,""codeLines"":26,""commentLines"":1},{""language"":""SVG"",""blankLines"":1,""codeLines"":170,""commentLines"":1},{""language"":""Bourne Shell"",""blankLines"":2,""codeLines"":8,""commentLines"":0},{""language"":""YAML"",""blankLines"":24,""codeLines"":110,""commentLines"":0}]","2024-08-18T07:41:06","ac49fb40ec424276c3cd3ca0925ba99a626f05f7",false,false,false,false,"{""Python"":341202,""Makefile"":2751}","badmagic;beginnerfriendly;bug;dependencies;designdecision;django;doc;feature;fixed;improvement;mongoengine;needinfo;packaging;q&a;sqlalchemy","django;fixtures;hacktoberfest;python;sqlalchemy;testing"
"3961195","crossbario/autobahn-python",false,"3339","1","0","768","Python","master","MIT License","https://crossbar.io/autobahn","100","2475","113","19502","2011-07-27T03:22:13","2024-08-10T12:33:51","2024-08-10T12:33:57","891","184","747","0","19102","56573","24111","[{""language"":""Text"",""blankLines"":3,""codeLines"":175,""commentLines"":0},{""language"":""Python"",""blankLines"":13837,""codeLines"":42782,""commentLines"":20606},{""language"":""C"",""blankLines"":139,""codeLines"":373,""commentLines"":136},{""language"":""INI"",""blankLines"":64,""codeLines"":231,""commentLines"":4},{""language"":""HTML"",""blankLines"":311,""codeLines"":2010,""commentLines"":30},{""language"":""SVG"",""blankLines"":0,""codeLines"":97,""commentLines"":0},{""language"":""Arduino Sketch"",""blankLines"":17,""codeLines"":41,""commentLines"":35},{""language"":""Bourne Shell"",""blankLines"":17,""codeLines"":57,""commentLines"":16},{""language"":""Markdown"",""blankLines"":895,""codeLines"":1505,""commentLines"":0},{""language"":""JavaScript"",""blankLines"":464,""codeLines"":2884,""commentLines"":518},{""language"":""make"",""blankLines"":262,""codeLines"":872,""commentLines"":112},{""language"":""Jinja Template"",""blankLines"":203,""codeLines"":1001,""commentLines"":0},{""language"":""YAML"",""blankLines"":91,""codeLines"":353,""commentLines"":109},{""language"":""reStructuredText"",""blankLines"":2030,""codeLines"":2296,""commentLines"":1714},{""language"":""Flatbuffers"",""blankLines"":739,""codeLines"":1286,""commentLines"":804},{""language"":""Dockerfile"",""blankLines"":25,""codeLines"":108,""commentLines"":27},{""language"":""JSON"",""blankLines"":5,""codeLines"":502,""commentLines"":0}]","2024-08-10T12:33:51","7bc85b34e200640ab98a41cfddb38267f39bc92e",true,false,false,false,"{""Python"":2419912,""Jinja"":54604,""Makefile"":31579,""C"":17102,""Shell"":3813}","asyncio;bug;ci-cd;docs;enhancement;examples;feature;needs-design;needs-discussion;needs-investigation;needs-upstream;not-an-issue-but-a-question-use-our-mailing-list;prio high;prio low;prio normal;pypy;python 2;python 3;test;twisted;wamp;websocket;xbr","autobahn;pubsub;python;real-time;rpc;wamp;websocket"
"3961242","kozea/radicale",false,"2616","7","52","436","Python","master","GNU General Public License v3.0","https://radicale.org","102","3354","103","5032","2011-08-11T08:27:37","2024-11-08T07:36:54","2024-11-09T01:46:09","1014","92","495","5","2535","12479","3122","[{""language"":""Python"",""blankLines"":1551,""codeLines"":8057,""commentLines"":2896},{""language"":""CSS"",""blankLines"":62,""codeLines"":366,""commentLines"":0},{""language"":""HTML"",""blankLines"":9,""codeLines"":183,""commentLines"":0},{""language"":""TOML"",""blankLines"":17,""codeLines"":106,""commentLines"":6},{""language"":""SVG"",""blankLines"":0,""codeLines"":87,""commentLines"":0},{""language"":""XML"",""blankLines"":0,""codeLines"":103,""commentLines"":0},{""language"":""JavaScript"",""blankLines"":84,""codeLines"":1103,""commentLines"":210},{""language"":""YAML"",""blankLines"":5,""codeLines"":91,""commentLines"":0},{""language"":""Markdown"",""blankLines"":786,""codeLines"":2348,""commentLines"":0},{""language"":""Dockerfile"",""blankLines"":21,""codeLines"":35,""commentLines"":10}]","2024-11-08T07:36:54","bf77844d34c5ae44064edb4553c664f6fe03b447",true,false,false,false,"{""Python"":518879,""JavaScript"":51788,""HTML"":8669,""CSS"":7324,""Dockerfile"":968}","adjustment;auth;auth:ldap;bug;cleanup;client;dependency:dateutil;dependency:vobject;documentation;external packaging;feature;github:workflow;improvement;issue:duplicate;missing support;need:rebase;need:reporter feedback;need:support;not our bug;not reproducable with current version;obsolete;old version;os:windows;performance;prio:high;prio:low;prio:medium;question;reverse proxy;reverse-proxy:apache;reverse-proxy:nginx;superseeded;task;upcoming incompatibility;webui","caldav;carddav;icalendar;python"
"3961517","toblerity/fiona",false,"1564","26","25","202","Python","main","BSD 3-Clause New or Revised License","https://fiona.readthedocs.io/","47","1155","68","4096","2011-12-31T07:47:00","2024-10-21T04:46:25","2024-10-21T04:46:26","803","29","611","3","6371","24193","5730","[{""language"":""TOML"",""blankLines"":7,""codeLines"":61,""commentLines"":0},{""language"":""Text"",""blankLines"":332,""codeLines"":2522,""commentLines"":0},{""language"":""Cython"",""blankLines"":1454,""codeLines"":5431,""commentLines"":1240},{""language"":""Python"",""blankLines"":3724,""codeLines"":12498,""commentLines"":3299},{""language"":""CSV"",""blankLines"":0,""codeLines"":14,""commentLines"":0},{""language"":""Bourne Shell"",""blankLines"":0,""codeLines"":46,""commentLines"":5},{""language"":""INI"",""blankLines"":1,""codeLines"":16,""commentLines"":0},{""language"":""Markdown"",""blankLines"":35,""codeLines"":39,""commentLines"":26},{""language"":""make"",""blankLines"":41,""codeLines"":166,""commentLines"":5},{""language"":""PowerShell"",""blankLines"":31,""codeLines"":193,""commentLines"":5},{""language"":""YAML"",""blankLines"":72,""codeLines"":405,""commentLines"":62},{""language"":""reStructuredText"",""blankLines"":667,""codeLines"":871,""commentLines"":1052},{""language"":""DOS Batch"",""blankLines"":4,""codeLines"":48,""commentLines"":36},{""language"":""XSD"",""blankLines"":0,""codeLines"":59,""commentLines"":0},{""language"":""JSON"",""blankLines"":0,""codeLines"":1744,""commentLines"":0},{""language"":""XML"",""blankLines"":1,""codeLines"":51,""commentLines"":0},{""language"":""Dockerfile"",""blankLines"":2,""codeLines"":29,""commentLines"":0}]","2024-10-21T04:46:22","e9a932a75984825e3085a7b324672f9757b12378",true,false,false,false,"{""Python"":589555,""Cython"":273219,""PowerShell"":7195,""Batchfile"":3366,""Makefile"":2767,""Shell"":1476,""Dockerfile"":981}","automation;bug;build;cli;decision;dependencies;deprecation;docs;driver:parquet;duplicate;enhancement;expert;github_actions;good first issue;intermediate;invalid;needs detail;needs discussion;packaging;python;refactor;release;resolved;schema;security;tests;upstream;wontfix","cli;cython;gdal;gis;ogr;python;vector"
"3961553","kozea/cairosvg",false,"1003","4","62","148","Python","main","GNU Lesser General Public License v3.0","https://courtbouillon.org/cairosvg","50","726","36","31019","2011-08-10T09:15:48","2024-05-27T07:31:29","2024-05-30T04:16:01","327","87","96","9","3767","58238","11310","[{""language"":""DTD"",""blankLines"":10,""codeLines"":1451,""commentLines"":161},{""language"":""SVG"",""blankLines"":2773,""codeLines"":52036,""commentLines"":10482},{""language"":""JavaScript"",""blankLines"":0,""codeLines"":1,""commentLines"":0},{""language"":""YAML"",""blankLines"":2,""codeLines"":33,""commentLines"":1},{""language"":""HTML"",""blankLines"":20,""codeLines"":1121,""commentLines"":126},{""language"":""reStructuredText"",""blankLines"":278,""codeLines"":577,""commentLines"":5},{""language"":""Python"",""blankLines"":684,""codeLines"":2953,""commentLines"":535},{""language"":""CSS"",""blankLines"":0,""codeLines"":66,""commentLines"":0}]","2024-03-11T01:53:34","9a1bf51b2eea5b4ea82114af436f5ff64f53ab27",false,false,false,false,"{""Python"":150353,""HTML"":41391,""CSS"":775,""JavaScript"":4}","bug;document;feature","cairo;converter;pdf;png;python;svg"
"3961605","openembedded/bitbake",false,"9020","40","0","252","Python","master","Other","https://www.openembedded.org/","44","433","252","24317","2011-05-03T11:32:08","2024-11-07T10:20:01","2024-11-08T03:46:42","0","0","37","19","19732","96112","19955","[{""language"":""JSON"",""blankLines"":0,""codeLines"":13,""commentLines"":0},{""language"":""Dockerfile"",""blankLines"":11,""codeLines"":35,""commentLines"":39},{""language"":""INI"",""blankLines"":4,""codeLines"":36,""commentLines"":0},{""language"":""HTML"",""blankLines"":746,""codeLines"":12454,""commentLines"":152},{""language"":""Bourne Again Shell"",""blankLines"":10,""codeLines"":23,""commentLines"":16},{""language"":""Python"",""blankLines"":15380,""codeLines"":62991,""commentLines"":16922},{""language"":""CSS"",""blankLines"":214,""codeLines"":7461,""commentLines"":164},{""language"":""SVG"",""blankLines"":0,""codeLines"":572,""commentLines"":0},{""language"":""JavaScript"",""blankLines"":1531,""codeLines"":7462,""commentLines"":875},{""language"":""XML"",""blankLines"":14,""codeLines"":864,""commentLines"":19},{""language"":""Vim Script"",""blankLines"":107,""codeLines"":393,""commentLines"":145},{""language"":""Bourne Shell"",""blankLines"":3,""codeLines"":23,""commentLines"":5},{""language"":""Markdown"",""blankLines"":9,""codeLines"":35,""commentLines"":0},{""language"":""make"",""blankLines"":7,""codeLines"":21,""commentLines"":7},{""language"":""Text"",""blankLines"":60,""codeLines"":321,""commentLines"":0},{""language"":""reStructuredText"",""blankLines"":1636,""codeLines"":3408,""commentLines"":1611}]","2024-11-07T10:17:41","d371df029ece3b9e600a89d08337c437a8ddbf63",false,false,false,false,"{""Python"":3642944,""HTML"":1452860,""JavaScript"":221523,""Vim Script"":21174,""CSS"":16784,""BitBake"":11873,""Shell"":2570,""Dockerfile"":2022,""Clojure"":197,""BlitzBasic"":197}","",""
"3961646","softlayer/softlayer-python",false,"4769","2","63","195","Python","master","MIT License","http://softlayer.github.io/softlayer-python/","40","152","79","10382","2010-04-21T08:36:31","2024-10-21T01:56:49","2024-10-21T01:56:54","924","22","1268","0","14111","64145","10286","[{""language"":""YAML"",""blankLines"":39,""codeLines"":297,""commentLines"":65},{""language"":""reStructuredText"",""blankLines"":1488,""codeLines"":1475,""commentLines"":2093},{""language"":""XML"",""blankLines"":0,""codeLines"":192,""commentLines"":0},{""language"":""Markdown"",""blankLines"":436,""codeLines"":1438,""commentLines"":0},{""language"":""Python"",""blankLines"":12112,""codeLines"":56883,""commentLines"":8123},{""language"":""CSS"",""blankLines"":1,""codeLines"":6,""commentLines"":0},{""language"":""make"",""blankLines"":24,""codeLines"":124,""commentLines"":5},{""language"":""Text"",""blankLines"":1,""codeLines"":3676,""commentLines"":0},{""language"":""INI"",""blankLines"":10,""codeLines"":54,""commentLines"":0}]","2024-10-21T01:56:49","8a57db746cf352c656777082938ecf5cf86f5f14",true,false,false,false,"{""Python"":2890245,""Makefile"":7458,""DIGITAL Command Language"":854}","api;bug;cli;core;dependencies;documentation;internal;needs discussion;new feature;ordering;question;release;storage;waiting for movement","python;softlayer"
"3961683","tardis-sn/tardis",false,"4705","78","156","404","Python","master",,"https://tardis-sn.github.io/tardis","32","202","98","712284","2011-12-08T06:20:19","2024-11-05T06:02:53","2024-11-04T03:14:09","669","158","2171","25","10816","68827","39856","[{""language"":""Bourne Shell"",""blankLines"":6,""codeLines"":21,""commentLines"":0},{""language"":""Markdown"",""blankLines"":37,""codeLines"":1325,""commentLines"":1},{""language"":""XML"",""blankLines"":0,""codeLines"":25,""commentLines"":0},{""language"":""make"",""blankLines"":21,""codeLines"":104,""commentLines"":5},{""language"":""Text"",""blankLines"":2,""codeLines"":76,""commentLines"":0},{""language"":""TeX"",""blankLines"":25,""codeLines"":324,""commentLines"":1},{""language"":""INI"",""blankLines"":13,""codeLines"":82,""commentLines"":0},{""language"":""reStructuredText"",""blankLines"":1809,""codeLines"":2697,""commentLines"":1584},{""language"":""CSV"",""blankLines"":0,""codeLines"":7739,""commentLines"":0},{""language"":""TOML"",""blankLines"":63,""codeLines"":288,""commentLines"":62},{""language"":""DOS Batch"",""blankLines"":21,""codeLines"":150,""commentLines"":1},{""language"":""Jupyter Notebook"",""blankLines"":0,""codeLines"":1789,""commentLines"":25395},{""language"":""Fortran 77"",""blankLines"":15,""codeLines"":118,""commentLines"":0},{""language"":""JSON"",""blankLines"":0,""codeLines"":397,""commentLines"":0},{""language"":""Bourne Again Shell"",""blankLines"":14,""codeLines"":58,""commentLines"":30},{""language"":""YAML"",""blankLines"":844,""codeLines"":17947,""commentLines"":581},{""language"":""Python"",""blankLines"":7944,""codeLines"":35525,""commentLines"":12194},{""language"":""CSS"",""blankLines"":0,""codeLines"":3,""commentLines"":0},{""language"":""HTML"",""blankLines"":1,""codeLines"":39,""commentLines"":1},{""language"":""SVG"",""blankLines"":1,""codeLines"":120,""commentLines"":1}]","2024-11-04T03:14:05","a1f621f6d909cbc6e54a220d16648ce2548fab6d",true,false,false,false,"{""Python"":1800674,""Jupyter Notebook"":215731,""Shell"":3980}","atomic;automated;benchmarks;bug :lady_beetle:;bugfix :beetle:;build-docs;ci/cd;codestyle;conda;configuration;discuss;docker;documentation;easy;feature;feature request :rocket:;formal integral;gamma-ray;good first issue;gsoc :sun_with_face:;gui;hacktoberfest;ibvs;infrastructure;install;io;linux :penguin:;logging;macos :apple:;model;montecarlo :game_die:;nebular;numba;numba-montecarlo;opacity;plasma;priority - high :fire:;priority - low :snail:;priority - medium;project-idea :bulb:;relativity;restructure;run-generation-tests;speedup;testing :vertical_traffic_light:;virtual packets;visualization;work in progress 🚧","astrophysics;python;radiative-transfer;science;supernova"
"3961804","inducer/pytools",false,"1328","9","21","25","Python","main","Other","http://pypi.python.org/pypi/pytools","8","68","21","1165","2011-04-06T02:38:38","2024-11-07T03:37:15","2024-11-07T03:37:20","23","5","240","13","2680","6149","1832","[{""language"":""YAML"",""blankLines"":25,""codeLines"":232,""commentLines"":36},{""language"":""reStructuredText"",""blankLines"":33,""codeLines"":69,""commentLines"":40},{""language"":""Python"",""blankLines"":2585,""codeLines"":5685,""commentLines"":1746},{""language"":""TOML"",""blankLines"":12,""codeLines"":105,""commentLines"":4},{""language"":""Bourne Shell"",""blankLines"":13,""codeLines"":24,""commentLines"":0},{""language"":""INI"",""blankLines"":8,""codeLines"":24,""commentLines"":0},{""language"":""make"",""blankLines"":4,""codeLines"":10,""commentLines"":6}]","2024-11-07T03:37:15","e49e8fb51e3cb9338cd8eecc05ff511784b046f5",false,false,false,false,"{""Python"":289044,""Shell"":757}","",""
"3961838","ipa320/cob_command_tools",false,"2356","14","0","89","Python","indigo_dev","Apache License 2.0","http://wiki.ros.org/care-o-bot","20","38","44","10313","2011-10-27T09:24:52","2024-01-22T02:27:52","2023-08-28T01:33:44","39","9","299","5","2082","10104","1882","[{""language"":""CMake"",""blankLines"":60,""codeLines"":178,""commentLines"":12},{""language"":""Gencat NLS"",""blankLines"":2,""codeLines"":13,""commentLines"":0},{""language"":""C++"",""blankLines"":227,""codeLines"":1446,""commentLines"":167},{""language"":""YAML"",""blankLines"":3,""codeLines"":43,""commentLines"":9},{""language"":""reStructuredText"",""blankLines"":391,""codeLines"":2574,""commentLines"":36},{""language"":""DOS Batch"",""blankLines"":8,""codeLines"":26,""commentLines"":1},{""language"":""XML"",""blankLines"":83,""codeLines"":323,""commentLines"":24},{""language"":""Markdown"",""blankLines"":32,""codeLines"":95,""commentLines"":0},{""language"":""C/C++ Header"",""blankLines"":55,""codeLines"":100,""commentLines"":113},{""language"":""Python"",""blankLines"":1215,""codeLines"":5288,""commentLines"":1511},{""language"":""make"",""blankLines"":4,""codeLines"":9,""commentLines"":7},{""language"":""Bourne Again Shell"",""blankLines"":2,""codeLines"":9,""commentLines"":2}]","2024-01-22T02:27:52","aa1fde3b542c38f315037f44d7e6832fea19196f",true,false,false,false,"{""Python"":315964,""C++"":62312,""CMake"":6603,""Batchfile"":795,""Makefile"":634,""Shell"":403}","bug;enhancement;sw",""
"3962312","plone/plone.app.dexterity",false,"1464","14","0","42","Python","master",,"http://docs.plone.org/external/plone.app.dexterity/docs/index.html","156","18","104","3026","2011-09-20T12:04:21","2024-11-06T03:07:08","2024-11-06T03:07:10","158","47","239","3","4047","11191","2577","[{""language"":""INI"",""blankLines"":34,""codeLines"":244,""commentLines"":0},{""language"":""XML"",""blankLines"":149,""codeLines"":1303,""commentLines"":26},{""language"":""make"",""blankLines"":17,""codeLines"":78,""commentLines"":4},{""language"":""Python"",""blankLines"":1085,""codeLines"":3584,""commentLines"":709},{""language"":""Text"",""blankLines"":53,""codeLines"":226,""commentLines"":0},{""language"":""TOML"",""blankLines"":23,""codeLines"":99,""commentLines"":65},{""language"":""RobotFramework"",""blankLines"":19,""codeLines"":21,""commentLines"":6},{""language"":""YAML"",""blankLines"":16,""codeLines"":78,""commentLines"":86},{""language"":""reStructuredText"",""blankLines"":2651,""codeLines"":5558,""commentLines"":1681}]","2024-11-06T03:07:05","6381969ead531f8c429a288e5b29e9339f0faf49",false,false,false,false,"{""Python"":178413,""JavaScript"":4974,""RobotFramework"":888,""CSS"":383}","01 type: bug;02 type: regression;03 type: feature (plip);04 type: enhancement;05 type: question;11 prio: blocker;12 prio: high;13 prio: normal;14 prio: low;21 status: confirmed;22 status: in-progress;23 status: testing;24 status: ready;25 status: deferred;31 needs: help;32 needs: review;33 needs: docs;34 needs: tests;35 needs: rebase;36 needs: cla;37 needs: release;41 lvl: easy;42 lvl: moderate;43 lvl: complex;51 target: patch;52 target: minor;53 target: major;99 tag: imported;99 tag: plone 4.3.x;99 tag: plone 5.x",""
"3962505","django-crispy-forms/django-crispy-forms",false,"1780","11","25","731","Python","main","MIT License","http://django-crispy-forms.rtfd.org","114","4978","190","2822","2011-11-01T11:48:03","2024-07-27T05:54:50","2024-07-28T05:57:04","689","49","706","15","2087","5691","2087","[{""language"":""reStructuredText"",""blankLines"":693,""codeLines"":1206,""commentLines"":189},{""language"":""Markdown"",""blankLines"":126,""codeLines"":471,""commentLines"":0},{""language"":""HTML"",""blankLines"":2,""codeLines"":378,""commentLines"":0},{""language"":""INI"",""blankLines"":7,""codeLines"":45,""commentLines"":0},{""language"":""make"",""blankLines"":17,""codeLines"":75,""commentLines"":4},{""language"":""TOML"",""blankLines"":7,""codeLines"":49,""commentLines"":0},{""language"":""Text"",""blankLines"":9,""codeLines"":144,""commentLines"":0},{""language"":""Python"",""blankLines"":1187,""codeLines"":3081,""commentLines"":1885},{""language"":""DOS Batch"",""blankLines"":16,""codeLines"":95,""commentLines"":1},{""language"":""YAML"",""blankLines"":23,""codeLines"":147,""commentLines"":8}]","2024-07-19T01:02:04","e07622dc68c7199f36677f819d8dcf68125ad596",false,false,false,false,"{""Python"":192995,""HTML"":21513,""Makefile"":179}","blocked;bug;cleanup;decision needed;dependencies;documentation;help wanted;improvement/feature;needs update;template packs;testing/process",""