commit,file,lineno,project,source_csv,commit_date
798a12aa4decddb51f18fbe01a95d9bfd6d4eb7a,astropy/coordinates/angles/formats.py,218,astropy_astropy,results/astropy_astropy_matches.csv,2024-10-24T21:12:06+01:00
a44ae8df79cd3915f8542458391d21556575369e,astropy/coordinates/angles/formats.py,218,astropy_astropy,results/astropy_astropy_matches.csv,2024-11-23T15:30:38-05:00
19fd077df3561a8fcd90f432b409de20ad6f902d,astropy/coordinates/angles/formats.py,218,astropy_astropy,results/astropy_astropy_matches.csv,2024-12-23T12:49:23-08:00
798a12aa4decddb51f18fbe01a95d9bfd6d4eb7a,astropy/units/format/ogip.py,171,astropy_astropy,results/astropy_astropy_matches.csv,2024-10-24T21:12:06+01:00
798a12aa4decddb51f18fbe01a95d9bfd6d4eb7a,astropy/units/format/ogip.py,200,astropy_astropy,results/astropy_astropy_matches.csv,2024-10-24T21:12:06+01:00
798a12aa4decddb51f18fbe01a95d9bfd6d4eb7a,astropy/units/format/ogip.py,221,astropy_astropy,results/astropy_astropy_matches.csv,2024-10-24T21:12:06+01:00
798a12aa4decddb51f18fbe01a95d9bfd6d4eb7a,astropy/units/format/ogip.py,246,astropy_astropy,results/astropy_astropy_matches.csv,2024-10-24T21:12:06+01:00
a44ae8df79cd3915f8542458391d21556575369e,astropy/units/format/ogip.py,171,astropy_astropy,results/astropy_astropy_matches.csv,2024-11-23T15:30:38-05:00
a44ae8df79cd3915f8542458391d21556575369e,astropy/units/format/ogip.py,200,astropy_astropy,results/astropy_astropy_matches.csv,2024-11-23T15:30:38-05:00
a44ae8df79cd3915f8542458391d21556575369e,astropy/units/format/ogip.py,221,astropy_astropy,results/astropy_astropy_matches.csv,2024-11-23T15:30:38-05:00
a44ae8df79cd3915f8542458391d21556575369e,astropy/units/format/ogip.py,246,astropy_astropy,results/astropy_astropy_matches.csv,2024-11-23T15:30:38-05:00
19fd077df3561a8fcd90f432b409de20ad6f902d,astropy/units/format/ogip.py,174,astropy_astropy,results/astropy_astropy_matches.csv,2024-12-23T12:49:23-08:00
19fd077df3561a8fcd90f432b409de20ad6f902d,astropy/units/format/ogip.py,203,astropy_astropy,results/astropy_astropy_matches.csv,2024-12-23T12:49:23-08:00
19fd077df3561a8fcd90f432b409de20ad6f902d,astropy/units/format/ogip.py,224,astropy_astropy,results/astropy_astropy_matches.csv,2024-12-23T12:49:23-08:00
19fd077df3561a8fcd90f432b409de20ad6f902d,astropy/units/format/ogip.py,249,astropy_astropy,results/astropy_astropy_matches.csv,2024-12-23T12:49:23-08:00
798a12aa4decddb51f18fbe01a95d9bfd6d4eb7a,astropy/units/quantity_helper/function_helpers.py,486,astropy_astropy,results/astropy_astropy_matches.csv,2024-10-24T21:12:06+01:00
798a12aa4decddb51f18fbe01a95d9bfd6d4eb7a,astropy/units/quantity_helper/function_helpers.py,496,astropy_astropy,results/astropy_astropy_matches.csv,2024-10-24T21:12:06+01:00
a44ae8df79cd3915f8542458391d21556575369e,astropy/units/quantity_helper/function_helpers.py,508,astropy_astropy,results/astropy_astropy_matches.csv,2024-11-23T15:30:38-05:00
a44ae8df79cd3915f8542458391d21556575369e,astropy/units/quantity_helper/function_helpers.py,518,astropy_astropy,results/astropy_astropy_matches.csv,2024-11-23T15:30:38-05:00
19fd077df3561a8fcd90f432b409de20ad6f902d,astropy/units/quantity_helper/function_helpers.py,517,astropy_astropy,results/astropy_astropy_matches.csv,2024-12-23T12:49:23-08:00
19fd077df3561a8fcd90f432b409de20ad6f902d,astropy/units/quantity_helper/function_helpers.py,527,astropy_astropy,results/astropy_astropy_matches.csv,2024-12-23T12:49:23-08:00
913d51af5cce3702a5ba0e04c41069f644a9fbfb,beetsplug/substitute.py,55,beetbox_beets,results/beetbox_beets_matches.csv,2024-10-05T15:51:41+02:00
01e54e9c358bc047dcbc4fca974d0aae1429726a,meta/views.py,77,bruvellu_cifonauta,results/bruvellu_cifonauta_matches.csv,2024-03-16T00:56:05-03:00
fe2c77d576dbc56778988ec23055116498756649,teuthology/util/time.py,40,ceph_teuthology,results/ceph_teuthology_matches.csv,2024-09-24T16:32:26+05:30
6f10f906be9902618382fdef2adf9ad609cdc512,teuthology/util/time.py,40,ceph_teuthology,results/ceph_teuthology_matches.csv,2024-10-24T11:54:32-06:00
8aa35231626c6ecbac35b361f00b7fb9f4d1fa25,teuthology/util/time.py,40,ceph_teuthology,results/ceph_teuthology_matches.csv,2024-12-03T22:03:51+00:00
a71a3b6e13f01f83a6fda4e2862824c96c195c13,tests/run/test_patma.py,187,cython_cython,results/cython_cython_matches.csv,2024-02-26T11:33:07+01:00
a71a3b6e13f01f83a6fda4e2862824c96c195c13,tests/run/test_patma.py,196,cython_cython,results/cython_cython_matches.csv,2024-02-26T11:33:07+01:00
a71a3b6e13f01f83a6fda4e2862824c96c195c13,tests/run/test_patma.py,297,cython_cython,results/cython_cython_matches.csv,2024-02-26T11:33:07+01:00
a71a3b6e13f01f83a6fda4e2862824c96c195c13,tests/run/test_patma.py,304,cython_cython,results/cython_cython_matches.csv,2024-02-26T11:33:07+01:00
a71a3b6e13f01f83a6fda4e2862824c96c195c13,tests/run/test_patma.py,313,cython_cython,results/cython_cython_matches.csv,2024-02-26T11:33:07+01:00
a71a3b6e13f01f83a6fda4e2862824c96c195c13,tests/run/test_patma.py,323,cython_cython,results/cython_cython_matches.csv,2024-02-26T11:33:07+01:00
a71a3b6e13f01f83a6fda4e2862824c96c195c13,tests/run/test_patma.py,331,cython_cython,results/cython_cython_matches.csv,2024-02-26T11:33:07+01:00
a71a3b6e13f01f83a6fda4e2862824c96c195c13,tests/run/test_patma.py,339,cython_cython,results/cython_cython_matches.csv,2024-02-26T11:33:07+01:00
a71a3b6e13f01f83a6fda4e2862824c96c195c13,tests/run/test_patma.py,347,cython_cython,results/cython_cython_matches.csv,2024-02-26T11:33:07+01:00
a71a3b6e13f01f83a6fda4e2862824c96c195c13,tests/run/test_patma.py,355,cython_cython,results/cython_cython_matches.csv,2024-02-26T11:33:07+01:00
a71a3b6e13f01f83a6fda4e2862824c96c195c13,tests/run/test_patma.py,365,cython_cython,results/cython_cython_matches.csv,2024-02-26T11:33:07+01:00
a71a3b6e13f01f83a6fda4e2862824c96c195c13,tests/run/test_patma.py,375,cython_cython,results/cython_cython_matches.csv,2024-02-26T11:33:07+01:00
a71a3b6e13f01f83a6fda4e2862824c96c195c13,tests/run/test_patma.py,389,cython_cython,results/cython_cython_matches.csv,2024-02-26T11:33:07+01:00
a71a3b6e13f01f83a6fda4e2862824c96c195c13,tests/run/test_patma.py,396,cython_cython,results/cython_cython_matches.csv,2024-02-26T11:33:07+01:00
a71a3b6e13f01f83a6fda4e2862824c96c195c13,tests/run/test_patma.py,404,cython_cython,results/cython_cython_matches.csv,2024-02-26T11:33:07+01:00
a71a3b6e13f01f83a6fda4e2862824c96c195c13,tests/run/test_patma.py,412,cython_cython,results/cython_cython_matches.csv,2024-02-26T11:33:07+01:00
a71a3b6e13f01f83a6fda4e2862824c96c195c13,tests/run/test_patma.py,420,cython_cython,results/cython_cython_matches.csv,2024-02-26T11:33:07+01:00
a71a3b6e13f01f83a6fda4e2862824c96c195c13,tests/run/test_patma.py,428,cython_cython,results/cython_cython_matches.csv,2024-02-26T11:33:07+01:00
a71a3b6e13f01f83a6fda4e2862824c96c195c13,tests/run/test_patma.py,436,cython_cython,results/cython_cython_matches.csv,2024-02-26T11:33:07+01:00
a71a3b6e13f01f83a6fda4e2862824c96c195c13,tests/run/test_patma.py,444,cython_cython,results/cython_cython_matches.csv,2024-02-26T11:33:07+01:00
a71a3b6e13f01f83a6fda4e2862824c96c195c13,tests/run/test_patma.py,452,cython_cython,results/cython_cython_matches.csv,2024-02-26T11:33:07+01:00
a71a3b6e13f01f83a6fda4e2862824c96c195c13,tests/run/test_patma.py,460,cython_cython,results/cython_cython_matches.csv,2024-02-26T11:33:07+01:00
a71a3b6e13f01f83a6fda4e2862824c96c195c13,tests/run/test_patma.py,468,cython_cython,results/cython_cython_matches.csv,2024-02-26T11:33:07+01:00
a71a3b6e13f01f83a6fda4e2862824c96c195c13,tests/run/test_patma.py,476,cython_cython,results/cython_cython_matches.csv,2024-02-26T11:33:07+01:00
a71a3b6e13f01f83a6fda4e2862824c96c195c13,tests/run/test_patma.py,485,cython_cython,results/cython_cython_matches.csv,2024-02-26T11:33:07+01:00
a71a3b6e13f01f83a6fda4e2862824c96c195c13,tests/run/test_patma.py,494,cython_cython,results/cython_cython_matches.csv,2024-02-26T11:33:07+01:00
a71a3b6e13f01f83a6fda4e2862824c96c195c13,tests/run/test_patma.py,504,cython_cython,results/cython_cython_matches.csv,2024-02-26T11:33:07+01:00
a71a3b6e13f01f83a6fda4e2862824c96c195c13,tests/run/test_patma.py,513,cython_cython,results/cython_cython_matches.csv,2024-02-26T11:33:07+01:00
a71a3b6e13f01f83a6fda4e2862824c96c195c13,tests/run/test_patma.py,523,cython_cython,results/cython_cython_matches.csv,2024-02-26T11:33:07+01:00
a71a3b6e13f01f83a6fda4e2862824c96c195c13,tests/run/test_patma.py,533,cython_cython,results/cython_cython_matches.csv,2024-02-26T11:33:07+01:00
a71a3b6e13f01f83a6fda4e2862824c96c195c13,tests/run/test_patma.py,544,cython_cython,results/cython_cython_matches.csv,2024-02-26T11:33:07+01:00
a71a3b6e13f01f83a6fda4e2862824c96c195c13,tests/run/test_patma.py,554,cython_cython,results/cython_cython_matches.csv,2024-02-26T11:33:07+01:00
a71a3b6e13f01f83a6fda4e2862824c96c195c13,tests/run/test_patma.py,567,cython_cython,results/cython_cython_matches.csv,2024-02-26T11:33:07+01:00
a71a3b6e13f01f83a6fda4e2862824c96c195c13,tests/run/test_patma.py,580,cython_cython,results/cython_cython_matches.csv,2024-02-26T11:33:07+01:00
a71a3b6e13f01f83a6fda4e2862824c96c195c13,tests/run/test_patma.py,593,cython_cython,results/cython_cython_matches.csv,2024-02-26T11:33:07+01:00
a71a3b6e13f01f83a6fda4e2862824c96c195c13,tests/run/test_patma.py,606,cython_cython,results/cython_cython_matches.csv,2024-02-26T11:33:07+01:00
a71a3b6e13f01f83a6fda4e2862824c96c195c13,tests/run/test_patma.py,619,cython_cython,results/cython_cython_matches.csv,2024-02-26T11:33:07+01:00
a71a3b6e13f01f83a6fda4e2862824c96c195c13,tests/run/test_patma.py,632,cython_cython,results/cython_cython_matches.csv,2024-02-26T11:33:07+01:00
a71a3b6e13f01f83a6fda4e2862824c96c195c13,tests/run/test_patma.py,645,cython_cython,results/cython_cython_matches.csv,2024-02-26T11:33:07+01:00
a71a3b6e13f01f83a6fda4e2862824c96c195c13,tests/run/test_patma.py,654,cython_cython,results/cython_cython_matches.csv,2024-02-26T11:33:07+01:00
a71a3b6e13f01f83a6fda4e2862824c96c195c13,tests/run/test_patma.py,663,cython_cython,results/cython_cython_matches.csv,2024-02-26T11:33:07+01:00
a71a3b6e13f01f83a6fda4e2862824c96c195c13,tests/run/test_patma.py,673,cython_cython,results/cython_cython_matches.csv,2024-02-26T11:33:07+01:00
a71a3b6e13f01f83a6fda4e2862824c96c195c13,tests/run/test_patma.py,682,cython_cython,results/cython_cython_matches.csv,2024-02-26T11:33:07+01:00
a71a3b6e13f01f83a6fda4e2862824c96c195c13,tests/run/test_patma.py,692,cython_cython,results/cython_cython_matches.csv,2024-02-26T11:33:07+01:00
a71a3b6e13f01f83a6fda4e2862824c96c195c13,tests/run/test_patma.py,703,cython_cython,results/cython_cython_matches.csv,2024-02-26T11:33:07+01:00
a71a3b6e13f01f83a6fda4e2862824c96c195c13,tests/run/test_patma.py,714,cython_cython,results/cython_cython_matches.csv,2024-02-26T11:33:07+01:00
a71a3b6e13f01f83a6fda4e2862824c96c195c13,tests/run/test_patma.py,723,cython_cython,results/cython_cython_matches.csv,2024-02-26T11:33:07+01:00
a71a3b6e13f01f83a6fda4e2862824c96c195c13,tests/run/test_patma.py,732,cython_cython,results/cython_cython_matches.csv,2024-02-26T11:33:07+01:00
a71a3b6e13f01f83a6fda4e2862824c96c195c13,tests/run/test_patma.py,741,cython_cython,results/cython_cython_matches.csv,2024-02-26T11:33:07+01:00
a71a3b6e13f01f83a6fda4e2862824c96c195c13,tests/run/test_patma.py,750,cython_cython,results/cython_cython_matches.csv,2024-02-26T11:33:07+01:00
a71a3b6e13f01f83a6fda4e2862824c96c195c13,tests/run/test_patma.py,759,cython_cython,results/cython_cython_matches.csv,2024-02-26T11:33:07+01:00
a71a3b6e13f01f83a6fda4e2862824c96c195c13,tests/run/test_patma.py,768,cython_cython,results/cython_cython_matches.csv,2024-02-26T11:33:07+01:00
a71a3b6e13f01f83a6fda4e2862824c96c195c13,tests/run/test_patma.py,778,cython_cython,results/cython_cython_matches.csv,2024-02-26T11:33:07+01:00
a71a3b6e13f01f83a6fda4e2862824c96c195c13,tests/run/test_patma.py,788,cython_cython,results/cython_cython_matches.csv,2024-02-26T11:33:07+01:00
a71a3b6e13f01f83a6fda4e2862824c96c195c13,tests/run/test_patma.py,801,cython_cython,results/cython_cython_matches.csv,2024-02-26T11:33:07+01:00
a71a3b6e13f01f83a6fda4e2862824c96c195c13,tests/run/test_patma.py,815,cython_cython,results/cython_cython_matches.csv,2024-02-26T11:33:07+01:00
a71a3b6e13f01f83a6fda4e2862824c96c195c13,tests/run/test_patma.py,825,cython_cython,results/cython_cython_matches.csv,2024-02-26T11:33:07+01:00
a71a3b6e13f01f83a6fda4e2862824c96c195c13,tests/run/test_patma.py,835,cython_cython,results/cython_cython_matches.csv,2024-02-26T11:33:07+01:00
a71a3b6e13f01f83a6fda4e2862824c96c195c13,tests/run/test_patma.py,845,cython_cython,results/cython_cython_matches.csv,2024-02-26T11:33:07+01:00
a71a3b6e13f01f83a6fda4e2862824c96c195c13,tests/run/test_patma.py,855,cython_cython,results/cython_cython_matches.csv,2024-02-26T11:33:07+01:00
a71a3b6e13f01f83a6fda4e2862824c96c195c13,tests/run/test_patma.py,864,cython_cython,results/cython_cython_matches.csv,2024-02-26T11:33:07+01:00
a71a3b6e13f01f83a6fda4e2862824c96c195c13,tests/run/test_patma.py,874,cython_cython,results/cython_cython_matches.csv,2024-02-26T11:33:07+01:00
a71a3b6e13f01f83a6fda4e2862824c96c195c13,tests/run/test_patma.py,884,cython_cython,results/cython_cython_matches.csv,2024-02-26T11:33:07+01:00
a71a3b6e13f01f83a6fda4e2862824c96c195c13,tests/run/test_patma.py,894,cython_cython,results/cython_cython_matches.csv,2024-02-26T11:33:07+01:00
a71a3b6e13f01f83a6fda4e2862824c96c195c13,tests/run/test_patma.py,903,cython_cython,results/cython_cython_matches.csv,2024-02-26T11:33:07+01:00
a71a3b6e13f01f83a6fda4e2862824c96c195c13,tests/run/test_patma.py,915,cython_cython,results/cython_cython_matches.csv,2024-02-26T11:33:07+01:00
a71a3b6e13f01f83a6fda4e2862824c96c195c13,tests/run/test_patma.py,926,cython_cython,results/cython_cython_matches.csv,2024-02-26T11:33:07+01:00
a71a3b6e13f01f83a6fda4e2862824c96c195c13,tests/run/test_patma.py,937,cython_cython,results/cython_cython_matches.csv,2024-02-26T11:33:07+01:00
a71a3b6e13f01f83a6fda4e2862824c96c195c13,tests/run/test_patma.py,948,cython_cython,results/cython_cython_matches.csv,2024-02-26T11:33:07+01:00
a71a3b6e13f01f83a6fda4e2862824c96c195c13,tests/run/test_patma.py,959,cython_cython,results/cython_cython_matches.csv,2024-02-26T11:33:07+01:00
a71a3b6e13f01f83a6fda4e2862824c96c195c13,tests/run/test_patma.py,970,cython_cython,results/cython_cython_matches.csv,2024-02-26T11:33:07+01:00
a71a3b6e13f01f83a6fda4e2862824c96c195c13,tests/run/test_patma.py,982,cython_cython,results/cython_cython_matches.csv,2024-02-26T11:33:07+01:00
a71a3b6e13f01f83a6fda4e2862824c96c195c13,tests/run/test_patma.py,993,cython_cython,results/cython_cython_matches.csv,2024-02-26T11:33:07+01:00
a71a3b6e13f01f83a6fda4e2862824c96c195c13,tests/run/test_patma.py,1004,cython_cython,results/cython_cython_matches.csv,2024-02-26T11:33:07+01:00
a71a3b6e13f01f83a6fda4e2862824c96c195c13,tests/run/test_patma.py,1015,cython_cython,results/cython_cython_matches.csv,2024-02-26T11:33:07+01:00
a71a3b6e13f01f83a6fda4e2862824c96c195c13,tests/run/test_patma.py,1027,cython_cython,results/cython_cython_matches.csv,2024-02-26T11:33:07+01:00
a71a3b6e13f01f83a6fda4e2862824c96c195c13,tests/run/test_patma.py,1040,cython_cython,results/cython_cython_matches.csv,2024-02-26T11:33:07+01:00
a71a3b6e13f01f83a6fda4e2862824c96c195c13,tests/run/test_patma.py,1051,cython_cython,results/cython_cython_matches.csv,2024-02-26T11:33:07+01:00
a71a3b6e13f01f83a6fda4e2862824c96c195c13,tests/run/test_patma.py,1062,cython_cython,results/cython_cython_matches.csv,2024-02-26T11:33:07+01:00
a71a3b6e13f01f83a6fda4e2862824c96c195c13,tests/run/test_patma.py,1078,cython_cython,results/cython_cython_matches.csv,2024-02-26T11:33:07+01:00
a71a3b6e13f01f83a6fda4e2862824c96c195c13,tests/run/test_patma.py,1089,cython_cython,results/cython_cython_matches.csv,2024-02-26T11:33:07+01:00
a71a3b6e13f01f83a6fda4e2862824c96c195c13,tests/run/test_patma.py,1102,cython_cython,results/cython_cython_matches.csv,2024-02-26T11:33:07+01:00
a71a3b6e13f01f83a6fda4e2862824c96c195c13,tests/run/test_patma.py,1115,cython_cython,results/cython_cython_matches.csv,2024-02-26T11:33:07+01:00
a71a3b6e13f01f83a6fda4e2862824c96c195c13,tests/run/test_patma.py,1128,cython_cython,results/cython_cython_matches.csv,2024-02-26T11:33:07+01:00
a71a3b6e13f01f83a6fda4e2862824c96c195c13,tests/run/test_patma.py,1140,cython_cython,results/cython_cython_matches.csv,2024-02-26T11:33:07+01:00
a71a3b6e13f01f83a6fda4e2862824c96c195c13,tests/run/test_patma.py,1151,cython_cython,results/cython_cython_matches.csv,2024-02-26T11:33:07+01:00
a71a3b6e13f01f83a6fda4e2862824c96c195c13,tests/run/test_patma.py,1162,cython_cython,results/cython_cython_matches.csv,2024-02-26T11:33:07+01:00
a71a3b6e13f01f83a6fda4e2862824c96c195c13,tests/run/test_patma.py,1172,cython_cython,results/cython_cython_matches.csv,2024-02-26T11:33:07+01:00
a71a3b6e13f01f83a6fda4e2862824c96c195c13,tests/run/test_patma.py,1183,cython_cython,results/cython_cython_matches.csv,2024-02-26T11:33:07+01:00
a71a3b6e13f01f83a6fda4e2862824c96c195c13,tests/run/test_patma.py,1194,cython_cython,results/cython_cython_matches.csv,2024-02-26T11:33:07+01:00
a71a3b6e13f01f83a6fda4e2862824c96c195c13,tests/run/test_patma.py,1203,cython_cython,results/cython_cython_matches.csv,2024-02-26T11:33:07+01:00
a71a3b6e13f01f83a6fda4e2862824c96c195c13,tests/run/test_patma.py,1212,cython_cython,results/cython_cython_matches.csv,2024-02-26T11:33:07+01:00
a71a3b6e13f01f83a6fda4e2862824c96c195c13,tests/run/test_patma.py,1222,cython_cython,results/cython_cython_matches.csv,2024-02-26T11:33:07+01:00
a71a3b6e13f01f83a6fda4e2862824c96c195c13,tests/run/test_patma.py,1231,cython_cython,results/cython_cython_matches.csv,2024-02-26T11:33:07+01:00
a71a3b6e13f01f83a6fda4e2862824c96c195c13,tests/run/test_patma.py,1240,cython_cython,results/cython_cython_matches.csv,2024-02-26T11:33:07+01:00
a71a3b6e13f01f83a6fda4e2862824c96c195c13,tests/run/test_patma.py,1249,cython_cython,results/cython_cython_matches.csv,2024-02-26T11:33:07+01:00
a71a3b6e13f01f83a6fda4e2862824c96c195c13,tests/run/test_patma.py,1259,cython_cython,results/cython_cython_matches.csv,2024-02-26T11:33:07+01:00
a71a3b6e13f01f83a6fda4e2862824c96c195c13,tests/run/test_patma.py,1268,cython_cython,results/cython_cython_matches.csv,2024-02-26T11:33:07+01:00
a71a3b6e13f01f83a6fda4e2862824c96c195c13,tests/run/test_patma.py,1277,cython_cython,results/cython_cython_matches.csv,2024-02-26T11:33:07+01:00
a71a3b6e13f01f83a6fda4e2862824c96c195c13,tests/run/test_patma.py,1286,cython_cython,results/cython_cython_matches.csv,2024-02-26T11:33:07+01:00
a71a3b6e13f01f83a6fda4e2862824c96c195c13,tests/run/test_patma.py,1295,cython_cython,results/cython_cython_matches.csv,2024-02-26T11:33:07+01:00
a71a3b6e13f01f83a6fda4e2862824c96c195c13,tests/run/test_patma.py,1304,cython_cython,results/cython_cython_matches.csv,2024-02-26T11:33:07+01:00
a71a3b6e13f01f83a6fda4e2862824c96c195c13,tests/run/test_patma.py,1313,cython_cython,results/cython_cython_matches.csv,2024-02-26T11:33:07+01:00
a71a3b6e13f01f83a6fda4e2862824c96c195c13,tests/run/test_patma.py,1322,cython_cython,results/cython_cython_matches.csv,2024-02-26T11:33:07+01:00
a71a3b6e13f01f83a6fda4e2862824c96c195c13,tests/run/test_patma.py,1331,cython_cython,results/cython_cython_matches.csv,2024-02-26T11:33:07+01:00
a71a3b6e13f01f83a6fda4e2862824c96c195c13,tests/run/test_patma.py,1340,cython_cython,results/cython_cython_matches.csv,2024-02-26T11:33:07+01:00
a71a3b6e13f01f83a6fda4e2862824c96c195c13,tests/run/test_patma.py,1349,cython_cython,results/cython_cython_matches.csv,2024-02-26T11:33:07+01:00
a71a3b6e13f01f83a6fda4e2862824c96c195c13,tests/run/test_patma.py,1358,cython_cython,results/cython_cython_matches.csv,2024-02-26T11:33:07+01:00
a71a3b6e13f01f83a6fda4e2862824c96c195c13,tests/run/test_patma.py,1367,cython_cython,results/cython_cython_matches.csv,2024-02-26T11:33:07+01:00
a71a3b6e13f01f83a6fda4e2862824c96c195c13,tests/run/test_patma.py,1376,cython_cython,results/cython_cython_matches.csv,2024-02-26T11:33:07+01:00
a71a3b6e13f01f83a6fda4e2862824c96c195c13,tests/run/test_patma.py,1385,cython_cython,results/cython_cython_matches.csv,2024-02-26T11:33:07+01:00
a71a3b6e13f01f83a6fda4e2862824c96c195c13,tests/run/test_patma.py,1394,cython_cython,results/cython_cython_matches.csv,2024-02-26T11:33:07+01:00
a71a3b6e13f01f83a6fda4e2862824c96c195c13,tests/run/test_patma.py,1403,cython_cython,results/cython_cython_matches.csv,2024-02-26T11:33:07+01:00
a71a3b6e13f01f83a6fda4e2862824c96c195c13,tests/run/test_patma.py,1414,cython_cython,results/cython_cython_matches.csv,2024-02-26T11:33:07+01:00
a71a3b6e13f01f83a6fda4e2862824c96c195c13,tests/run/test_patma.py,1427,cython_cython,results/cython_cython_matches.csv,2024-02-26T11:33:07+01:00
a71a3b6e13f01f83a6fda4e2862824c96c195c13,tests/run/test_patma.py,1441,cython_cython,results/cython_cython_matches.csv,2024-02-26T11:33:07+01:00
a71a3b6e13f01f83a6fda4e2862824c96c195c13,tests/run/test_patma.py,1458,cython_cython,results/cython_cython_matches.csv,2024-02-26T11:33:07+01:00
a71a3b6e13f01f83a6fda4e2862824c96c195c13,tests/run/test_patma.py,1473,cython_cython,results/cython_cython_matches.csv,2024-02-26T11:33:07+01:00
a71a3b6e13f01f83a6fda4e2862824c96c195c13,tests/run/test_patma.py,1486,cython_cython,results/cython_cython_matches.csv,2024-02-26T11:33:07+01:00
a71a3b6e13f01f83a6fda4e2862824c96c195c13,tests/run/test_patma.py,1496,cython_cython,results/cython_cython_matches.csv,2024-02-26T11:33:07+01:00
a71a3b6e13f01f83a6fda4e2862824c96c195c13,tests/run/test_patma.py,1506,cython_cython,results/cython_cython_matches.csv,2024-02-26T11:33:07+01:00
a71a3b6e13f01f83a6fda4e2862824c96c195c13,tests/run/test_patma.py,1517,cython_cython,results/cython_cython_matches.csv,2024-02-26T11:33:07+01:00
a71a3b6e13f01f83a6fda4e2862824c96c195c13,tests/run/test_patma.py,1528,cython_cython,results/cython_cython_matches.csv,2024-02-26T11:33:07+01:00
a71a3b6e13f01f83a6fda4e2862824c96c195c13,tests/run/test_patma.py,1539,cython_cython,results/cython_cython_matches.csv,2024-02-26T11:33:07+01:00
a71a3b6e13f01f83a6fda4e2862824c96c195c13,tests/run/test_patma.py,1546,cython_cython,results/cython_cython_matches.csv,2024-02-26T11:33:07+01:00
a71a3b6e13f01f83a6fda4e2862824c96c195c13,tests/run/test_patma.py,1554,cython_cython,results/cython_cython_matches.csv,2024-02-26T11:33:07+01:00
a71a3b6e13f01f83a6fda4e2862824c96c195c13,tests/run/test_patma.py,1562,cython_cython,results/cython_cython_matches.csv,2024-02-26T11:33:07+01:00
a71a3b6e13f01f83a6fda4e2862824c96c195c13,tests/run/test_patma.py,1570,cython_cython,results/cython_cython_matches.csv,2024-02-26T11:33:07+01:00
a71a3b6e13f01f83a6fda4e2862824c96c195c13,tests/run/test_patma.py,1578,cython_cython,results/cython_cython_matches.csv,2024-02-26T11:33:07+01:00
a71a3b6e13f01f83a6fda4e2862824c96c195c13,tests/run/test_patma.py,1586,cython_cython,results/cython_cython_matches.csv,2024-02-26T11:33:07+01:00
a71a3b6e13f01f83a6fda4e2862824c96c195c13,tests/run/test_patma.py,1594,cython_cython,results/cython_cython_matches.csv,2024-02-26T11:33:07+01:00
a71a3b6e13f01f83a6fda4e2862824c96c195c13,tests/run/test_patma.py,1602,cython_cython,results/cython_cython_matches.csv,2024-02-26T11:33:07+01:00
a71a3b6e13f01f83a6fda4e2862824c96c195c13,tests/run/test_patma.py,1610,cython_cython,results/cython_cython_matches.csv,2024-02-26T11:33:07+01:00
a71a3b6e13f01f83a6fda4e2862824c96c195c13,tests/run/test_patma.py,1618,cython_cython,results/cython_cython_matches.csv,2024-02-26T11:33:07+01:00
a71a3b6e13f01f83a6fda4e2862824c96c195c13,tests/run/test_patma.py,1626,cython_cython,results/cython_cython_matches.csv,2024-02-26T11:33:07+01:00
a71a3b6e13f01f83a6fda4e2862824c96c195c13,tests/run/test_patma.py,1635,cython_cython,results/cython_cython_matches.csv,2024-02-26T11:33:07+01:00
a71a3b6e13f01f83a6fda4e2862824c96c195c13,tests/run/test_patma.py,1648,cython_cython,results/cython_cython_matches.csv,2024-02-26T11:33:07+01:00
a71a3b6e13f01f83a6fda4e2862824c96c195c13,tests/run/test_patma.py,1662,cython_cython,results/cython_cython_matches.csv,2024-02-26T11:33:07+01:00
a71a3b6e13f01f83a6fda4e2862824c96c195c13,tests/run/test_patma.py,1676,cython_cython,results/cython_cython_matches.csv,2024-02-26T11:33:07+01:00
a71a3b6e13f01f83a6fda4e2862824c96c195c13,tests/run/test_patma.py,1689,cython_cython,results/cython_cython_matches.csv,2024-02-26T11:33:07+01:00
a71a3b6e13f01f83a6fda4e2862824c96c195c13,tests/run/test_patma.py,1703,cython_cython,results/cython_cython_matches.csv,2024-02-26T11:33:07+01:00
a71a3b6e13f01f83a6fda4e2862824c96c195c13,tests/run/test_patma.py,1717,cython_cython,results/cython_cython_matches.csv,2024-02-26T11:33:07+01:00
a71a3b6e13f01f83a6fda4e2862824c96c195c13,tests/run/test_patma.py,1727,cython_cython,results/cython_cython_matches.csv,2024-02-26T11:33:07+01:00
a71a3b6e13f01f83a6fda4e2862824c96c195c13,tests/run/test_patma.py,1737,cython_cython,results/cython_cython_matches.csv,2024-02-26T11:33:07+01:00
a71a3b6e13f01f83a6fda4e2862824c96c195c13,tests/run/test_patma.py,1747,cython_cython,results/cython_cython_matches.csv,2024-02-26T11:33:07+01:00
a71a3b6e13f01f83a6fda4e2862824c96c195c13,tests/run/test_patma.py,1757,cython_cython,results/cython_cython_matches.csv,2024-02-26T11:33:07+01:00
a71a3b6e13f01f83a6fda4e2862824c96c195c13,tests/run/test_patma.py,1767,cython_cython,results/cython_cython_matches.csv,2024-02-26T11:33:07+01:00
a71a3b6e13f01f83a6fda4e2862824c96c195c13,tests/run/test_patma.py,1777,cython_cython,results/cython_cython_matches.csv,2024-02-26T11:33:07+01:00
a71a3b6e13f01f83a6fda4e2862824c96c195c13,tests/run/test_patma.py,1787,cython_cython,results/cython_cython_matches.csv,2024-02-26T11:33:07+01:00
a71a3b6e13f01f83a6fda4e2862824c96c195c13,tests/run/test_patma.py,1797,cython_cython,results/cython_cython_matches.csv,2024-02-26T11:33:07+01:00
a71a3b6e13f01f83a6fda4e2862824c96c195c13,tests/run/test_patma.py,1807,cython_cython,results/cython_cython_matches.csv,2024-02-26T11:33:07+01:00
a71a3b6e13f01f83a6fda4e2862824c96c195c13,tests/run/test_patma.py,1817,cython_cython,results/cython_cython_matches.csv,2024-02-26T11:33:07+01:00
a71a3b6e13f01f83a6fda4e2862824c96c195c13,tests/run/test_patma.py,1827,cython_cython,results/cython_cython_matches.csv,2024-02-26T11:33:07+01:00
a71a3b6e13f01f83a6fda4e2862824c96c195c13,tests/run/test_patma.py,1837,cython_cython,results/cython_cython_matches.csv,2024-02-26T11:33:07+01:00
a71a3b6e13f01f83a6fda4e2862824c96c195c13,tests/run/test_patma.py,1848,cython_cython,results/cython_cython_matches.csv,2024-02-26T11:33:07+01:00
a71a3b6e13f01f83a6fda4e2862824c96c195c13,tests/run/test_patma.py,1860,cython_cython,results/cython_cython_matches.csv,2024-02-26T11:33:07+01:00
a71a3b6e13f01f83a6fda4e2862824c96c195c13,tests/run/test_patma.py,1873,cython_cython,results/cython_cython_matches.csv,2024-02-26T11:33:07+01:00
a71a3b6e13f01f83a6fda4e2862824c96c195c13,tests/run/test_patma.py,1883,cython_cython,results/cython_cython_matches.csv,2024-02-26T11:33:07+01:00
a71a3b6e13f01f83a6fda4e2862824c96c195c13,tests/run/test_patma.py,1892,cython_cython,results/cython_cython_matches.csv,2024-02-26T11:33:07+01:00
a71a3b6e13f01f83a6fda4e2862824c96c195c13,tests/run/test_patma.py,1903,cython_cython,results/cython_cython_matches.csv,2024-02-26T11:33:07+01:00
a71a3b6e13f01f83a6fda4e2862824c96c195c13,tests/run/test_patma.py,1912,cython_cython,results/cython_cython_matches.csv,2024-02-26T11:33:07+01:00
a71a3b6e13f01f83a6fda4e2862824c96c195c13,tests/run/test_patma.py,1923,cython_cython,results/cython_cython_matches.csv,2024-02-26T11:33:07+01:00
a71a3b6e13f01f83a6fda4e2862824c96c195c13,tests/run/test_patma.py,1935,cython_cython,results/cython_cython_matches.csv,2024-02-26T11:33:07+01:00
a71a3b6e13f01f83a6fda4e2862824c96c195c13,tests/run/test_patma.py,1947,cython_cython,results/cython_cython_matches.csv,2024-02-26T11:33:07+01:00
a71a3b6e13f01f83a6fda4e2862824c96c195c13,tests/run/test_patma.py,1958,cython_cython,results/cython_cython_matches.csv,2024-02-26T11:33:07+01:00
a71a3b6e13f01f83a6fda4e2862824c96c195c13,tests/run/test_patma.py,1970,cython_cython,results/cython_cython_matches.csv,2024-02-26T11:33:07+01:00
a71a3b6e13f01f83a6fda4e2862824c96c195c13,tests/run/test_patma.py,1981,cython_cython,results/cython_cython_matches.csv,2024-02-26T11:33:07+01:00
a71a3b6e13f01f83a6fda4e2862824c96c195c13,tests/run/test_patma.py,1993,cython_cython,results/cython_cython_matches.csv,2024-02-26T11:33:07+01:00
a71a3b6e13f01f83a6fda4e2862824c96c195c13,tests/run/test_patma.py,2004,cython_cython,results/cython_cython_matches.csv,2024-02-26T11:33:07+01:00
a71a3b6e13f01f83a6fda4e2862824c96c195c13,tests/run/test_patma.py,2016,cython_cython,results/cython_cython_matches.csv,2024-02-26T11:33:07+01:00
a71a3b6e13f01f83a6fda4e2862824c96c195c13,tests/run/test_patma.py,2028,cython_cython,results/cython_cython_matches.csv,2024-02-26T11:33:07+01:00
a71a3b6e13f01f83a6fda4e2862824c96c195c13,tests/run/test_patma.py,2040,cython_cython,results/cython_cython_matches.csv,2024-02-26T11:33:07+01:00
a71a3b6e13f01f83a6fda4e2862824c96c195c13,tests/run/test_patma.py,2052,cython_cython,results/cython_cython_matches.csv,2024-02-26T11:33:07+01:00
a71a3b6e13f01f83a6fda4e2862824c96c195c13,tests/run/test_patma.py,2064,cython_cython,results/cython_cython_matches.csv,2024-02-26T11:33:07+01:00
a71a3b6e13f01f83a6fda4e2862824c96c195c13,tests/run/test_patma.py,2076,cython_cython,results/cython_cython_matches.csv,2024-02-26T11:33:07+01:00
a71a3b6e13f01f83a6fda4e2862824c96c195c13,tests/run/test_patma.py,2088,cython_cython,results/cython_cython_matches.csv,2024-02-26T11:33:07+01:00
a71a3b6e13f01f83a6fda4e2862824c96c195c13,tests/run/test_patma.py,2099,cython_cython,results/cython_cython_matches.csv,2024-02-26T11:33:07+01:00
a71a3b6e13f01f83a6fda4e2862824c96c195c13,tests/run/test_patma.py,2124,cython_cython,results/cython_cython_matches.csv,2024-02-26T11:33:07+01:00
a71a3b6e13f01f83a6fda4e2862824c96c195c13,tests/run/test_patma.py,2143,cython_cython,results/cython_cython_matches.csv,2024-02-26T11:33:07+01:00
a71a3b6e13f01f83a6fda4e2862824c96c195c13,tests/run/test_patma.py,2163,cython_cython,results/cython_cython_matches.csv,2024-02-26T11:33:07+01:00
a71a3b6e13f01f83a6fda4e2862824c96c195c13,tests/run/test_patma.py,2187,cython_cython,results/cython_cython_matches.csv,2024-02-26T11:33:07+01:00
a71a3b6e13f01f83a6fda4e2862824c96c195c13,tests/run/test_patma.py,2196,cython_cython,results/cython_cython_matches.csv,2024-02-26T11:33:07+01:00
a71a3b6e13f01f83a6fda4e2862824c96c195c13,tests/run/test_patma.py,2205,cython_cython,results/cython_cython_matches.csv,2024-02-26T11:33:07+01:00
a71a3b6e13f01f83a6fda4e2862824c96c195c13,tests/run/test_patma.py,2214,cython_cython,results/cython_cython_matches.csv,2024-02-26T11:33:07+01:00
a71a3b6e13f01f83a6fda4e2862824c96c195c13,tests/run/test_patma.py,2223,cython_cython,results/cython_cython_matches.csv,2024-02-26T11:33:07+01:00
a71a3b6e13f01f83a6fda4e2862824c96c195c13,tests/run/test_patma.py,2246,cython_cython,results/cython_cython_matches.csv,2024-02-26T11:33:07+01:00
a71a3b6e13f01f83a6fda4e2862824c96c195c13,tests/run/test_patma.py,2264,cython_cython,results/cython_cython_matches.csv,2024-02-26T11:33:07+01:00
a71a3b6e13f01f83a6fda4e2862824c96c195c13,tests/run/test_patma.py,2275,cython_cython,results/cython_cython_matches.csv,2024-02-26T11:33:07+01:00
a71a3b6e13f01f83a6fda4e2862824c96c195c13,tests/run/test_patma.py,2287,cython_cython,results/cython_cython_matches.csv,2024-02-26T11:33:07+01:00
a71a3b6e13f01f83a6fda4e2862824c96c195c13,tests/run/test_patma.py,2297,cython_cython,results/cython_cython_matches.csv,2024-02-26T11:33:07+01:00
a71a3b6e13f01f83a6fda4e2862824c96c195c13,tests/run/test_patma.py,2309,cython_cython,results/cython_cython_matches.csv,2024-02-26T11:33:07+01:00
a71a3b6e13f01f83a6fda4e2862824c96c195c13,tests/run/test_patma.py,2321,cython_cython,results/cython_cython_matches.csv,2024-02-26T11:33:07+01:00
a71a3b6e13f01f83a6fda4e2862824c96c195c13,tests/run/test_patma.py,2333,cython_cython,results/cython_cython_matches.csv,2024-02-26T11:33:07+01:00
a71a3b6e13f01f83a6fda4e2862824c96c195c13,tests/run/test_patma.py,2344,cython_cython,results/cython_cython_matches.csv,2024-02-26T11:33:07+01:00
a71a3b6e13f01f83a6fda4e2862824c96c195c13,tests/run/test_patma.py,2355,cython_cython,results/cython_cython_matches.csv,2024-02-26T11:33:07+01:00
a71a3b6e13f01f83a6fda4e2862824c96c195c13,tests/run/test_patma.py,2366,cython_cython,results/cython_cython_matches.csv,2024-02-26T11:33:07+01:00
a71a3b6e13f01f83a6fda4e2862824c96c195c13,tests/run/test_patma.py,2377,cython_cython,results/cython_cython_matches.csv,2024-02-26T11:33:07+01:00
a71a3b6e13f01f83a6fda4e2862824c96c195c13,tests/run/test_patma.py,2388,cython_cython,results/cython_cython_matches.csv,2024-02-26T11:33:07+01:00
a71a3b6e13f01f83a6fda4e2862824c96c195c13,tests/run/test_patma.py,2400,cython_cython,results/cython_cython_matches.csv,2024-02-26T11:33:07+01:00
a71a3b6e13f01f83a6fda4e2862824c96c195c13,tests/run/test_patma.py,2412,cython_cython,results/cython_cython_matches.csv,2024-02-26T11:33:07+01:00
a71a3b6e13f01f83a6fda4e2862824c96c195c13,tests/run/test_patma.py,2430,cython_cython,results/cython_cython_matches.csv,2024-02-26T11:33:07+01:00
a71a3b6e13f01f83a6fda4e2862824c96c195c13,tests/run/test_patma.py,2457,cython_cython,results/cython_cython_matches.csv,2024-02-26T11:33:07+01:00
a71a3b6e13f01f83a6fda4e2862824c96c195c13,tests/run/test_patma.py,2484,cython_cython,results/cython_cython_matches.csv,2024-02-26T11:33:07+01:00
a71a3b6e13f01f83a6fda4e2862824c96c195c13,tests/run/test_patma.py,2498,cython_cython,results/cython_cython_matches.csv,2024-02-26T11:33:07+01:00
a71a3b6e13f01f83a6fda4e2862824c96c195c13,tests/run/test_patma.py,2514,cython_cython,results/cython_cython_matches.csv,2024-02-26T11:33:07+01:00
a71a3b6e13f01f83a6fda4e2862824c96c195c13,tests/run/test_patma.py,2530,cython_cython,results/cython_cython_matches.csv,2024-02-26T11:33:07+01:00
a71a3b6e13f01f83a6fda4e2862824c96c195c13,tests/run/test_patma.py,2540,cython_cython,results/cython_cython_matches.csv,2024-02-26T11:33:07+01:00
a71a3b6e13f01f83a6fda4e2862824c96c195c13,tests/run/test_patma.py,2553,cython_cython,results/cython_cython_matches.csv,2024-02-26T11:33:07+01:00
a71a3b6e13f01f83a6fda4e2862824c96c195c13,tests/run/test_patma.py,2566,cython_cython,results/cython_cython_matches.csv,2024-02-26T11:33:07+01:00
a71a3b6e13f01f83a6fda4e2862824c96c195c13,tests/run/test_patma.py,2582,cython_cython,results/cython_cython_matches.csv,2024-02-26T11:33:07+01:00
a71a3b6e13f01f83a6fda4e2862824c96c195c13,tests/run/test_patma.py,2597,cython_cython,results/cython_cython_matches.csv,2024-02-26T11:33:07+01:00
a71a3b6e13f01f83a6fda4e2862824c96c195c13,tests/run/test_patma.py,2609,cython_cython,results/cython_cython_matches.csv,2024-02-26T11:33:07+01:00
a71a3b6e13f01f83a6fda4e2862824c96c195c13,tests/run/test_patma.py,2621,cython_cython,results/cython_cython_matches.csv,2024-02-26T11:33:07+01:00
a71a3b6e13f01f83a6fda4e2862824c96c195c13,tests/run/test_patma.py,2639,cython_cython,results/cython_cython_matches.csv,2024-02-26T11:33:07+01:00
a71a3b6e13f01f83a6fda4e2862824c96c195c13,tests/run/test_patma.py,2652,cython_cython,results/cython_cython_matches.csv,2024-02-26T11:33:07+01:00
a71a3b6e13f01f83a6fda4e2862824c96c195c13,tests/run/test_patma.py,2662,cython_cython,results/cython_cython_matches.csv,2024-02-26T11:33:07+01:00
a71a3b6e13f01f83a6fda4e2862824c96c195c13,tests/run/test_patma.py,2675,cython_cython,results/cython_cython_matches.csv,2024-02-26T11:33:07+01:00
a71a3b6e13f01f83a6fda4e2862824c96c195c13,tests/run/test_patma.py,2683,cython_cython,results/cython_cython_matches.csv,2024-02-26T11:33:07+01:00
a71a3b6e13f01f83a6fda4e2862824c96c195c13,tests/run/test_patma.py,2691,cython_cython,results/cython_cython_matches.csv,2024-02-26T11:33:07+01:00
a71a3b6e13f01f83a6fda4e2862824c96c195c13,tests/run/test_patma.py,2699,cython_cython,results/cython_cython_matches.csv,2024-02-26T11:33:07+01:00
a71a3b6e13f01f83a6fda4e2862824c96c195c13,tests/run/test_patma.py,2707,cython_cython,results/cython_cython_matches.csv,2024-02-26T11:33:07+01:00
a71a3b6e13f01f83a6fda4e2862824c96c195c13,tests/run/test_patma.py,2715,cython_cython,results/cython_cython_matches.csv,2024-02-26T11:33:07+01:00
a71a3b6e13f01f83a6fda4e2862824c96c195c13,tests/run/test_patma.py,2723,cython_cython,results/cython_cython_matches.csv,2024-02-26T11:33:07+01:00
a71a3b6e13f01f83a6fda4e2862824c96c195c13,tests/run/test_patma.py,2731,cython_cython,results/cython_cython_matches.csv,2024-02-26T11:33:07+01:00
a71a3b6e13f01f83a6fda4e2862824c96c195c13,tests/run/test_patma.py,2739,cython_cython,results/cython_cython_matches.csv,2024-02-26T11:33:07+01:00
a71a3b6e13f01f83a6fda4e2862824c96c195c13,tests/run/test_patma.py,2750,cython_cython,results/cython_cython_matches.csv,2024-02-26T11:33:07+01:00
a71a3b6e13f01f83a6fda4e2862824c96c195c13,tests/run/test_patma.py,2761,cython_cython,results/cython_cython_matches.csv,2024-02-26T11:33:07+01:00
a71a3b6e13f01f83a6fda4e2862824c96c195c13,tests/run/test_patma.py,2774,cython_cython,results/cython_cython_matches.csv,2024-02-26T11:33:07+01:00
a71a3b6e13f01f83a6fda4e2862824c96c195c13,tests/run/test_patma.py,2787,cython_cython,results/cython_cython_matches.csv,2024-02-26T11:33:07+01:00
a71a3b6e13f01f83a6fda4e2862824c96c195c13,tests/run/test_patma.py,2802,cython_cython,results/cython_cython_matches.csv,2024-02-26T11:33:07+01:00
a71a3b6e13f01f83a6fda4e2862824c96c195c13,tests/run/test_patma.py,2816,cython_cython,results/cython_cython_matches.csv,2024-02-26T11:33:07+01:00
a71a3b6e13f01f83a6fda4e2862824c96c195c13,tests/run/test_patma.py,2824,cython_cython,results/cython_cython_matches.csv,2024-02-26T11:33:07+01:00
a71a3b6e13f01f83a6fda4e2862824c96c195c13,tests/run/test_patma.py,2833,cython_cython,results/cython_cython_matches.csv,2024-02-26T11:33:07+01:00
a71a3b6e13f01f83a6fda4e2862824c96c195c13,tests/run/test_patma.py,2844,cython_cython,results/cython_cython_matches.csv,2024-02-26T11:33:07+01:00
a71a3b6e13f01f83a6fda4e2862824c96c195c13,tests/run/test_patma.py,2859,cython_cython,results/cython_cython_matches.csv,2024-02-26T11:33:07+01:00
a71a3b6e13f01f83a6fda4e2862824c96c195c13,tests/run/test_patma.py,2868,cython_cython,results/cython_cython_matches.csv,2024-02-26T11:33:07+01:00
a71a3b6e13f01f83a6fda4e2862824c96c195c13,tests/run/test_patma.py,2877,cython_cython,results/cython_cython_matches.csv,2024-02-26T11:33:07+01:00
a71a3b6e13f01f83a6fda4e2862824c96c195c13,tests/run/test_patma.py,2886,cython_cython,results/cython_cython_matches.csv,2024-02-26T11:33:07+01:00
a71a3b6e13f01f83a6fda4e2862824c96c195c13,tests/run/test_patma.py,2895,cython_cython,results/cython_cython_matches.csv,2024-02-26T11:33:07+01:00
a71a3b6e13f01f83a6fda4e2862824c96c195c13,tests/run/test_patma.py,2906,cython_cython,results/cython_cython_matches.csv,2024-02-26T11:33:07+01:00
a71a3b6e13f01f83a6fda4e2862824c96c195c13,tests/run/test_patma.py,2917,cython_cython,results/cython_cython_matches.csv,2024-02-26T11:33:07+01:00
a71a3b6e13f01f83a6fda4e2862824c96c195c13,tests/run/test_patma.py,2937,cython_cython,results/cython_cython_matches.csv,2024-02-26T11:33:07+01:00
a71a3b6e13f01f83a6fda4e2862824c96c195c13,tests/run/test_patma.py,2946,cython_cython,results/cython_cython_matches.csv,2024-02-26T11:33:07+01:00
a71a3b6e13f01f83a6fda4e2862824c96c195c13,tests/run/test_patma.py,2956,cython_cython,results/cython_cython_matches.csv,2024-02-26T11:33:07+01:00
a71a3b6e13f01f83a6fda4e2862824c96c195c13,tests/run/test_patma.py,2966,cython_cython,results/cython_cython_matches.csv,2024-02-26T11:33:07+01:00
a71a3b6e13f01f83a6fda4e2862824c96c195c13,tests/run/test_patma.py,2977,cython_cython,results/cython_cython_matches.csv,2024-02-26T11:33:07+01:00
a71a3b6e13f01f83a6fda4e2862824c96c195c13,tests/run/test_patma.py,2987,cython_cython,results/cython_cython_matches.csv,2024-02-26T11:33:07+01:00
a71a3b6e13f01f83a6fda4e2862824c96c195c13,tests/run/test_patma.py,2997,cython_cython,results/cython_cython_matches.csv,2024-02-26T11:33:07+01:00
a71a3b6e13f01f83a6fda4e2862824c96c195c13,tests/run/test_patma.py,3007,cython_cython,results/cython_cython_matches.csv,2024-02-26T11:33:07+01:00
a71a3b6e13f01f83a6fda4e2862824c96c195c13,tests/run/test_patma.py,3032,cython_cython,results/cython_cython_matches.csv,2024-02-26T11:33:07+01:00
a71a3b6e13f01f83a6fda4e2862824c96c195c13,tests/run/test_patma.py,3062,cython_cython,results/cython_cython_matches.csv,2024-02-26T11:33:07+01:00
a71a3b6e13f01f83a6fda4e2862824c96c195c13,tests/run/test_patma.py,3075,cython_cython,results/cython_cython_matches.csv,2024-02-26T11:33:07+01:00
a71a3b6e13f01f83a6fda4e2862824c96c195c13,tests/run/test_patma.py,3396,cython_cython,results/cython_cython_matches.csv,2024-02-26T11:33:07+01:00
a71a3b6e13f01f83a6fda4e2862824c96c195c13,tests/run/test_patma.py,3407,cython_cython,results/cython_cython_matches.csv,2024-02-26T11:33:07+01:00
a71a3b6e13f01f83a6fda4e2862824c96c195c13,tests/run/test_patma.py,3421,cython_cython,results/cython_cython_matches.csv,2024-02-26T11:33:07+01:00
a71a3b6e13f01f83a6fda4e2862824c96c195c13,tests/run/test_patma.py,3436,cython_cython,results/cython_cython_matches.csv,2024-02-26T11:33:07+01:00
a71a3b6e13f01f83a6fda4e2862824c96c195c13,tests/run/test_patma.py,3450,cython_cython,results/cython_cython_matches.csv,2024-02-26T11:33:07+01:00
a71a3b6e13f01f83a6fda4e2862824c96c195c13,tests/run/test_patma.py,3463,cython_cython,results/cython_cython_matches.csv,2024-02-26T11:33:07+01:00
a71a3b6e13f01f83a6fda4e2862824c96c195c13,tests/run/test_patma.py,3476,cython_cython,results/cython_cython_matches.csv,2024-02-26T11:33:07+01:00
a71a3b6e13f01f83a6fda4e2862824c96c195c13,tests/run/test_patma.py,3491,cython_cython,results/cython_cython_matches.csv,2024-02-26T11:33:07+01:00
a71a3b6e13f01f83a6fda4e2862824c96c195c13,tests/run/test_patma.py,3508,cython_cython,results/cython_cython_matches.csv,2024-02-26T11:33:07+01:00
a6d810b970c21948c7fcdeec2cf28769e716e4a9,tests/run/test_patma.py,187,cython_cython,results/cython_cython_matches.csv,2024-05-01T07:19:35+01:00
a6d810b970c21948c7fcdeec2cf28769e716e4a9,tests/run/test_patma.py,196,cython_cython,results/cython_cython_matches.csv,2024-05-01T07:19:35+01:00
a6d810b970c21948c7fcdeec2cf28769e716e4a9,tests/run/test_patma.py,297,cython_cython,results/cython_cython_matches.csv,2024-05-01T07:19:35+01:00
a6d810b970c21948c7fcdeec2cf28769e716e4a9,tests/run/test_patma.py,304,cython_cython,results/cython_cython_matches.csv,2024-05-01T07:19:35+01:00
a6d810b970c21948c7fcdeec2cf28769e716e4a9,tests/run/test_patma.py,313,cython_cython,results/cython_cython_matches.csv,2024-05-01T07:19:35+01:00
a6d810b970c21948c7fcdeec2cf28769e716e4a9,tests/run/test_patma.py,323,cython_cython,results/cython_cython_matches.csv,2024-05-01T07:19:35+01:00
a6d810b970c21948c7fcdeec2cf28769e716e4a9,tests/run/test_patma.py,331,cython_cython,results/cython_cython_matches.csv,2024-05-01T07:19:35+01:00
a6d810b970c21948c7fcdeec2cf28769e716e4a9,tests/run/test_patma.py,339,cython_cython,results/cython_cython_matches.csv,2024-05-01T07:19:35+01:00
a6d810b970c21948c7fcdeec2cf28769e716e4a9,tests/run/test_patma.py,347,cython_cython,results/cython_cython_matches.csv,2024-05-01T07:19:35+01:00
a6d810b970c21948c7fcdeec2cf28769e716e4a9,tests/run/test_patma.py,355,cython_cython,results/cython_cython_matches.csv,2024-05-01T07:19:35+01:00
a6d810b970c21948c7fcdeec2cf28769e716e4a9,tests/run/test_patma.py,365,cython_cython,results/cython_cython_matches.csv,2024-05-01T07:19:35+01:00
a6d810b970c21948c7fcdeec2cf28769e716e4a9,tests/run/test_patma.py,375,cython_cython,results/cython_cython_matches.csv,2024-05-01T07:19:35+01:00
a6d810b970c21948c7fcdeec2cf28769e716e4a9,tests/run/test_patma.py,389,cython_cython,results/cython_cython_matches.csv,2024-05-01T07:19:35+01:00
a6d810b970c21948c7fcdeec2cf28769e716e4a9,tests/run/test_patma.py,396,cython_cython,results/cython_cython_matches.csv,2024-05-01T07:19:35+01:00
a6d810b970c21948c7fcdeec2cf28769e716e4a9,tests/run/test_patma.py,404,cython_cython,results/cython_cython_matches.csv,2024-05-01T07:19:35+01:00
a6d810b970c21948c7fcdeec2cf28769e716e4a9,tests/run/test_patma.py,412,cython_cython,results/cython_cython_matches.csv,2024-05-01T07:19:35+01:00
a6d810b970c21948c7fcdeec2cf28769e716e4a9,tests/run/test_patma.py,420,cython_cython,results/cython_cython_matches.csv,2024-05-01T07:19:35+01:00
a6d810b970c21948c7fcdeec2cf28769e716e4a9,tests/run/test_patma.py,428,cython_cython,results/cython_cython_matches.csv,2024-05-01T07:19:35+01:00
a6d810b970c21948c7fcdeec2cf28769e716e4a9,tests/run/test_patma.py,436,cython_cython,results/cython_cython_matches.csv,2024-05-01T07:19:35+01:00
a6d810b970c21948c7fcdeec2cf28769e716e4a9,tests/run/test_patma.py,444,cython_cython,results/cython_cython_matches.csv,2024-05-01T07:19:35+01:00
a6d810b970c21948c7fcdeec2cf28769e716e4a9,tests/run/test_patma.py,452,cython_cython,results/cython_cython_matches.csv,2024-05-01T07:19:35+01:00
a6d810b970c21948c7fcdeec2cf28769e716e4a9,tests/run/test_patma.py,460,cython_cython,results/cython_cython_matches.csv,2024-05-01T07:19:35+01:00
a6d810b970c21948c7fcdeec2cf28769e716e4a9,tests/run/test_patma.py,468,cython_cython,results/cython_cython_matches.csv,2024-05-01T07:19:35+01:00
a6d810b970c21948c7fcdeec2cf28769e716e4a9,tests/run/test_patma.py,476,cython_cython,results/cython_cython_matches.csv,2024-05-01T07:19:35+01:00
a6d810b970c21948c7fcdeec2cf28769e716e4a9,tests/run/test_patma.py,485,cython_cython,results/cython_cython_matches.csv,2024-05-01T07:19:35+01:00
a6d810b970c21948c7fcdeec2cf28769e716e4a9,tests/run/test_patma.py,494,cython_cython,results/cython_cython_matches.csv,2024-05-01T07:19:35+01:00
a6d810b970c21948c7fcdeec2cf28769e716e4a9,tests/run/test_patma.py,504,cython_cython,results/cython_cython_matches.csv,2024-05-01T07:19:35+01:00
a6d810b970c21948c7fcdeec2cf28769e716e4a9,tests/run/test_patma.py,513,cython_cython,results/cython_cython_matches.csv,2024-05-01T07:19:35+01:00
a6d810b970c21948c7fcdeec2cf28769e716e4a9,tests/run/test_patma.py,523,cython_cython,results/cython_cython_matches.csv,2024-05-01T07:19:35+01:00
a6d810b970c21948c7fcdeec2cf28769e716e4a9,tests/run/test_patma.py,533,cython_cython,results/cython_cython_matches.csv,2024-05-01T07:19:35+01:00
a6d810b970c21948c7fcdeec2cf28769e716e4a9,tests/run/test_patma.py,544,cython_cython,results/cython_cython_matches.csv,2024-05-01T07:19:35+01:00
a6d810b970c21948c7fcdeec2cf28769e716e4a9,tests/run/test_patma.py,554,cython_cython,results/cython_cython_matches.csv,2024-05-01T07:19:35+01:00
a6d810b970c21948c7fcdeec2cf28769e716e4a9,tests/run/test_patma.py,567,cython_cython,results/cython_cython_matches.csv,2024-05-01T07:19:35+01:00
a6d810b970c21948c7fcdeec2cf28769e716e4a9,tests/run/test_patma.py,580,cython_cython,results/cython_cython_matches.csv,2024-05-01T07:19:35+01:00
a6d810b970c21948c7fcdeec2cf28769e716e4a9,tests/run/test_patma.py,593,cython_cython,results/cython_cython_matches.csv,2024-05-01T07:19:35+01:00
a6d810b970c21948c7fcdeec2cf28769e716e4a9,tests/run/test_patma.py,606,cython_cython,results/cython_cython_matches.csv,2024-05-01T07:19:35+01:00
a6d810b970c21948c7fcdeec2cf28769e716e4a9,tests/run/test_patma.py,619,cython_cython,results/cython_cython_matches.csv,2024-05-01T07:19:35+01:00
a6d810b970c21948c7fcdeec2cf28769e716e4a9,tests/run/test_patma.py,632,cython_cython,results/cython_cython_matches.csv,2024-05-01T07:19:35+01:00
a6d810b970c21948c7fcdeec2cf28769e716e4a9,tests/run/test_patma.py,645,cython_cython,results/cython_cython_matches.csv,2024-05-01T07:19:35+01:00
a6d810b970c21948c7fcdeec2cf28769e716e4a9,tests/run/test_patma.py,654,cython_cython,results/cython_cython_matches.csv,2024-05-01T07:19:35+01:00
a6d810b970c21948c7fcdeec2cf28769e716e4a9,tests/run/test_patma.py,663,cython_cython,results/cython_cython_matches.csv,2024-05-01T07:19:35+01:00
a6d810b970c21948c7fcdeec2cf28769e716e4a9,tests/run/test_patma.py,673,cython_cython,results/cython_cython_matches.csv,2024-05-01T07:19:35+01:00
a6d810b970c21948c7fcdeec2cf28769e716e4a9,tests/run/test_patma.py,682,cython_cython,results/cython_cython_matches.csv,2024-05-01T07:19:35+01:00
a6d810b970c21948c7fcdeec2cf28769e716e4a9,tests/run/test_patma.py,692,cython_cython,results/cython_cython_matches.csv,2024-05-01T07:19:35+01:00
a6d810b970c21948c7fcdeec2cf28769e716e4a9,tests/run/test_patma.py,703,cython_cython,results/cython_cython_matches.csv,2024-05-01T07:19:35+01:00
a6d810b970c21948c7fcdeec2cf28769e716e4a9,tests/run/test_patma.py,714,cython_cython,results/cython_cython_matches.csv,2024-05-01T07:19:35+01:00
a6d810b970c21948c7fcdeec2cf28769e716e4a9,tests/run/test_patma.py,723,cython_cython,results/cython_cython_matches.csv,2024-05-01T07:19:35+01:00
a6d810b970c21948c7fcdeec2cf28769e716e4a9,tests/run/test_patma.py,732,cython_cython,results/cython_cython_matches.csv,2024-05-01T07:19:35+01:00
a6d810b970c21948c7fcdeec2cf28769e716e4a9,tests/run/test_patma.py,741,cython_cython,results/cython_cython_matches.csv,2024-05-01T07:19:35+01:00
a6d810b970c21948c7fcdeec2cf28769e716e4a9,tests/run/test_patma.py,750,cython_cython,results/cython_cython_matches.csv,2024-05-01T07:19:35+01:00
a6d810b970c21948c7fcdeec2cf28769e716e4a9,tests/run/test_patma.py,759,cython_cython,results/cython_cython_matches.csv,2024-05-01T07:19:35+01:00
a6d810b970c21948c7fcdeec2cf28769e716e4a9,tests/run/test_patma.py,768,cython_cython,results/cython_cython_matches.csv,2024-05-01T07:19:35+01:00
a6d810b970c21948c7fcdeec2cf28769e716e4a9,tests/run/test_patma.py,778,cython_cython,results/cython_cython_matches.csv,2024-05-01T07:19:35+01:00
a6d810b970c21948c7fcdeec2cf28769e716e4a9,tests/run/test_patma.py,788,cython_cython,results/cython_cython_matches.csv,2024-05-01T07:19:35+01:00
a6d810b970c21948c7fcdeec2cf28769e716e4a9,tests/run/test_patma.py,801,cython_cython,results/cython_cython_matches.csv,2024-05-01T07:19:35+01:00
a6d810b970c21948c7fcdeec2cf28769e716e4a9,tests/run/test_patma.py,815,cython_cython,results/cython_cython_matches.csv,2024-05-01T07:19:35+01:00
a6d810b970c21948c7fcdeec2cf28769e716e4a9,tests/run/test_patma.py,825,cython_cython,results/cython_cython_matches.csv,2024-05-01T07:19:35+01:00
a6d810b970c21948c7fcdeec2cf28769e716e4a9,tests/run/test_patma.py,835,cython_cython,results/cython_cython_matches.csv,2024-05-01T07:19:35+01:00
a6d810b970c21948c7fcdeec2cf28769e716e4a9,tests/run/test_patma.py,845,cython_cython,results/cython_cython_matches.csv,2024-05-01T07:19:35+01:00
a6d810b970c21948c7fcdeec2cf28769e716e4a9,tests/run/test_patma.py,855,cython_cython,results/cython_cython_matches.csv,2024-05-01T07:19:35+01:00
a6d810b970c21948c7fcdeec2cf28769e716e4a9,tests/run/test_patma.py,864,cython_cython,results/cython_cython_matches.csv,2024-05-01T07:19:35+01:00
a6d810b970c21948c7fcdeec2cf28769e716e4a9,tests/run/test_patma.py,874,cython_cython,results/cython_cython_matches.csv,2024-05-01T07:19:35+01:00
a6d810b970c21948c7fcdeec2cf28769e716e4a9,tests/run/test_patma.py,884,cython_cython,results/cython_cython_matches.csv,2024-05-01T07:19:35+01:00
a6d810b970c21948c7fcdeec2cf28769e716e4a9,tests/run/test_patma.py,894,cython_cython,results/cython_cython_matches.csv,2024-05-01T07:19:35+01:00
a6d810b970c21948c7fcdeec2cf28769e716e4a9,tests/run/test_patma.py,903,cython_cython,results/cython_cython_matches.csv,2024-05-01T07:19:35+01:00
a6d810b970c21948c7fcdeec2cf28769e716e4a9,tests/run/test_patma.py,915,cython_cython,results/cython_cython_matches.csv,2024-05-01T07:19:35+01:00
a6d810b970c21948c7fcdeec2cf28769e716e4a9,tests/run/test_patma.py,926,cython_cython,results/cython_cython_matches.csv,2024-05-01T07:19:35+01:00
a6d810b970c21948c7fcdeec2cf28769e716e4a9,tests/run/test_patma.py,937,cython_cython,results/cython_cython_matches.csv,2024-05-01T07:19:35+01:00
a6d810b970c21948c7fcdeec2cf28769e716e4a9,tests/run/test_patma.py,948,cython_cython,results/cython_cython_matches.csv,2024-05-01T07:19:35+01:00
a6d810b970c21948c7fcdeec2cf28769e716e4a9,tests/run/test_patma.py,959,cython_cython,results/cython_cython_matches.csv,2024-05-01T07:19:35+01:00
a6d810b970c21948c7fcdeec2cf28769e716e4a9,tests/run/test_patma.py,970,cython_cython,results/cython_cython_matches.csv,2024-05-01T07:19:35+01:00
a6d810b970c21948c7fcdeec2cf28769e716e4a9,tests/run/test_patma.py,982,cython_cython,results/cython_cython_matches.csv,2024-05-01T07:19:35+01:00
a6d810b970c21948c7fcdeec2cf28769e716e4a9,tests/run/test_patma.py,993,cython_cython,results/cython_cython_matches.csv,2024-05-01T07:19:35+01:00
a6d810b970c21948c7fcdeec2cf28769e716e4a9,tests/run/test_patma.py,1004,cython_cython,results/cython_cython_matches.csv,2024-05-01T07:19:35+01:00
a6d810b970c21948c7fcdeec2cf28769e716e4a9,tests/run/test_patma.py,1015,cython_cython,results/cython_cython_matches.csv,2024-05-01T07:19:35+01:00
a6d810b970c21948c7fcdeec2cf28769e716e4a9,tests/run/test_patma.py,1027,cython_cython,results/cython_cython_matches.csv,2024-05-01T07:19:35+01:00
a6d810b970c21948c7fcdeec2cf28769e716e4a9,tests/run/test_patma.py,1040,cython_cython,results/cython_cython_matches.csv,2024-05-01T07:19:35+01:00
a6d810b970c21948c7fcdeec2cf28769e716e4a9,tests/run/test_patma.py,1051,cython_cython,results/cython_cython_matches.csv,2024-05-01T07:19:35+01:00
a6d810b970c21948c7fcdeec2cf28769e716e4a9,tests/run/test_patma.py,1062,cython_cython,results/cython_cython_matches.csv,2024-05-01T07:19:35+01:00
a6d810b970c21948c7fcdeec2cf28769e716e4a9,tests/run/test_patma.py,1078,cython_cython,results/cython_cython_matches.csv,2024-05-01T07:19:35+01:00
a6d810b970c21948c7fcdeec2cf28769e716e4a9,tests/run/test_patma.py,1089,cython_cython,results/cython_cython_matches.csv,2024-05-01T07:19:35+01:00
a6d810b970c21948c7fcdeec2cf28769e716e4a9,tests/run/test_patma.py,1102,cython_cython,results/cython_cython_matches.csv,2024-05-01T07:19:35+01:00
a6d810b970c21948c7fcdeec2cf28769e716e4a9,tests/run/test_patma.py,1115,cython_cython,results/cython_cython_matches.csv,2024-05-01T07:19:35+01:00
a6d810b970c21948c7fcdeec2cf28769e716e4a9,tests/run/test_patma.py,1128,cython_cython,results/cython_cython_matches.csv,2024-05-01T07:19:35+01:00
a6d810b970c21948c7fcdeec2cf28769e716e4a9,tests/run/test_patma.py,1140,cython_cython,results/cython_cython_matches.csv,2024-05-01T07:19:35+01:00
a6d810b970c21948c7fcdeec2cf28769e716e4a9,tests/run/test_patma.py,1151,cython_cython,results/cython_cython_matches.csv,2024-05-01T07:19:35+01:00
a6d810b970c21948c7fcdeec2cf28769e716e4a9,tests/run/test_patma.py,1162,cython_cython,results/cython_cython_matches.csv,2024-05-01T07:19:35+01:00
a6d810b970c21948c7fcdeec2cf28769e716e4a9,tests/run/test_patma.py,1172,cython_cython,results/cython_cython_matches.csv,2024-05-01T07:19:35+01:00
a6d810b970c21948c7fcdeec2cf28769e716e4a9,tests/run/test_patma.py,1183,cython_cython,results/cython_cython_matches.csv,2024-05-01T07:19:35+01:00
a6d810b970c21948c7fcdeec2cf28769e716e4a9,tests/run/test_patma.py,1194,cython_cython,results/cython_cython_matches.csv,2024-05-01T07:19:35+01:00
a6d810b970c21948c7fcdeec2cf28769e716e4a9,tests/run/test_patma.py,1203,cython_cython,results/cython_cython_matches.csv,2024-05-01T07:19:35+01:00
a6d810b970c21948c7fcdeec2cf28769e716e4a9,tests/run/test_patma.py,1212,cython_cython,results/cython_cython_matches.csv,2024-05-01T07:19:35+01:00
a6d810b970c21948c7fcdeec2cf28769e716e4a9,tests/run/test_patma.py,1222,cython_cython,results/cython_cython_matches.csv,2024-05-01T07:19:35+01:00
a6d810b970c21948c7fcdeec2cf28769e716e4a9,tests/run/test_patma.py,1231,cython_cython,results/cython_cython_matches.csv,2024-05-01T07:19:35+01:00
a6d810b970c21948c7fcdeec2cf28769e716e4a9,tests/run/test_patma.py,1240,cython_cython,results/cython_cython_matches.csv,2024-05-01T07:19:35+01:00
a6d810b970c21948c7fcdeec2cf28769e716e4a9,tests/run/test_patma.py,1249,cython_cython,results/cython_cython_matches.csv,2024-05-01T07:19:35+01:00
a6d810b970c21948c7fcdeec2cf28769e716e4a9,tests/run/test_patma.py,1259,cython_cython,results/cython_cython_matches.csv,2024-05-01T07:19:35+01:00
a6d810b970c21948c7fcdeec2cf28769e716e4a9,tests/run/test_patma.py,1268,cython_cython,results/cython_cython_matches.csv,2024-05-01T07:19:35+01:00
a6d810b970c21948c7fcdeec2cf28769e716e4a9,tests/run/test_patma.py,1277,cython_cython,results/cython_cython_matches.csv,2024-05-01T07:19:35+01:00
a6d810b970c21948c7fcdeec2cf28769e716e4a9,tests/run/test_patma.py,1286,cython_cython,results/cython_cython_matches.csv,2024-05-01T07:19:35+01:00
a6d810b970c21948c7fcdeec2cf28769e716e4a9,tests/run/test_patma.py,1295,cython_cython,results/cython_cython_matches.csv,2024-05-01T07:19:35+01:00
a6d810b970c21948c7fcdeec2cf28769e716e4a9,tests/run/test_patma.py,1304,cython_cython,results/cython_cython_matches.csv,2024-05-01T07:19:35+01:00
a6d810b970c21948c7fcdeec2cf28769e716e4a9,tests/run/test_patma.py,1313,cython_cython,results/cython_cython_matches.csv,2024-05-01T07:19:35+01:00
a6d810b970c21948c7fcdeec2cf28769e716e4a9,tests/run/test_patma.py,1322,cython_cython,results/cython_cython_matches.csv,2024-05-01T07:19:35+01:00
a6d810b970c21948c7fcdeec2cf28769e716e4a9,tests/run/test_patma.py,1331,cython_cython,results/cython_cython_matches.csv,2024-05-01T07:19:35+01:00
a6d810b970c21948c7fcdeec2cf28769e716e4a9,tests/run/test_patma.py,1340,cython_cython,results/cython_cython_matches.csv,2024-05-01T07:19:35+01:00
a6d810b970c21948c7fcdeec2cf28769e716e4a9,tests/run/test_patma.py,1349,cython_cython,results/cython_cython_matches.csv,2024-05-01T07:19:35+01:00
a6d810b970c21948c7fcdeec2cf28769e716e4a9,tests/run/test_patma.py,1358,cython_cython,results/cython_cython_matches.csv,2024-05-01T07:19:35+01:00
a6d810b970c21948c7fcdeec2cf28769e716e4a9,tests/run/test_patma.py,1367,cython_cython,results/cython_cython_matches.csv,2024-05-01T07:19:35+01:00
a6d810b970c21948c7fcdeec2cf28769e716e4a9,tests/run/test_patma.py,1376,cython_cython,results/cython_cython_matches.csv,2024-05-01T07:19:35+01:00
a6d810b970c21948c7fcdeec2cf28769e716e4a9,tests/run/test_patma.py,1385,cython_cython,results/cython_cython_matches.csv,2024-05-01T07:19:35+01:00
a6d810b970c21948c7fcdeec2cf28769e716e4a9,tests/run/test_patma.py,1394,cython_cython,results/cython_cython_matches.csv,2024-05-01T07:19:35+01:00
a6d810b970c21948c7fcdeec2cf28769e716e4a9,tests/run/test_patma.py,1403,cython_cython,results/cython_cython_matches.csv,2024-05-01T07:19:35+01:00
a6d810b970c21948c7fcdeec2cf28769e716e4a9,tests/run/test_patma.py,1414,cython_cython,results/cython_cython_matches.csv,2024-05-01T07:19:35+01:00
a6d810b970c21948c7fcdeec2cf28769e716e4a9,tests/run/test_patma.py,1427,cython_cython,results/cython_cython_matches.csv,2024-05-01T07:19:35+01:00
a6d810b970c21948c7fcdeec2cf28769e716e4a9,tests/run/test_patma.py,1441,cython_cython,results/cython_cython_matches.csv,2024-05-01T07:19:35+01:00
a6d810b970c21948c7fcdeec2cf28769e716e4a9,tests/run/test_patma.py,1458,cython_cython,results/cython_cython_matches.csv,2024-05-01T07:19:35+01:00
a6d810b970c21948c7fcdeec2cf28769e716e4a9,tests/run/test_patma.py,1473,cython_cython,results/cython_cython_matches.csv,2024-05-01T07:19:35+01:00
a6d810b970c21948c7fcdeec2cf28769e716e4a9,tests/run/test_patma.py,1486,cython_cython,results/cython_cython_matches.csv,2024-05-01T07:19:35+01:00
a6d810b970c21948c7fcdeec2cf28769e716e4a9,tests/run/test_patma.py,1496,cython_cython,results/cython_cython_matches.csv,2024-05-01T07:19:35+01:00
a6d810b970c21948c7fcdeec2cf28769e716e4a9,tests/run/test_patma.py,1506,cython_cython,results/cython_cython_matches.csv,2024-05-01T07:19:35+01:00
a6d810b970c21948c7fcdeec2cf28769e716e4a9,tests/run/test_patma.py,1517,cython_cython,results/cython_cython_matches.csv,2024-05-01T07:19:35+01:00
a6d810b970c21948c7fcdeec2cf28769e716e4a9,tests/run/test_patma.py,1528,cython_cython,results/cython_cython_matches.csv,2024-05-01T07:19:35+01:00
a6d810b970c21948c7fcdeec2cf28769e716e4a9,tests/run/test_patma.py,1539,cython_cython,results/cython_cython_matches.csv,2024-05-01T07:19:35+01:00
a6d810b970c21948c7fcdeec2cf28769e716e4a9,tests/run/test_patma.py,1546,cython_cython,results/cython_cython_matches.csv,2024-05-01T07:19:35+01:00
a6d810b970c21948c7fcdeec2cf28769e716e4a9,tests/run/test_patma.py,1554,cython_cython,results/cython_cython_matches.csv,2024-05-01T07:19:35+01:00
a6d810b970c21948c7fcdeec2cf28769e716e4a9,tests/run/test_patma.py,1562,cython_cython,results/cython_cython_matches.csv,2024-05-01T07:19:35+01:00
a6d810b970c21948c7fcdeec2cf28769e716e4a9,tests/run/test_patma.py,1570,cython_cython,results/cython_cython_matches.csv,2024-05-01T07:19:35+01:00
a6d810b970c21948c7fcdeec2cf28769e716e4a9,tests/run/test_patma.py,1578,cython_cython,results/cython_cython_matches.csv,2024-05-01T07:19:35+01:00
a6d810b970c21948c7fcdeec2cf28769e716e4a9,tests/run/test_patma.py,1586,cython_cython,results/cython_cython_matches.csv,2024-05-01T07:19:35+01:00
a6d810b970c21948c7fcdeec2cf28769e716e4a9,tests/run/test_patma.py,1594,cython_cython,results/cython_cython_matches.csv,2024-05-01T07:19:35+01:00
a6d810b970c21948c7fcdeec2cf28769e716e4a9,tests/run/test_patma.py,1602,cython_cython,results/cython_cython_matches.csv,2024-05-01T07:19:35+01:00
a6d810b970c21948c7fcdeec2cf28769e716e4a9,tests/run/test_patma.py,1610,cython_cython,results/cython_cython_matches.csv,2024-05-01T07:19:35+01:00
a6d810b970c21948c7fcdeec2cf28769e716e4a9,tests/run/test_patma.py,1618,cython_cython,results/cython_cython_matches.csv,2024-05-01T07:19:35+01:00
a6d810b970c21948c7fcdeec2cf28769e716e4a9,tests/run/test_patma.py,1626,cython_cython,results/cython_cython_matches.csv,2024-05-01T07:19:35+01:00
a6d810b970c21948c7fcdeec2cf28769e716e4a9,tests/run/test_patma.py,1635,cython_cython,results/cython_cython_matches.csv,2024-05-01T07:19:35+01:00
a6d810b970c21948c7fcdeec2cf28769e716e4a9,tests/run/test_patma.py,1648,cython_cython,results/cython_cython_matches.csv,2024-05-01T07:19:35+01:00
a6d810b970c21948c7fcdeec2cf28769e716e4a9,tests/run/test_patma.py,1662,cython_cython,results/cython_cython_matches.csv,2024-05-01T07:19:35+01:00
a6d810b970c21948c7fcdeec2cf28769e716e4a9,tests/run/test_patma.py,1676,cython_cython,results/cython_cython_matches.csv,2024-05-01T07:19:35+01:00
a6d810b970c21948c7fcdeec2cf28769e716e4a9,tests/run/test_patma.py,1689,cython_cython,results/cython_cython_matches.csv,2024-05-01T07:19:35+01:00
a6d810b970c21948c7fcdeec2cf28769e716e4a9,tests/run/test_patma.py,1703,cython_cython,results/cython_cython_matches.csv,2024-05-01T07:19:35+01:00
a6d810b970c21948c7fcdeec2cf28769e716e4a9,tests/run/test_patma.py,1717,cython_cython,results/cython_cython_matches.csv,2024-05-01T07:19:35+01:00
a6d810b970c21948c7fcdeec2cf28769e716e4a9,tests/run/test_patma.py,1727,cython_cython,results/cython_cython_matches.csv,2024-05-01T07:19:35+01:00
a6d810b970c21948c7fcdeec2cf28769e716e4a9,tests/run/test_patma.py,1737,cython_cython,results/cython_cython_matches.csv,2024-05-01T07:19:35+01:00
a6d810b970c21948c7fcdeec2cf28769e716e4a9,tests/run/test_patma.py,1747,cython_cython,results/cython_cython_matches.csv,2024-05-01T07:19:35+01:00
a6d810b970c21948c7fcdeec2cf28769e716e4a9,tests/run/test_patma.py,1757,cython_cython,results/cython_cython_matches.csv,2024-05-01T07:19:35+01:00
a6d810b970c21948c7fcdeec2cf28769e716e4a9,tests/run/test_patma.py,1767,cython_cython,results/cython_cython_matches.csv,2024-05-01T07:19:35+01:00
a6d810b970c21948c7fcdeec2cf28769e716e4a9,tests/run/test_patma.py,1777,cython_cython,results/cython_cython_matches.csv,2024-05-01T07:19:35+01:00
a6d810b970c21948c7fcdeec2cf28769e716e4a9,tests/run/test_patma.py,1787,cython_cython,results/cython_cython_matches.csv,2024-05-01T07:19:35+01:00
a6d810b970c21948c7fcdeec2cf28769e716e4a9,tests/run/test_patma.py,1797,cython_cython,results/cython_cython_matches.csv,2024-05-01T07:19:35+01:00
a6d810b970c21948c7fcdeec2cf28769e716e4a9,tests/run/test_patma.py,1807,cython_cython,results/cython_cython_matches.csv,2024-05-01T07:19:35+01:00
a6d810b970c21948c7fcdeec2cf28769e716e4a9,tests/run/test_patma.py,1817,cython_cython,results/cython_cython_matches.csv,2024-05-01T07:19:35+01:00
a6d810b970c21948c7fcdeec2cf28769e716e4a9,tests/run/test_patma.py,1827,cython_cython,results/cython_cython_matches.csv,2024-05-01T07:19:35+01:00
a6d810b970c21948c7fcdeec2cf28769e716e4a9,tests/run/test_patma.py,1837,cython_cython,results/cython_cython_matches.csv,2024-05-01T07:19:35+01:00
a6d810b970c21948c7fcdeec2cf28769e716e4a9,tests/run/test_patma.py,1848,cython_cython,results/cython_cython_matches.csv,2024-05-01T07:19:35+01:00
a6d810b970c21948c7fcdeec2cf28769e716e4a9,tests/run/test_patma.py,1860,cython_cython,results/cython_cython_matches.csv,2024-05-01T07:19:35+01:00
a6d810b970c21948c7fcdeec2cf28769e716e4a9,tests/run/test_patma.py,1873,cython_cython,results/cython_cython_matches.csv,2024-05-01T07:19:35+01:00
a6d810b970c21948c7fcdeec2cf28769e716e4a9,tests/run/test_patma.py,1883,cython_cython,results/cython_cython_matches.csv,2024-05-01T07:19:35+01:00
a6d810b970c21948c7fcdeec2cf28769e716e4a9,tests/run/test_patma.py,1892,cython_cython,results/cython_cython_matches.csv,2024-05-01T07:19:35+01:00
a6d810b970c21948c7fcdeec2cf28769e716e4a9,tests/run/test_patma.py,1903,cython_cython,results/cython_cython_matches.csv,2024-05-01T07:19:35+01:00
a6d810b970c21948c7fcdeec2cf28769e716e4a9,tests/run/test_patma.py,1912,cython_cython,results/cython_cython_matches.csv,2024-05-01T07:19:35+01:00
a6d810b970c21948c7fcdeec2cf28769e716e4a9,tests/run/test_patma.py,1923,cython_cython,results/cython_cython_matches.csv,2024-05-01T07:19:35+01:00
a6d810b970c21948c7fcdeec2cf28769e716e4a9,tests/run/test_patma.py,1935,cython_cython,results/cython_cython_matches.csv,2024-05-01T07:19:35+01:00
a6d810b970c21948c7fcdeec2cf28769e716e4a9,tests/run/test_patma.py,1947,cython_cython,results/cython_cython_matches.csv,2024-05-01T07:19:35+01:00
a6d810b970c21948c7fcdeec2cf28769e716e4a9,tests/run/test_patma.py,1958,cython_cython,results/cython_cython_matches.csv,2024-05-01T07:19:35+01:00
a6d810b970c21948c7fcdeec2cf28769e716e4a9,tests/run/test_patma.py,1970,cython_cython,results/cython_cython_matches.csv,2024-05-01T07:19:35+01:00
a6d810b970c21948c7fcdeec2cf28769e716e4a9,tests/run/test_patma.py,1981,cython_cython,results/cython_cython_matches.csv,2024-05-01T07:19:35+01:00
a6d810b970c21948c7fcdeec2cf28769e716e4a9,tests/run/test_patma.py,1993,cython_cython,results/cython_cython_matches.csv,2024-05-01T07:19:35+01:00
a6d810b970c21948c7fcdeec2cf28769e716e4a9,tests/run/test_patma.py,2004,cython_cython,results/cython_cython_matches.csv,2024-05-01T07:19:35+01:00
a6d810b970c21948c7fcdeec2cf28769e716e4a9,tests/run/test_patma.py,2016,cython_cython,results/cython_cython_matches.csv,2024-05-01T07:19:35+01:00
a6d810b970c21948c7fcdeec2cf28769e716e4a9,tests/run/test_patma.py,2028,cython_cython,results/cython_cython_matches.csv,2024-05-01T07:19:35+01:00
a6d810b970c21948c7fcdeec2cf28769e716e4a9,tests/run/test_patma.py,2040,cython_cython,results/cython_cython_matches.csv,2024-05-01T07:19:35+01:00
a6d810b970c21948c7fcdeec2cf28769e716e4a9,tests/run/test_patma.py,2052,cython_cython,results/cython_cython_matches.csv,2024-05-01T07:19:35+01:00
a6d810b970c21948c7fcdeec2cf28769e716e4a9,tests/run/test_patma.py,2064,cython_cython,results/cython_cython_matches.csv,2024-05-01T07:19:35+01:00
a6d810b970c21948c7fcdeec2cf28769e716e4a9,tests/run/test_patma.py,2076,cython_cython,results/cython_cython_matches.csv,2024-05-01T07:19:35+01:00
a6d810b970c21948c7fcdeec2cf28769e716e4a9,tests/run/test_patma.py,2088,cython_cython,results/cython_cython_matches.csv,2024-05-01T07:19:35+01:00
a6d810b970c21948c7fcdeec2cf28769e716e4a9,tests/run/test_patma.py,2099,cython_cython,results/cython_cython_matches.csv,2024-05-01T07:19:35+01:00
a6d810b970c21948c7fcdeec2cf28769e716e4a9,tests/run/test_patma.py,2124,cython_cython,results/cython_cython_matches.csv,2024-05-01T07:19:35+01:00
a6d810b970c21948c7fcdeec2cf28769e716e4a9,tests/run/test_patma.py,2143,cython_cython,results/cython_cython_matches.csv,2024-05-01T07:19:35+01:00
a6d810b970c21948c7fcdeec2cf28769e716e4a9,tests/run/test_patma.py,2163,cython_cython,results/cython_cython_matches.csv,2024-05-01T07:19:35+01:00
a6d810b970c21948c7fcdeec2cf28769e716e4a9,tests/run/test_patma.py,2187,cython_cython,results/cython_cython_matches.csv,2024-05-01T07:19:35+01:00
a6d810b970c21948c7fcdeec2cf28769e716e4a9,tests/run/test_patma.py,2196,cython_cython,results/cython_cython_matches.csv,2024-05-01T07:19:35+01:00
a6d810b970c21948c7fcdeec2cf28769e716e4a9,tests/run/test_patma.py,2205,cython_cython,results/cython_cython_matches.csv,2024-05-01T07:19:35+01:00
a6d810b970c21948c7fcdeec2cf28769e716e4a9,tests/run/test_patma.py,2214,cython_cython,results/cython_cython_matches.csv,2024-05-01T07:19:35+01:00
a6d810b970c21948c7fcdeec2cf28769e716e4a9,tests/run/test_patma.py,2223,cython_cython,results/cython_cython_matches.csv,2024-05-01T07:19:35+01:00
a6d810b970c21948c7fcdeec2cf28769e716e4a9,tests/run/test_patma.py,2246,cython_cython,results/cython_cython_matches.csv,2024-05-01T07:19:35+01:00
a6d810b970c21948c7fcdeec2cf28769e716e4a9,tests/run/test_patma.py,2264,cython_cython,results/cython_cython_matches.csv,2024-05-01T07:19:35+01:00
a6d810b970c21948c7fcdeec2cf28769e716e4a9,tests/run/test_patma.py,2275,cython_cython,results/cython_cython_matches.csv,2024-05-01T07:19:35+01:00
a6d810b970c21948c7fcdeec2cf28769e716e4a9,tests/run/test_patma.py,2287,cython_cython,results/cython_cython_matches.csv,2024-05-01T07:19:35+01:00
a6d810b970c21948c7fcdeec2cf28769e716e4a9,tests/run/test_patma.py,2297,cython_cython,results/cython_cython_matches.csv,2024-05-01T07:19:35+01:00
a6d810b970c21948c7fcdeec2cf28769e716e4a9,tests/run/test_patma.py,2309,cython_cython,results/cython_cython_matches.csv,2024-05-01T07:19:35+01:00
a6d810b970c21948c7fcdeec2cf28769e716e4a9,tests/run/test_patma.py,2321,cython_cython,results/cython_cython_matches.csv,2024-05-01T07:19:35+01:00
a6d810b970c21948c7fcdeec2cf28769e716e4a9,tests/run/test_patma.py,2333,cython_cython,results/cython_cython_matches.csv,2024-05-01T07:19:35+01:00
a6d810b970c21948c7fcdeec2cf28769e716e4a9,tests/run/test_patma.py,2344,cython_cython,results/cython_cython_matches.csv,2024-05-01T07:19:35+01:00
a6d810b970c21948c7fcdeec2cf28769e716e4a9,tests/run/test_patma.py,2355,cython_cython,results/cython_cython_matches.csv,2024-05-01T07:19:35+01:00
a6d810b970c21948c7fcdeec2cf28769e716e4a9,tests/run/test_patma.py,2366,cython_cython,results/cython_cython_matches.csv,2024-05-01T07:19:35+01:00
a6d810b970c21948c7fcdeec2cf28769e716e4a9,tests/run/test_patma.py,2377,cython_cython,results/cython_cython_matches.csv,2024-05-01T07:19:35+01:00
a6d810b970c21948c7fcdeec2cf28769e716e4a9,tests/run/test_patma.py,2388,cython_cython,results/cython_cython_matches.csv,2024-05-01T07:19:35+01:00
a6d810b970c21948c7fcdeec2cf28769e716e4a9,tests/run/test_patma.py,2400,cython_cython,results/cython_cython_matches.csv,2024-05-01T07:19:35+01:00
a6d810b970c21948c7fcdeec2cf28769e716e4a9,tests/run/test_patma.py,2412,cython_cython,results/cython_cython_matches.csv,2024-05-01T07:19:35+01:00
a6d810b970c21948c7fcdeec2cf28769e716e4a9,tests/run/test_patma.py,2430,cython_cython,results/cython_cython_matches.csv,2024-05-01T07:19:35+01:00
a6d810b970c21948c7fcdeec2cf28769e716e4a9,tests/run/test_patma.py,2457,cython_cython,results/cython_cython_matches.csv,2024-05-01T07:19:35+01:00
a6d810b970c21948c7fcdeec2cf28769e716e4a9,tests/run/test_patma.py,2484,cython_cython,results/cython_cython_matches.csv,2024-05-01T07:19:35+01:00
a6d810b970c21948c7fcdeec2cf28769e716e4a9,tests/run/test_patma.py,2498,cython_cython,results/cython_cython_matches.csv,2024-05-01T07:19:35+01:00
a6d810b970c21948c7fcdeec2cf28769e716e4a9,tests/run/test_patma.py,2514,cython_cython,results/cython_cython_matches.csv,2024-05-01T07:19:35+01:00
a6d810b970c21948c7fcdeec2cf28769e716e4a9,tests/run/test_patma.py,2530,cython_cython,results/cython_cython_matches.csv,2024-05-01T07:19:35+01:00
a6d810b970c21948c7fcdeec2cf28769e716e4a9,tests/run/test_patma.py,2540,cython_cython,results/cython_cython_matches.csv,2024-05-01T07:19:35+01:00
a6d810b970c21948c7fcdeec2cf28769e716e4a9,tests/run/test_patma.py,2553,cython_cython,results/cython_cython_matches.csv,2024-05-01T07:19:35+01:00
a6d810b970c21948c7fcdeec2cf28769e716e4a9,tests/run/test_patma.py,2566,cython_cython,results/cython_cython_matches.csv,2024-05-01T07:19:35+01:00
a6d810b970c21948c7fcdeec2cf28769e716e4a9,tests/run/test_patma.py,2582,cython_cython,results/cython_cython_matches.csv,2024-05-01T07:19:35+01:00
a6d810b970c21948c7fcdeec2cf28769e716e4a9,tests/run/test_patma.py,2597,cython_cython,results/cython_cython_matches.csv,2024-05-01T07:19:35+01:00
a6d810b970c21948c7fcdeec2cf28769e716e4a9,tests/run/test_patma.py,2609,cython_cython,results/cython_cython_matches.csv,2024-05-01T07:19:35+01:00
a6d810b970c21948c7fcdeec2cf28769e716e4a9,tests/run/test_patma.py,2621,cython_cython,results/cython_cython_matches.csv,2024-05-01T07:19:35+01:00
a6d810b970c21948c7fcdeec2cf28769e716e4a9,tests/run/test_patma.py,2639,cython_cython,results/cython_cython_matches.csv,2024-05-01T07:19:35+01:00
a6d810b970c21948c7fcdeec2cf28769e716e4a9,tests/run/test_patma.py,2652,cython_cython,results/cython_cython_matches.csv,2024-05-01T07:19:35+01:00
a6d810b970c21948c7fcdeec2cf28769e716e4a9,tests/run/test_patma.py,2662,cython_cython,results/cython_cython_matches.csv,2024-05-01T07:19:35+01:00
a6d810b970c21948c7fcdeec2cf28769e716e4a9,tests/run/test_patma.py,2675,cython_cython,results/cython_cython_matches.csv,2024-05-01T07:19:35+01:00
a6d810b970c21948c7fcdeec2cf28769e716e4a9,tests/run/test_patma.py,2683,cython_cython,results/cython_cython_matches.csv,2024-05-01T07:19:35+01:00
a6d810b970c21948c7fcdeec2cf28769e716e4a9,tests/run/test_patma.py,2691,cython_cython,results/cython_cython_matches.csv,2024-05-01T07:19:35+01:00
a6d810b970c21948c7fcdeec2cf28769e716e4a9,tests/run/test_patma.py,2699,cython_cython,results/cython_cython_matches.csv,2024-05-01T07:19:35+01:00
a6d810b970c21948c7fcdeec2cf28769e716e4a9,tests/run/test_patma.py,2707,cython_cython,results/cython_cython_matches.csv,2024-05-01T07:19:35+01:00
a6d810b970c21948c7fcdeec2cf28769e716e4a9,tests/run/test_patma.py,2715,cython_cython,results/cython_cython_matches.csv,2024-05-01T07:19:35+01:00
a6d810b970c21948c7fcdeec2cf28769e716e4a9,tests/run/test_patma.py,2723,cython_cython,results/cython_cython_matches.csv,2024-05-01T07:19:35+01:00
a6d810b970c21948c7fcdeec2cf28769e716e4a9,tests/run/test_patma.py,2731,cython_cython,results/cython_cython_matches.csv,2024-05-01T07:19:35+01:00
a6d810b970c21948c7fcdeec2cf28769e716e4a9,tests/run/test_patma.py,2739,cython_cython,results/cython_cython_matches.csv,2024-05-01T07:19:35+01:00
a6d810b970c21948c7fcdeec2cf28769e716e4a9,tests/run/test_patma.py,2750,cython_cython,results/cython_cython_matches.csv,2024-05-01T07:19:35+01:00
a6d810b970c21948c7fcdeec2cf28769e716e4a9,tests/run/test_patma.py,2761,cython_cython,results/cython_cython_matches.csv,2024-05-01T07:19:35+01:00
a6d810b970c21948c7fcdeec2cf28769e716e4a9,tests/run/test_patma.py,2774,cython_cython,results/cython_cython_matches.csv,2024-05-01T07:19:35+01:00
a6d810b970c21948c7fcdeec2cf28769e716e4a9,tests/run/test_patma.py,2787,cython_cython,results/cython_cython_matches.csv,2024-05-01T07:19:35+01:00
a6d810b970c21948c7fcdeec2cf28769e716e4a9,tests/run/test_patma.py,2802,cython_cython,results/cython_cython_matches.csv,2024-05-01T07:19:35+01:00
a6d810b970c21948c7fcdeec2cf28769e716e4a9,tests/run/test_patma.py,2816,cython_cython,results/cython_cython_matches.csv,2024-05-01T07:19:35+01:00
a6d810b970c21948c7fcdeec2cf28769e716e4a9,tests/run/test_patma.py,2824,cython_cython,results/cython_cython_matches.csv,2024-05-01T07:19:35+01:00
a6d810b970c21948c7fcdeec2cf28769e716e4a9,tests/run/test_patma.py,2833,cython_cython,results/cython_cython_matches.csv,2024-05-01T07:19:35+01:00
a6d810b970c21948c7fcdeec2cf28769e716e4a9,tests/run/test_patma.py,2844,cython_cython,results/cython_cython_matches.csv,2024-05-01T07:19:35+01:00
a6d810b970c21948c7fcdeec2cf28769e716e4a9,tests/run/test_patma.py,2859,cython_cython,results/cython_cython_matches.csv,2024-05-01T07:19:35+01:00
a6d810b970c21948c7fcdeec2cf28769e716e4a9,tests/run/test_patma.py,2868,cython_cython,results/cython_cython_matches.csv,2024-05-01T07:19:35+01:00
a6d810b970c21948c7fcdeec2cf28769e716e4a9,tests/run/test_patma.py,2877,cython_cython,results/cython_cython_matches.csv,2024-05-01T07:19:35+01:00
a6d810b970c21948c7fcdeec2cf28769e716e4a9,tests/run/test_patma.py,2886,cython_cython,results/cython_cython_matches.csv,2024-05-01T07:19:35+01:00
a6d810b970c21948c7fcdeec2cf28769e716e4a9,tests/run/test_patma.py,2895,cython_cython,results/cython_cython_matches.csv,2024-05-01T07:19:35+01:00
a6d810b970c21948c7fcdeec2cf28769e716e4a9,tests/run/test_patma.py,2906,cython_cython,results/cython_cython_matches.csv,2024-05-01T07:19:35+01:00
a6d810b970c21948c7fcdeec2cf28769e716e4a9,tests/run/test_patma.py,2917,cython_cython,results/cython_cython_matches.csv,2024-05-01T07:19:35+01:00
a6d810b970c21948c7fcdeec2cf28769e716e4a9,tests/run/test_patma.py,2937,cython_cython,results/cython_cython_matches.csv,2024-05-01T07:19:35+01:00
a6d810b970c21948c7fcdeec2cf28769e716e4a9,tests/run/test_patma.py,2946,cython_cython,results/cython_cython_matches.csv,2024-05-01T07:19:35+01:00
a6d810b970c21948c7fcdeec2cf28769e716e4a9,tests/run/test_patma.py,2956,cython_cython,results/cython_cython_matches.csv,2024-05-01T07:19:35+01:00
a6d810b970c21948c7fcdeec2cf28769e716e4a9,tests/run/test_patma.py,2966,cython_cython,results/cython_cython_matches.csv,2024-05-01T07:19:35+01:00
a6d810b970c21948c7fcdeec2cf28769e716e4a9,tests/run/test_patma.py,2977,cython_cython,results/cython_cython_matches.csv,2024-05-01T07:19:35+01:00
a6d810b970c21948c7fcdeec2cf28769e716e4a9,tests/run/test_patma.py,2987,cython_cython,results/cython_cython_matches.csv,2024-05-01T07:19:35+01:00
a6d810b970c21948c7fcdeec2cf28769e716e4a9,tests/run/test_patma.py,2997,cython_cython,results/cython_cython_matches.csv,2024-05-01T07:19:35+01:00
a6d810b970c21948c7fcdeec2cf28769e716e4a9,tests/run/test_patma.py,3007,cython_cython,results/cython_cython_matches.csv,2024-05-01T07:19:35+01:00
a6d810b970c21948c7fcdeec2cf28769e716e4a9,tests/run/test_patma.py,3032,cython_cython,results/cython_cython_matches.csv,2024-05-01T07:19:35+01:00
a6d810b970c21948c7fcdeec2cf28769e716e4a9,tests/run/test_patma.py,3062,cython_cython,results/cython_cython_matches.csv,2024-05-01T07:19:35+01:00
a6d810b970c21948c7fcdeec2cf28769e716e4a9,tests/run/test_patma.py,3075,cython_cython,results/cython_cython_matches.csv,2024-05-01T07:19:35+01:00
a6d810b970c21948c7fcdeec2cf28769e716e4a9,tests/run/test_patma.py,3396,cython_cython,results/cython_cython_matches.csv,2024-05-01T07:19:35+01:00
a6d810b970c21948c7fcdeec2cf28769e716e4a9,tests/run/test_patma.py,3407,cython_cython,results/cython_cython_matches.csv,2024-05-01T07:19:35+01:00
a6d810b970c21948c7fcdeec2cf28769e716e4a9,tests/run/test_patma.py,3421,cython_cython,results/cython_cython_matches.csv,2024-05-01T07:19:35+01:00
a6d810b970c21948c7fcdeec2cf28769e716e4a9,tests/run/test_patma.py,3436,cython_cython,results/cython_cython_matches.csv,2024-05-01T07:19:35+01:00
a6d810b970c21948c7fcdeec2cf28769e716e4a9,tests/run/test_patma.py,3450,cython_cython,results/cython_cython_matches.csv,2024-05-01T07:19:35+01:00
a6d810b970c21948c7fcdeec2cf28769e716e4a9,tests/run/test_patma.py,3463,cython_cython,results/cython_cython_matches.csv,2024-05-01T07:19:35+01:00
a6d810b970c21948c7fcdeec2cf28769e716e4a9,tests/run/test_patma.py,3476,cython_cython,results/cython_cython_matches.csv,2024-05-01T07:19:35+01:00
a6d810b970c21948c7fcdeec2cf28769e716e4a9,tests/run/test_patma.py,3491,cython_cython,results/cython_cython_matches.csv,2024-05-01T07:19:35+01:00
a6d810b970c21948c7fcdeec2cf28769e716e4a9,tests/run/test_patma.py,3508,cython_cython,results/cython_cython_matches.csv,2024-05-01T07:19:35+01:00
4f91ac3b5d9b75c460c68f6e2c6bb515bcc4eb4c,tests/run/test_patma.py,187,cython_cython,results/cython_cython_matches.csv,2024-06-03T18:48:41+01:00
4f91ac3b5d9b75c460c68f6e2c6bb515bcc4eb4c,tests/run/test_patma.py,196,cython_cython,results/cython_cython_matches.csv,2024-06-03T18:48:41+01:00
4f91ac3b5d9b75c460c68f6e2c6bb515bcc4eb4c,tests/run/test_patma.py,297,cython_cython,results/cython_cython_matches.csv,2024-06-03T18:48:41+01:00
4f91ac3b5d9b75c460c68f6e2c6bb515bcc4eb4c,tests/run/test_patma.py,304,cython_cython,results/cython_cython_matches.csv,2024-06-03T18:48:41+01:00
4f91ac3b5d9b75c460c68f6e2c6bb515bcc4eb4c,tests/run/test_patma.py,313,cython_cython,results/cython_cython_matches.csv,2024-06-03T18:48:41+01:00
4f91ac3b5d9b75c460c68f6e2c6bb515bcc4eb4c,tests/run/test_patma.py,323,cython_cython,results/cython_cython_matches.csv,2024-06-03T18:48:41+01:00
4f91ac3b5d9b75c460c68f6e2c6bb515bcc4eb4c,tests/run/test_patma.py,331,cython_cython,results/cython_cython_matches.csv,2024-06-03T18:48:41+01:00
4f91ac3b5d9b75c460c68f6e2c6bb515bcc4eb4c,tests/run/test_patma.py,339,cython_cython,results/cython_cython_matches.csv,2024-06-03T18:48:41+01:00
4f91ac3b5d9b75c460c68f6e2c6bb515bcc4eb4c,tests/run/test_patma.py,347,cython_cython,results/cython_cython_matches.csv,2024-06-03T18:48:41+01:00
4f91ac3b5d9b75c460c68f6e2c6bb515bcc4eb4c,tests/run/test_patma.py,355,cython_cython,results/cython_cython_matches.csv,2024-06-03T18:48:41+01:00
4f91ac3b5d9b75c460c68f6e2c6bb515bcc4eb4c,tests/run/test_patma.py,365,cython_cython,results/cython_cython_matches.csv,2024-06-03T18:48:41+01:00
4f91ac3b5d9b75c460c68f6e2c6bb515bcc4eb4c,tests/run/test_patma.py,375,cython_cython,results/cython_cython_matches.csv,2024-06-03T18:48:41+01:00
4f91ac3b5d9b75c460c68f6e2c6bb515bcc4eb4c,tests/run/test_patma.py,389,cython_cython,results/cython_cython_matches.csv,2024-06-03T18:48:41+01:00
4f91ac3b5d9b75c460c68f6e2c6bb515bcc4eb4c,tests/run/test_patma.py,396,cython_cython,results/cython_cython_matches.csv,2024-06-03T18:48:41+01:00
4f91ac3b5d9b75c460c68f6e2c6bb515bcc4eb4c,tests/run/test_patma.py,404,cython_cython,results/cython_cython_matches.csv,2024-06-03T18:48:41+01:00
4f91ac3b5d9b75c460c68f6e2c6bb515bcc4eb4c,tests/run/test_patma.py,412,cython_cython,results/cython_cython_matches.csv,2024-06-03T18:48:41+01:00
4f91ac3b5d9b75c460c68f6e2c6bb515bcc4eb4c,tests/run/test_patma.py,420,cython_cython,results/cython_cython_matches.csv,2024-06-03T18:48:41+01:00
4f91ac3b5d9b75c460c68f6e2c6bb515bcc4eb4c,tests/run/test_patma.py,428,cython_cython,results/cython_cython_matches.csv,2024-06-03T18:48:41+01:00
4f91ac3b5d9b75c460c68f6e2c6bb515bcc4eb4c,tests/run/test_patma.py,436,cython_cython,results/cython_cython_matches.csv,2024-06-03T18:48:41+01:00
4f91ac3b5d9b75c460c68f6e2c6bb515bcc4eb4c,tests/run/test_patma.py,444,cython_cython,results/cython_cython_matches.csv,2024-06-03T18:48:41+01:00
4f91ac3b5d9b75c460c68f6e2c6bb515bcc4eb4c,tests/run/test_patma.py,452,cython_cython,results/cython_cython_matches.csv,2024-06-03T18:48:41+01:00
4f91ac3b5d9b75c460c68f6e2c6bb515bcc4eb4c,tests/run/test_patma.py,460,cython_cython,results/cython_cython_matches.csv,2024-06-03T18:48:41+01:00
4f91ac3b5d9b75c460c68f6e2c6bb515bcc4eb4c,tests/run/test_patma.py,468,cython_cython,results/cython_cython_matches.csv,2024-06-03T18:48:41+01:00
4f91ac3b5d9b75c460c68f6e2c6bb515bcc4eb4c,tests/run/test_patma.py,476,cython_cython,results/cython_cython_matches.csv,2024-06-03T18:48:41+01:00
4f91ac3b5d9b75c460c68f6e2c6bb515bcc4eb4c,tests/run/test_patma.py,485,cython_cython,results/cython_cython_matches.csv,2024-06-03T18:48:41+01:00
4f91ac3b5d9b75c460c68f6e2c6bb515bcc4eb4c,tests/run/test_patma.py,494,cython_cython,results/cython_cython_matches.csv,2024-06-03T18:48:41+01:00
4f91ac3b5d9b75c460c68f6e2c6bb515bcc4eb4c,tests/run/test_patma.py,504,cython_cython,results/cython_cython_matches.csv,2024-06-03T18:48:41+01:00
4f91ac3b5d9b75c460c68f6e2c6bb515bcc4eb4c,tests/run/test_patma.py,513,cython_cython,results/cython_cython_matches.csv,2024-06-03T18:48:41+01:00
4f91ac3b5d9b75c460c68f6e2c6bb515bcc4eb4c,tests/run/test_patma.py,523,cython_cython,results/cython_cython_matches.csv,2024-06-03T18:48:41+01:00
4f91ac3b5d9b75c460c68f6e2c6bb515bcc4eb4c,tests/run/test_patma.py,533,cython_cython,results/cython_cython_matches.csv,2024-06-03T18:48:41+01:00
4f91ac3b5d9b75c460c68f6e2c6bb515bcc4eb4c,tests/run/test_patma.py,544,cython_cython,results/cython_cython_matches.csv,2024-06-03T18:48:41+01:00
4f91ac3b5d9b75c460c68f6e2c6bb515bcc4eb4c,tests/run/test_patma.py,554,cython_cython,results/cython_cython_matches.csv,2024-06-03T18:48:41+01:00
4f91ac3b5d9b75c460c68f6e2c6bb515bcc4eb4c,tests/run/test_patma.py,567,cython_cython,results/cython_cython_matches.csv,2024-06-03T18:48:41+01:00
4f91ac3b5d9b75c460c68f6e2c6bb515bcc4eb4c,tests/run/test_patma.py,580,cython_cython,results/cython_cython_matches.csv,2024-06-03T18:48:41+01:00
4f91ac3b5d9b75c460c68f6e2c6bb515bcc4eb4c,tests/run/test_patma.py,593,cython_cython,results/cython_cython_matches.csv,2024-06-03T18:48:41+01:00
4f91ac3b5d9b75c460c68f6e2c6bb515bcc4eb4c,tests/run/test_patma.py,606,cython_cython,results/cython_cython_matches.csv,2024-06-03T18:48:41+01:00
4f91ac3b5d9b75c460c68f6e2c6bb515bcc4eb4c,tests/run/test_patma.py,619,cython_cython,results/cython_cython_matches.csv,2024-06-03T18:48:41+01:00
4f91ac3b5d9b75c460c68f6e2c6bb515bcc4eb4c,tests/run/test_patma.py,632,cython_cython,results/cython_cython_matches.csv,2024-06-03T18:48:41+01:00
4f91ac3b5d9b75c460c68f6e2c6bb515bcc4eb4c,tests/run/test_patma.py,645,cython_cython,results/cython_cython_matches.csv,2024-06-03T18:48:41+01:00
4f91ac3b5d9b75c460c68f6e2c6bb515bcc4eb4c,tests/run/test_patma.py,654,cython_cython,results/cython_cython_matches.csv,2024-06-03T18:48:41+01:00
4f91ac3b5d9b75c460c68f6e2c6bb515bcc4eb4c,tests/run/test_patma.py,663,cython_cython,results/cython_cython_matches.csv,2024-06-03T18:48:41+01:00
4f91ac3b5d9b75c460c68f6e2c6bb515bcc4eb4c,tests/run/test_patma.py,673,cython_cython,results/cython_cython_matches.csv,2024-06-03T18:48:41+01:00
4f91ac3b5d9b75c460c68f6e2c6bb515bcc4eb4c,tests/run/test_patma.py,682,cython_cython,results/cython_cython_matches.csv,2024-06-03T18:48:41+01:00
4f91ac3b5d9b75c460c68f6e2c6bb515bcc4eb4c,tests/run/test_patma.py,692,cython_cython,results/cython_cython_matches.csv,2024-06-03T18:48:41+01:00
4f91ac3b5d9b75c460c68f6e2c6bb515bcc4eb4c,tests/run/test_patma.py,703,cython_cython,results/cython_cython_matches.csv,2024-06-03T18:48:41+01:00
4f91ac3b5d9b75c460c68f6e2c6bb515bcc4eb4c,tests/run/test_patma.py,714,cython_cython,results/cython_cython_matches.csv,2024-06-03T18:48:41+01:00
4f91ac3b5d9b75c460c68f6e2c6bb515bcc4eb4c,tests/run/test_patma.py,723,cython_cython,results/cython_cython_matches.csv,2024-06-03T18:48:41+01:00
4f91ac3b5d9b75c460c68f6e2c6bb515bcc4eb4c,tests/run/test_patma.py,732,cython_cython,results/cython_cython_matches.csv,2024-06-03T18:48:41+01:00
4f91ac3b5d9b75c460c68f6e2c6bb515bcc4eb4c,tests/run/test_patma.py,741,cython_cython,results/cython_cython_matches.csv,2024-06-03T18:48:41+01:00
4f91ac3b5d9b75c460c68f6e2c6bb515bcc4eb4c,tests/run/test_patma.py,750,cython_cython,results/cython_cython_matches.csv,2024-06-03T18:48:41+01:00
4f91ac3b5d9b75c460c68f6e2c6bb515bcc4eb4c,tests/run/test_patma.py,759,cython_cython,results/cython_cython_matches.csv,2024-06-03T18:48:41+01:00
4f91ac3b5d9b75c460c68f6e2c6bb515bcc4eb4c,tests/run/test_patma.py,768,cython_cython,results/cython_cython_matches.csv,2024-06-03T18:48:41+01:00
4f91ac3b5d9b75c460c68f6e2c6bb515bcc4eb4c,tests/run/test_patma.py,778,cython_cython,results/cython_cython_matches.csv,2024-06-03T18:48:41+01:00
4f91ac3b5d9b75c460c68f6e2c6bb515bcc4eb4c,tests/run/test_patma.py,788,cython_cython,results/cython_cython_matches.csv,2024-06-03T18:48:41+01:00
4f91ac3b5d9b75c460c68f6e2c6bb515bcc4eb4c,tests/run/test_patma.py,801,cython_cython,results/cython_cython_matches.csv,2024-06-03T18:48:41+01:00
4f91ac3b5d9b75c460c68f6e2c6bb515bcc4eb4c,tests/run/test_patma.py,815,cython_cython,results/cython_cython_matches.csv,2024-06-03T18:48:41+01:00
4f91ac3b5d9b75c460c68f6e2c6bb515bcc4eb4c,tests/run/test_patma.py,825,cython_cython,results/cython_cython_matches.csv,2024-06-03T18:48:41+01:00
4f91ac3b5d9b75c460c68f6e2c6bb515bcc4eb4c,tests/run/test_patma.py,835,cython_cython,results/cython_cython_matches.csv,2024-06-03T18:48:41+01:00
4f91ac3b5d9b75c460c68f6e2c6bb515bcc4eb4c,tests/run/test_patma.py,845,cython_cython,results/cython_cython_matches.csv,2024-06-03T18:48:41+01:00
4f91ac3b5d9b75c460c68f6e2c6bb515bcc4eb4c,tests/run/test_patma.py,855,cython_cython,results/cython_cython_matches.csv,2024-06-03T18:48:41+01:00
4f91ac3b5d9b75c460c68f6e2c6bb515bcc4eb4c,tests/run/test_patma.py,864,cython_cython,results/cython_cython_matches.csv,2024-06-03T18:48:41+01:00
4f91ac3b5d9b75c460c68f6e2c6bb515bcc4eb4c,tests/run/test_patma.py,874,cython_cython,results/cython_cython_matches.csv,2024-06-03T18:48:41+01:00
4f91ac3b5d9b75c460c68f6e2c6bb515bcc4eb4c,tests/run/test_patma.py,884,cython_cython,results/cython_cython_matches.csv,2024-06-03T18:48:41+01:00
4f91ac3b5d9b75c460c68f6e2c6bb515bcc4eb4c,tests/run/test_patma.py,894,cython_cython,results/cython_cython_matches.csv,2024-06-03T18:48:41+01:00
4f91ac3b5d9b75c460c68f6e2c6bb515bcc4eb4c,tests/run/test_patma.py,903,cython_cython,results/cython_cython_matches.csv,2024-06-03T18:48:41+01:00
4f91ac3b5d9b75c460c68f6e2c6bb515bcc4eb4c,tests/run/test_patma.py,915,cython_cython,results/cython_cython_matches.csv,2024-06-03T18:48:41+01:00
4f91ac3b5d9b75c460c68f6e2c6bb515bcc4eb4c,tests/run/test_patma.py,926,cython_cython,results/cython_cython_matches.csv,2024-06-03T18:48:41+01:00
4f91ac3b5d9b75c460c68f6e2c6bb515bcc4eb4c,tests/run/test_patma.py,937,cython_cython,results/cython_cython_matches.csv,2024-06-03T18:48:41+01:00
4f91ac3b5d9b75c460c68f6e2c6bb515bcc4eb4c,tests/run/test_patma.py,948,cython_cython,results/cython_cython_matches.csv,2024-06-03T18:48:41+01:00
4f91ac3b5d9b75c460c68f6e2c6bb515bcc4eb4c,tests/run/test_patma.py,959,cython_cython,results/cython_cython_matches.csv,2024-06-03T18:48:41+01:00
4f91ac3b5d9b75c460c68f6e2c6bb515bcc4eb4c,tests/run/test_patma.py,970,cython_cython,results/cython_cython_matches.csv,2024-06-03T18:48:41+01:00
4f91ac3b5d9b75c460c68f6e2c6bb515bcc4eb4c,tests/run/test_patma.py,982,cython_cython,results/cython_cython_matches.csv,2024-06-03T18:48:41+01:00
4f91ac3b5d9b75c460c68f6e2c6bb515bcc4eb4c,tests/run/test_patma.py,993,cython_cython,results/cython_cython_matches.csv,2024-06-03T18:48:41+01:00
4f91ac3b5d9b75c460c68f6e2c6bb515bcc4eb4c,tests/run/test_patma.py,1004,cython_cython,results/cython_cython_matches.csv,2024-06-03T18:48:41+01:00
4f91ac3b5d9b75c460c68f6e2c6bb515bcc4eb4c,tests/run/test_patma.py,1015,cython_cython,results/cython_cython_matches.csv,2024-06-03T18:48:41+01:00
4f91ac3b5d9b75c460c68f6e2c6bb515bcc4eb4c,tests/run/test_patma.py,1027,cython_cython,results/cython_cython_matches.csv,2024-06-03T18:48:41+01:00
4f91ac3b5d9b75c460c68f6e2c6bb515bcc4eb4c,tests/run/test_patma.py,1040,cython_cython,results/cython_cython_matches.csv,2024-06-03T18:48:41+01:00
4f91ac3b5d9b75c460c68f6e2c6bb515bcc4eb4c,tests/run/test_patma.py,1051,cython_cython,results/cython_cython_matches.csv,2024-06-03T18:48:41+01:00
4f91ac3b5d9b75c460c68f6e2c6bb515bcc4eb4c,tests/run/test_patma.py,1062,cython_cython,results/cython_cython_matches.csv,2024-06-03T18:48:41+01:00
4f91ac3b5d9b75c460c68f6e2c6bb515bcc4eb4c,tests/run/test_patma.py,1078,cython_cython,results/cython_cython_matches.csv,2024-06-03T18:48:41+01:00
4f91ac3b5d9b75c460c68f6e2c6bb515bcc4eb4c,tests/run/test_patma.py,1089,cython_cython,results/cython_cython_matches.csv,2024-06-03T18:48:41+01:00
4f91ac3b5d9b75c460c68f6e2c6bb515bcc4eb4c,tests/run/test_patma.py,1102,cython_cython,results/cython_cython_matches.csv,2024-06-03T18:48:41+01:00
4f91ac3b5d9b75c460c68f6e2c6bb515bcc4eb4c,tests/run/test_patma.py,1115,cython_cython,results/cython_cython_matches.csv,2024-06-03T18:48:41+01:00
4f91ac3b5d9b75c460c68f6e2c6bb515bcc4eb4c,tests/run/test_patma.py,1128,cython_cython,results/cython_cython_matches.csv,2024-06-03T18:48:41+01:00
4f91ac3b5d9b75c460c68f6e2c6bb515bcc4eb4c,tests/run/test_patma.py,1140,cython_cython,results/cython_cython_matches.csv,2024-06-03T18:48:41+01:00
4f91ac3b5d9b75c460c68f6e2c6bb515bcc4eb4c,tests/run/test_patma.py,1151,cython_cython,results/cython_cython_matches.csv,2024-06-03T18:48:41+01:00
4f91ac3b5d9b75c460c68f6e2c6bb515bcc4eb4c,tests/run/test_patma.py,1162,cython_cython,results/cython_cython_matches.csv,2024-06-03T18:48:41+01:00
4f91ac3b5d9b75c460c68f6e2c6bb515bcc4eb4c,tests/run/test_patma.py,1172,cython_cython,results/cython_cython_matches.csv,2024-06-03T18:48:41+01:00
4f91ac3b5d9b75c460c68f6e2c6bb515bcc4eb4c,tests/run/test_patma.py,1183,cython_cython,results/cython_cython_matches.csv,2024-06-03T18:48:41+01:00
4f91ac3b5d9b75c460c68f6e2c6bb515bcc4eb4c,tests/run/test_patma.py,1194,cython_cython,results/cython_cython_matches.csv,2024-06-03T18:48:41+01:00
4f91ac3b5d9b75c460c68f6e2c6bb515bcc4eb4c,tests/run/test_patma.py,1203,cython_cython,results/cython_cython_matches.csv,2024-06-03T18:48:41+01:00
4f91ac3b5d9b75c460c68f6e2c6bb515bcc4eb4c,tests/run/test_patma.py,1212,cython_cython,results/cython_cython_matches.csv,2024-06-03T18:48:41+01:00
4f91ac3b5d9b75c460c68f6e2c6bb515bcc4eb4c,tests/run/test_patma.py,1222,cython_cython,results/cython_cython_matches.csv,2024-06-03T18:48:41+01:00
4f91ac3b5d9b75c460c68f6e2c6bb515bcc4eb4c,tests/run/test_patma.py,1231,cython_cython,results/cython_cython_matches.csv,2024-06-03T18:48:41+01:00
4f91ac3b5d9b75c460c68f6e2c6bb515bcc4eb4c,tests/run/test_patma.py,1240,cython_cython,results/cython_cython_matches.csv,2024-06-03T18:48:41+01:00
4f91ac3b5d9b75c460c68f6e2c6bb515bcc4eb4c,tests/run/test_patma.py,1249,cython_cython,results/cython_cython_matches.csv,2024-06-03T18:48:41+01:00
4f91ac3b5d9b75c460c68f6e2c6bb515bcc4eb4c,tests/run/test_patma.py,1259,cython_cython,results/cython_cython_matches.csv,2024-06-03T18:48:41+01:00
4f91ac3b5d9b75c460c68f6e2c6bb515bcc4eb4c,tests/run/test_patma.py,1268,cython_cython,results/cython_cython_matches.csv,2024-06-03T18:48:41+01:00
4f91ac3b5d9b75c460c68f6e2c6bb515bcc4eb4c,tests/run/test_patma.py,1277,cython_cython,results/cython_cython_matches.csv,2024-06-03T18:48:41+01:00
4f91ac3b5d9b75c460c68f6e2c6bb515bcc4eb4c,tests/run/test_patma.py,1286,cython_cython,results/cython_cython_matches.csv,2024-06-03T18:48:41+01:00
4f91ac3b5d9b75c460c68f6e2c6bb515bcc4eb4c,tests/run/test_patma.py,1295,cython_cython,results/cython_cython_matches.csv,2024-06-03T18:48:41+01:00
4f91ac3b5d9b75c460c68f6e2c6bb515bcc4eb4c,tests/run/test_patma.py,1304,cython_cython,results/cython_cython_matches.csv,2024-06-03T18:48:41+01:00
4f91ac3b5d9b75c460c68f6e2c6bb515bcc4eb4c,tests/run/test_patma.py,1313,cython_cython,results/cython_cython_matches.csv,2024-06-03T18:48:41+01:00
4f91ac3b5d9b75c460c68f6e2c6bb515bcc4eb4c,tests/run/test_patma.py,1322,cython_cython,results/cython_cython_matches.csv,2024-06-03T18:48:41+01:00
4f91ac3b5d9b75c460c68f6e2c6bb515bcc4eb4c,tests/run/test_patma.py,1331,cython_cython,results/cython_cython_matches.csv,2024-06-03T18:48:41+01:00
4f91ac3b5d9b75c460c68f6e2c6bb515bcc4eb4c,tests/run/test_patma.py,1340,cython_cython,results/cython_cython_matches.csv,2024-06-03T18:48:41+01:00
4f91ac3b5d9b75c460c68f6e2c6bb515bcc4eb4c,tests/run/test_patma.py,1349,cython_cython,results/cython_cython_matches.csv,2024-06-03T18:48:41+01:00
4f91ac3b5d9b75c460c68f6e2c6bb515bcc4eb4c,tests/run/test_patma.py,1358,cython_cython,results/cython_cython_matches.csv,2024-06-03T18:48:41+01:00
4f91ac3b5d9b75c460c68f6e2c6bb515bcc4eb4c,tests/run/test_patma.py,1367,cython_cython,results/cython_cython_matches.csv,2024-06-03T18:48:41+01:00
4f91ac3b5d9b75c460c68f6e2c6bb515bcc4eb4c,tests/run/test_patma.py,1376,cython_cython,results/cython_cython_matches.csv,2024-06-03T18:48:41+01:00
4f91ac3b5d9b75c460c68f6e2c6bb515bcc4eb4c,tests/run/test_patma.py,1385,cython_cython,results/cython_cython_matches.csv,2024-06-03T18:48:41+01:00
4f91ac3b5d9b75c460c68f6e2c6bb515bcc4eb4c,tests/run/test_patma.py,1394,cython_cython,results/cython_cython_matches.csv,2024-06-03T18:48:41+01:00
4f91ac3b5d9b75c460c68f6e2c6bb515bcc4eb4c,tests/run/test_patma.py,1403,cython_cython,results/cython_cython_matches.csv,2024-06-03T18:48:41+01:00
4f91ac3b5d9b75c460c68f6e2c6bb515bcc4eb4c,tests/run/test_patma.py,1414,cython_cython,results/cython_cython_matches.csv,2024-06-03T18:48:41+01:00
4f91ac3b5d9b75c460c68f6e2c6bb515bcc4eb4c,tests/run/test_patma.py,1427,cython_cython,results/cython_cython_matches.csv,2024-06-03T18:48:41+01:00
4f91ac3b5d9b75c460c68f6e2c6bb515bcc4eb4c,tests/run/test_patma.py,1441,cython_cython,results/cython_cython_matches.csv,2024-06-03T18:48:41+01:00
4f91ac3b5d9b75c460c68f6e2c6bb515bcc4eb4c,tests/run/test_patma.py,1458,cython_cython,results/cython_cython_matches.csv,2024-06-03T18:48:41+01:00
4f91ac3b5d9b75c460c68f6e2c6bb515bcc4eb4c,tests/run/test_patma.py,1473,cython_cython,results/cython_cython_matches.csv,2024-06-03T18:48:41+01:00
4f91ac3b5d9b75c460c68f6e2c6bb515bcc4eb4c,tests/run/test_patma.py,1486,cython_cython,results/cython_cython_matches.csv,2024-06-03T18:48:41+01:00
4f91ac3b5d9b75c460c68f6e2c6bb515bcc4eb4c,tests/run/test_patma.py,1496,cython_cython,results/cython_cython_matches.csv,2024-06-03T18:48:41+01:00
4f91ac3b5d9b75c460c68f6e2c6bb515bcc4eb4c,tests/run/test_patma.py,1506,cython_cython,results/cython_cython_matches.csv,2024-06-03T18:48:41+01:00
4f91ac3b5d9b75c460c68f6e2c6bb515bcc4eb4c,tests/run/test_patma.py,1517,cython_cython,results/cython_cython_matches.csv,2024-06-03T18:48:41+01:00
4f91ac3b5d9b75c460c68f6e2c6bb515bcc4eb4c,tests/run/test_patma.py,1528,cython_cython,results/cython_cython_matches.csv,2024-06-03T18:48:41+01:00
4f91ac3b5d9b75c460c68f6e2c6bb515bcc4eb4c,tests/run/test_patma.py,1539,cython_cython,results/cython_cython_matches.csv,2024-06-03T18:48:41+01:00
4f91ac3b5d9b75c460c68f6e2c6bb515bcc4eb4c,tests/run/test_patma.py,1546,cython_cython,results/cython_cython_matches.csv,2024-06-03T18:48:41+01:00
4f91ac3b5d9b75c460c68f6e2c6bb515bcc4eb4c,tests/run/test_patma.py,1554,cython_cython,results/cython_cython_matches.csv,2024-06-03T18:48:41+01:00
4f91ac3b5d9b75c460c68f6e2c6bb515bcc4eb4c,tests/run/test_patma.py,1562,cython_cython,results/cython_cython_matches.csv,2024-06-03T18:48:41+01:00
4f91ac3b5d9b75c460c68f6e2c6bb515bcc4eb4c,tests/run/test_patma.py,1570,cython_cython,results/cython_cython_matches.csv,2024-06-03T18:48:41+01:00
4f91ac3b5d9b75c460c68f6e2c6bb515bcc4eb4c,tests/run/test_patma.py,1578,cython_cython,results/cython_cython_matches.csv,2024-06-03T18:48:41+01:00
4f91ac3b5d9b75c460c68f6e2c6bb515bcc4eb4c,tests/run/test_patma.py,1586,cython_cython,results/cython_cython_matches.csv,2024-06-03T18:48:41+01:00
4f91ac3b5d9b75c460c68f6e2c6bb515bcc4eb4c,tests/run/test_patma.py,1594,cython_cython,results/cython_cython_matches.csv,2024-06-03T18:48:41+01:00
4f91ac3b5d9b75c460c68f6e2c6bb515bcc4eb4c,tests/run/test_patma.py,1602,cython_cython,results/cython_cython_matches.csv,2024-06-03T18:48:41+01:00
4f91ac3b5d9b75c460c68f6e2c6bb515bcc4eb4c,tests/run/test_patma.py,1610,cython_cython,results/cython_cython_matches.csv,2024-06-03T18:48:41+01:00
4f91ac3b5d9b75c460c68f6e2c6bb515bcc4eb4c,tests/run/test_patma.py,1618,cython_cython,results/cython_cython_matches.csv,2024-06-03T18:48:41+01:00
4f91ac3b5d9b75c460c68f6e2c6bb515bcc4eb4c,tests/run/test_patma.py,1626,cython_cython,results/cython_cython_matches.csv,2024-06-03T18:48:41+01:00
4f91ac3b5d9b75c460c68f6e2c6bb515bcc4eb4c,tests/run/test_patma.py,1635,cython_cython,results/cython_cython_matches.csv,2024-06-03T18:48:41+01:00
4f91ac3b5d9b75c460c68f6e2c6bb515bcc4eb4c,tests/run/test_patma.py,1648,cython_cython,results/cython_cython_matches.csv,2024-06-03T18:48:41+01:00
4f91ac3b5d9b75c460c68f6e2c6bb515bcc4eb4c,tests/run/test_patma.py,1662,cython_cython,results/cython_cython_matches.csv,2024-06-03T18:48:41+01:00
4f91ac3b5d9b75c460c68f6e2c6bb515bcc4eb4c,tests/run/test_patma.py,1676,cython_cython,results/cython_cython_matches.csv,2024-06-03T18:48:41+01:00
4f91ac3b5d9b75c460c68f6e2c6bb515bcc4eb4c,tests/run/test_patma.py,1689,cython_cython,results/cython_cython_matches.csv,2024-06-03T18:48:41+01:00
4f91ac3b5d9b75c460c68f6e2c6bb515bcc4eb4c,tests/run/test_patma.py,1703,cython_cython,results/cython_cython_matches.csv,2024-06-03T18:48:41+01:00
4f91ac3b5d9b75c460c68f6e2c6bb515bcc4eb4c,tests/run/test_patma.py,1717,cython_cython,results/cython_cython_matches.csv,2024-06-03T18:48:41+01:00
4f91ac3b5d9b75c460c68f6e2c6bb515bcc4eb4c,tests/run/test_patma.py,1727,cython_cython,results/cython_cython_matches.csv,2024-06-03T18:48:41+01:00
4f91ac3b5d9b75c460c68f6e2c6bb515bcc4eb4c,tests/run/test_patma.py,1737,cython_cython,results/cython_cython_matches.csv,2024-06-03T18:48:41+01:00
4f91ac3b5d9b75c460c68f6e2c6bb515bcc4eb4c,tests/run/test_patma.py,1747,cython_cython,results/cython_cython_matches.csv,2024-06-03T18:48:41+01:00
4f91ac3b5d9b75c460c68f6e2c6bb515bcc4eb4c,tests/run/test_patma.py,1757,cython_cython,results/cython_cython_matches.csv,2024-06-03T18:48:41+01:00
4f91ac3b5d9b75c460c68f6e2c6bb515bcc4eb4c,tests/run/test_patma.py,1767,cython_cython,results/cython_cython_matches.csv,2024-06-03T18:48:41+01:00
4f91ac3b5d9b75c460c68f6e2c6bb515bcc4eb4c,tests/run/test_patma.py,1777,cython_cython,results/cython_cython_matches.csv,2024-06-03T18:48:41+01:00
4f91ac3b5d9b75c460c68f6e2c6bb515bcc4eb4c,tests/run/test_patma.py,1787,cython_cython,results/cython_cython_matches.csv,2024-06-03T18:48:41+01:00
4f91ac3b5d9b75c460c68f6e2c6bb515bcc4eb4c,tests/run/test_patma.py,1797,cython_cython,results/cython_cython_matches.csv,2024-06-03T18:48:41+01:00
4f91ac3b5d9b75c460c68f6e2c6bb515bcc4eb4c,tests/run/test_patma.py,1807,cython_cython,results/cython_cython_matches.csv,2024-06-03T18:48:41+01:00
4f91ac3b5d9b75c460c68f6e2c6bb515bcc4eb4c,tests/run/test_patma.py,1817,cython_cython,results/cython_cython_matches.csv,2024-06-03T18:48:41+01:00
4f91ac3b5d9b75c460c68f6e2c6bb515bcc4eb4c,tests/run/test_patma.py,1827,cython_cython,results/cython_cython_matches.csv,2024-06-03T18:48:41+01:00
4f91ac3b5d9b75c460c68f6e2c6bb515bcc4eb4c,tests/run/test_patma.py,1837,cython_cython,results/cython_cython_matches.csv,2024-06-03T18:48:41+01:00
4f91ac3b5d9b75c460c68f6e2c6bb515bcc4eb4c,tests/run/test_patma.py,1848,cython_cython,results/cython_cython_matches.csv,2024-06-03T18:48:41+01:00
4f91ac3b5d9b75c460c68f6e2c6bb515bcc4eb4c,tests/run/test_patma.py,1860,cython_cython,results/cython_cython_matches.csv,2024-06-03T18:48:41+01:00
4f91ac3b5d9b75c460c68f6e2c6bb515bcc4eb4c,tests/run/test_patma.py,1873,cython_cython,results/cython_cython_matches.csv,2024-06-03T18:48:41+01:00
4f91ac3b5d9b75c460c68f6e2c6bb515bcc4eb4c,tests/run/test_patma.py,1883,cython_cython,results/cython_cython_matches.csv,2024-06-03T18:48:41+01:00
4f91ac3b5d9b75c460c68f6e2c6bb515bcc4eb4c,tests/run/test_patma.py,1892,cython_cython,results/cython_cython_matches.csv,2024-06-03T18:48:41+01:00
4f91ac3b5d9b75c460c68f6e2c6bb515bcc4eb4c,tests/run/test_patma.py,1903,cython_cython,results/cython_cython_matches.csv,2024-06-03T18:48:41+01:00
4f91ac3b5d9b75c460c68f6e2c6bb515bcc4eb4c,tests/run/test_patma.py,1912,cython_cython,results/cython_cython_matches.csv,2024-06-03T18:48:41+01:00
4f91ac3b5d9b75c460c68f6e2c6bb515bcc4eb4c,tests/run/test_patma.py,1923,cython_cython,results/cython_cython_matches.csv,2024-06-03T18:48:41+01:00
4f91ac3b5d9b75c460c68f6e2c6bb515bcc4eb4c,tests/run/test_patma.py,1935,cython_cython,results/cython_cython_matches.csv,2024-06-03T18:48:41+01:00
4f91ac3b5d9b75c460c68f6e2c6bb515bcc4eb4c,tests/run/test_patma.py,1947,cython_cython,results/cython_cython_matches.csv,2024-06-03T18:48:41+01:00
4f91ac3b5d9b75c460c68f6e2c6bb515bcc4eb4c,tests/run/test_patma.py,1958,cython_cython,results/cython_cython_matches.csv,2024-06-03T18:48:41+01:00
4f91ac3b5d9b75c460c68f6e2c6bb515bcc4eb4c,tests/run/test_patma.py,1970,cython_cython,results/cython_cython_matches.csv,2024-06-03T18:48:41+01:00
4f91ac3b5d9b75c460c68f6e2c6bb515bcc4eb4c,tests/run/test_patma.py,1981,cython_cython,results/cython_cython_matches.csv,2024-06-03T18:48:41+01:00
4f91ac3b5d9b75c460c68f6e2c6bb515bcc4eb4c,tests/run/test_patma.py,1993,cython_cython,results/cython_cython_matches.csv,2024-06-03T18:48:41+01:00
4f91ac3b5d9b75c460c68f6e2c6bb515bcc4eb4c,tests/run/test_patma.py,2004,cython_cython,results/cython_cython_matches.csv,2024-06-03T18:48:41+01:00
4f91ac3b5d9b75c460c68f6e2c6bb515bcc4eb4c,tests/run/test_patma.py,2016,cython_cython,results/cython_cython_matches.csv,2024-06-03T18:48:41+01:00
4f91ac3b5d9b75c460c68f6e2c6bb515bcc4eb4c,tests/run/test_patma.py,2028,cython_cython,results/cython_cython_matches.csv,2024-06-03T18:48:41+01:00
4f91ac3b5d9b75c460c68f6e2c6bb515bcc4eb4c,tests/run/test_patma.py,2040,cython_cython,results/cython_cython_matches.csv,2024-06-03T18:48:41+01:00
4f91ac3b5d9b75c460c68f6e2c6bb515bcc4eb4c,tests/run/test_patma.py,2052,cython_cython,results/cython_cython_matches.csv,2024-06-03T18:48:41+01:00
4f91ac3b5d9b75c460c68f6e2c6bb515bcc4eb4c,tests/run/test_patma.py,2064,cython_cython,results/cython_cython_matches.csv,2024-06-03T18:48:41+01:00
4f91ac3b5d9b75c460c68f6e2c6bb515bcc4eb4c,tests/run/test_patma.py,2076,cython_cython,results/cython_cython_matches.csv,2024-06-03T18:48:41+01:00
4f91ac3b5d9b75c460c68f6e2c6bb515bcc4eb4c,tests/run/test_patma.py,2088,cython_cython,results/cython_cython_matches.csv,2024-06-03T18:48:41+01:00
4f91ac3b5d9b75c460c68f6e2c6bb515bcc4eb4c,tests/run/test_patma.py,2099,cython_cython,results/cython_cython_matches.csv,2024-06-03T18:48:41+01:00
4f91ac3b5d9b75c460c68f6e2c6bb515bcc4eb4c,tests/run/test_patma.py,2124,cython_cython,results/cython_cython_matches.csv,2024-06-03T18:48:41+01:00
4f91ac3b5d9b75c460c68f6e2c6bb515bcc4eb4c,tests/run/test_patma.py,2143,cython_cython,results/cython_cython_matches.csv,2024-06-03T18:48:41+01:00
4f91ac3b5d9b75c460c68f6e2c6bb515bcc4eb4c,tests/run/test_patma.py,2163,cython_cython,results/cython_cython_matches.csv,2024-06-03T18:48:41+01:00
4f91ac3b5d9b75c460c68f6e2c6bb515bcc4eb4c,tests/run/test_patma.py,2187,cython_cython,results/cython_cython_matches.csv,2024-06-03T18:48:41+01:00
4f91ac3b5d9b75c460c68f6e2c6bb515bcc4eb4c,tests/run/test_patma.py,2196,cython_cython,results/cython_cython_matches.csv,2024-06-03T18:48:41+01:00
4f91ac3b5d9b75c460c68f6e2c6bb515bcc4eb4c,tests/run/test_patma.py,2205,cython_cython,results/cython_cython_matches.csv,2024-06-03T18:48:41+01:00
4f91ac3b5d9b75c460c68f6e2c6bb515bcc4eb4c,tests/run/test_patma.py,2214,cython_cython,results/cython_cython_matches.csv,2024-06-03T18:48:41+01:00
4f91ac3b5d9b75c460c68f6e2c6bb515bcc4eb4c,tests/run/test_patma.py,2223,cython_cython,results/cython_cython_matches.csv,2024-06-03T18:48:41+01:00
4f91ac3b5d9b75c460c68f6e2c6bb515bcc4eb4c,tests/run/test_patma.py,2246,cython_cython,results/cython_cython_matches.csv,2024-06-03T18:48:41+01:00
4f91ac3b5d9b75c460c68f6e2c6bb515bcc4eb4c,tests/run/test_patma.py,2264,cython_cython,results/cython_cython_matches.csv,2024-06-03T18:48:41+01:00
4f91ac3b5d9b75c460c68f6e2c6bb515bcc4eb4c,tests/run/test_patma.py,2275,cython_cython,results/cython_cython_matches.csv,2024-06-03T18:48:41+01:00
4f91ac3b5d9b75c460c68f6e2c6bb515bcc4eb4c,tests/run/test_patma.py,2287,cython_cython,results/cython_cython_matches.csv,2024-06-03T18:48:41+01:00
4f91ac3b5d9b75c460c68f6e2c6bb515bcc4eb4c,tests/run/test_patma.py,2297,cython_cython,results/cython_cython_matches.csv,2024-06-03T18:48:41+01:00
4f91ac3b5d9b75c460c68f6e2c6bb515bcc4eb4c,tests/run/test_patma.py,2309,cython_cython,results/cython_cython_matches.csv,2024-06-03T18:48:41+01:00
4f91ac3b5d9b75c460c68f6e2c6bb515bcc4eb4c,tests/run/test_patma.py,2321,cython_cython,results/cython_cython_matches.csv,2024-06-03T18:48:41+01:00
4f91ac3b5d9b75c460c68f6e2c6bb515bcc4eb4c,tests/run/test_patma.py,2333,cython_cython,results/cython_cython_matches.csv,2024-06-03T18:48:41+01:00
4f91ac3b5d9b75c460c68f6e2c6bb515bcc4eb4c,tests/run/test_patma.py,2344,cython_cython,results/cython_cython_matches.csv,2024-06-03T18:48:41+01:00
4f91ac3b5d9b75c460c68f6e2c6bb515bcc4eb4c,tests/run/test_patma.py,2355,cython_cython,results/cython_cython_matches.csv,2024-06-03T18:48:41+01:00
4f91ac3b5d9b75c460c68f6e2c6bb515bcc4eb4c,tests/run/test_patma.py,2366,cython_cython,results/cython_cython_matches.csv,2024-06-03T18:48:41+01:00
4f91ac3b5d9b75c460c68f6e2c6bb515bcc4eb4c,tests/run/test_patma.py,2377,cython_cython,results/cython_cython_matches.csv,2024-06-03T18:48:41+01:00
4f91ac3b5d9b75c460c68f6e2c6bb515bcc4eb4c,tests/run/test_patma.py,2388,cython_cython,results/cython_cython_matches.csv,2024-06-03T18:48:41+01:00
4f91ac3b5d9b75c460c68f6e2c6bb515bcc4eb4c,tests/run/test_patma.py,2400,cython_cython,results/cython_cython_matches.csv,2024-06-03T18:48:41+01:00
4f91ac3b5d9b75c460c68f6e2c6bb515bcc4eb4c,tests/run/test_patma.py,2412,cython_cython,results/cython_cython_matches.csv,2024-06-03T18:48:41+01:00
4f91ac3b5d9b75c460c68f6e2c6bb515bcc4eb4c,tests/run/test_patma.py,2430,cython_cython,results/cython_cython_matches.csv,2024-06-03T18:48:41+01:00
4f91ac3b5d9b75c460c68f6e2c6bb515bcc4eb4c,tests/run/test_patma.py,2457,cython_cython,results/cython_cython_matches.csv,2024-06-03T18:48:41+01:00
4f91ac3b5d9b75c460c68f6e2c6bb515bcc4eb4c,tests/run/test_patma.py,2484,cython_cython,results/cython_cython_matches.csv,2024-06-03T18:48:41+01:00
4f91ac3b5d9b75c460c68f6e2c6bb515bcc4eb4c,tests/run/test_patma.py,2498,cython_cython,results/cython_cython_matches.csv,2024-06-03T18:48:41+01:00
4f91ac3b5d9b75c460c68f6e2c6bb515bcc4eb4c,tests/run/test_patma.py,2514,cython_cython,results/cython_cython_matches.csv,2024-06-03T18:48:41+01:00
4f91ac3b5d9b75c460c68f6e2c6bb515bcc4eb4c,tests/run/test_patma.py,2530,cython_cython,results/cython_cython_matches.csv,2024-06-03T18:48:41+01:00
4f91ac3b5d9b75c460c68f6e2c6bb515bcc4eb4c,tests/run/test_patma.py,2540,cython_cython,results/cython_cython_matches.csv,2024-06-03T18:48:41+01:00
4f91ac3b5d9b75c460c68f6e2c6bb515bcc4eb4c,tests/run/test_patma.py,2553,cython_cython,results/cython_cython_matches.csv,2024-06-03T18:48:41+01:00
4f91ac3b5d9b75c460c68f6e2c6bb515bcc4eb4c,tests/run/test_patma.py,2566,cython_cython,results/cython_cython_matches.csv,2024-06-03T18:48:41+01:00
4f91ac3b5d9b75c460c68f6e2c6bb515bcc4eb4c,tests/run/test_patma.py,2582,cython_cython,results/cython_cython_matches.csv,2024-06-03T18:48:41+01:00
4f91ac3b5d9b75c460c68f6e2c6bb515bcc4eb4c,tests/run/test_patma.py,2597,cython_cython,results/cython_cython_matches.csv,2024-06-03T18:48:41+01:00
4f91ac3b5d9b75c460c68f6e2c6bb515bcc4eb4c,tests/run/test_patma.py,2609,cython_cython,results/cython_cython_matches.csv,2024-06-03T18:48:41+01:00
4f91ac3b5d9b75c460c68f6e2c6bb515bcc4eb4c,tests/run/test_patma.py,2621,cython_cython,results/cython_cython_matches.csv,2024-06-03T18:48:41+01:00
4f91ac3b5d9b75c460c68f6e2c6bb515bcc4eb4c,tests/run/test_patma.py,2639,cython_cython,results/cython_cython_matches.csv,2024-06-03T18:48:41+01:00
4f91ac3b5d9b75c460c68f6e2c6bb515bcc4eb4c,tests/run/test_patma.py,2652,cython_cython,results/cython_cython_matches.csv,2024-06-03T18:48:41+01:00
4f91ac3b5d9b75c460c68f6e2c6bb515bcc4eb4c,tests/run/test_patma.py,2662,cython_cython,results/cython_cython_matches.csv,2024-06-03T18:48:41+01:00
4f91ac3b5d9b75c460c68f6e2c6bb515bcc4eb4c,tests/run/test_patma.py,2675,cython_cython,results/cython_cython_matches.csv,2024-06-03T18:48:41+01:00
4f91ac3b5d9b75c460c68f6e2c6bb515bcc4eb4c,tests/run/test_patma.py,2683,cython_cython,results/cython_cython_matches.csv,2024-06-03T18:48:41+01:00
4f91ac3b5d9b75c460c68f6e2c6bb515bcc4eb4c,tests/run/test_patma.py,2691,cython_cython,results/cython_cython_matches.csv,2024-06-03T18:48:41+01:00
4f91ac3b5d9b75c460c68f6e2c6bb515bcc4eb4c,tests/run/test_patma.py,2699,cython_cython,results/cython_cython_matches.csv,2024-06-03T18:48:41+01:00
4f91ac3b5d9b75c460c68f6e2c6bb515bcc4eb4c,tests/run/test_patma.py,2707,cython_cython,results/cython_cython_matches.csv,2024-06-03T18:48:41+01:00
4f91ac3b5d9b75c460c68f6e2c6bb515bcc4eb4c,tests/run/test_patma.py,2715,cython_cython,results/cython_cython_matches.csv,2024-06-03T18:48:41+01:00
4f91ac3b5d9b75c460c68f6e2c6bb515bcc4eb4c,tests/run/test_patma.py,2723,cython_cython,results/cython_cython_matches.csv,2024-06-03T18:48:41+01:00
4f91ac3b5d9b75c460c68f6e2c6bb515bcc4eb4c,tests/run/test_patma.py,2731,cython_cython,results/cython_cython_matches.csv,2024-06-03T18:48:41+01:00
4f91ac3b5d9b75c460c68f6e2c6bb515bcc4eb4c,tests/run/test_patma.py,2739,cython_cython,results/cython_cython_matches.csv,2024-06-03T18:48:41+01:00
4f91ac3b5d9b75c460c68f6e2c6bb515bcc4eb4c,tests/run/test_patma.py,2750,cython_cython,results/cython_cython_matches.csv,2024-06-03T18:48:41+01:00
4f91ac3b5d9b75c460c68f6e2c6bb515bcc4eb4c,tests/run/test_patma.py,2761,cython_cython,results/cython_cython_matches.csv,2024-06-03T18:48:41+01:00
4f91ac3b5d9b75c460c68f6e2c6bb515bcc4eb4c,tests/run/test_patma.py,2774,cython_cython,results/cython_cython_matches.csv,2024-06-03T18:48:41+01:00
4f91ac3b5d9b75c460c68f6e2c6bb515bcc4eb4c,tests/run/test_patma.py,2787,cython_cython,results/cython_cython_matches.csv,2024-06-03T18:48:41+01:00
4f91ac3b5d9b75c460c68f6e2c6bb515bcc4eb4c,tests/run/test_patma.py,2802,cython_cython,results/cython_cython_matches.csv,2024-06-03T18:48:41+01:00
4f91ac3b5d9b75c460c68f6e2c6bb515bcc4eb4c,tests/run/test_patma.py,2816,cython_cython,results/cython_cython_matches.csv,2024-06-03T18:48:41+01:00
4f91ac3b5d9b75c460c68f6e2c6bb515bcc4eb4c,tests/run/test_patma.py,2824,cython_cython,results/cython_cython_matches.csv,2024-06-03T18:48:41+01:00
4f91ac3b5d9b75c460c68f6e2c6bb515bcc4eb4c,tests/run/test_patma.py,2833,cython_cython,results/cython_cython_matches.csv,2024-06-03T18:48:41+01:00
4f91ac3b5d9b75c460c68f6e2c6bb515bcc4eb4c,tests/run/test_patma.py,2844,cython_cython,results/cython_cython_matches.csv,2024-06-03T18:48:41+01:00
4f91ac3b5d9b75c460c68f6e2c6bb515bcc4eb4c,tests/run/test_patma.py,2859,cython_cython,results/cython_cython_matches.csv,2024-06-03T18:48:41+01:00
4f91ac3b5d9b75c460c68f6e2c6bb515bcc4eb4c,tests/run/test_patma.py,2868,cython_cython,results/cython_cython_matches.csv,2024-06-03T18:48:41+01:00
4f91ac3b5d9b75c460c68f6e2c6bb515bcc4eb4c,tests/run/test_patma.py,2877,cython_cython,results/cython_cython_matches.csv,2024-06-03T18:48:41+01:00
4f91ac3b5d9b75c460c68f6e2c6bb515bcc4eb4c,tests/run/test_patma.py,2886,cython_cython,results/cython_cython_matches.csv,2024-06-03T18:48:41+01:00
4f91ac3b5d9b75c460c68f6e2c6bb515bcc4eb4c,tests/run/test_patma.py,2895,cython_cython,results/cython_cython_matches.csv,2024-06-03T18:48:41+01:00
4f91ac3b5d9b75c460c68f6e2c6bb515bcc4eb4c,tests/run/test_patma.py,2906,cython_cython,results/cython_cython_matches.csv,2024-06-03T18:48:41+01:00
4f91ac3b5d9b75c460c68f6e2c6bb515bcc4eb4c,tests/run/test_patma.py,2917,cython_cython,results/cython_cython_matches.csv,2024-06-03T18:48:41+01:00
4f91ac3b5d9b75c460c68f6e2c6bb515bcc4eb4c,tests/run/test_patma.py,2937,cython_cython,results/cython_cython_matches.csv,2024-06-03T18:48:41+01:00
4f91ac3b5d9b75c460c68f6e2c6bb515bcc4eb4c,tests/run/test_patma.py,2946,cython_cython,results/cython_cython_matches.csv,2024-06-03T18:48:41+01:00
4f91ac3b5d9b75c460c68f6e2c6bb515bcc4eb4c,tests/run/test_patma.py,2956,cython_cython,results/cython_cython_matches.csv,2024-06-03T18:48:41+01:00
4f91ac3b5d9b75c460c68f6e2c6bb515bcc4eb4c,tests/run/test_patma.py,2966,cython_cython,results/cython_cython_matches.csv,2024-06-03T18:48:41+01:00
4f91ac3b5d9b75c460c68f6e2c6bb515bcc4eb4c,tests/run/test_patma.py,2977,cython_cython,results/cython_cython_matches.csv,2024-06-03T18:48:41+01:00
4f91ac3b5d9b75c460c68f6e2c6bb515bcc4eb4c,tests/run/test_patma.py,2987,cython_cython,results/cython_cython_matches.csv,2024-06-03T18:48:41+01:00
4f91ac3b5d9b75c460c68f6e2c6bb515bcc4eb4c,tests/run/test_patma.py,2997,cython_cython,results/cython_cython_matches.csv,2024-06-03T18:48:41+01:00
4f91ac3b5d9b75c460c68f6e2c6bb515bcc4eb4c,tests/run/test_patma.py,3007,cython_cython,results/cython_cython_matches.csv,2024-06-03T18:48:41+01:00
4f91ac3b5d9b75c460c68f6e2c6bb515bcc4eb4c,tests/run/test_patma.py,3032,cython_cython,results/cython_cython_matches.csv,2024-06-03T18:48:41+01:00
4f91ac3b5d9b75c460c68f6e2c6bb515bcc4eb4c,tests/run/test_patma.py,3062,cython_cython,results/cython_cython_matches.csv,2024-06-03T18:48:41+01:00
4f91ac3b5d9b75c460c68f6e2c6bb515bcc4eb4c,tests/run/test_patma.py,3075,cython_cython,results/cython_cython_matches.csv,2024-06-03T18:48:41+01:00
4f91ac3b5d9b75c460c68f6e2c6bb515bcc4eb4c,tests/run/test_patma.py,3396,cython_cython,results/cython_cython_matches.csv,2024-06-03T18:48:41+01:00
4f91ac3b5d9b75c460c68f6e2c6bb515bcc4eb4c,tests/run/test_patma.py,3407,cython_cython,results/cython_cython_matches.csv,2024-06-03T18:48:41+01:00
4f91ac3b5d9b75c460c68f6e2c6bb515bcc4eb4c,tests/run/test_patma.py,3421,cython_cython,results/cython_cython_matches.csv,2024-06-03T18:48:41+01:00
4f91ac3b5d9b75c460c68f6e2c6bb515bcc4eb4c,tests/run/test_patma.py,3436,cython_cython,results/cython_cython_matches.csv,2024-06-03T18:48:41+01:00
4f91ac3b5d9b75c460c68f6e2c6bb515bcc4eb4c,tests/run/test_patma.py,3450,cython_cython,results/cython_cython_matches.csv,2024-06-03T18:48:41+01:00
4f91ac3b5d9b75c460c68f6e2c6bb515bcc4eb4c,tests/run/test_patma.py,3463,cython_cython,results/cython_cython_matches.csv,2024-06-03T18:48:41+01:00
4f91ac3b5d9b75c460c68f6e2c6bb515bcc4eb4c,tests/run/test_patma.py,3476,cython_cython,results/cython_cython_matches.csv,2024-06-03T18:48:41+01:00
4f91ac3b5d9b75c460c68f6e2c6bb515bcc4eb4c,tests/run/test_patma.py,3491,cython_cython,results/cython_cython_matches.csv,2024-06-03T18:48:41+01:00
4f91ac3b5d9b75c460c68f6e2c6bb515bcc4eb4c,tests/run/test_patma.py,3508,cython_cython,results/cython_cython_matches.csv,2024-06-03T18:48:41+01:00
230bbfcd7616ed43ccb42daaabf7be5188349ca1,tests/run/test_patma.py,187,cython_cython,results/cython_cython_matches.csv,2024-08-04T13:23:23+01:00
230bbfcd7616ed43ccb42daaabf7be5188349ca1,tests/run/test_patma.py,196,cython_cython,results/cython_cython_matches.csv,2024-08-04T13:23:23+01:00
230bbfcd7616ed43ccb42daaabf7be5188349ca1,tests/run/test_patma.py,297,cython_cython,results/cython_cython_matches.csv,2024-08-04T13:23:23+01:00
230bbfcd7616ed43ccb42daaabf7be5188349ca1,tests/run/test_patma.py,304,cython_cython,results/cython_cython_matches.csv,2024-08-04T13:23:23+01:00
230bbfcd7616ed43ccb42daaabf7be5188349ca1,tests/run/test_patma.py,313,cython_cython,results/cython_cython_matches.csv,2024-08-04T13:23:23+01:00
230bbfcd7616ed43ccb42daaabf7be5188349ca1,tests/run/test_patma.py,323,cython_cython,results/cython_cython_matches.csv,2024-08-04T13:23:23+01:00
230bbfcd7616ed43ccb42daaabf7be5188349ca1,tests/run/test_patma.py,331,cython_cython,results/cython_cython_matches.csv,2024-08-04T13:23:23+01:00
230bbfcd7616ed43ccb42daaabf7be5188349ca1,tests/run/test_patma.py,339,cython_cython,results/cython_cython_matches.csv,2024-08-04T13:23:23+01:00
230bbfcd7616ed43ccb42daaabf7be5188349ca1,tests/run/test_patma.py,347,cython_cython,results/cython_cython_matches.csv,2024-08-04T13:23:23+01:00
230bbfcd7616ed43ccb42daaabf7be5188349ca1,tests/run/test_patma.py,355,cython_cython,results/cython_cython_matches.csv,2024-08-04T13:23:23+01:00
230bbfcd7616ed43ccb42daaabf7be5188349ca1,tests/run/test_patma.py,365,cython_cython,results/cython_cython_matches.csv,2024-08-04T13:23:23+01:00
230bbfcd7616ed43ccb42daaabf7be5188349ca1,tests/run/test_patma.py,375,cython_cython,results/cython_cython_matches.csv,2024-08-04T13:23:23+01:00
230bbfcd7616ed43ccb42daaabf7be5188349ca1,tests/run/test_patma.py,389,cython_cython,results/cython_cython_matches.csv,2024-08-04T13:23:23+01:00
230bbfcd7616ed43ccb42daaabf7be5188349ca1,tests/run/test_patma.py,396,cython_cython,results/cython_cython_matches.csv,2024-08-04T13:23:23+01:00
230bbfcd7616ed43ccb42daaabf7be5188349ca1,tests/run/test_patma.py,404,cython_cython,results/cython_cython_matches.csv,2024-08-04T13:23:23+01:00
230bbfcd7616ed43ccb42daaabf7be5188349ca1,tests/run/test_patma.py,412,cython_cython,results/cython_cython_matches.csv,2024-08-04T13:23:23+01:00
230bbfcd7616ed43ccb42daaabf7be5188349ca1,tests/run/test_patma.py,420,cython_cython,results/cython_cython_matches.csv,2024-08-04T13:23:23+01:00
230bbfcd7616ed43ccb42daaabf7be5188349ca1,tests/run/test_patma.py,428,cython_cython,results/cython_cython_matches.csv,2024-08-04T13:23:23+01:00
230bbfcd7616ed43ccb42daaabf7be5188349ca1,tests/run/test_patma.py,436,cython_cython,results/cython_cython_matches.csv,2024-08-04T13:23:23+01:00
230bbfcd7616ed43ccb42daaabf7be5188349ca1,tests/run/test_patma.py,444,cython_cython,results/cython_cython_matches.csv,2024-08-04T13:23:23+01:00
230bbfcd7616ed43ccb42daaabf7be5188349ca1,tests/run/test_patma.py,452,cython_cython,results/cython_cython_matches.csv,2024-08-04T13:23:23+01:00
230bbfcd7616ed43ccb42daaabf7be5188349ca1,tests/run/test_patma.py,460,cython_cython,results/cython_cython_matches.csv,2024-08-04T13:23:23+01:00
230bbfcd7616ed43ccb42daaabf7be5188349ca1,tests/run/test_patma.py,468,cython_cython,results/cython_cython_matches.csv,2024-08-04T13:23:23+01:00
230bbfcd7616ed43ccb42daaabf7be5188349ca1,tests/run/test_patma.py,476,cython_cython,results/cython_cython_matches.csv,2024-08-04T13:23:23+01:00
230bbfcd7616ed43ccb42daaabf7be5188349ca1,tests/run/test_patma.py,485,cython_cython,results/cython_cython_matches.csv,2024-08-04T13:23:23+01:00
230bbfcd7616ed43ccb42daaabf7be5188349ca1,tests/run/test_patma.py,494,cython_cython,results/cython_cython_matches.csv,2024-08-04T13:23:23+01:00
230bbfcd7616ed43ccb42daaabf7be5188349ca1,tests/run/test_patma.py,504,cython_cython,results/cython_cython_matches.csv,2024-08-04T13:23:23+01:00
230bbfcd7616ed43ccb42daaabf7be5188349ca1,tests/run/test_patma.py,513,cython_cython,results/cython_cython_matches.csv,2024-08-04T13:23:23+01:00
230bbfcd7616ed43ccb42daaabf7be5188349ca1,tests/run/test_patma.py,523,cython_cython,results/cython_cython_matches.csv,2024-08-04T13:23:23+01:00
230bbfcd7616ed43ccb42daaabf7be5188349ca1,tests/run/test_patma.py,533,cython_cython,results/cython_cython_matches.csv,2024-08-04T13:23:23+01:00
230bbfcd7616ed43ccb42daaabf7be5188349ca1,tests/run/test_patma.py,544,cython_cython,results/cython_cython_matches.csv,2024-08-04T13:23:23+01:00
230bbfcd7616ed43ccb42daaabf7be5188349ca1,tests/run/test_patma.py,554,cython_cython,results/cython_cython_matches.csv,2024-08-04T13:23:23+01:00
230bbfcd7616ed43ccb42daaabf7be5188349ca1,tests/run/test_patma.py,567,cython_cython,results/cython_cython_matches.csv,2024-08-04T13:23:23+01:00
230bbfcd7616ed43ccb42daaabf7be5188349ca1,tests/run/test_patma.py,580,cython_cython,results/cython_cython_matches.csv,2024-08-04T13:23:23+01:00
230bbfcd7616ed43ccb42daaabf7be5188349ca1,tests/run/test_patma.py,593,cython_cython,results/cython_cython_matches.csv,2024-08-04T13:23:23+01:00
230bbfcd7616ed43ccb42daaabf7be5188349ca1,tests/run/test_patma.py,606,cython_cython,results/cython_cython_matches.csv,2024-08-04T13:23:23+01:00
230bbfcd7616ed43ccb42daaabf7be5188349ca1,tests/run/test_patma.py,619,cython_cython,results/cython_cython_matches.csv,2024-08-04T13:23:23+01:00
230bbfcd7616ed43ccb42daaabf7be5188349ca1,tests/run/test_patma.py,632,cython_cython,results/cython_cython_matches.csv,2024-08-04T13:23:23+01:00
230bbfcd7616ed43ccb42daaabf7be5188349ca1,tests/run/test_patma.py,645,cython_cython,results/cython_cython_matches.csv,2024-08-04T13:23:23+01:00
230bbfcd7616ed43ccb42daaabf7be5188349ca1,tests/run/test_patma.py,654,cython_cython,results/cython_cython_matches.csv,2024-08-04T13:23:23+01:00
230bbfcd7616ed43ccb42daaabf7be5188349ca1,tests/run/test_patma.py,663,cython_cython,results/cython_cython_matches.csv,2024-08-04T13:23:23+01:00
230bbfcd7616ed43ccb42daaabf7be5188349ca1,tests/run/test_patma.py,673,cython_cython,results/cython_cython_matches.csv,2024-08-04T13:23:23+01:00
230bbfcd7616ed43ccb42daaabf7be5188349ca1,tests/run/test_patma.py,682,cython_cython,results/cython_cython_matches.csv,2024-08-04T13:23:23+01:00
230bbfcd7616ed43ccb42daaabf7be5188349ca1,tests/run/test_patma.py,692,cython_cython,results/cython_cython_matches.csv,2024-08-04T13:23:23+01:00
230bbfcd7616ed43ccb42daaabf7be5188349ca1,tests/run/test_patma.py,703,cython_cython,results/cython_cython_matches.csv,2024-08-04T13:23:23+01:00
230bbfcd7616ed43ccb42daaabf7be5188349ca1,tests/run/test_patma.py,714,cython_cython,results/cython_cython_matches.csv,2024-08-04T13:23:23+01:00
230bbfcd7616ed43ccb42daaabf7be5188349ca1,tests/run/test_patma.py,723,cython_cython,results/cython_cython_matches.csv,2024-08-04T13:23:23+01:00
230bbfcd7616ed43ccb42daaabf7be5188349ca1,tests/run/test_patma.py,732,cython_cython,results/cython_cython_matches.csv,2024-08-04T13:23:23+01:00
230bbfcd7616ed43ccb42daaabf7be5188349ca1,tests/run/test_patma.py,741,cython_cython,results/cython_cython_matches.csv,2024-08-04T13:23:23+01:00
230bbfcd7616ed43ccb42daaabf7be5188349ca1,tests/run/test_patma.py,750,cython_cython,results/cython_cython_matches.csv,2024-08-04T13:23:23+01:00
230bbfcd7616ed43ccb42daaabf7be5188349ca1,tests/run/test_patma.py,759,cython_cython,results/cython_cython_matches.csv,2024-08-04T13:23:23+01:00
230bbfcd7616ed43ccb42daaabf7be5188349ca1,tests/run/test_patma.py,768,cython_cython,results/cython_cython_matches.csv,2024-08-04T13:23:23+01:00
230bbfcd7616ed43ccb42daaabf7be5188349ca1,tests/run/test_patma.py,778,cython_cython,results/cython_cython_matches.csv,2024-08-04T13:23:23+01:00
230bbfcd7616ed43ccb42daaabf7be5188349ca1,tests/run/test_patma.py,788,cython_cython,results/cython_cython_matches.csv,2024-08-04T13:23:23+01:00
230bbfcd7616ed43ccb42daaabf7be5188349ca1,tests/run/test_patma.py,801,cython_cython,results/cython_cython_matches.csv,2024-08-04T13:23:23+01:00
230bbfcd7616ed43ccb42daaabf7be5188349ca1,tests/run/test_patma.py,815,cython_cython,results/cython_cython_matches.csv,2024-08-04T13:23:23+01:00
230bbfcd7616ed43ccb42daaabf7be5188349ca1,tests/run/test_patma.py,825,cython_cython,results/cython_cython_matches.csv,2024-08-04T13:23:23+01:00
230bbfcd7616ed43ccb42daaabf7be5188349ca1,tests/run/test_patma.py,835,cython_cython,results/cython_cython_matches.csv,2024-08-04T13:23:23+01:00
230bbfcd7616ed43ccb42daaabf7be5188349ca1,tests/run/test_patma.py,845,cython_cython,results/cython_cython_matches.csv,2024-08-04T13:23:23+01:00
230bbfcd7616ed43ccb42daaabf7be5188349ca1,tests/run/test_patma.py,855,cython_cython,results/cython_cython_matches.csv,2024-08-04T13:23:23+01:00
230bbfcd7616ed43ccb42daaabf7be5188349ca1,tests/run/test_patma.py,864,cython_cython,results/cython_cython_matches.csv,2024-08-04T13:23:23+01:00
230bbfcd7616ed43ccb42daaabf7be5188349ca1,tests/run/test_patma.py,874,cython_cython,results/cython_cython_matches.csv,2024-08-04T13:23:23+01:00
230bbfcd7616ed43ccb42daaabf7be5188349ca1,tests/run/test_patma.py,884,cython_cython,results/cython_cython_matches.csv,2024-08-04T13:23:23+01:00
230bbfcd7616ed43ccb42daaabf7be5188349ca1,tests/run/test_patma.py,894,cython_cython,results/cython_cython_matches.csv,2024-08-04T13:23:23+01:00
230bbfcd7616ed43ccb42daaabf7be5188349ca1,tests/run/test_patma.py,903,cython_cython,results/cython_cython_matches.csv,2024-08-04T13:23:23+01:00
230bbfcd7616ed43ccb42daaabf7be5188349ca1,tests/run/test_patma.py,915,cython_cython,results/cython_cython_matches.csv,2024-08-04T13:23:23+01:00
230bbfcd7616ed43ccb42daaabf7be5188349ca1,tests/run/test_patma.py,926,cython_cython,results/cython_cython_matches.csv,2024-08-04T13:23:23+01:00
230bbfcd7616ed43ccb42daaabf7be5188349ca1,tests/run/test_patma.py,937,cython_cython,results/cython_cython_matches.csv,2024-08-04T13:23:23+01:00
230bbfcd7616ed43ccb42daaabf7be5188349ca1,tests/run/test_patma.py,948,cython_cython,results/cython_cython_matches.csv,2024-08-04T13:23:23+01:00
230bbfcd7616ed43ccb42daaabf7be5188349ca1,tests/run/test_patma.py,959,cython_cython,results/cython_cython_matches.csv,2024-08-04T13:23:23+01:00
230bbfcd7616ed43ccb42daaabf7be5188349ca1,tests/run/test_patma.py,970,cython_cython,results/cython_cython_matches.csv,2024-08-04T13:23:23+01:00
230bbfcd7616ed43ccb42daaabf7be5188349ca1,tests/run/test_patma.py,982,cython_cython,results/cython_cython_matches.csv,2024-08-04T13:23:23+01:00
230bbfcd7616ed43ccb42daaabf7be5188349ca1,tests/run/test_patma.py,993,cython_cython,results/cython_cython_matches.csv,2024-08-04T13:23:23+01:00
230bbfcd7616ed43ccb42daaabf7be5188349ca1,tests/run/test_patma.py,1004,cython_cython,results/cython_cython_matches.csv,2024-08-04T13:23:23+01:00
230bbfcd7616ed43ccb42daaabf7be5188349ca1,tests/run/test_patma.py,1015,cython_cython,results/cython_cython_matches.csv,2024-08-04T13:23:23+01:00
230bbfcd7616ed43ccb42daaabf7be5188349ca1,tests/run/test_patma.py,1027,cython_cython,results/cython_cython_matches.csv,2024-08-04T13:23:23+01:00
230bbfcd7616ed43ccb42daaabf7be5188349ca1,tests/run/test_patma.py,1040,cython_cython,results/cython_cython_matches.csv,2024-08-04T13:23:23+01:00
230bbfcd7616ed43ccb42daaabf7be5188349ca1,tests/run/test_patma.py,1051,cython_cython,results/cython_cython_matches.csv,2024-08-04T13:23:23+01:00
230bbfcd7616ed43ccb42daaabf7be5188349ca1,tests/run/test_patma.py,1062,cython_cython,results/cython_cython_matches.csv,2024-08-04T13:23:23+01:00
230bbfcd7616ed43ccb42daaabf7be5188349ca1,tests/run/test_patma.py,1078,cython_cython,results/cython_cython_matches.csv,2024-08-04T13:23:23+01:00
230bbfcd7616ed43ccb42daaabf7be5188349ca1,tests/run/test_patma.py,1089,cython_cython,results/cython_cython_matches.csv,2024-08-04T13:23:23+01:00
230bbfcd7616ed43ccb42daaabf7be5188349ca1,tests/run/test_patma.py,1102,cython_cython,results/cython_cython_matches.csv,2024-08-04T13:23:23+01:00
230bbfcd7616ed43ccb42daaabf7be5188349ca1,tests/run/test_patma.py,1115,cython_cython,results/cython_cython_matches.csv,2024-08-04T13:23:23+01:00
230bbfcd7616ed43ccb42daaabf7be5188349ca1,tests/run/test_patma.py,1128,cython_cython,results/cython_cython_matches.csv,2024-08-04T13:23:23+01:00
230bbfcd7616ed43ccb42daaabf7be5188349ca1,tests/run/test_patma.py,1140,cython_cython,results/cython_cython_matches.csv,2024-08-04T13:23:23+01:00
230bbfcd7616ed43ccb42daaabf7be5188349ca1,tests/run/test_patma.py,1151,cython_cython,results/cython_cython_matches.csv,2024-08-04T13:23:23+01:00
230bbfcd7616ed43ccb42daaabf7be5188349ca1,tests/run/test_patma.py,1162,cython_cython,results/cython_cython_matches.csv,2024-08-04T13:23:23+01:00
230bbfcd7616ed43ccb42daaabf7be5188349ca1,tests/run/test_patma.py,1172,cython_cython,results/cython_cython_matches.csv,2024-08-04T13:23:23+01:00
230bbfcd7616ed43ccb42daaabf7be5188349ca1,tests/run/test_patma.py,1183,cython_cython,results/cython_cython_matches.csv,2024-08-04T13:23:23+01:00
230bbfcd7616ed43ccb42daaabf7be5188349ca1,tests/run/test_patma.py,1194,cython_cython,results/cython_cython_matches.csv,2024-08-04T13:23:23+01:00
230bbfcd7616ed43ccb42daaabf7be5188349ca1,tests/run/test_patma.py,1203,cython_cython,results/cython_cython_matches.csv,2024-08-04T13:23:23+01:00
230bbfcd7616ed43ccb42daaabf7be5188349ca1,tests/run/test_patma.py,1212,cython_cython,results/cython_cython_matches.csv,2024-08-04T13:23:23+01:00
230bbfcd7616ed43ccb42daaabf7be5188349ca1,tests/run/test_patma.py,1222,cython_cython,results/cython_cython_matches.csv,2024-08-04T13:23:23+01:00
230bbfcd7616ed43ccb42daaabf7be5188349ca1,tests/run/test_patma.py,1231,cython_cython,results/cython_cython_matches.csv,2024-08-04T13:23:23+01:00
230bbfcd7616ed43ccb42daaabf7be5188349ca1,tests/run/test_patma.py,1240,cython_cython,results/cython_cython_matches.csv,2024-08-04T13:23:23+01:00
230bbfcd7616ed43ccb42daaabf7be5188349ca1,tests/run/test_patma.py,1249,cython_cython,results/cython_cython_matches.csv,2024-08-04T13:23:23+01:00
230bbfcd7616ed43ccb42daaabf7be5188349ca1,tests/run/test_patma.py,1259,cython_cython,results/cython_cython_matches.csv,2024-08-04T13:23:23+01:00
230bbfcd7616ed43ccb42daaabf7be5188349ca1,tests/run/test_patma.py,1268,cython_cython,results/cython_cython_matches.csv,2024-08-04T13:23:23+01:00
230bbfcd7616ed43ccb42daaabf7be5188349ca1,tests/run/test_patma.py,1277,cython_cython,results/cython_cython_matches.csv,2024-08-04T13:23:23+01:00
230bbfcd7616ed43ccb42daaabf7be5188349ca1,tests/run/test_patma.py,1286,cython_cython,results/cython_cython_matches.csv,2024-08-04T13:23:23+01:00
230bbfcd7616ed43ccb42daaabf7be5188349ca1,tests/run/test_patma.py,1295,cython_cython,results/cython_cython_matches.csv,2024-08-04T13:23:23+01:00
230bbfcd7616ed43ccb42daaabf7be5188349ca1,tests/run/test_patma.py,1304,cython_cython,results/cython_cython_matches.csv,2024-08-04T13:23:23+01:00
230bbfcd7616ed43ccb42daaabf7be5188349ca1,tests/run/test_patma.py,1313,cython_cython,results/cython_cython_matches.csv,2024-08-04T13:23:23+01:00
230bbfcd7616ed43ccb42daaabf7be5188349ca1,tests/run/test_patma.py,1322,cython_cython,results/cython_cython_matches.csv,2024-08-04T13:23:23+01:00
230bbfcd7616ed43ccb42daaabf7be5188349ca1,tests/run/test_patma.py,1331,cython_cython,results/cython_cython_matches.csv,2024-08-04T13:23:23+01:00
230bbfcd7616ed43ccb42daaabf7be5188349ca1,tests/run/test_patma.py,1340,cython_cython,results/cython_cython_matches.csv,2024-08-04T13:23:23+01:00
230bbfcd7616ed43ccb42daaabf7be5188349ca1,tests/run/test_patma.py,1349,cython_cython,results/cython_cython_matches.csv,2024-08-04T13:23:23+01:00
230bbfcd7616ed43ccb42daaabf7be5188349ca1,tests/run/test_patma.py,1358,cython_cython,results/cython_cython_matches.csv,2024-08-04T13:23:23+01:00
230bbfcd7616ed43ccb42daaabf7be5188349ca1,tests/run/test_patma.py,1367,cython_cython,results/cython_cython_matches.csv,2024-08-04T13:23:23+01:00
230bbfcd7616ed43ccb42daaabf7be5188349ca1,tests/run/test_patma.py,1376,cython_cython,results/cython_cython_matches.csv,2024-08-04T13:23:23+01:00
230bbfcd7616ed43ccb42daaabf7be5188349ca1,tests/run/test_patma.py,1385,cython_cython,results/cython_cython_matches.csv,2024-08-04T13:23:23+01:00
230bbfcd7616ed43ccb42daaabf7be5188349ca1,tests/run/test_patma.py,1394,cython_cython,results/cython_cython_matches.csv,2024-08-04T13:23:23+01:00
230bbfcd7616ed43ccb42daaabf7be5188349ca1,tests/run/test_patma.py,1403,cython_cython,results/cython_cython_matches.csv,2024-08-04T13:23:23+01:00
230bbfcd7616ed43ccb42daaabf7be5188349ca1,tests/run/test_patma.py,1414,cython_cython,results/cython_cython_matches.csv,2024-08-04T13:23:23+01:00
230bbfcd7616ed43ccb42daaabf7be5188349ca1,tests/run/test_patma.py,1427,cython_cython,results/cython_cython_matches.csv,2024-08-04T13:23:23+01:00
230bbfcd7616ed43ccb42daaabf7be5188349ca1,tests/run/test_patma.py,1441,cython_cython,results/cython_cython_matches.csv,2024-08-04T13:23:23+01:00
230bbfcd7616ed43ccb42daaabf7be5188349ca1,tests/run/test_patma.py,1458,cython_cython,results/cython_cython_matches.csv,2024-08-04T13:23:23+01:00
230bbfcd7616ed43ccb42daaabf7be5188349ca1,tests/run/test_patma.py,1473,cython_cython,results/cython_cython_matches.csv,2024-08-04T13:23:23+01:00
230bbfcd7616ed43ccb42daaabf7be5188349ca1,tests/run/test_patma.py,1486,cython_cython,results/cython_cython_matches.csv,2024-08-04T13:23:23+01:00
230bbfcd7616ed43ccb42daaabf7be5188349ca1,tests/run/test_patma.py,1496,cython_cython,results/cython_cython_matches.csv,2024-08-04T13:23:23+01:00
230bbfcd7616ed43ccb42daaabf7be5188349ca1,tests/run/test_patma.py,1506,cython_cython,results/cython_cython_matches.csv,2024-08-04T13:23:23+01:00
230bbfcd7616ed43ccb42daaabf7be5188349ca1,tests/run/test_patma.py,1517,cython_cython,results/cython_cython_matches.csv,2024-08-04T13:23:23+01:00
230bbfcd7616ed43ccb42daaabf7be5188349ca1,tests/run/test_patma.py,1528,cython_cython,results/cython_cython_matches.csv,2024-08-04T13:23:23+01:00
230bbfcd7616ed43ccb42daaabf7be5188349ca1,tests/run/test_patma.py,1539,cython_cython,results/cython_cython_matches.csv,2024-08-04T13:23:23+01:00
230bbfcd7616ed43ccb42daaabf7be5188349ca1,tests/run/test_patma.py,1546,cython_cython,results/cython_cython_matches.csv,2024-08-04T13:23:23+01:00
230bbfcd7616ed43ccb42daaabf7be5188349ca1,tests/run/test_patma.py,1554,cython_cython,results/cython_cython_matches.csv,2024-08-04T13:23:23+01:00
230bbfcd7616ed43ccb42daaabf7be5188349ca1,tests/run/test_patma.py,1562,cython_cython,results/cython_cython_matches.csv,2024-08-04T13:23:23+01:00
230bbfcd7616ed43ccb42daaabf7be5188349ca1,tests/run/test_patma.py,1570,cython_cython,results/cython_cython_matches.csv,2024-08-04T13:23:23+01:00
230bbfcd7616ed43ccb42daaabf7be5188349ca1,tests/run/test_patma.py,1578,cython_cython,results/cython_cython_matches.csv,2024-08-04T13:23:23+01:00
230bbfcd7616ed43ccb42daaabf7be5188349ca1,tests/run/test_patma.py,1586,cython_cython,results/cython_cython_matches.csv,2024-08-04T13:23:23+01:00
230bbfcd7616ed43ccb42daaabf7be5188349ca1,tests/run/test_patma.py,1594,cython_cython,results/cython_cython_matches.csv,2024-08-04T13:23:23+01:00
230bbfcd7616ed43ccb42daaabf7be5188349ca1,tests/run/test_patma.py,1602,cython_cython,results/cython_cython_matches.csv,2024-08-04T13:23:23+01:00
230bbfcd7616ed43ccb42daaabf7be5188349ca1,tests/run/test_patma.py,1610,cython_cython,results/cython_cython_matches.csv,2024-08-04T13:23:23+01:00
230bbfcd7616ed43ccb42daaabf7be5188349ca1,tests/run/test_patma.py,1618,cython_cython,results/cython_cython_matches.csv,2024-08-04T13:23:23+01:00
230bbfcd7616ed43ccb42daaabf7be5188349ca1,tests/run/test_patma.py,1626,cython_cython,results/cython_cython_matches.csv,2024-08-04T13:23:23+01:00
230bbfcd7616ed43ccb42daaabf7be5188349ca1,tests/run/test_patma.py,1635,cython_cython,results/cython_cython_matches.csv,2024-08-04T13:23:23+01:00
230bbfcd7616ed43ccb42daaabf7be5188349ca1,tests/run/test_patma.py,1648,cython_cython,results/cython_cython_matches.csv,2024-08-04T13:23:23+01:00
230bbfcd7616ed43ccb42daaabf7be5188349ca1,tests/run/test_patma.py,1662,cython_cython,results/cython_cython_matches.csv,2024-08-04T13:23:23+01:00
230bbfcd7616ed43ccb42daaabf7be5188349ca1,tests/run/test_patma.py,1676,cython_cython,results/cython_cython_matches.csv,2024-08-04T13:23:23+01:00
230bbfcd7616ed43ccb42daaabf7be5188349ca1,tests/run/test_patma.py,1689,cython_cython,results/cython_cython_matches.csv,2024-08-04T13:23:23+01:00
230bbfcd7616ed43ccb42daaabf7be5188349ca1,tests/run/test_patma.py,1703,cython_cython,results/cython_cython_matches.csv,2024-08-04T13:23:23+01:00
230bbfcd7616ed43ccb42daaabf7be5188349ca1,tests/run/test_patma.py,1717,cython_cython,results/cython_cython_matches.csv,2024-08-04T13:23:23+01:00
230bbfcd7616ed43ccb42daaabf7be5188349ca1,tests/run/test_patma.py,1727,cython_cython,results/cython_cython_matches.csv,2024-08-04T13:23:23+01:00
230bbfcd7616ed43ccb42daaabf7be5188349ca1,tests/run/test_patma.py,1737,cython_cython,results/cython_cython_matches.csv,2024-08-04T13:23:23+01:00
230bbfcd7616ed43ccb42daaabf7be5188349ca1,tests/run/test_patma.py,1747,cython_cython,results/cython_cython_matches.csv,2024-08-04T13:23:23+01:00
230bbfcd7616ed43ccb42daaabf7be5188349ca1,tests/run/test_patma.py,1757,cython_cython,results/cython_cython_matches.csv,2024-08-04T13:23:23+01:00
230bbfcd7616ed43ccb42daaabf7be5188349ca1,tests/run/test_patma.py,1767,cython_cython,results/cython_cython_matches.csv,2024-08-04T13:23:23+01:00
230bbfcd7616ed43ccb42daaabf7be5188349ca1,tests/run/test_patma.py,1777,cython_cython,results/cython_cython_matches.csv,2024-08-04T13:23:23+01:00
230bbfcd7616ed43ccb42daaabf7be5188349ca1,tests/run/test_patma.py,1787,cython_cython,results/cython_cython_matches.csv,2024-08-04T13:23:23+01:00
230bbfcd7616ed43ccb42daaabf7be5188349ca1,tests/run/test_patma.py,1797,cython_cython,results/cython_cython_matches.csv,2024-08-04T13:23:23+01:00
230bbfcd7616ed43ccb42daaabf7be5188349ca1,tests/run/test_patma.py,1807,cython_cython,results/cython_cython_matches.csv,2024-08-04T13:23:23+01:00
230bbfcd7616ed43ccb42daaabf7be5188349ca1,tests/run/test_patma.py,1817,cython_cython,results/cython_cython_matches.csv,2024-08-04T13:23:23+01:00
230bbfcd7616ed43ccb42daaabf7be5188349ca1,tests/run/test_patma.py,1827,cython_cython,results/cython_cython_matches.csv,2024-08-04T13:23:23+01:00
230bbfcd7616ed43ccb42daaabf7be5188349ca1,tests/run/test_patma.py,1837,cython_cython,results/cython_cython_matches.csv,2024-08-04T13:23:23+01:00
230bbfcd7616ed43ccb42daaabf7be5188349ca1,tests/run/test_patma.py,1848,cython_cython,results/cython_cython_matches.csv,2024-08-04T13:23:23+01:00
230bbfcd7616ed43ccb42daaabf7be5188349ca1,tests/run/test_patma.py,1860,cython_cython,results/cython_cython_matches.csv,2024-08-04T13:23:23+01:00
230bbfcd7616ed43ccb42daaabf7be5188349ca1,tests/run/test_patma.py,1873,cython_cython,results/cython_cython_matches.csv,2024-08-04T13:23:23+01:00
230bbfcd7616ed43ccb42daaabf7be5188349ca1,tests/run/test_patma.py,1883,cython_cython,results/cython_cython_matches.csv,2024-08-04T13:23:23+01:00
230bbfcd7616ed43ccb42daaabf7be5188349ca1,tests/run/test_patma.py,1892,cython_cython,results/cython_cython_matches.csv,2024-08-04T13:23:23+01:00
230bbfcd7616ed43ccb42daaabf7be5188349ca1,tests/run/test_patma.py,1903,cython_cython,results/cython_cython_matches.csv,2024-08-04T13:23:23+01:00
230bbfcd7616ed43ccb42daaabf7be5188349ca1,tests/run/test_patma.py,1912,cython_cython,results/cython_cython_matches.csv,2024-08-04T13:23:23+01:00
230bbfcd7616ed43ccb42daaabf7be5188349ca1,tests/run/test_patma.py,1923,cython_cython,results/cython_cython_matches.csv,2024-08-04T13:23:23+01:00
230bbfcd7616ed43ccb42daaabf7be5188349ca1,tests/run/test_patma.py,1935,cython_cython,results/cython_cython_matches.csv,2024-08-04T13:23:23+01:00
230bbfcd7616ed43ccb42daaabf7be5188349ca1,tests/run/test_patma.py,1947,cython_cython,results/cython_cython_matches.csv,2024-08-04T13:23:23+01:00
230bbfcd7616ed43ccb42daaabf7be5188349ca1,tests/run/test_patma.py,1958,cython_cython,results/cython_cython_matches.csv,2024-08-04T13:23:23+01:00
230bbfcd7616ed43ccb42daaabf7be5188349ca1,tests/run/test_patma.py,1970,cython_cython,results/cython_cython_matches.csv,2024-08-04T13:23:23+01:00
230bbfcd7616ed43ccb42daaabf7be5188349ca1,tests/run/test_patma.py,1981,cython_cython,results/cython_cython_matches.csv,2024-08-04T13:23:23+01:00
230bbfcd7616ed43ccb42daaabf7be5188349ca1,tests/run/test_patma.py,1993,cython_cython,results/cython_cython_matches.csv,2024-08-04T13:23:23+01:00
230bbfcd7616ed43ccb42daaabf7be5188349ca1,tests/run/test_patma.py,2004,cython_cython,results/cython_cython_matches.csv,2024-08-04T13:23:23+01:00
230bbfcd7616ed43ccb42daaabf7be5188349ca1,tests/run/test_patma.py,2016,cython_cython,results/cython_cython_matches.csv,2024-08-04T13:23:23+01:00
230bbfcd7616ed43ccb42daaabf7be5188349ca1,tests/run/test_patma.py,2028,cython_cython,results/cython_cython_matches.csv,2024-08-04T13:23:23+01:00
230bbfcd7616ed43ccb42daaabf7be5188349ca1,tests/run/test_patma.py,2040,cython_cython,results/cython_cython_matches.csv,2024-08-04T13:23:23+01:00
230bbfcd7616ed43ccb42daaabf7be5188349ca1,tests/run/test_patma.py,2052,cython_cython,results/cython_cython_matches.csv,2024-08-04T13:23:23+01:00
230bbfcd7616ed43ccb42daaabf7be5188349ca1,tests/run/test_patma.py,2064,cython_cython,results/cython_cython_matches.csv,2024-08-04T13:23:23+01:00
230bbfcd7616ed43ccb42daaabf7be5188349ca1,tests/run/test_patma.py,2076,cython_cython,results/cython_cython_matches.csv,2024-08-04T13:23:23+01:00
230bbfcd7616ed43ccb42daaabf7be5188349ca1,tests/run/test_patma.py,2088,cython_cython,results/cython_cython_matches.csv,2024-08-04T13:23:23+01:00
230bbfcd7616ed43ccb42daaabf7be5188349ca1,tests/run/test_patma.py,2099,cython_cython,results/cython_cython_matches.csv,2024-08-04T13:23:23+01:00
230bbfcd7616ed43ccb42daaabf7be5188349ca1,tests/run/test_patma.py,2124,cython_cython,results/cython_cython_matches.csv,2024-08-04T13:23:23+01:00
230bbfcd7616ed43ccb42daaabf7be5188349ca1,tests/run/test_patma.py,2143,cython_cython,results/cython_cython_matches.csv,2024-08-04T13:23:23+01:00
230bbfcd7616ed43ccb42daaabf7be5188349ca1,tests/run/test_patma.py,2163,cython_cython,results/cython_cython_matches.csv,2024-08-04T13:23:23+01:00
230bbfcd7616ed43ccb42daaabf7be5188349ca1,tests/run/test_patma.py,2187,cython_cython,results/cython_cython_matches.csv,2024-08-04T13:23:23+01:00
230bbfcd7616ed43ccb42daaabf7be5188349ca1,tests/run/test_patma.py,2196,cython_cython,results/cython_cython_matches.csv,2024-08-04T13:23:23+01:00
230bbfcd7616ed43ccb42daaabf7be5188349ca1,tests/run/test_patma.py,2205,cython_cython,results/cython_cython_matches.csv,2024-08-04T13:23:23+01:00
230bbfcd7616ed43ccb42daaabf7be5188349ca1,tests/run/test_patma.py,2214,cython_cython,results/cython_cython_matches.csv,2024-08-04T13:23:23+01:00
230bbfcd7616ed43ccb42daaabf7be5188349ca1,tests/run/test_patma.py,2223,cython_cython,results/cython_cython_matches.csv,2024-08-04T13:23:23+01:00
230bbfcd7616ed43ccb42daaabf7be5188349ca1,tests/run/test_patma.py,2246,cython_cython,results/cython_cython_matches.csv,2024-08-04T13:23:23+01:00
230bbfcd7616ed43ccb42daaabf7be5188349ca1,tests/run/test_patma.py,2264,cython_cython,results/cython_cython_matches.csv,2024-08-04T13:23:23+01:00
230bbfcd7616ed43ccb42daaabf7be5188349ca1,tests/run/test_patma.py,2275,cython_cython,results/cython_cython_matches.csv,2024-08-04T13:23:23+01:00
230bbfcd7616ed43ccb42daaabf7be5188349ca1,tests/run/test_patma.py,2287,cython_cython,results/cython_cython_matches.csv,2024-08-04T13:23:23+01:00
230bbfcd7616ed43ccb42daaabf7be5188349ca1,tests/run/test_patma.py,2297,cython_cython,results/cython_cython_matches.csv,2024-08-04T13:23:23+01:00
230bbfcd7616ed43ccb42daaabf7be5188349ca1,tests/run/test_patma.py,2309,cython_cython,results/cython_cython_matches.csv,2024-08-04T13:23:23+01:00
230bbfcd7616ed43ccb42daaabf7be5188349ca1,tests/run/test_patma.py,2321,cython_cython,results/cython_cython_matches.csv,2024-08-04T13:23:23+01:00
230bbfcd7616ed43ccb42daaabf7be5188349ca1,tests/run/test_patma.py,2333,cython_cython,results/cython_cython_matches.csv,2024-08-04T13:23:23+01:00
230bbfcd7616ed43ccb42daaabf7be5188349ca1,tests/run/test_patma.py,2344,cython_cython,results/cython_cython_matches.csv,2024-08-04T13:23:23+01:00
230bbfcd7616ed43ccb42daaabf7be5188349ca1,tests/run/test_patma.py,2355,cython_cython,results/cython_cython_matches.csv,2024-08-04T13:23:23+01:00
230bbfcd7616ed43ccb42daaabf7be5188349ca1,tests/run/test_patma.py,2366,cython_cython,results/cython_cython_matches.csv,2024-08-04T13:23:23+01:00
230bbfcd7616ed43ccb42daaabf7be5188349ca1,tests/run/test_patma.py,2377,cython_cython,results/cython_cython_matches.csv,2024-08-04T13:23:23+01:00
230bbfcd7616ed43ccb42daaabf7be5188349ca1,tests/run/test_patma.py,2388,cython_cython,results/cython_cython_matches.csv,2024-08-04T13:23:23+01:00
230bbfcd7616ed43ccb42daaabf7be5188349ca1,tests/run/test_patma.py,2400,cython_cython,results/cython_cython_matches.csv,2024-08-04T13:23:23+01:00
230bbfcd7616ed43ccb42daaabf7be5188349ca1,tests/run/test_patma.py,2412,cython_cython,results/cython_cython_matches.csv,2024-08-04T13:23:23+01:00
230bbfcd7616ed43ccb42daaabf7be5188349ca1,tests/run/test_patma.py,2430,cython_cython,results/cython_cython_matches.csv,2024-08-04T13:23:23+01:00
230bbfcd7616ed43ccb42daaabf7be5188349ca1,tests/run/test_patma.py,2457,cython_cython,results/cython_cython_matches.csv,2024-08-04T13:23:23+01:00
230bbfcd7616ed43ccb42daaabf7be5188349ca1,tests/run/test_patma.py,2484,cython_cython,results/cython_cython_matches.csv,2024-08-04T13:23:23+01:00
230bbfcd7616ed43ccb42daaabf7be5188349ca1,tests/run/test_patma.py,2498,cython_cython,results/cython_cython_matches.csv,2024-08-04T13:23:23+01:00
230bbfcd7616ed43ccb42daaabf7be5188349ca1,tests/run/test_patma.py,2514,cython_cython,results/cython_cython_matches.csv,2024-08-04T13:23:23+01:00
230bbfcd7616ed43ccb42daaabf7be5188349ca1,tests/run/test_patma.py,2530,cython_cython,results/cython_cython_matches.csv,2024-08-04T13:23:23+01:00
230bbfcd7616ed43ccb42daaabf7be5188349ca1,tests/run/test_patma.py,2540,cython_cython,results/cython_cython_matches.csv,2024-08-04T13:23:23+01:00
230bbfcd7616ed43ccb42daaabf7be5188349ca1,tests/run/test_patma.py,2553,cython_cython,results/cython_cython_matches.csv,2024-08-04T13:23:23+01:00
230bbfcd7616ed43ccb42daaabf7be5188349ca1,tests/run/test_patma.py,2566,cython_cython,results/cython_cython_matches.csv,2024-08-04T13:23:23+01:00
230bbfcd7616ed43ccb42daaabf7be5188349ca1,tests/run/test_patma.py,2582,cython_cython,results/cython_cython_matches.csv,2024-08-04T13:23:23+01:00
230bbfcd7616ed43ccb42daaabf7be5188349ca1,tests/run/test_patma.py,2597,cython_cython,results/cython_cython_matches.csv,2024-08-04T13:23:23+01:00
230bbfcd7616ed43ccb42daaabf7be5188349ca1,tests/run/test_patma.py,2609,cython_cython,results/cython_cython_matches.csv,2024-08-04T13:23:23+01:00
230bbfcd7616ed43ccb42daaabf7be5188349ca1,tests/run/test_patma.py,2621,cython_cython,results/cython_cython_matches.csv,2024-08-04T13:23:23+01:00
230bbfcd7616ed43ccb42daaabf7be5188349ca1,tests/run/test_patma.py,2639,cython_cython,results/cython_cython_matches.csv,2024-08-04T13:23:23+01:00
230bbfcd7616ed43ccb42daaabf7be5188349ca1,tests/run/test_patma.py,2652,cython_cython,results/cython_cython_matches.csv,2024-08-04T13:23:23+01:00
230bbfcd7616ed43ccb42daaabf7be5188349ca1,tests/run/test_patma.py,2662,cython_cython,results/cython_cython_matches.csv,2024-08-04T13:23:23+01:00
230bbfcd7616ed43ccb42daaabf7be5188349ca1,tests/run/test_patma.py,2675,cython_cython,results/cython_cython_matches.csv,2024-08-04T13:23:23+01:00
230bbfcd7616ed43ccb42daaabf7be5188349ca1,tests/run/test_patma.py,2683,cython_cython,results/cython_cython_matches.csv,2024-08-04T13:23:23+01:00
230bbfcd7616ed43ccb42daaabf7be5188349ca1,tests/run/test_patma.py,2691,cython_cython,results/cython_cython_matches.csv,2024-08-04T13:23:23+01:00
230bbfcd7616ed43ccb42daaabf7be5188349ca1,tests/run/test_patma.py,2699,cython_cython,results/cython_cython_matches.csv,2024-08-04T13:23:23+01:00
230bbfcd7616ed43ccb42daaabf7be5188349ca1,tests/run/test_patma.py,2707,cython_cython,results/cython_cython_matches.csv,2024-08-04T13:23:23+01:00
230bbfcd7616ed43ccb42daaabf7be5188349ca1,tests/run/test_patma.py,2715,cython_cython,results/cython_cython_matches.csv,2024-08-04T13:23:23+01:00
230bbfcd7616ed43ccb42daaabf7be5188349ca1,tests/run/test_patma.py,2723,cython_cython,results/cython_cython_matches.csv,2024-08-04T13:23:23+01:00
230bbfcd7616ed43ccb42daaabf7be5188349ca1,tests/run/test_patma.py,2731,cython_cython,results/cython_cython_matches.csv,2024-08-04T13:23:23+01:00
230bbfcd7616ed43ccb42daaabf7be5188349ca1,tests/run/test_patma.py,2739,cython_cython,results/cython_cython_matches.csv,2024-08-04T13:23:23+01:00
230bbfcd7616ed43ccb42daaabf7be5188349ca1,tests/run/test_patma.py,2750,cython_cython,results/cython_cython_matches.csv,2024-08-04T13:23:23+01:00
230bbfcd7616ed43ccb42daaabf7be5188349ca1,tests/run/test_patma.py,2761,cython_cython,results/cython_cython_matches.csv,2024-08-04T13:23:23+01:00
230bbfcd7616ed43ccb42daaabf7be5188349ca1,tests/run/test_patma.py,2774,cython_cython,results/cython_cython_matches.csv,2024-08-04T13:23:23+01:00
230bbfcd7616ed43ccb42daaabf7be5188349ca1,tests/run/test_patma.py,2787,cython_cython,results/cython_cython_matches.csv,2024-08-04T13:23:23+01:00
230bbfcd7616ed43ccb42daaabf7be5188349ca1,tests/run/test_patma.py,2802,cython_cython,results/cython_cython_matches.csv,2024-08-04T13:23:23+01:00
230bbfcd7616ed43ccb42daaabf7be5188349ca1,tests/run/test_patma.py,2816,cython_cython,results/cython_cython_matches.csv,2024-08-04T13:23:23+01:00
230bbfcd7616ed43ccb42daaabf7be5188349ca1,tests/run/test_patma.py,2824,cython_cython,results/cython_cython_matches.csv,2024-08-04T13:23:23+01:00
230bbfcd7616ed43ccb42daaabf7be5188349ca1,tests/run/test_patma.py,2833,cython_cython,results/cython_cython_matches.csv,2024-08-04T13:23:23+01:00
230bbfcd7616ed43ccb42daaabf7be5188349ca1,tests/run/test_patma.py,2844,cython_cython,results/cython_cython_matches.csv,2024-08-04T13:23:23+01:00
230bbfcd7616ed43ccb42daaabf7be5188349ca1,tests/run/test_patma.py,2859,cython_cython,results/cython_cython_matches.csv,2024-08-04T13:23:23+01:00
230bbfcd7616ed43ccb42daaabf7be5188349ca1,tests/run/test_patma.py,2868,cython_cython,results/cython_cython_matches.csv,2024-08-04T13:23:23+01:00
230bbfcd7616ed43ccb42daaabf7be5188349ca1,tests/run/test_patma.py,2877,cython_cython,results/cython_cython_matches.csv,2024-08-04T13:23:23+01:00
230bbfcd7616ed43ccb42daaabf7be5188349ca1,tests/run/test_patma.py,2886,cython_cython,results/cython_cython_matches.csv,2024-08-04T13:23:23+01:00
230bbfcd7616ed43ccb42daaabf7be5188349ca1,tests/run/test_patma.py,2895,cython_cython,results/cython_cython_matches.csv,2024-08-04T13:23:23+01:00
230bbfcd7616ed43ccb42daaabf7be5188349ca1,tests/run/test_patma.py,2906,cython_cython,results/cython_cython_matches.csv,2024-08-04T13:23:23+01:00
230bbfcd7616ed43ccb42daaabf7be5188349ca1,tests/run/test_patma.py,2917,cython_cython,results/cython_cython_matches.csv,2024-08-04T13:23:23+01:00
230bbfcd7616ed43ccb42daaabf7be5188349ca1,tests/run/test_patma.py,2937,cython_cython,results/cython_cython_matches.csv,2024-08-04T13:23:23+01:00
230bbfcd7616ed43ccb42daaabf7be5188349ca1,tests/run/test_patma.py,2946,cython_cython,results/cython_cython_matches.csv,2024-08-04T13:23:23+01:00
230bbfcd7616ed43ccb42daaabf7be5188349ca1,tests/run/test_patma.py,2956,cython_cython,results/cython_cython_matches.csv,2024-08-04T13:23:23+01:00
230bbfcd7616ed43ccb42daaabf7be5188349ca1,tests/run/test_patma.py,2966,cython_cython,results/cython_cython_matches.csv,2024-08-04T13:23:23+01:00
230bbfcd7616ed43ccb42daaabf7be5188349ca1,tests/run/test_patma.py,2977,cython_cython,results/cython_cython_matches.csv,2024-08-04T13:23:23+01:00
230bbfcd7616ed43ccb42daaabf7be5188349ca1,tests/run/test_patma.py,2987,cython_cython,results/cython_cython_matches.csv,2024-08-04T13:23:23+01:00
230bbfcd7616ed43ccb42daaabf7be5188349ca1,tests/run/test_patma.py,2997,cython_cython,results/cython_cython_matches.csv,2024-08-04T13:23:23+01:00
230bbfcd7616ed43ccb42daaabf7be5188349ca1,tests/run/test_patma.py,3007,cython_cython,results/cython_cython_matches.csv,2024-08-04T13:23:23+01:00
230bbfcd7616ed43ccb42daaabf7be5188349ca1,tests/run/test_patma.py,3032,cython_cython,results/cython_cython_matches.csv,2024-08-04T13:23:23+01:00
230bbfcd7616ed43ccb42daaabf7be5188349ca1,tests/run/test_patma.py,3062,cython_cython,results/cython_cython_matches.csv,2024-08-04T13:23:23+01:00
230bbfcd7616ed43ccb42daaabf7be5188349ca1,tests/run/test_patma.py,3075,cython_cython,results/cython_cython_matches.csv,2024-08-04T13:23:23+01:00
230bbfcd7616ed43ccb42daaabf7be5188349ca1,tests/run/test_patma.py,3396,cython_cython,results/cython_cython_matches.csv,2024-08-04T13:23:23+01:00
230bbfcd7616ed43ccb42daaabf7be5188349ca1,tests/run/test_patma.py,3407,cython_cython,results/cython_cython_matches.csv,2024-08-04T13:23:23+01:00
230bbfcd7616ed43ccb42daaabf7be5188349ca1,tests/run/test_patma.py,3421,cython_cython,results/cython_cython_matches.csv,2024-08-04T13:23:23+01:00
230bbfcd7616ed43ccb42daaabf7be5188349ca1,tests/run/test_patma.py,3436,cython_cython,results/cython_cython_matches.csv,2024-08-04T13:23:23+01:00
230bbfcd7616ed43ccb42daaabf7be5188349ca1,tests/run/test_patma.py,3450,cython_cython,results/cython_cython_matches.csv,2024-08-04T13:23:23+01:00
230bbfcd7616ed43ccb42daaabf7be5188349ca1,tests/run/test_patma.py,3463,cython_cython,results/cython_cython_matches.csv,2024-08-04T13:23:23+01:00
230bbfcd7616ed43ccb42daaabf7be5188349ca1,tests/run/test_patma.py,3476,cython_cython,results/cython_cython_matches.csv,2024-08-04T13:23:23+01:00
230bbfcd7616ed43ccb42daaabf7be5188349ca1,tests/run/test_patma.py,3491,cython_cython,results/cython_cython_matches.csv,2024-08-04T13:23:23+01:00
230bbfcd7616ed43ccb42daaabf7be5188349ca1,tests/run/test_patma.py,3508,cython_cython,results/cython_cython_matches.csv,2024-08-04T13:23:23+01:00
db8fe61e008596a0cec2f39edacf8984e9b8e9f5,tests/run/test_patma.py,187,cython_cython,results/cython_cython_matches.csv,2024-09-04T21:31:32+02:00
db8fe61e008596a0cec2f39edacf8984e9b8e9f5,tests/run/test_patma.py,196,cython_cython,results/cython_cython_matches.csv,2024-09-04T21:31:32+02:00
db8fe61e008596a0cec2f39edacf8984e9b8e9f5,tests/run/test_patma.py,297,cython_cython,results/cython_cython_matches.csv,2024-09-04T21:31:32+02:00
db8fe61e008596a0cec2f39edacf8984e9b8e9f5,tests/run/test_patma.py,304,cython_cython,results/cython_cython_matches.csv,2024-09-04T21:31:32+02:00
db8fe61e008596a0cec2f39edacf8984e9b8e9f5,tests/run/test_patma.py,313,cython_cython,results/cython_cython_matches.csv,2024-09-04T21:31:32+02:00
db8fe61e008596a0cec2f39edacf8984e9b8e9f5,tests/run/test_patma.py,323,cython_cython,results/cython_cython_matches.csv,2024-09-04T21:31:32+02:00
db8fe61e008596a0cec2f39edacf8984e9b8e9f5,tests/run/test_patma.py,331,cython_cython,results/cython_cython_matches.csv,2024-09-04T21:31:32+02:00
db8fe61e008596a0cec2f39edacf8984e9b8e9f5,tests/run/test_patma.py,339,cython_cython,results/cython_cython_matches.csv,2024-09-04T21:31:32+02:00
db8fe61e008596a0cec2f39edacf8984e9b8e9f5,tests/run/test_patma.py,347,cython_cython,results/cython_cython_matches.csv,2024-09-04T21:31:32+02:00
db8fe61e008596a0cec2f39edacf8984e9b8e9f5,tests/run/test_patma.py,355,cython_cython,results/cython_cython_matches.csv,2024-09-04T21:31:32+02:00
db8fe61e008596a0cec2f39edacf8984e9b8e9f5,tests/run/test_patma.py,365,cython_cython,results/cython_cython_matches.csv,2024-09-04T21:31:32+02:00
db8fe61e008596a0cec2f39edacf8984e9b8e9f5,tests/run/test_patma.py,375,cython_cython,results/cython_cython_matches.csv,2024-09-04T21:31:32+02:00
db8fe61e008596a0cec2f39edacf8984e9b8e9f5,tests/run/test_patma.py,389,cython_cython,results/cython_cython_matches.csv,2024-09-04T21:31:32+02:00
db8fe61e008596a0cec2f39edacf8984e9b8e9f5,tests/run/test_patma.py,396,cython_cython,results/cython_cython_matches.csv,2024-09-04T21:31:32+02:00
db8fe61e008596a0cec2f39edacf8984e9b8e9f5,tests/run/test_patma.py,404,cython_cython,results/cython_cython_matches.csv,2024-09-04T21:31:32+02:00
db8fe61e008596a0cec2f39edacf8984e9b8e9f5,tests/run/test_patma.py,412,cython_cython,results/cython_cython_matches.csv,2024-09-04T21:31:32+02:00
db8fe61e008596a0cec2f39edacf8984e9b8e9f5,tests/run/test_patma.py,420,cython_cython,results/cython_cython_matches.csv,2024-09-04T21:31:32+02:00
db8fe61e008596a0cec2f39edacf8984e9b8e9f5,tests/run/test_patma.py,428,cython_cython,results/cython_cython_matches.csv,2024-09-04T21:31:32+02:00
db8fe61e008596a0cec2f39edacf8984e9b8e9f5,tests/run/test_patma.py,436,cython_cython,results/cython_cython_matches.csv,2024-09-04T21:31:32+02:00
db8fe61e008596a0cec2f39edacf8984e9b8e9f5,tests/run/test_patma.py,444,cython_cython,results/cython_cython_matches.csv,2024-09-04T21:31:32+02:00
db8fe61e008596a0cec2f39edacf8984e9b8e9f5,tests/run/test_patma.py,452,cython_cython,results/cython_cython_matches.csv,2024-09-04T21:31:32+02:00
db8fe61e008596a0cec2f39edacf8984e9b8e9f5,tests/run/test_patma.py,460,cython_cython,results/cython_cython_matches.csv,2024-09-04T21:31:32+02:00
db8fe61e008596a0cec2f39edacf8984e9b8e9f5,tests/run/test_patma.py,468,cython_cython,results/cython_cython_matches.csv,2024-09-04T21:31:32+02:00
db8fe61e008596a0cec2f39edacf8984e9b8e9f5,tests/run/test_patma.py,476,cython_cython,results/cython_cython_matches.csv,2024-09-04T21:31:32+02:00
db8fe61e008596a0cec2f39edacf8984e9b8e9f5,tests/run/test_patma.py,485,cython_cython,results/cython_cython_matches.csv,2024-09-04T21:31:32+02:00
db8fe61e008596a0cec2f39edacf8984e9b8e9f5,tests/run/test_patma.py,494,cython_cython,results/cython_cython_matches.csv,2024-09-04T21:31:32+02:00
db8fe61e008596a0cec2f39edacf8984e9b8e9f5,tests/run/test_patma.py,504,cython_cython,results/cython_cython_matches.csv,2024-09-04T21:31:32+02:00
db8fe61e008596a0cec2f39edacf8984e9b8e9f5,tests/run/test_patma.py,513,cython_cython,results/cython_cython_matches.csv,2024-09-04T21:31:32+02:00
db8fe61e008596a0cec2f39edacf8984e9b8e9f5,tests/run/test_patma.py,523,cython_cython,results/cython_cython_matches.csv,2024-09-04T21:31:32+02:00
db8fe61e008596a0cec2f39edacf8984e9b8e9f5,tests/run/test_patma.py,533,cython_cython,results/cython_cython_matches.csv,2024-09-04T21:31:32+02:00
db8fe61e008596a0cec2f39edacf8984e9b8e9f5,tests/run/test_patma.py,544,cython_cython,results/cython_cython_matches.csv,2024-09-04T21:31:32+02:00
db8fe61e008596a0cec2f39edacf8984e9b8e9f5,tests/run/test_patma.py,554,cython_cython,results/cython_cython_matches.csv,2024-09-04T21:31:32+02:00
db8fe61e008596a0cec2f39edacf8984e9b8e9f5,tests/run/test_patma.py,567,cython_cython,results/cython_cython_matches.csv,2024-09-04T21:31:32+02:00
db8fe61e008596a0cec2f39edacf8984e9b8e9f5,tests/run/test_patma.py,580,cython_cython,results/cython_cython_matches.csv,2024-09-04T21:31:32+02:00
db8fe61e008596a0cec2f39edacf8984e9b8e9f5,tests/run/test_patma.py,593,cython_cython,results/cython_cython_matches.csv,2024-09-04T21:31:32+02:00
db8fe61e008596a0cec2f39edacf8984e9b8e9f5,tests/run/test_patma.py,606,cython_cython,results/cython_cython_matches.csv,2024-09-04T21:31:32+02:00
db8fe61e008596a0cec2f39edacf8984e9b8e9f5,tests/run/test_patma.py,619,cython_cython,results/cython_cython_matches.csv,2024-09-04T21:31:32+02:00
db8fe61e008596a0cec2f39edacf8984e9b8e9f5,tests/run/test_patma.py,632,cython_cython,results/cython_cython_matches.csv,2024-09-04T21:31:32+02:00
db8fe61e008596a0cec2f39edacf8984e9b8e9f5,tests/run/test_patma.py,645,cython_cython,results/cython_cython_matches.csv,2024-09-04T21:31:32+02:00
db8fe61e008596a0cec2f39edacf8984e9b8e9f5,tests/run/test_patma.py,654,cython_cython,results/cython_cython_matches.csv,2024-09-04T21:31:32+02:00
db8fe61e008596a0cec2f39edacf8984e9b8e9f5,tests/run/test_patma.py,663,cython_cython,results/cython_cython_matches.csv,2024-09-04T21:31:32+02:00
db8fe61e008596a0cec2f39edacf8984e9b8e9f5,tests/run/test_patma.py,673,cython_cython,results/cython_cython_matches.csv,2024-09-04T21:31:32+02:00
db8fe61e008596a0cec2f39edacf8984e9b8e9f5,tests/run/test_patma.py,682,cython_cython,results/cython_cython_matches.csv,2024-09-04T21:31:32+02:00
db8fe61e008596a0cec2f39edacf8984e9b8e9f5,tests/run/test_patma.py,692,cython_cython,results/cython_cython_matches.csv,2024-09-04T21:31:32+02:00
db8fe61e008596a0cec2f39edacf8984e9b8e9f5,tests/run/test_patma.py,703,cython_cython,results/cython_cython_matches.csv,2024-09-04T21:31:32+02:00
db8fe61e008596a0cec2f39edacf8984e9b8e9f5,tests/run/test_patma.py,714,cython_cython,results/cython_cython_matches.csv,2024-09-04T21:31:32+02:00
db8fe61e008596a0cec2f39edacf8984e9b8e9f5,tests/run/test_patma.py,723,cython_cython,results/cython_cython_matches.csv,2024-09-04T21:31:32+02:00
db8fe61e008596a0cec2f39edacf8984e9b8e9f5,tests/run/test_patma.py,732,cython_cython,results/cython_cython_matches.csv,2024-09-04T21:31:32+02:00
db8fe61e008596a0cec2f39edacf8984e9b8e9f5,tests/run/test_patma.py,741,cython_cython,results/cython_cython_matches.csv,2024-09-04T21:31:32+02:00
db8fe61e008596a0cec2f39edacf8984e9b8e9f5,tests/run/test_patma.py,750,cython_cython,results/cython_cython_matches.csv,2024-09-04T21:31:32+02:00
db8fe61e008596a0cec2f39edacf8984e9b8e9f5,tests/run/test_patma.py,759,cython_cython,results/cython_cython_matches.csv,2024-09-04T21:31:32+02:00
db8fe61e008596a0cec2f39edacf8984e9b8e9f5,tests/run/test_patma.py,768,cython_cython,results/cython_cython_matches.csv,2024-09-04T21:31:32+02:00
db8fe61e008596a0cec2f39edacf8984e9b8e9f5,tests/run/test_patma.py,778,cython_cython,results/cython_cython_matches.csv,2024-09-04T21:31:32+02:00
db8fe61e008596a0cec2f39edacf8984e9b8e9f5,tests/run/test_patma.py,788,cython_cython,results/cython_cython_matches.csv,2024-09-04T21:31:32+02:00
db8fe61e008596a0cec2f39edacf8984e9b8e9f5,tests/run/test_patma.py,801,cython_cython,results/cython_cython_matches.csv,2024-09-04T21:31:32+02:00
db8fe61e008596a0cec2f39edacf8984e9b8e9f5,tests/run/test_patma.py,815,cython_cython,results/cython_cython_matches.csv,2024-09-04T21:31:32+02:00
db8fe61e008596a0cec2f39edacf8984e9b8e9f5,tests/run/test_patma.py,825,cython_cython,results/cython_cython_matches.csv,2024-09-04T21:31:32+02:00
db8fe61e008596a0cec2f39edacf8984e9b8e9f5,tests/run/test_patma.py,835,cython_cython,results/cython_cython_matches.csv,2024-09-04T21:31:32+02:00
db8fe61e008596a0cec2f39edacf8984e9b8e9f5,tests/run/test_patma.py,845,cython_cython,results/cython_cython_matches.csv,2024-09-04T21:31:32+02:00
db8fe61e008596a0cec2f39edacf8984e9b8e9f5,tests/run/test_patma.py,855,cython_cython,results/cython_cython_matches.csv,2024-09-04T21:31:32+02:00
db8fe61e008596a0cec2f39edacf8984e9b8e9f5,tests/run/test_patma.py,864,cython_cython,results/cython_cython_matches.csv,2024-09-04T21:31:32+02:00
db8fe61e008596a0cec2f39edacf8984e9b8e9f5,tests/run/test_patma.py,874,cython_cython,results/cython_cython_matches.csv,2024-09-04T21:31:32+02:00
db8fe61e008596a0cec2f39edacf8984e9b8e9f5,tests/run/test_patma.py,884,cython_cython,results/cython_cython_matches.csv,2024-09-04T21:31:32+02:00
db8fe61e008596a0cec2f39edacf8984e9b8e9f5,tests/run/test_patma.py,894,cython_cython,results/cython_cython_matches.csv,2024-09-04T21:31:32+02:00
db8fe61e008596a0cec2f39edacf8984e9b8e9f5,tests/run/test_patma.py,903,cython_cython,results/cython_cython_matches.csv,2024-09-04T21:31:32+02:00
db8fe61e008596a0cec2f39edacf8984e9b8e9f5,tests/run/test_patma.py,915,cython_cython,results/cython_cython_matches.csv,2024-09-04T21:31:32+02:00
db8fe61e008596a0cec2f39edacf8984e9b8e9f5,tests/run/test_patma.py,926,cython_cython,results/cython_cython_matches.csv,2024-09-04T21:31:32+02:00
db8fe61e008596a0cec2f39edacf8984e9b8e9f5,tests/run/test_patma.py,937,cython_cython,results/cython_cython_matches.csv,2024-09-04T21:31:32+02:00
db8fe61e008596a0cec2f39edacf8984e9b8e9f5,tests/run/test_patma.py,948,cython_cython,results/cython_cython_matches.csv,2024-09-04T21:31:32+02:00
db8fe61e008596a0cec2f39edacf8984e9b8e9f5,tests/run/test_patma.py,959,cython_cython,results/cython_cython_matches.csv,2024-09-04T21:31:32+02:00
db8fe61e008596a0cec2f39edacf8984e9b8e9f5,tests/run/test_patma.py,970,cython_cython,results/cython_cython_matches.csv,2024-09-04T21:31:32+02:00
db8fe61e008596a0cec2f39edacf8984e9b8e9f5,tests/run/test_patma.py,982,cython_cython,results/cython_cython_matches.csv,2024-09-04T21:31:32+02:00
db8fe61e008596a0cec2f39edacf8984e9b8e9f5,tests/run/test_patma.py,993,cython_cython,results/cython_cython_matches.csv,2024-09-04T21:31:32+02:00
db8fe61e008596a0cec2f39edacf8984e9b8e9f5,tests/run/test_patma.py,1004,cython_cython,results/cython_cython_matches.csv,2024-09-04T21:31:32+02:00
db8fe61e008596a0cec2f39edacf8984e9b8e9f5,tests/run/test_patma.py,1015,cython_cython,results/cython_cython_matches.csv,2024-09-04T21:31:32+02:00
db8fe61e008596a0cec2f39edacf8984e9b8e9f5,tests/run/test_patma.py,1027,cython_cython,results/cython_cython_matches.csv,2024-09-04T21:31:32+02:00
db8fe61e008596a0cec2f39edacf8984e9b8e9f5,tests/run/test_patma.py,1040,cython_cython,results/cython_cython_matches.csv,2024-09-04T21:31:32+02:00
db8fe61e008596a0cec2f39edacf8984e9b8e9f5,tests/run/test_patma.py,1051,cython_cython,results/cython_cython_matches.csv,2024-09-04T21:31:32+02:00
db8fe61e008596a0cec2f39edacf8984e9b8e9f5,tests/run/test_patma.py,1062,cython_cython,results/cython_cython_matches.csv,2024-09-04T21:31:32+02:00
db8fe61e008596a0cec2f39edacf8984e9b8e9f5,tests/run/test_patma.py,1078,cython_cython,results/cython_cython_matches.csv,2024-09-04T21:31:32+02:00
db8fe61e008596a0cec2f39edacf8984e9b8e9f5,tests/run/test_patma.py,1089,cython_cython,results/cython_cython_matches.csv,2024-09-04T21:31:32+02:00
db8fe61e008596a0cec2f39edacf8984e9b8e9f5,tests/run/test_patma.py,1102,cython_cython,results/cython_cython_matches.csv,2024-09-04T21:31:32+02:00
db8fe61e008596a0cec2f39edacf8984e9b8e9f5,tests/run/test_patma.py,1115,cython_cython,results/cython_cython_matches.csv,2024-09-04T21:31:32+02:00
db8fe61e008596a0cec2f39edacf8984e9b8e9f5,tests/run/test_patma.py,1128,cython_cython,results/cython_cython_matches.csv,2024-09-04T21:31:32+02:00
db8fe61e008596a0cec2f39edacf8984e9b8e9f5,tests/run/test_patma.py,1140,cython_cython,results/cython_cython_matches.csv,2024-09-04T21:31:32+02:00
db8fe61e008596a0cec2f39edacf8984e9b8e9f5,tests/run/test_patma.py,1151,cython_cython,results/cython_cython_matches.csv,2024-09-04T21:31:32+02:00
db8fe61e008596a0cec2f39edacf8984e9b8e9f5,tests/run/test_patma.py,1162,cython_cython,results/cython_cython_matches.csv,2024-09-04T21:31:32+02:00
db8fe61e008596a0cec2f39edacf8984e9b8e9f5,tests/run/test_patma.py,1172,cython_cython,results/cython_cython_matches.csv,2024-09-04T21:31:32+02:00
db8fe61e008596a0cec2f39edacf8984e9b8e9f5,tests/run/test_patma.py,1183,cython_cython,results/cython_cython_matches.csv,2024-09-04T21:31:32+02:00
db8fe61e008596a0cec2f39edacf8984e9b8e9f5,tests/run/test_patma.py,1194,cython_cython,results/cython_cython_matches.csv,2024-09-04T21:31:32+02:00
db8fe61e008596a0cec2f39edacf8984e9b8e9f5,tests/run/test_patma.py,1203,cython_cython,results/cython_cython_matches.csv,2024-09-04T21:31:32+02:00
db8fe61e008596a0cec2f39edacf8984e9b8e9f5,tests/run/test_patma.py,1212,cython_cython,results/cython_cython_matches.csv,2024-09-04T21:31:32+02:00
db8fe61e008596a0cec2f39edacf8984e9b8e9f5,tests/run/test_patma.py,1222,cython_cython,results/cython_cython_matches.csv,2024-09-04T21:31:32+02:00
db8fe61e008596a0cec2f39edacf8984e9b8e9f5,tests/run/test_patma.py,1231,cython_cython,results/cython_cython_matches.csv,2024-09-04T21:31:32+02:00
db8fe61e008596a0cec2f39edacf8984e9b8e9f5,tests/run/test_patma.py,1240,cython_cython,results/cython_cython_matches.csv,2024-09-04T21:31:32+02:00
db8fe61e008596a0cec2f39edacf8984e9b8e9f5,tests/run/test_patma.py,1249,cython_cython,results/cython_cython_matches.csv,2024-09-04T21:31:32+02:00
db8fe61e008596a0cec2f39edacf8984e9b8e9f5,tests/run/test_patma.py,1259,cython_cython,results/cython_cython_matches.csv,2024-09-04T21:31:32+02:00
db8fe61e008596a0cec2f39edacf8984e9b8e9f5,tests/run/test_patma.py,1268,cython_cython,results/cython_cython_matches.csv,2024-09-04T21:31:32+02:00
db8fe61e008596a0cec2f39edacf8984e9b8e9f5,tests/run/test_patma.py,1277,cython_cython,results/cython_cython_matches.csv,2024-09-04T21:31:32+02:00
db8fe61e008596a0cec2f39edacf8984e9b8e9f5,tests/run/test_patma.py,1286,cython_cython,results/cython_cython_matches.csv,2024-09-04T21:31:32+02:00
db8fe61e008596a0cec2f39edacf8984e9b8e9f5,tests/run/test_patma.py,1295,cython_cython,results/cython_cython_matches.csv,2024-09-04T21:31:32+02:00
db8fe61e008596a0cec2f39edacf8984e9b8e9f5,tests/run/test_patma.py,1304,cython_cython,results/cython_cython_matches.csv,2024-09-04T21:31:32+02:00
db8fe61e008596a0cec2f39edacf8984e9b8e9f5,tests/run/test_patma.py,1313,cython_cython,results/cython_cython_matches.csv,2024-09-04T21:31:32+02:00
db8fe61e008596a0cec2f39edacf8984e9b8e9f5,tests/run/test_patma.py,1322,cython_cython,results/cython_cython_matches.csv,2024-09-04T21:31:32+02:00
db8fe61e008596a0cec2f39edacf8984e9b8e9f5,tests/run/test_patma.py,1331,cython_cython,results/cython_cython_matches.csv,2024-09-04T21:31:32+02:00
db8fe61e008596a0cec2f39edacf8984e9b8e9f5,tests/run/test_patma.py,1340,cython_cython,results/cython_cython_matches.csv,2024-09-04T21:31:32+02:00
db8fe61e008596a0cec2f39edacf8984e9b8e9f5,tests/run/test_patma.py,1349,cython_cython,results/cython_cython_matches.csv,2024-09-04T21:31:32+02:00
db8fe61e008596a0cec2f39edacf8984e9b8e9f5,tests/run/test_patma.py,1358,cython_cython,results/cython_cython_matches.csv,2024-09-04T21:31:32+02:00
db8fe61e008596a0cec2f39edacf8984e9b8e9f5,tests/run/test_patma.py,1367,cython_cython,results/cython_cython_matches.csv,2024-09-04T21:31:32+02:00
db8fe61e008596a0cec2f39edacf8984e9b8e9f5,tests/run/test_patma.py,1376,cython_cython,results/cython_cython_matches.csv,2024-09-04T21:31:32+02:00
db8fe61e008596a0cec2f39edacf8984e9b8e9f5,tests/run/test_patma.py,1385,cython_cython,results/cython_cython_matches.csv,2024-09-04T21:31:32+02:00
db8fe61e008596a0cec2f39edacf8984e9b8e9f5,tests/run/test_patma.py,1394,cython_cython,results/cython_cython_matches.csv,2024-09-04T21:31:32+02:00
db8fe61e008596a0cec2f39edacf8984e9b8e9f5,tests/run/test_patma.py,1403,cython_cython,results/cython_cython_matches.csv,2024-09-04T21:31:32+02:00
db8fe61e008596a0cec2f39edacf8984e9b8e9f5,tests/run/test_patma.py,1414,cython_cython,results/cython_cython_matches.csv,2024-09-04T21:31:32+02:00
db8fe61e008596a0cec2f39edacf8984e9b8e9f5,tests/run/test_patma.py,1427,cython_cython,results/cython_cython_matches.csv,2024-09-04T21:31:32+02:00
db8fe61e008596a0cec2f39edacf8984e9b8e9f5,tests/run/test_patma.py,1441,cython_cython,results/cython_cython_matches.csv,2024-09-04T21:31:32+02:00
db8fe61e008596a0cec2f39edacf8984e9b8e9f5,tests/run/test_patma.py,1458,cython_cython,results/cython_cython_matches.csv,2024-09-04T21:31:32+02:00
db8fe61e008596a0cec2f39edacf8984e9b8e9f5,tests/run/test_patma.py,1473,cython_cython,results/cython_cython_matches.csv,2024-09-04T21:31:32+02:00
db8fe61e008596a0cec2f39edacf8984e9b8e9f5,tests/run/test_patma.py,1486,cython_cython,results/cython_cython_matches.csv,2024-09-04T21:31:32+02:00
db8fe61e008596a0cec2f39edacf8984e9b8e9f5,tests/run/test_patma.py,1496,cython_cython,results/cython_cython_matches.csv,2024-09-04T21:31:32+02:00
db8fe61e008596a0cec2f39edacf8984e9b8e9f5,tests/run/test_patma.py,1506,cython_cython,results/cython_cython_matches.csv,2024-09-04T21:31:32+02:00
db8fe61e008596a0cec2f39edacf8984e9b8e9f5,tests/run/test_patma.py,1517,cython_cython,results/cython_cython_matches.csv,2024-09-04T21:31:32+02:00
db8fe61e008596a0cec2f39edacf8984e9b8e9f5,tests/run/test_patma.py,1528,cython_cython,results/cython_cython_matches.csv,2024-09-04T21:31:32+02:00
db8fe61e008596a0cec2f39edacf8984e9b8e9f5,tests/run/test_patma.py,1539,cython_cython,results/cython_cython_matches.csv,2024-09-04T21:31:32+02:00
db8fe61e008596a0cec2f39edacf8984e9b8e9f5,tests/run/test_patma.py,1546,cython_cython,results/cython_cython_matches.csv,2024-09-04T21:31:32+02:00
db8fe61e008596a0cec2f39edacf8984e9b8e9f5,tests/run/test_patma.py,1554,cython_cython,results/cython_cython_matches.csv,2024-09-04T21:31:32+02:00
db8fe61e008596a0cec2f39edacf8984e9b8e9f5,tests/run/test_patma.py,1562,cython_cython,results/cython_cython_matches.csv,2024-09-04T21:31:32+02:00
db8fe61e008596a0cec2f39edacf8984e9b8e9f5,tests/run/test_patma.py,1570,cython_cython,results/cython_cython_matches.csv,2024-09-04T21:31:32+02:00
db8fe61e008596a0cec2f39edacf8984e9b8e9f5,tests/run/test_patma.py,1578,cython_cython,results/cython_cython_matches.csv,2024-09-04T21:31:32+02:00
db8fe61e008596a0cec2f39edacf8984e9b8e9f5,tests/run/test_patma.py,1586,cython_cython,results/cython_cython_matches.csv,2024-09-04T21:31:32+02:00
db8fe61e008596a0cec2f39edacf8984e9b8e9f5,tests/run/test_patma.py,1594,cython_cython,results/cython_cython_matches.csv,2024-09-04T21:31:32+02:00
db8fe61e008596a0cec2f39edacf8984e9b8e9f5,tests/run/test_patma.py,1602,cython_cython,results/cython_cython_matches.csv,2024-09-04T21:31:32+02:00
db8fe61e008596a0cec2f39edacf8984e9b8e9f5,tests/run/test_patma.py,1610,cython_cython,results/cython_cython_matches.csv,2024-09-04T21:31:32+02:00
db8fe61e008596a0cec2f39edacf8984e9b8e9f5,tests/run/test_patma.py,1618,cython_cython,results/cython_cython_matches.csv,2024-09-04T21:31:32+02:00
db8fe61e008596a0cec2f39edacf8984e9b8e9f5,tests/run/test_patma.py,1626,cython_cython,results/cython_cython_matches.csv,2024-09-04T21:31:32+02:00
db8fe61e008596a0cec2f39edacf8984e9b8e9f5,tests/run/test_patma.py,1635,cython_cython,results/cython_cython_matches.csv,2024-09-04T21:31:32+02:00
db8fe61e008596a0cec2f39edacf8984e9b8e9f5,tests/run/test_patma.py,1648,cython_cython,results/cython_cython_matches.csv,2024-09-04T21:31:32+02:00
db8fe61e008596a0cec2f39edacf8984e9b8e9f5,tests/run/test_patma.py,1662,cython_cython,results/cython_cython_matches.csv,2024-09-04T21:31:32+02:00
db8fe61e008596a0cec2f39edacf8984e9b8e9f5,tests/run/test_patma.py,1676,cython_cython,results/cython_cython_matches.csv,2024-09-04T21:31:32+02:00
db8fe61e008596a0cec2f39edacf8984e9b8e9f5,tests/run/test_patma.py,1689,cython_cython,results/cython_cython_matches.csv,2024-09-04T21:31:32+02:00
db8fe61e008596a0cec2f39edacf8984e9b8e9f5,tests/run/test_patma.py,1703,cython_cython,results/cython_cython_matches.csv,2024-09-04T21:31:32+02:00
db8fe61e008596a0cec2f39edacf8984e9b8e9f5,tests/run/test_patma.py,1717,cython_cython,results/cython_cython_matches.csv,2024-09-04T21:31:32+02:00
db8fe61e008596a0cec2f39edacf8984e9b8e9f5,tests/run/test_patma.py,1727,cython_cython,results/cython_cython_matches.csv,2024-09-04T21:31:32+02:00
db8fe61e008596a0cec2f39edacf8984e9b8e9f5,tests/run/test_patma.py,1737,cython_cython,results/cython_cython_matches.csv,2024-09-04T21:31:32+02:00
db8fe61e008596a0cec2f39edacf8984e9b8e9f5,tests/run/test_patma.py,1747,cython_cython,results/cython_cython_matches.csv,2024-09-04T21:31:32+02:00
db8fe61e008596a0cec2f39edacf8984e9b8e9f5,tests/run/test_patma.py,1757,cython_cython,results/cython_cython_matches.csv,2024-09-04T21:31:32+02:00
db8fe61e008596a0cec2f39edacf8984e9b8e9f5,tests/run/test_patma.py,1767,cython_cython,results/cython_cython_matches.csv,2024-09-04T21:31:32+02:00
db8fe61e008596a0cec2f39edacf8984e9b8e9f5,tests/run/test_patma.py,1777,cython_cython,results/cython_cython_matches.csv,2024-09-04T21:31:32+02:00
db8fe61e008596a0cec2f39edacf8984e9b8e9f5,tests/run/test_patma.py,1787,cython_cython,results/cython_cython_matches.csv,2024-09-04T21:31:32+02:00
db8fe61e008596a0cec2f39edacf8984e9b8e9f5,tests/run/test_patma.py,1797,cython_cython,results/cython_cython_matches.csv,2024-09-04T21:31:32+02:00
db8fe61e008596a0cec2f39edacf8984e9b8e9f5,tests/run/test_patma.py,1807,cython_cython,results/cython_cython_matches.csv,2024-09-04T21:31:32+02:00
db8fe61e008596a0cec2f39edacf8984e9b8e9f5,tests/run/test_patma.py,1817,cython_cython,results/cython_cython_matches.csv,2024-09-04T21:31:32+02:00
db8fe61e008596a0cec2f39edacf8984e9b8e9f5,tests/run/test_patma.py,1827,cython_cython,results/cython_cython_matches.csv,2024-09-04T21:31:32+02:00
db8fe61e008596a0cec2f39edacf8984e9b8e9f5,tests/run/test_patma.py,1837,cython_cython,results/cython_cython_matches.csv,2024-09-04T21:31:32+02:00
db8fe61e008596a0cec2f39edacf8984e9b8e9f5,tests/run/test_patma.py,1848,cython_cython,results/cython_cython_matches.csv,2024-09-04T21:31:32+02:00
db8fe61e008596a0cec2f39edacf8984e9b8e9f5,tests/run/test_patma.py,1860,cython_cython,results/cython_cython_matches.csv,2024-09-04T21:31:32+02:00
db8fe61e008596a0cec2f39edacf8984e9b8e9f5,tests/run/test_patma.py,1873,cython_cython,results/cython_cython_matches.csv,2024-09-04T21:31:32+02:00
db8fe61e008596a0cec2f39edacf8984e9b8e9f5,tests/run/test_patma.py,1883,cython_cython,results/cython_cython_matches.csv,2024-09-04T21:31:32+02:00
db8fe61e008596a0cec2f39edacf8984e9b8e9f5,tests/run/test_patma.py,1892,cython_cython,results/cython_cython_matches.csv,2024-09-04T21:31:32+02:00
db8fe61e008596a0cec2f39edacf8984e9b8e9f5,tests/run/test_patma.py,1903,cython_cython,results/cython_cython_matches.csv,2024-09-04T21:31:32+02:00
db8fe61e008596a0cec2f39edacf8984e9b8e9f5,tests/run/test_patma.py,1912,cython_cython,results/cython_cython_matches.csv,2024-09-04T21:31:32+02:00
db8fe61e008596a0cec2f39edacf8984e9b8e9f5,tests/run/test_patma.py,1923,cython_cython,results/cython_cython_matches.csv,2024-09-04T21:31:32+02:00
db8fe61e008596a0cec2f39edacf8984e9b8e9f5,tests/run/test_patma.py,1935,cython_cython,results/cython_cython_matches.csv,2024-09-04T21:31:32+02:00
db8fe61e008596a0cec2f39edacf8984e9b8e9f5,tests/run/test_patma.py,1947,cython_cython,results/cython_cython_matches.csv,2024-09-04T21:31:32+02:00
db8fe61e008596a0cec2f39edacf8984e9b8e9f5,tests/run/test_patma.py,1958,cython_cython,results/cython_cython_matches.csv,2024-09-04T21:31:32+02:00
db8fe61e008596a0cec2f39edacf8984e9b8e9f5,tests/run/test_patma.py,1970,cython_cython,results/cython_cython_matches.csv,2024-09-04T21:31:32+02:00
db8fe61e008596a0cec2f39edacf8984e9b8e9f5,tests/run/test_patma.py,1981,cython_cython,results/cython_cython_matches.csv,2024-09-04T21:31:32+02:00
db8fe61e008596a0cec2f39edacf8984e9b8e9f5,tests/run/test_patma.py,1993,cython_cython,results/cython_cython_matches.csv,2024-09-04T21:31:32+02:00
db8fe61e008596a0cec2f39edacf8984e9b8e9f5,tests/run/test_patma.py,2004,cython_cython,results/cython_cython_matches.csv,2024-09-04T21:31:32+02:00
db8fe61e008596a0cec2f39edacf8984e9b8e9f5,tests/run/test_patma.py,2016,cython_cython,results/cython_cython_matches.csv,2024-09-04T21:31:32+02:00
db8fe61e008596a0cec2f39edacf8984e9b8e9f5,tests/run/test_patma.py,2028,cython_cython,results/cython_cython_matches.csv,2024-09-04T21:31:32+02:00
db8fe61e008596a0cec2f39edacf8984e9b8e9f5,tests/run/test_patma.py,2040,cython_cython,results/cython_cython_matches.csv,2024-09-04T21:31:32+02:00
db8fe61e008596a0cec2f39edacf8984e9b8e9f5,tests/run/test_patma.py,2052,cython_cython,results/cython_cython_matches.csv,2024-09-04T21:31:32+02:00
db8fe61e008596a0cec2f39edacf8984e9b8e9f5,tests/run/test_patma.py,2064,cython_cython,results/cython_cython_matches.csv,2024-09-04T21:31:32+02:00
db8fe61e008596a0cec2f39edacf8984e9b8e9f5,tests/run/test_patma.py,2076,cython_cython,results/cython_cython_matches.csv,2024-09-04T21:31:32+02:00
db8fe61e008596a0cec2f39edacf8984e9b8e9f5,tests/run/test_patma.py,2088,cython_cython,results/cython_cython_matches.csv,2024-09-04T21:31:32+02:00
db8fe61e008596a0cec2f39edacf8984e9b8e9f5,tests/run/test_patma.py,2099,cython_cython,results/cython_cython_matches.csv,2024-09-04T21:31:32+02:00
db8fe61e008596a0cec2f39edacf8984e9b8e9f5,tests/run/test_patma.py,2124,cython_cython,results/cython_cython_matches.csv,2024-09-04T21:31:32+02:00
db8fe61e008596a0cec2f39edacf8984e9b8e9f5,tests/run/test_patma.py,2143,cython_cython,results/cython_cython_matches.csv,2024-09-04T21:31:32+02:00
db8fe61e008596a0cec2f39edacf8984e9b8e9f5,tests/run/test_patma.py,2163,cython_cython,results/cython_cython_matches.csv,2024-09-04T21:31:32+02:00
db8fe61e008596a0cec2f39edacf8984e9b8e9f5,tests/run/test_patma.py,2187,cython_cython,results/cython_cython_matches.csv,2024-09-04T21:31:32+02:00
db8fe61e008596a0cec2f39edacf8984e9b8e9f5,tests/run/test_patma.py,2196,cython_cython,results/cython_cython_matches.csv,2024-09-04T21:31:32+02:00
db8fe61e008596a0cec2f39edacf8984e9b8e9f5,tests/run/test_patma.py,2205,cython_cython,results/cython_cython_matches.csv,2024-09-04T21:31:32+02:00
db8fe61e008596a0cec2f39edacf8984e9b8e9f5,tests/run/test_patma.py,2214,cython_cython,results/cython_cython_matches.csv,2024-09-04T21:31:32+02:00
db8fe61e008596a0cec2f39edacf8984e9b8e9f5,tests/run/test_patma.py,2223,cython_cython,results/cython_cython_matches.csv,2024-09-04T21:31:32+02:00
db8fe61e008596a0cec2f39edacf8984e9b8e9f5,tests/run/test_patma.py,2246,cython_cython,results/cython_cython_matches.csv,2024-09-04T21:31:32+02:00
db8fe61e008596a0cec2f39edacf8984e9b8e9f5,tests/run/test_patma.py,2264,cython_cython,results/cython_cython_matches.csv,2024-09-04T21:31:32+02:00
db8fe61e008596a0cec2f39edacf8984e9b8e9f5,tests/run/test_patma.py,2275,cython_cython,results/cython_cython_matches.csv,2024-09-04T21:31:32+02:00
db8fe61e008596a0cec2f39edacf8984e9b8e9f5,tests/run/test_patma.py,2287,cython_cython,results/cython_cython_matches.csv,2024-09-04T21:31:32+02:00
db8fe61e008596a0cec2f39edacf8984e9b8e9f5,tests/run/test_patma.py,2297,cython_cython,results/cython_cython_matches.csv,2024-09-04T21:31:32+02:00
db8fe61e008596a0cec2f39edacf8984e9b8e9f5,tests/run/test_patma.py,2309,cython_cython,results/cython_cython_matches.csv,2024-09-04T21:31:32+02:00
db8fe61e008596a0cec2f39edacf8984e9b8e9f5,tests/run/test_patma.py,2321,cython_cython,results/cython_cython_matches.csv,2024-09-04T21:31:32+02:00
db8fe61e008596a0cec2f39edacf8984e9b8e9f5,tests/run/test_patma.py,2333,cython_cython,results/cython_cython_matches.csv,2024-09-04T21:31:32+02:00
db8fe61e008596a0cec2f39edacf8984e9b8e9f5,tests/run/test_patma.py,2344,cython_cython,results/cython_cython_matches.csv,2024-09-04T21:31:32+02:00
db8fe61e008596a0cec2f39edacf8984e9b8e9f5,tests/run/test_patma.py,2355,cython_cython,results/cython_cython_matches.csv,2024-09-04T21:31:32+02:00
db8fe61e008596a0cec2f39edacf8984e9b8e9f5,tests/run/test_patma.py,2366,cython_cython,results/cython_cython_matches.csv,2024-09-04T21:31:32+02:00
db8fe61e008596a0cec2f39edacf8984e9b8e9f5,tests/run/test_patma.py,2377,cython_cython,results/cython_cython_matches.csv,2024-09-04T21:31:32+02:00
db8fe61e008596a0cec2f39edacf8984e9b8e9f5,tests/run/test_patma.py,2388,cython_cython,results/cython_cython_matches.csv,2024-09-04T21:31:32+02:00
db8fe61e008596a0cec2f39edacf8984e9b8e9f5,tests/run/test_patma.py,2400,cython_cython,results/cython_cython_matches.csv,2024-09-04T21:31:32+02:00
db8fe61e008596a0cec2f39edacf8984e9b8e9f5,tests/run/test_patma.py,2412,cython_cython,results/cython_cython_matches.csv,2024-09-04T21:31:32+02:00
db8fe61e008596a0cec2f39edacf8984e9b8e9f5,tests/run/test_patma.py,2430,cython_cython,results/cython_cython_matches.csv,2024-09-04T21:31:32+02:00
db8fe61e008596a0cec2f39edacf8984e9b8e9f5,tests/run/test_patma.py,2457,cython_cython,results/cython_cython_matches.csv,2024-09-04T21:31:32+02:00
db8fe61e008596a0cec2f39edacf8984e9b8e9f5,tests/run/test_patma.py,2484,cython_cython,results/cython_cython_matches.csv,2024-09-04T21:31:32+02:00
db8fe61e008596a0cec2f39edacf8984e9b8e9f5,tests/run/test_patma.py,2498,cython_cython,results/cython_cython_matches.csv,2024-09-04T21:31:32+02:00
db8fe61e008596a0cec2f39edacf8984e9b8e9f5,tests/run/test_patma.py,2514,cython_cython,results/cython_cython_matches.csv,2024-09-04T21:31:32+02:00
db8fe61e008596a0cec2f39edacf8984e9b8e9f5,tests/run/test_patma.py,2530,cython_cython,results/cython_cython_matches.csv,2024-09-04T21:31:32+02:00
db8fe61e008596a0cec2f39edacf8984e9b8e9f5,tests/run/test_patma.py,2540,cython_cython,results/cython_cython_matches.csv,2024-09-04T21:31:32+02:00
db8fe61e008596a0cec2f39edacf8984e9b8e9f5,tests/run/test_patma.py,2553,cython_cython,results/cython_cython_matches.csv,2024-09-04T21:31:32+02:00
db8fe61e008596a0cec2f39edacf8984e9b8e9f5,tests/run/test_patma.py,2566,cython_cython,results/cython_cython_matches.csv,2024-09-04T21:31:32+02:00
db8fe61e008596a0cec2f39edacf8984e9b8e9f5,tests/run/test_patma.py,2582,cython_cython,results/cython_cython_matches.csv,2024-09-04T21:31:32+02:00
db8fe61e008596a0cec2f39edacf8984e9b8e9f5,tests/run/test_patma.py,2597,cython_cython,results/cython_cython_matches.csv,2024-09-04T21:31:32+02:00
db8fe61e008596a0cec2f39edacf8984e9b8e9f5,tests/run/test_patma.py,2609,cython_cython,results/cython_cython_matches.csv,2024-09-04T21:31:32+02:00
db8fe61e008596a0cec2f39edacf8984e9b8e9f5,tests/run/test_patma.py,2621,cython_cython,results/cython_cython_matches.csv,2024-09-04T21:31:32+02:00
db8fe61e008596a0cec2f39edacf8984e9b8e9f5,tests/run/test_patma.py,2639,cython_cython,results/cython_cython_matches.csv,2024-09-04T21:31:32+02:00
db8fe61e008596a0cec2f39edacf8984e9b8e9f5,tests/run/test_patma.py,2652,cython_cython,results/cython_cython_matches.csv,2024-09-04T21:31:32+02:00
db8fe61e008596a0cec2f39edacf8984e9b8e9f5,tests/run/test_patma.py,2662,cython_cython,results/cython_cython_matches.csv,2024-09-04T21:31:32+02:00
db8fe61e008596a0cec2f39edacf8984e9b8e9f5,tests/run/test_patma.py,2675,cython_cython,results/cython_cython_matches.csv,2024-09-04T21:31:32+02:00
db8fe61e008596a0cec2f39edacf8984e9b8e9f5,tests/run/test_patma.py,2683,cython_cython,results/cython_cython_matches.csv,2024-09-04T21:31:32+02:00
db8fe61e008596a0cec2f39edacf8984e9b8e9f5,tests/run/test_patma.py,2691,cython_cython,results/cython_cython_matches.csv,2024-09-04T21:31:32+02:00
db8fe61e008596a0cec2f39edacf8984e9b8e9f5,tests/run/test_patma.py,2699,cython_cython,results/cython_cython_matches.csv,2024-09-04T21:31:32+02:00
db8fe61e008596a0cec2f39edacf8984e9b8e9f5,tests/run/test_patma.py,2707,cython_cython,results/cython_cython_matches.csv,2024-09-04T21:31:32+02:00
db8fe61e008596a0cec2f39edacf8984e9b8e9f5,tests/run/test_patma.py,2715,cython_cython,results/cython_cython_matches.csv,2024-09-04T21:31:32+02:00
db8fe61e008596a0cec2f39edacf8984e9b8e9f5,tests/run/test_patma.py,2723,cython_cython,results/cython_cython_matches.csv,2024-09-04T21:31:32+02:00
db8fe61e008596a0cec2f39edacf8984e9b8e9f5,tests/run/test_patma.py,2731,cython_cython,results/cython_cython_matches.csv,2024-09-04T21:31:32+02:00
db8fe61e008596a0cec2f39edacf8984e9b8e9f5,tests/run/test_patma.py,2739,cython_cython,results/cython_cython_matches.csv,2024-09-04T21:31:32+02:00
db8fe61e008596a0cec2f39edacf8984e9b8e9f5,tests/run/test_patma.py,2750,cython_cython,results/cython_cython_matches.csv,2024-09-04T21:31:32+02:00
db8fe61e008596a0cec2f39edacf8984e9b8e9f5,tests/run/test_patma.py,2761,cython_cython,results/cython_cython_matches.csv,2024-09-04T21:31:32+02:00
db8fe61e008596a0cec2f39edacf8984e9b8e9f5,tests/run/test_patma.py,2774,cython_cython,results/cython_cython_matches.csv,2024-09-04T21:31:32+02:00
db8fe61e008596a0cec2f39edacf8984e9b8e9f5,tests/run/test_patma.py,2787,cython_cython,results/cython_cython_matches.csv,2024-09-04T21:31:32+02:00
db8fe61e008596a0cec2f39edacf8984e9b8e9f5,tests/run/test_patma.py,2802,cython_cython,results/cython_cython_matches.csv,2024-09-04T21:31:32+02:00
db8fe61e008596a0cec2f39edacf8984e9b8e9f5,tests/run/test_patma.py,2816,cython_cython,results/cython_cython_matches.csv,2024-09-04T21:31:32+02:00
db8fe61e008596a0cec2f39edacf8984e9b8e9f5,tests/run/test_patma.py,2824,cython_cython,results/cython_cython_matches.csv,2024-09-04T21:31:32+02:00
db8fe61e008596a0cec2f39edacf8984e9b8e9f5,tests/run/test_patma.py,2833,cython_cython,results/cython_cython_matches.csv,2024-09-04T21:31:32+02:00
db8fe61e008596a0cec2f39edacf8984e9b8e9f5,tests/run/test_patma.py,2844,cython_cython,results/cython_cython_matches.csv,2024-09-04T21:31:32+02:00
db8fe61e008596a0cec2f39edacf8984e9b8e9f5,tests/run/test_patma.py,2859,cython_cython,results/cython_cython_matches.csv,2024-09-04T21:31:32+02:00
db8fe61e008596a0cec2f39edacf8984e9b8e9f5,tests/run/test_patma.py,2868,cython_cython,results/cython_cython_matches.csv,2024-09-04T21:31:32+02:00
db8fe61e008596a0cec2f39edacf8984e9b8e9f5,tests/run/test_patma.py,2877,cython_cython,results/cython_cython_matches.csv,2024-09-04T21:31:32+02:00
db8fe61e008596a0cec2f39edacf8984e9b8e9f5,tests/run/test_patma.py,2886,cython_cython,results/cython_cython_matches.csv,2024-09-04T21:31:32+02:00
db8fe61e008596a0cec2f39edacf8984e9b8e9f5,tests/run/test_patma.py,2895,cython_cython,results/cython_cython_matches.csv,2024-09-04T21:31:32+02:00
db8fe61e008596a0cec2f39edacf8984e9b8e9f5,tests/run/test_patma.py,2906,cython_cython,results/cython_cython_matches.csv,2024-09-04T21:31:32+02:00
db8fe61e008596a0cec2f39edacf8984e9b8e9f5,tests/run/test_patma.py,2917,cython_cython,results/cython_cython_matches.csv,2024-09-04T21:31:32+02:00
db8fe61e008596a0cec2f39edacf8984e9b8e9f5,tests/run/test_patma.py,2937,cython_cython,results/cython_cython_matches.csv,2024-09-04T21:31:32+02:00
db8fe61e008596a0cec2f39edacf8984e9b8e9f5,tests/run/test_patma.py,2946,cython_cython,results/cython_cython_matches.csv,2024-09-04T21:31:32+02:00
db8fe61e008596a0cec2f39edacf8984e9b8e9f5,tests/run/test_patma.py,2956,cython_cython,results/cython_cython_matches.csv,2024-09-04T21:31:32+02:00
db8fe61e008596a0cec2f39edacf8984e9b8e9f5,tests/run/test_patma.py,2966,cython_cython,results/cython_cython_matches.csv,2024-09-04T21:31:32+02:00
db8fe61e008596a0cec2f39edacf8984e9b8e9f5,tests/run/test_patma.py,2977,cython_cython,results/cython_cython_matches.csv,2024-09-04T21:31:32+02:00
db8fe61e008596a0cec2f39edacf8984e9b8e9f5,tests/run/test_patma.py,2987,cython_cython,results/cython_cython_matches.csv,2024-09-04T21:31:32+02:00
db8fe61e008596a0cec2f39edacf8984e9b8e9f5,tests/run/test_patma.py,2997,cython_cython,results/cython_cython_matches.csv,2024-09-04T21:31:32+02:00
db8fe61e008596a0cec2f39edacf8984e9b8e9f5,tests/run/test_patma.py,3007,cython_cython,results/cython_cython_matches.csv,2024-09-04T21:31:32+02:00
db8fe61e008596a0cec2f39edacf8984e9b8e9f5,tests/run/test_patma.py,3032,cython_cython,results/cython_cython_matches.csv,2024-09-04T21:31:32+02:00
db8fe61e008596a0cec2f39edacf8984e9b8e9f5,tests/run/test_patma.py,3062,cython_cython,results/cython_cython_matches.csv,2024-09-04T21:31:32+02:00
db8fe61e008596a0cec2f39edacf8984e9b8e9f5,tests/run/test_patma.py,3075,cython_cython,results/cython_cython_matches.csv,2024-09-04T21:31:32+02:00
db8fe61e008596a0cec2f39edacf8984e9b8e9f5,tests/run/test_patma.py,3396,cython_cython,results/cython_cython_matches.csv,2024-09-04T21:31:32+02:00
db8fe61e008596a0cec2f39edacf8984e9b8e9f5,tests/run/test_patma.py,3407,cython_cython,results/cython_cython_matches.csv,2024-09-04T21:31:32+02:00
db8fe61e008596a0cec2f39edacf8984e9b8e9f5,tests/run/test_patma.py,3421,cython_cython,results/cython_cython_matches.csv,2024-09-04T21:31:32+02:00
db8fe61e008596a0cec2f39edacf8984e9b8e9f5,tests/run/test_patma.py,3436,cython_cython,results/cython_cython_matches.csv,2024-09-04T21:31:32+02:00
db8fe61e008596a0cec2f39edacf8984e9b8e9f5,tests/run/test_patma.py,3450,cython_cython,results/cython_cython_matches.csv,2024-09-04T21:31:32+02:00
db8fe61e008596a0cec2f39edacf8984e9b8e9f5,tests/run/test_patma.py,3463,cython_cython,results/cython_cython_matches.csv,2024-09-04T21:31:32+02:00
db8fe61e008596a0cec2f39edacf8984e9b8e9f5,tests/run/test_patma.py,3476,cython_cython,results/cython_cython_matches.csv,2024-09-04T21:31:32+02:00
db8fe61e008596a0cec2f39edacf8984e9b8e9f5,tests/run/test_patma.py,3491,cython_cython,results/cython_cython_matches.csv,2024-09-04T21:31:32+02:00
db8fe61e008596a0cec2f39edacf8984e9b8e9f5,tests/run/test_patma.py,3508,cython_cython,results/cython_cython_matches.csv,2024-09-04T21:31:32+02:00
cec7ac08bb0a59d7371bb9316c3209d81ca28d02,tests/run/test_patma.py,187,cython_cython,results/cython_cython_matches.csv,2024-10-06T09:30:48+01:00
cec7ac08bb0a59d7371bb9316c3209d81ca28d02,tests/run/test_patma.py,196,cython_cython,results/cython_cython_matches.csv,2024-10-06T09:30:48+01:00
cec7ac08bb0a59d7371bb9316c3209d81ca28d02,tests/run/test_patma.py,297,cython_cython,results/cython_cython_matches.csv,2024-10-06T09:30:48+01:00
cec7ac08bb0a59d7371bb9316c3209d81ca28d02,tests/run/test_patma.py,304,cython_cython,results/cython_cython_matches.csv,2024-10-06T09:30:48+01:00
cec7ac08bb0a59d7371bb9316c3209d81ca28d02,tests/run/test_patma.py,313,cython_cython,results/cython_cython_matches.csv,2024-10-06T09:30:48+01:00
cec7ac08bb0a59d7371bb9316c3209d81ca28d02,tests/run/test_patma.py,323,cython_cython,results/cython_cython_matches.csv,2024-10-06T09:30:48+01:00
cec7ac08bb0a59d7371bb9316c3209d81ca28d02,tests/run/test_patma.py,331,cython_cython,results/cython_cython_matches.csv,2024-10-06T09:30:48+01:00
cec7ac08bb0a59d7371bb9316c3209d81ca28d02,tests/run/test_patma.py,339,cython_cython,results/cython_cython_matches.csv,2024-10-06T09:30:48+01:00
cec7ac08bb0a59d7371bb9316c3209d81ca28d02,tests/run/test_patma.py,347,cython_cython,results/cython_cython_matches.csv,2024-10-06T09:30:48+01:00
cec7ac08bb0a59d7371bb9316c3209d81ca28d02,tests/run/test_patma.py,355,cython_cython,results/cython_cython_matches.csv,2024-10-06T09:30:48+01:00
cec7ac08bb0a59d7371bb9316c3209d81ca28d02,tests/run/test_patma.py,365,cython_cython,results/cython_cython_matches.csv,2024-10-06T09:30:48+01:00
cec7ac08bb0a59d7371bb9316c3209d81ca28d02,tests/run/test_patma.py,375,cython_cython,results/cython_cython_matches.csv,2024-10-06T09:30:48+01:00
cec7ac08bb0a59d7371bb9316c3209d81ca28d02,tests/run/test_patma.py,389,cython_cython,results/cython_cython_matches.csv,2024-10-06T09:30:48+01:00
cec7ac08bb0a59d7371bb9316c3209d81ca28d02,tests/run/test_patma.py,396,cython_cython,results/cython_cython_matches.csv,2024-10-06T09:30:48+01:00
cec7ac08bb0a59d7371bb9316c3209d81ca28d02,tests/run/test_patma.py,404,cython_cython,results/cython_cython_matches.csv,2024-10-06T09:30:48+01:00
cec7ac08bb0a59d7371bb9316c3209d81ca28d02,tests/run/test_patma.py,412,cython_cython,results/cython_cython_matches.csv,2024-10-06T09:30:48+01:00
cec7ac08bb0a59d7371bb9316c3209d81ca28d02,tests/run/test_patma.py,420,cython_cython,results/cython_cython_matches.csv,2024-10-06T09:30:48+01:00
cec7ac08bb0a59d7371bb9316c3209d81ca28d02,tests/run/test_patma.py,428,cython_cython,results/cython_cython_matches.csv,2024-10-06T09:30:48+01:00
cec7ac08bb0a59d7371bb9316c3209d81ca28d02,tests/run/test_patma.py,436,cython_cython,results/cython_cython_matches.csv,2024-10-06T09:30:48+01:00
cec7ac08bb0a59d7371bb9316c3209d81ca28d02,tests/run/test_patma.py,444,cython_cython,results/cython_cython_matches.csv,2024-10-06T09:30:48+01:00
cec7ac08bb0a59d7371bb9316c3209d81ca28d02,tests/run/test_patma.py,452,cython_cython,results/cython_cython_matches.csv,2024-10-06T09:30:48+01:00
cec7ac08bb0a59d7371bb9316c3209d81ca28d02,tests/run/test_patma.py,460,cython_cython,results/cython_cython_matches.csv,2024-10-06T09:30:48+01:00
cec7ac08bb0a59d7371bb9316c3209d81ca28d02,tests/run/test_patma.py,468,cython_cython,results/cython_cython_matches.csv,2024-10-06T09:30:48+01:00
cec7ac08bb0a59d7371bb9316c3209d81ca28d02,tests/run/test_patma.py,476,cython_cython,results/cython_cython_matches.csv,2024-10-06T09:30:48+01:00
cec7ac08bb0a59d7371bb9316c3209d81ca28d02,tests/run/test_patma.py,485,cython_cython,results/cython_cython_matches.csv,2024-10-06T09:30:48+01:00
cec7ac08bb0a59d7371bb9316c3209d81ca28d02,tests/run/test_patma.py,494,cython_cython,results/cython_cython_matches.csv,2024-10-06T09:30:48+01:00
cec7ac08bb0a59d7371bb9316c3209d81ca28d02,tests/run/test_patma.py,504,cython_cython,results/cython_cython_matches.csv,2024-10-06T09:30:48+01:00
cec7ac08bb0a59d7371bb9316c3209d81ca28d02,tests/run/test_patma.py,513,cython_cython,results/cython_cython_matches.csv,2024-10-06T09:30:48+01:00
cec7ac08bb0a59d7371bb9316c3209d81ca28d02,tests/run/test_patma.py,523,cython_cython,results/cython_cython_matches.csv,2024-10-06T09:30:48+01:00
cec7ac08bb0a59d7371bb9316c3209d81ca28d02,tests/run/test_patma.py,533,cython_cython,results/cython_cython_matches.csv,2024-10-06T09:30:48+01:00
cec7ac08bb0a59d7371bb9316c3209d81ca28d02,tests/run/test_patma.py,544,cython_cython,results/cython_cython_matches.csv,2024-10-06T09:30:48+01:00
cec7ac08bb0a59d7371bb9316c3209d81ca28d02,tests/run/test_patma.py,554,cython_cython,results/cython_cython_matches.csv,2024-10-06T09:30:48+01:00
cec7ac08bb0a59d7371bb9316c3209d81ca28d02,tests/run/test_patma.py,567,cython_cython,results/cython_cython_matches.csv,2024-10-06T09:30:48+01:00
cec7ac08bb0a59d7371bb9316c3209d81ca28d02,tests/run/test_patma.py,580,cython_cython,results/cython_cython_matches.csv,2024-10-06T09:30:48+01:00
cec7ac08bb0a59d7371bb9316c3209d81ca28d02,tests/run/test_patma.py,593,cython_cython,results/cython_cython_matches.csv,2024-10-06T09:30:48+01:00
cec7ac08bb0a59d7371bb9316c3209d81ca28d02,tests/run/test_patma.py,606,cython_cython,results/cython_cython_matches.csv,2024-10-06T09:30:48+01:00
cec7ac08bb0a59d7371bb9316c3209d81ca28d02,tests/run/test_patma.py,619,cython_cython,results/cython_cython_matches.csv,2024-10-06T09:30:48+01:00
cec7ac08bb0a59d7371bb9316c3209d81ca28d02,tests/run/test_patma.py,632,cython_cython,results/cython_cython_matches.csv,2024-10-06T09:30:48+01:00
cec7ac08bb0a59d7371bb9316c3209d81ca28d02,tests/run/test_patma.py,645,cython_cython,results/cython_cython_matches.csv,2024-10-06T09:30:48+01:00
cec7ac08bb0a59d7371bb9316c3209d81ca28d02,tests/run/test_patma.py,654,cython_cython,results/cython_cython_matches.csv,2024-10-06T09:30:48+01:00
cec7ac08bb0a59d7371bb9316c3209d81ca28d02,tests/run/test_patma.py,663,cython_cython,results/cython_cython_matches.csv,2024-10-06T09:30:48+01:00
cec7ac08bb0a59d7371bb9316c3209d81ca28d02,tests/run/test_patma.py,673,cython_cython,results/cython_cython_matches.csv,2024-10-06T09:30:48+01:00
cec7ac08bb0a59d7371bb9316c3209d81ca28d02,tests/run/test_patma.py,682,cython_cython,results/cython_cython_matches.csv,2024-10-06T09:30:48+01:00
cec7ac08bb0a59d7371bb9316c3209d81ca28d02,tests/run/test_patma.py,692,cython_cython,results/cython_cython_matches.csv,2024-10-06T09:30:48+01:00
cec7ac08bb0a59d7371bb9316c3209d81ca28d02,tests/run/test_patma.py,703,cython_cython,results/cython_cython_matches.csv,2024-10-06T09:30:48+01:00
cec7ac08bb0a59d7371bb9316c3209d81ca28d02,tests/run/test_patma.py,714,cython_cython,results/cython_cython_matches.csv,2024-10-06T09:30:48+01:00
cec7ac08bb0a59d7371bb9316c3209d81ca28d02,tests/run/test_patma.py,723,cython_cython,results/cython_cython_matches.csv,2024-10-06T09:30:48+01:00
cec7ac08bb0a59d7371bb9316c3209d81ca28d02,tests/run/test_patma.py,732,cython_cython,results/cython_cython_matches.csv,2024-10-06T09:30:48+01:00
cec7ac08bb0a59d7371bb9316c3209d81ca28d02,tests/run/test_patma.py,741,cython_cython,results/cython_cython_matches.csv,2024-10-06T09:30:48+01:00
cec7ac08bb0a59d7371bb9316c3209d81ca28d02,tests/run/test_patma.py,750,cython_cython,results/cython_cython_matches.csv,2024-10-06T09:30:48+01:00
cec7ac08bb0a59d7371bb9316c3209d81ca28d02,tests/run/test_patma.py,759,cython_cython,results/cython_cython_matches.csv,2024-10-06T09:30:48+01:00
cec7ac08bb0a59d7371bb9316c3209d81ca28d02,tests/run/test_patma.py,768,cython_cython,results/cython_cython_matches.csv,2024-10-06T09:30:48+01:00
cec7ac08bb0a59d7371bb9316c3209d81ca28d02,tests/run/test_patma.py,778,cython_cython,results/cython_cython_matches.csv,2024-10-06T09:30:48+01:00
cec7ac08bb0a59d7371bb9316c3209d81ca28d02,tests/run/test_patma.py,788,cython_cython,results/cython_cython_matches.csv,2024-10-06T09:30:48+01:00
cec7ac08bb0a59d7371bb9316c3209d81ca28d02,tests/run/test_patma.py,801,cython_cython,results/cython_cython_matches.csv,2024-10-06T09:30:48+01:00
cec7ac08bb0a59d7371bb9316c3209d81ca28d02,tests/run/test_patma.py,815,cython_cython,results/cython_cython_matches.csv,2024-10-06T09:30:48+01:00
cec7ac08bb0a59d7371bb9316c3209d81ca28d02,tests/run/test_patma.py,825,cython_cython,results/cython_cython_matches.csv,2024-10-06T09:30:48+01:00
cec7ac08bb0a59d7371bb9316c3209d81ca28d02,tests/run/test_patma.py,835,cython_cython,results/cython_cython_matches.csv,2024-10-06T09:30:48+01:00
cec7ac08bb0a59d7371bb9316c3209d81ca28d02,tests/run/test_patma.py,845,cython_cython,results/cython_cython_matches.csv,2024-10-06T09:30:48+01:00
cec7ac08bb0a59d7371bb9316c3209d81ca28d02,tests/run/test_patma.py,855,cython_cython,results/cython_cython_matches.csv,2024-10-06T09:30:48+01:00
cec7ac08bb0a59d7371bb9316c3209d81ca28d02,tests/run/test_patma.py,864,cython_cython,results/cython_cython_matches.csv,2024-10-06T09:30:48+01:00
cec7ac08bb0a59d7371bb9316c3209d81ca28d02,tests/run/test_patma.py,874,cython_cython,results/cython_cython_matches.csv,2024-10-06T09:30:48+01:00
cec7ac08bb0a59d7371bb9316c3209d81ca28d02,tests/run/test_patma.py,884,cython_cython,results/cython_cython_matches.csv,2024-10-06T09:30:48+01:00
cec7ac08bb0a59d7371bb9316c3209d81ca28d02,tests/run/test_patma.py,894,cython_cython,results/cython_cython_matches.csv,2024-10-06T09:30:48+01:00
cec7ac08bb0a59d7371bb9316c3209d81ca28d02,tests/run/test_patma.py,903,cython_cython,results/cython_cython_matches.csv,2024-10-06T09:30:48+01:00
cec7ac08bb0a59d7371bb9316c3209d81ca28d02,tests/run/test_patma.py,915,cython_cython,results/cython_cython_matches.csv,2024-10-06T09:30:48+01:00
cec7ac08bb0a59d7371bb9316c3209d81ca28d02,tests/run/test_patma.py,926,cython_cython,results/cython_cython_matches.csv,2024-10-06T09:30:48+01:00
cec7ac08bb0a59d7371bb9316c3209d81ca28d02,tests/run/test_patma.py,937,cython_cython,results/cython_cython_matches.csv,2024-10-06T09:30:48+01:00
cec7ac08bb0a59d7371bb9316c3209d81ca28d02,tests/run/test_patma.py,948,cython_cython,results/cython_cython_matches.csv,2024-10-06T09:30:48+01:00
cec7ac08bb0a59d7371bb9316c3209d81ca28d02,tests/run/test_patma.py,959,cython_cython,results/cython_cython_matches.csv,2024-10-06T09:30:48+01:00
cec7ac08bb0a59d7371bb9316c3209d81ca28d02,tests/run/test_patma.py,970,cython_cython,results/cython_cython_matches.csv,2024-10-06T09:30:48+01:00
cec7ac08bb0a59d7371bb9316c3209d81ca28d02,tests/run/test_patma.py,982,cython_cython,results/cython_cython_matches.csv,2024-10-06T09:30:48+01:00
cec7ac08bb0a59d7371bb9316c3209d81ca28d02,tests/run/test_patma.py,993,cython_cython,results/cython_cython_matches.csv,2024-10-06T09:30:48+01:00
cec7ac08bb0a59d7371bb9316c3209d81ca28d02,tests/run/test_patma.py,1004,cython_cython,results/cython_cython_matches.csv,2024-10-06T09:30:48+01:00
cec7ac08bb0a59d7371bb9316c3209d81ca28d02,tests/run/test_patma.py,1015,cython_cython,results/cython_cython_matches.csv,2024-10-06T09:30:48+01:00
cec7ac08bb0a59d7371bb9316c3209d81ca28d02,tests/run/test_patma.py,1027,cython_cython,results/cython_cython_matches.csv,2024-10-06T09:30:48+01:00
cec7ac08bb0a59d7371bb9316c3209d81ca28d02,tests/run/test_patma.py,1040,cython_cython,results/cython_cython_matches.csv,2024-10-06T09:30:48+01:00
cec7ac08bb0a59d7371bb9316c3209d81ca28d02,tests/run/test_patma.py,1051,cython_cython,results/cython_cython_matches.csv,2024-10-06T09:30:48+01:00
cec7ac08bb0a59d7371bb9316c3209d81ca28d02,tests/run/test_patma.py,1062,cython_cython,results/cython_cython_matches.csv,2024-10-06T09:30:48+01:00
cec7ac08bb0a59d7371bb9316c3209d81ca28d02,tests/run/test_patma.py,1078,cython_cython,results/cython_cython_matches.csv,2024-10-06T09:30:48+01:00
cec7ac08bb0a59d7371bb9316c3209d81ca28d02,tests/run/test_patma.py,1089,cython_cython,results/cython_cython_matches.csv,2024-10-06T09:30:48+01:00
cec7ac08bb0a59d7371bb9316c3209d81ca28d02,tests/run/test_patma.py,1102,cython_cython,results/cython_cython_matches.csv,2024-10-06T09:30:48+01:00
cec7ac08bb0a59d7371bb9316c3209d81ca28d02,tests/run/test_patma.py,1115,cython_cython,results/cython_cython_matches.csv,2024-10-06T09:30:48+01:00
cec7ac08bb0a59d7371bb9316c3209d81ca28d02,tests/run/test_patma.py,1128,cython_cython,results/cython_cython_matches.csv,2024-10-06T09:30:48+01:00
cec7ac08bb0a59d7371bb9316c3209d81ca28d02,tests/run/test_patma.py,1140,cython_cython,results/cython_cython_matches.csv,2024-10-06T09:30:48+01:00
cec7ac08bb0a59d7371bb9316c3209d81ca28d02,tests/run/test_patma.py,1151,cython_cython,results/cython_cython_matches.csv,2024-10-06T09:30:48+01:00
cec7ac08bb0a59d7371bb9316c3209d81ca28d02,tests/run/test_patma.py,1162,cython_cython,results/cython_cython_matches.csv,2024-10-06T09:30:48+01:00
cec7ac08bb0a59d7371bb9316c3209d81ca28d02,tests/run/test_patma.py,1172,cython_cython,results/cython_cython_matches.csv,2024-10-06T09:30:48+01:00
cec7ac08bb0a59d7371bb9316c3209d81ca28d02,tests/run/test_patma.py,1183,cython_cython,results/cython_cython_matches.csv,2024-10-06T09:30:48+01:00
cec7ac08bb0a59d7371bb9316c3209d81ca28d02,tests/run/test_patma.py,1194,cython_cython,results/cython_cython_matches.csv,2024-10-06T09:30:48+01:00
cec7ac08bb0a59d7371bb9316c3209d81ca28d02,tests/run/test_patma.py,1203,cython_cython,results/cython_cython_matches.csv,2024-10-06T09:30:48+01:00
cec7ac08bb0a59d7371bb9316c3209d81ca28d02,tests/run/test_patma.py,1212,cython_cython,results/cython_cython_matches.csv,2024-10-06T09:30:48+01:00
cec7ac08bb0a59d7371bb9316c3209d81ca28d02,tests/run/test_patma.py,1222,cython_cython,results/cython_cython_matches.csv,2024-10-06T09:30:48+01:00
cec7ac08bb0a59d7371bb9316c3209d81ca28d02,tests/run/test_patma.py,1231,cython_cython,results/cython_cython_matches.csv,2024-10-06T09:30:48+01:00
cec7ac08bb0a59d7371bb9316c3209d81ca28d02,tests/run/test_patma.py,1240,cython_cython,results/cython_cython_matches.csv,2024-10-06T09:30:48+01:00
cec7ac08bb0a59d7371bb9316c3209d81ca28d02,tests/run/test_patma.py,1249,cython_cython,results/cython_cython_matches.csv,2024-10-06T09:30:48+01:00
cec7ac08bb0a59d7371bb9316c3209d81ca28d02,tests/run/test_patma.py,1259,cython_cython,results/cython_cython_matches.csv,2024-10-06T09:30:48+01:00
cec7ac08bb0a59d7371bb9316c3209d81ca28d02,tests/run/test_patma.py,1268,cython_cython,results/cython_cython_matches.csv,2024-10-06T09:30:48+01:00
cec7ac08bb0a59d7371bb9316c3209d81ca28d02,tests/run/test_patma.py,1277,cython_cython,results/cython_cython_matches.csv,2024-10-06T09:30:48+01:00
cec7ac08bb0a59d7371bb9316c3209d81ca28d02,tests/run/test_patma.py,1286,cython_cython,results/cython_cython_matches.csv,2024-10-06T09:30:48+01:00
cec7ac08bb0a59d7371bb9316c3209d81ca28d02,tests/run/test_patma.py,1295,cython_cython,results/cython_cython_matches.csv,2024-10-06T09:30:48+01:00
cec7ac08bb0a59d7371bb9316c3209d81ca28d02,tests/run/test_patma.py,1304,cython_cython,results/cython_cython_matches.csv,2024-10-06T09:30:48+01:00
cec7ac08bb0a59d7371bb9316c3209d81ca28d02,tests/run/test_patma.py,1313,cython_cython,results/cython_cython_matches.csv,2024-10-06T09:30:48+01:00
cec7ac08bb0a59d7371bb9316c3209d81ca28d02,tests/run/test_patma.py,1322,cython_cython,results/cython_cython_matches.csv,2024-10-06T09:30:48+01:00
cec7ac08bb0a59d7371bb9316c3209d81ca28d02,tests/run/test_patma.py,1331,cython_cython,results/cython_cython_matches.csv,2024-10-06T09:30:48+01:00
cec7ac08bb0a59d7371bb9316c3209d81ca28d02,tests/run/test_patma.py,1340,cython_cython,results/cython_cython_matches.csv,2024-10-06T09:30:48+01:00
cec7ac08bb0a59d7371bb9316c3209d81ca28d02,tests/run/test_patma.py,1349,cython_cython,results/cython_cython_matches.csv,2024-10-06T09:30:48+01:00
cec7ac08bb0a59d7371bb9316c3209d81ca28d02,tests/run/test_patma.py,1358,cython_cython,results/cython_cython_matches.csv,2024-10-06T09:30:48+01:00
cec7ac08bb0a59d7371bb9316c3209d81ca28d02,tests/run/test_patma.py,1367,cython_cython,results/cython_cython_matches.csv,2024-10-06T09:30:48+01:00
cec7ac08bb0a59d7371bb9316c3209d81ca28d02,tests/run/test_patma.py,1376,cython_cython,results/cython_cython_matches.csv,2024-10-06T09:30:48+01:00
cec7ac08bb0a59d7371bb9316c3209d81ca28d02,tests/run/test_patma.py,1385,cython_cython,results/cython_cython_matches.csv,2024-10-06T09:30:48+01:00
cec7ac08bb0a59d7371bb9316c3209d81ca28d02,tests/run/test_patma.py,1394,cython_cython,results/cython_cython_matches.csv,2024-10-06T09:30:48+01:00
cec7ac08bb0a59d7371bb9316c3209d81ca28d02,tests/run/test_patma.py,1403,cython_cython,results/cython_cython_matches.csv,2024-10-06T09:30:48+01:00
cec7ac08bb0a59d7371bb9316c3209d81ca28d02,tests/run/test_patma.py,1414,cython_cython,results/cython_cython_matches.csv,2024-10-06T09:30:48+01:00
cec7ac08bb0a59d7371bb9316c3209d81ca28d02,tests/run/test_patma.py,1427,cython_cython,results/cython_cython_matches.csv,2024-10-06T09:30:48+01:00
cec7ac08bb0a59d7371bb9316c3209d81ca28d02,tests/run/test_patma.py,1441,cython_cython,results/cython_cython_matches.csv,2024-10-06T09:30:48+01:00
cec7ac08bb0a59d7371bb9316c3209d81ca28d02,tests/run/test_patma.py,1458,cython_cython,results/cython_cython_matches.csv,2024-10-06T09:30:48+01:00
cec7ac08bb0a59d7371bb9316c3209d81ca28d02,tests/run/test_patma.py,1473,cython_cython,results/cython_cython_matches.csv,2024-10-06T09:30:48+01:00
cec7ac08bb0a59d7371bb9316c3209d81ca28d02,tests/run/test_patma.py,1486,cython_cython,results/cython_cython_matches.csv,2024-10-06T09:30:48+01:00
cec7ac08bb0a59d7371bb9316c3209d81ca28d02,tests/run/test_patma.py,1496,cython_cython,results/cython_cython_matches.csv,2024-10-06T09:30:48+01:00
cec7ac08bb0a59d7371bb9316c3209d81ca28d02,tests/run/test_patma.py,1506,cython_cython,results/cython_cython_matches.csv,2024-10-06T09:30:48+01:00
cec7ac08bb0a59d7371bb9316c3209d81ca28d02,tests/run/test_patma.py,1517,cython_cython,results/cython_cython_matches.csv,2024-10-06T09:30:48+01:00
cec7ac08bb0a59d7371bb9316c3209d81ca28d02,tests/run/test_patma.py,1528,cython_cython,results/cython_cython_matches.csv,2024-10-06T09:30:48+01:00
cec7ac08bb0a59d7371bb9316c3209d81ca28d02,tests/run/test_patma.py,1539,cython_cython,results/cython_cython_matches.csv,2024-10-06T09:30:48+01:00
cec7ac08bb0a59d7371bb9316c3209d81ca28d02,tests/run/test_patma.py,1546,cython_cython,results/cython_cython_matches.csv,2024-10-06T09:30:48+01:00
cec7ac08bb0a59d7371bb9316c3209d81ca28d02,tests/run/test_patma.py,1554,cython_cython,results/cython_cython_matches.csv,2024-10-06T09:30:48+01:00
cec7ac08bb0a59d7371bb9316c3209d81ca28d02,tests/run/test_patma.py,1562,cython_cython,results/cython_cython_matches.csv,2024-10-06T09:30:48+01:00
cec7ac08bb0a59d7371bb9316c3209d81ca28d02,tests/run/test_patma.py,1570,cython_cython,results/cython_cython_matches.csv,2024-10-06T09:30:48+01:00
cec7ac08bb0a59d7371bb9316c3209d81ca28d02,tests/run/test_patma.py,1578,cython_cython,results/cython_cython_matches.csv,2024-10-06T09:30:48+01:00
cec7ac08bb0a59d7371bb9316c3209d81ca28d02,tests/run/test_patma.py,1586,cython_cython,results/cython_cython_matches.csv,2024-10-06T09:30:48+01:00
cec7ac08bb0a59d7371bb9316c3209d81ca28d02,tests/run/test_patma.py,1594,cython_cython,results/cython_cython_matches.csv,2024-10-06T09:30:48+01:00
cec7ac08bb0a59d7371bb9316c3209d81ca28d02,tests/run/test_patma.py,1602,cython_cython,results/cython_cython_matches.csv,2024-10-06T09:30:48+01:00
cec7ac08bb0a59d7371bb9316c3209d81ca28d02,tests/run/test_patma.py,1610,cython_cython,results/cython_cython_matches.csv,2024-10-06T09:30:48+01:00
cec7ac08bb0a59d7371bb9316c3209d81ca28d02,tests/run/test_patma.py,1618,cython_cython,results/cython_cython_matches.csv,2024-10-06T09:30:48+01:00
cec7ac08bb0a59d7371bb9316c3209d81ca28d02,tests/run/test_patma.py,1626,cython_cython,results/cython_cython_matches.csv,2024-10-06T09:30:48+01:00
cec7ac08bb0a59d7371bb9316c3209d81ca28d02,tests/run/test_patma.py,1635,cython_cython,results/cython_cython_matches.csv,2024-10-06T09:30:48+01:00
cec7ac08bb0a59d7371bb9316c3209d81ca28d02,tests/run/test_patma.py,1648,cython_cython,results/cython_cython_matches.csv,2024-10-06T09:30:48+01:00
cec7ac08bb0a59d7371bb9316c3209d81ca28d02,tests/run/test_patma.py,1662,cython_cython,results/cython_cython_matches.csv,2024-10-06T09:30:48+01:00
cec7ac08bb0a59d7371bb9316c3209d81ca28d02,tests/run/test_patma.py,1676,cython_cython,results/cython_cython_matches.csv,2024-10-06T09:30:48+01:00
cec7ac08bb0a59d7371bb9316c3209d81ca28d02,tests/run/test_patma.py,1689,cython_cython,results/cython_cython_matches.csv,2024-10-06T09:30:48+01:00
cec7ac08bb0a59d7371bb9316c3209d81ca28d02,tests/run/test_patma.py,1703,cython_cython,results/cython_cython_matches.csv,2024-10-06T09:30:48+01:00
cec7ac08bb0a59d7371bb9316c3209d81ca28d02,tests/run/test_patma.py,1717,cython_cython,results/cython_cython_matches.csv,2024-10-06T09:30:48+01:00
cec7ac08bb0a59d7371bb9316c3209d81ca28d02,tests/run/test_patma.py,1727,cython_cython,results/cython_cython_matches.csv,2024-10-06T09:30:48+01:00
cec7ac08bb0a59d7371bb9316c3209d81ca28d02,tests/run/test_patma.py,1737,cython_cython,results/cython_cython_matches.csv,2024-10-06T09:30:48+01:00
cec7ac08bb0a59d7371bb9316c3209d81ca28d02,tests/run/test_patma.py,1747,cython_cython,results/cython_cython_matches.csv,2024-10-06T09:30:48+01:00
cec7ac08bb0a59d7371bb9316c3209d81ca28d02,tests/run/test_patma.py,1757,cython_cython,results/cython_cython_matches.csv,2024-10-06T09:30:48+01:00
cec7ac08bb0a59d7371bb9316c3209d81ca28d02,tests/run/test_patma.py,1767,cython_cython,results/cython_cython_matches.csv,2024-10-06T09:30:48+01:00
cec7ac08bb0a59d7371bb9316c3209d81ca28d02,tests/run/test_patma.py,1777,cython_cython,results/cython_cython_matches.csv,2024-10-06T09:30:48+01:00
cec7ac08bb0a59d7371bb9316c3209d81ca28d02,tests/run/test_patma.py,1787,cython_cython,results/cython_cython_matches.csv,2024-10-06T09:30:48+01:00
cec7ac08bb0a59d7371bb9316c3209d81ca28d02,tests/run/test_patma.py,1797,cython_cython,results/cython_cython_matches.csv,2024-10-06T09:30:48+01:00
cec7ac08bb0a59d7371bb9316c3209d81ca28d02,tests/run/test_patma.py,1807,cython_cython,results/cython_cython_matches.csv,2024-10-06T09:30:48+01:00
cec7ac08bb0a59d7371bb9316c3209d81ca28d02,tests/run/test_patma.py,1817,cython_cython,results/cython_cython_matches.csv,2024-10-06T09:30:48+01:00
cec7ac08bb0a59d7371bb9316c3209d81ca28d02,tests/run/test_patma.py,1827,cython_cython,results/cython_cython_matches.csv,2024-10-06T09:30:48+01:00
cec7ac08bb0a59d7371bb9316c3209d81ca28d02,tests/run/test_patma.py,1837,cython_cython,results/cython_cython_matches.csv,2024-10-06T09:30:48+01:00
cec7ac08bb0a59d7371bb9316c3209d81ca28d02,tests/run/test_patma.py,1848,cython_cython,results/cython_cython_matches.csv,2024-10-06T09:30:48+01:00
cec7ac08bb0a59d7371bb9316c3209d81ca28d02,tests/run/test_patma.py,1860,cython_cython,results/cython_cython_matches.csv,2024-10-06T09:30:48+01:00
cec7ac08bb0a59d7371bb9316c3209d81ca28d02,tests/run/test_patma.py,1873,cython_cython,results/cython_cython_matches.csv,2024-10-06T09:30:48+01:00
cec7ac08bb0a59d7371bb9316c3209d81ca28d02,tests/run/test_patma.py,1883,cython_cython,results/cython_cython_matches.csv,2024-10-06T09:30:48+01:00
cec7ac08bb0a59d7371bb9316c3209d81ca28d02,tests/run/test_patma.py,1892,cython_cython,results/cython_cython_matches.csv,2024-10-06T09:30:48+01:00
cec7ac08bb0a59d7371bb9316c3209d81ca28d02,tests/run/test_patma.py,1903,cython_cython,results/cython_cython_matches.csv,2024-10-06T09:30:48+01:00
cec7ac08bb0a59d7371bb9316c3209d81ca28d02,tests/run/test_patma.py,1912,cython_cython,results/cython_cython_matches.csv,2024-10-06T09:30:48+01:00
cec7ac08bb0a59d7371bb9316c3209d81ca28d02,tests/run/test_patma.py,1923,cython_cython,results/cython_cython_matches.csv,2024-10-06T09:30:48+01:00
cec7ac08bb0a59d7371bb9316c3209d81ca28d02,tests/run/test_patma.py,1935,cython_cython,results/cython_cython_matches.csv,2024-10-06T09:30:48+01:00
cec7ac08bb0a59d7371bb9316c3209d81ca28d02,tests/run/test_patma.py,1947,cython_cython,results/cython_cython_matches.csv,2024-10-06T09:30:48+01:00
cec7ac08bb0a59d7371bb9316c3209d81ca28d02,tests/run/test_patma.py,1958,cython_cython,results/cython_cython_matches.csv,2024-10-06T09:30:48+01:00
cec7ac08bb0a59d7371bb9316c3209d81ca28d02,tests/run/test_patma.py,1970,cython_cython,results/cython_cython_matches.csv,2024-10-06T09:30:48+01:00
cec7ac08bb0a59d7371bb9316c3209d81ca28d02,tests/run/test_patma.py,1981,cython_cython,results/cython_cython_matches.csv,2024-10-06T09:30:48+01:00
cec7ac08bb0a59d7371bb9316c3209d81ca28d02,tests/run/test_patma.py,1993,cython_cython,results/cython_cython_matches.csv,2024-10-06T09:30:48+01:00
cec7ac08bb0a59d7371bb9316c3209d81ca28d02,tests/run/test_patma.py,2004,cython_cython,results/cython_cython_matches.csv,2024-10-06T09:30:48+01:00
cec7ac08bb0a59d7371bb9316c3209d81ca28d02,tests/run/test_patma.py,2016,cython_cython,results/cython_cython_matches.csv,2024-10-06T09:30:48+01:00
cec7ac08bb0a59d7371bb9316c3209d81ca28d02,tests/run/test_patma.py,2028,cython_cython,results/cython_cython_matches.csv,2024-10-06T09:30:48+01:00
cec7ac08bb0a59d7371bb9316c3209d81ca28d02,tests/run/test_patma.py,2040,cython_cython,results/cython_cython_matches.csv,2024-10-06T09:30:48+01:00
cec7ac08bb0a59d7371bb9316c3209d81ca28d02,tests/run/test_patma.py,2052,cython_cython,results/cython_cython_matches.csv,2024-10-06T09:30:48+01:00
cec7ac08bb0a59d7371bb9316c3209d81ca28d02,tests/run/test_patma.py,2064,cython_cython,results/cython_cython_matches.csv,2024-10-06T09:30:48+01:00
cec7ac08bb0a59d7371bb9316c3209d81ca28d02,tests/run/test_patma.py,2076,cython_cython,results/cython_cython_matches.csv,2024-10-06T09:30:48+01:00
cec7ac08bb0a59d7371bb9316c3209d81ca28d02,tests/run/test_patma.py,2088,cython_cython,results/cython_cython_matches.csv,2024-10-06T09:30:48+01:00
cec7ac08bb0a59d7371bb9316c3209d81ca28d02,tests/run/test_patma.py,2099,cython_cython,results/cython_cython_matches.csv,2024-10-06T09:30:48+01:00
cec7ac08bb0a59d7371bb9316c3209d81ca28d02,tests/run/test_patma.py,2124,cython_cython,results/cython_cython_matches.csv,2024-10-06T09:30:48+01:00
cec7ac08bb0a59d7371bb9316c3209d81ca28d02,tests/run/test_patma.py,2143,cython_cython,results/cython_cython_matches.csv,2024-10-06T09:30:48+01:00
cec7ac08bb0a59d7371bb9316c3209d81ca28d02,tests/run/test_patma.py,2163,cython_cython,results/cython_cython_matches.csv,2024-10-06T09:30:48+01:00
cec7ac08bb0a59d7371bb9316c3209d81ca28d02,tests/run/test_patma.py,2187,cython_cython,results/cython_cython_matches.csv,2024-10-06T09:30:48+01:00
cec7ac08bb0a59d7371bb9316c3209d81ca28d02,tests/run/test_patma.py,2196,cython_cython,results/cython_cython_matches.csv,2024-10-06T09:30:48+01:00
cec7ac08bb0a59d7371bb9316c3209d81ca28d02,tests/run/test_patma.py,2205,cython_cython,results/cython_cython_matches.csv,2024-10-06T09:30:48+01:00
cec7ac08bb0a59d7371bb9316c3209d81ca28d02,tests/run/test_patma.py,2214,cython_cython,results/cython_cython_matches.csv,2024-10-06T09:30:48+01:00
cec7ac08bb0a59d7371bb9316c3209d81ca28d02,tests/run/test_patma.py,2223,cython_cython,results/cython_cython_matches.csv,2024-10-06T09:30:48+01:00
cec7ac08bb0a59d7371bb9316c3209d81ca28d02,tests/run/test_patma.py,2246,cython_cython,results/cython_cython_matches.csv,2024-10-06T09:30:48+01:00
cec7ac08bb0a59d7371bb9316c3209d81ca28d02,tests/run/test_patma.py,2264,cython_cython,results/cython_cython_matches.csv,2024-10-06T09:30:48+01:00
cec7ac08bb0a59d7371bb9316c3209d81ca28d02,tests/run/test_patma.py,2275,cython_cython,results/cython_cython_matches.csv,2024-10-06T09:30:48+01:00
cec7ac08bb0a59d7371bb9316c3209d81ca28d02,tests/run/test_patma.py,2287,cython_cython,results/cython_cython_matches.csv,2024-10-06T09:30:48+01:00
cec7ac08bb0a59d7371bb9316c3209d81ca28d02,tests/run/test_patma.py,2297,cython_cython,results/cython_cython_matches.csv,2024-10-06T09:30:48+01:00
cec7ac08bb0a59d7371bb9316c3209d81ca28d02,tests/run/test_patma.py,2309,cython_cython,results/cython_cython_matches.csv,2024-10-06T09:30:48+01:00
cec7ac08bb0a59d7371bb9316c3209d81ca28d02,tests/run/test_patma.py,2321,cython_cython,results/cython_cython_matches.csv,2024-10-06T09:30:48+01:00
cec7ac08bb0a59d7371bb9316c3209d81ca28d02,tests/run/test_patma.py,2333,cython_cython,results/cython_cython_matches.csv,2024-10-06T09:30:48+01:00
cec7ac08bb0a59d7371bb9316c3209d81ca28d02,tests/run/test_patma.py,2344,cython_cython,results/cython_cython_matches.csv,2024-10-06T09:30:48+01:00
cec7ac08bb0a59d7371bb9316c3209d81ca28d02,tests/run/test_patma.py,2355,cython_cython,results/cython_cython_matches.csv,2024-10-06T09:30:48+01:00
cec7ac08bb0a59d7371bb9316c3209d81ca28d02,tests/run/test_patma.py,2366,cython_cython,results/cython_cython_matches.csv,2024-10-06T09:30:48+01:00
cec7ac08bb0a59d7371bb9316c3209d81ca28d02,tests/run/test_patma.py,2377,cython_cython,results/cython_cython_matches.csv,2024-10-06T09:30:48+01:00
cec7ac08bb0a59d7371bb9316c3209d81ca28d02,tests/run/test_patma.py,2388,cython_cython,results/cython_cython_matches.csv,2024-10-06T09:30:48+01:00
cec7ac08bb0a59d7371bb9316c3209d81ca28d02,tests/run/test_patma.py,2400,cython_cython,results/cython_cython_matches.csv,2024-10-06T09:30:48+01:00
cec7ac08bb0a59d7371bb9316c3209d81ca28d02,tests/run/test_patma.py,2412,cython_cython,results/cython_cython_matches.csv,2024-10-06T09:30:48+01:00
cec7ac08bb0a59d7371bb9316c3209d81ca28d02,tests/run/test_patma.py,2430,cython_cython,results/cython_cython_matches.csv,2024-10-06T09:30:48+01:00
cec7ac08bb0a59d7371bb9316c3209d81ca28d02,tests/run/test_patma.py,2457,cython_cython,results/cython_cython_matches.csv,2024-10-06T09:30:48+01:00
cec7ac08bb0a59d7371bb9316c3209d81ca28d02,tests/run/test_patma.py,2484,cython_cython,results/cython_cython_matches.csv,2024-10-06T09:30:48+01:00
cec7ac08bb0a59d7371bb9316c3209d81ca28d02,tests/run/test_patma.py,2498,cython_cython,results/cython_cython_matches.csv,2024-10-06T09:30:48+01:00
cec7ac08bb0a59d7371bb9316c3209d81ca28d02,tests/run/test_patma.py,2514,cython_cython,results/cython_cython_matches.csv,2024-10-06T09:30:48+01:00
cec7ac08bb0a59d7371bb9316c3209d81ca28d02,tests/run/test_patma.py,2530,cython_cython,results/cython_cython_matches.csv,2024-10-06T09:30:48+01:00
cec7ac08bb0a59d7371bb9316c3209d81ca28d02,tests/run/test_patma.py,2540,cython_cython,results/cython_cython_matches.csv,2024-10-06T09:30:48+01:00
cec7ac08bb0a59d7371bb9316c3209d81ca28d02,tests/run/test_patma.py,2553,cython_cython,results/cython_cython_matches.csv,2024-10-06T09:30:48+01:00
cec7ac08bb0a59d7371bb9316c3209d81ca28d02,tests/run/test_patma.py,2566,cython_cython,results/cython_cython_matches.csv,2024-10-06T09:30:48+01:00
cec7ac08bb0a59d7371bb9316c3209d81ca28d02,tests/run/test_patma.py,2582,cython_cython,results/cython_cython_matches.csv,2024-10-06T09:30:48+01:00
cec7ac08bb0a59d7371bb9316c3209d81ca28d02,tests/run/test_patma.py,2597,cython_cython,results/cython_cython_matches.csv,2024-10-06T09:30:48+01:00
cec7ac08bb0a59d7371bb9316c3209d81ca28d02,tests/run/test_patma.py,2609,cython_cython,results/cython_cython_matches.csv,2024-10-06T09:30:48+01:00
cec7ac08bb0a59d7371bb9316c3209d81ca28d02,tests/run/test_patma.py,2621,cython_cython,results/cython_cython_matches.csv,2024-10-06T09:30:48+01:00
cec7ac08bb0a59d7371bb9316c3209d81ca28d02,tests/run/test_patma.py,2639,cython_cython,results/cython_cython_matches.csv,2024-10-06T09:30:48+01:00
cec7ac08bb0a59d7371bb9316c3209d81ca28d02,tests/run/test_patma.py,2652,cython_cython,results/cython_cython_matches.csv,2024-10-06T09:30:48+01:00
cec7ac08bb0a59d7371bb9316c3209d81ca28d02,tests/run/test_patma.py,2662,cython_cython,results/cython_cython_matches.csv,2024-10-06T09:30:48+01:00
cec7ac08bb0a59d7371bb9316c3209d81ca28d02,tests/run/test_patma.py,2675,cython_cython,results/cython_cython_matches.csv,2024-10-06T09:30:48+01:00
cec7ac08bb0a59d7371bb9316c3209d81ca28d02,tests/run/test_patma.py,2683,cython_cython,results/cython_cython_matches.csv,2024-10-06T09:30:48+01:00
cec7ac08bb0a59d7371bb9316c3209d81ca28d02,tests/run/test_patma.py,2691,cython_cython,results/cython_cython_matches.csv,2024-10-06T09:30:48+01:00
cec7ac08bb0a59d7371bb9316c3209d81ca28d02,tests/run/test_patma.py,2699,cython_cython,results/cython_cython_matches.csv,2024-10-06T09:30:48+01:00
cec7ac08bb0a59d7371bb9316c3209d81ca28d02,tests/run/test_patma.py,2707,cython_cython,results/cython_cython_matches.csv,2024-10-06T09:30:48+01:00
cec7ac08bb0a59d7371bb9316c3209d81ca28d02,tests/run/test_patma.py,2715,cython_cython,results/cython_cython_matches.csv,2024-10-06T09:30:48+01:00
cec7ac08bb0a59d7371bb9316c3209d81ca28d02,tests/run/test_patma.py,2723,cython_cython,results/cython_cython_matches.csv,2024-10-06T09:30:48+01:00
cec7ac08bb0a59d7371bb9316c3209d81ca28d02,tests/run/test_patma.py,2731,cython_cython,results/cython_cython_matches.csv,2024-10-06T09:30:48+01:00
cec7ac08bb0a59d7371bb9316c3209d81ca28d02,tests/run/test_patma.py,2739,cython_cython,results/cython_cython_matches.csv,2024-10-06T09:30:48+01:00
cec7ac08bb0a59d7371bb9316c3209d81ca28d02,tests/run/test_patma.py,2750,cython_cython,results/cython_cython_matches.csv,2024-10-06T09:30:48+01:00
cec7ac08bb0a59d7371bb9316c3209d81ca28d02,tests/run/test_patma.py,2761,cython_cython,results/cython_cython_matches.csv,2024-10-06T09:30:48+01:00
cec7ac08bb0a59d7371bb9316c3209d81ca28d02,tests/run/test_patma.py,2774,cython_cython,results/cython_cython_matches.csv,2024-10-06T09:30:48+01:00
cec7ac08bb0a59d7371bb9316c3209d81ca28d02,tests/run/test_patma.py,2787,cython_cython,results/cython_cython_matches.csv,2024-10-06T09:30:48+01:00
cec7ac08bb0a59d7371bb9316c3209d81ca28d02,tests/run/test_patma.py,2802,cython_cython,results/cython_cython_matches.csv,2024-10-06T09:30:48+01:00
cec7ac08bb0a59d7371bb9316c3209d81ca28d02,tests/run/test_patma.py,2816,cython_cython,results/cython_cython_matches.csv,2024-10-06T09:30:48+01:00
cec7ac08bb0a59d7371bb9316c3209d81ca28d02,tests/run/test_patma.py,2824,cython_cython,results/cython_cython_matches.csv,2024-10-06T09:30:48+01:00
cec7ac08bb0a59d7371bb9316c3209d81ca28d02,tests/run/test_patma.py,2833,cython_cython,results/cython_cython_matches.csv,2024-10-06T09:30:48+01:00
cec7ac08bb0a59d7371bb9316c3209d81ca28d02,tests/run/test_patma.py,2844,cython_cython,results/cython_cython_matches.csv,2024-10-06T09:30:48+01:00
cec7ac08bb0a59d7371bb9316c3209d81ca28d02,tests/run/test_patma.py,2859,cython_cython,results/cython_cython_matches.csv,2024-10-06T09:30:48+01:00
cec7ac08bb0a59d7371bb9316c3209d81ca28d02,tests/run/test_patma.py,2868,cython_cython,results/cython_cython_matches.csv,2024-10-06T09:30:48+01:00
cec7ac08bb0a59d7371bb9316c3209d81ca28d02,tests/run/test_patma.py,2877,cython_cython,results/cython_cython_matches.csv,2024-10-06T09:30:48+01:00
cec7ac08bb0a59d7371bb9316c3209d81ca28d02,tests/run/test_patma.py,2886,cython_cython,results/cython_cython_matches.csv,2024-10-06T09:30:48+01:00
cec7ac08bb0a59d7371bb9316c3209d81ca28d02,tests/run/test_patma.py,2895,cython_cython,results/cython_cython_matches.csv,2024-10-06T09:30:48+01:00
cec7ac08bb0a59d7371bb9316c3209d81ca28d02,tests/run/test_patma.py,2906,cython_cython,results/cython_cython_matches.csv,2024-10-06T09:30:48+01:00
cec7ac08bb0a59d7371bb9316c3209d81ca28d02,tests/run/test_patma.py,2917,cython_cython,results/cython_cython_matches.csv,2024-10-06T09:30:48+01:00
cec7ac08bb0a59d7371bb9316c3209d81ca28d02,tests/run/test_patma.py,2937,cython_cython,results/cython_cython_matches.csv,2024-10-06T09:30:48+01:00
cec7ac08bb0a59d7371bb9316c3209d81ca28d02,tests/run/test_patma.py,2946,cython_cython,results/cython_cython_matches.csv,2024-10-06T09:30:48+01:00
cec7ac08bb0a59d7371bb9316c3209d81ca28d02,tests/run/test_patma.py,2956,cython_cython,results/cython_cython_matches.csv,2024-10-06T09:30:48+01:00
cec7ac08bb0a59d7371bb9316c3209d81ca28d02,tests/run/test_patma.py,2966,cython_cython,results/cython_cython_matches.csv,2024-10-06T09:30:48+01:00
cec7ac08bb0a59d7371bb9316c3209d81ca28d02,tests/run/test_patma.py,2977,cython_cython,results/cython_cython_matches.csv,2024-10-06T09:30:48+01:00
cec7ac08bb0a59d7371bb9316c3209d81ca28d02,tests/run/test_patma.py,2987,cython_cython,results/cython_cython_matches.csv,2024-10-06T09:30:48+01:00
cec7ac08bb0a59d7371bb9316c3209d81ca28d02,tests/run/test_patma.py,2997,cython_cython,results/cython_cython_matches.csv,2024-10-06T09:30:48+01:00
cec7ac08bb0a59d7371bb9316c3209d81ca28d02,tests/run/test_patma.py,3007,cython_cython,results/cython_cython_matches.csv,2024-10-06T09:30:48+01:00
cec7ac08bb0a59d7371bb9316c3209d81ca28d02,tests/run/test_patma.py,3032,cython_cython,results/cython_cython_matches.csv,2024-10-06T09:30:48+01:00
cec7ac08bb0a59d7371bb9316c3209d81ca28d02,tests/run/test_patma.py,3062,cython_cython,results/cython_cython_matches.csv,2024-10-06T09:30:48+01:00
cec7ac08bb0a59d7371bb9316c3209d81ca28d02,tests/run/test_patma.py,3075,cython_cython,results/cython_cython_matches.csv,2024-10-06T09:30:48+01:00
cec7ac08bb0a59d7371bb9316c3209d81ca28d02,tests/run/test_patma.py,3396,cython_cython,results/cython_cython_matches.csv,2024-10-06T09:30:48+01:00
cec7ac08bb0a59d7371bb9316c3209d81ca28d02,tests/run/test_patma.py,3407,cython_cython,results/cython_cython_matches.csv,2024-10-06T09:30:48+01:00
cec7ac08bb0a59d7371bb9316c3209d81ca28d02,tests/run/test_patma.py,3421,cython_cython,results/cython_cython_matches.csv,2024-10-06T09:30:48+01:00
cec7ac08bb0a59d7371bb9316c3209d81ca28d02,tests/run/test_patma.py,3436,cython_cython,results/cython_cython_matches.csv,2024-10-06T09:30:48+01:00
cec7ac08bb0a59d7371bb9316c3209d81ca28d02,tests/run/test_patma.py,3450,cython_cython,results/cython_cython_matches.csv,2024-10-06T09:30:48+01:00
cec7ac08bb0a59d7371bb9316c3209d81ca28d02,tests/run/test_patma.py,3463,cython_cython,results/cython_cython_matches.csv,2024-10-06T09:30:48+01:00
cec7ac08bb0a59d7371bb9316c3209d81ca28d02,tests/run/test_patma.py,3476,cython_cython,results/cython_cython_matches.csv,2024-10-06T09:30:48+01:00
cec7ac08bb0a59d7371bb9316c3209d81ca28d02,tests/run/test_patma.py,3491,cython_cython,results/cython_cython_matches.csv,2024-10-06T09:30:48+01:00
cec7ac08bb0a59d7371bb9316c3209d81ca28d02,tests/run/test_patma.py,3508,cython_cython,results/cython_cython_matches.csv,2024-10-06T09:30:48+01:00
e9bbce163c70c05863a6863368c07c0bde2afabc,tests/run/test_patma.py,187,cython_cython,results/cython_cython_matches.csv,2024-11-05T12:28:57+01:00
e9bbce163c70c05863a6863368c07c0bde2afabc,tests/run/test_patma.py,196,cython_cython,results/cython_cython_matches.csv,2024-11-05T12:28:57+01:00
e9bbce163c70c05863a6863368c07c0bde2afabc,tests/run/test_patma.py,297,cython_cython,results/cython_cython_matches.csv,2024-11-05T12:28:57+01:00
e9bbce163c70c05863a6863368c07c0bde2afabc,tests/run/test_patma.py,304,cython_cython,results/cython_cython_matches.csv,2024-11-05T12:28:57+01:00
e9bbce163c70c05863a6863368c07c0bde2afabc,tests/run/test_patma.py,313,cython_cython,results/cython_cython_matches.csv,2024-11-05T12:28:57+01:00
e9bbce163c70c05863a6863368c07c0bde2afabc,tests/run/test_patma.py,323,cython_cython,results/cython_cython_matches.csv,2024-11-05T12:28:57+01:00
e9bbce163c70c05863a6863368c07c0bde2afabc,tests/run/test_patma.py,331,cython_cython,results/cython_cython_matches.csv,2024-11-05T12:28:57+01:00
e9bbce163c70c05863a6863368c07c0bde2afabc,tests/run/test_patma.py,339,cython_cython,results/cython_cython_matches.csv,2024-11-05T12:28:57+01:00
e9bbce163c70c05863a6863368c07c0bde2afabc,tests/run/test_patma.py,347,cython_cython,results/cython_cython_matches.csv,2024-11-05T12:28:57+01:00
e9bbce163c70c05863a6863368c07c0bde2afabc,tests/run/test_patma.py,355,cython_cython,results/cython_cython_matches.csv,2024-11-05T12:28:57+01:00
e9bbce163c70c05863a6863368c07c0bde2afabc,tests/run/test_patma.py,365,cython_cython,results/cython_cython_matches.csv,2024-11-05T12:28:57+01:00
e9bbce163c70c05863a6863368c07c0bde2afabc,tests/run/test_patma.py,375,cython_cython,results/cython_cython_matches.csv,2024-11-05T12:28:57+01:00
e9bbce163c70c05863a6863368c07c0bde2afabc,tests/run/test_patma.py,389,cython_cython,results/cython_cython_matches.csv,2024-11-05T12:28:57+01:00
e9bbce163c70c05863a6863368c07c0bde2afabc,tests/run/test_patma.py,396,cython_cython,results/cython_cython_matches.csv,2024-11-05T12:28:57+01:00
e9bbce163c70c05863a6863368c07c0bde2afabc,tests/run/test_patma.py,404,cython_cython,results/cython_cython_matches.csv,2024-11-05T12:28:57+01:00
e9bbce163c70c05863a6863368c07c0bde2afabc,tests/run/test_patma.py,412,cython_cython,results/cython_cython_matches.csv,2024-11-05T12:28:57+01:00
e9bbce163c70c05863a6863368c07c0bde2afabc,tests/run/test_patma.py,420,cython_cython,results/cython_cython_matches.csv,2024-11-05T12:28:57+01:00
e9bbce163c70c05863a6863368c07c0bde2afabc,tests/run/test_patma.py,428,cython_cython,results/cython_cython_matches.csv,2024-11-05T12:28:57+01:00
e9bbce163c70c05863a6863368c07c0bde2afabc,tests/run/test_patma.py,436,cython_cython,results/cython_cython_matches.csv,2024-11-05T12:28:57+01:00
e9bbce163c70c05863a6863368c07c0bde2afabc,tests/run/test_patma.py,444,cython_cython,results/cython_cython_matches.csv,2024-11-05T12:28:57+01:00
e9bbce163c70c05863a6863368c07c0bde2afabc,tests/run/test_patma.py,452,cython_cython,results/cython_cython_matches.csv,2024-11-05T12:28:57+01:00
e9bbce163c70c05863a6863368c07c0bde2afabc,tests/run/test_patma.py,460,cython_cython,results/cython_cython_matches.csv,2024-11-05T12:28:57+01:00
e9bbce163c70c05863a6863368c07c0bde2afabc,tests/run/test_patma.py,468,cython_cython,results/cython_cython_matches.csv,2024-11-05T12:28:57+01:00
e9bbce163c70c05863a6863368c07c0bde2afabc,tests/run/test_patma.py,476,cython_cython,results/cython_cython_matches.csv,2024-11-05T12:28:57+01:00
e9bbce163c70c05863a6863368c07c0bde2afabc,tests/run/test_patma.py,485,cython_cython,results/cython_cython_matches.csv,2024-11-05T12:28:57+01:00
e9bbce163c70c05863a6863368c07c0bde2afabc,tests/run/test_patma.py,494,cython_cython,results/cython_cython_matches.csv,2024-11-05T12:28:57+01:00
e9bbce163c70c05863a6863368c07c0bde2afabc,tests/run/test_patma.py,504,cython_cython,results/cython_cython_matches.csv,2024-11-05T12:28:57+01:00
e9bbce163c70c05863a6863368c07c0bde2afabc,tests/run/test_patma.py,513,cython_cython,results/cython_cython_matches.csv,2024-11-05T12:28:57+01:00
e9bbce163c70c05863a6863368c07c0bde2afabc,tests/run/test_patma.py,523,cython_cython,results/cython_cython_matches.csv,2024-11-05T12:28:57+01:00
e9bbce163c70c05863a6863368c07c0bde2afabc,tests/run/test_patma.py,533,cython_cython,results/cython_cython_matches.csv,2024-11-05T12:28:57+01:00
e9bbce163c70c05863a6863368c07c0bde2afabc,tests/run/test_patma.py,544,cython_cython,results/cython_cython_matches.csv,2024-11-05T12:28:57+01:00
e9bbce163c70c05863a6863368c07c0bde2afabc,tests/run/test_patma.py,554,cython_cython,results/cython_cython_matches.csv,2024-11-05T12:28:57+01:00
e9bbce163c70c05863a6863368c07c0bde2afabc,tests/run/test_patma.py,567,cython_cython,results/cython_cython_matches.csv,2024-11-05T12:28:57+01:00
e9bbce163c70c05863a6863368c07c0bde2afabc,tests/run/test_patma.py,580,cython_cython,results/cython_cython_matches.csv,2024-11-05T12:28:57+01:00
e9bbce163c70c05863a6863368c07c0bde2afabc,tests/run/test_patma.py,593,cython_cython,results/cython_cython_matches.csv,2024-11-05T12:28:57+01:00
e9bbce163c70c05863a6863368c07c0bde2afabc,tests/run/test_patma.py,606,cython_cython,results/cython_cython_matches.csv,2024-11-05T12:28:57+01:00
e9bbce163c70c05863a6863368c07c0bde2afabc,tests/run/test_patma.py,619,cython_cython,results/cython_cython_matches.csv,2024-11-05T12:28:57+01:00
e9bbce163c70c05863a6863368c07c0bde2afabc,tests/run/test_patma.py,632,cython_cython,results/cython_cython_matches.csv,2024-11-05T12:28:57+01:00
e9bbce163c70c05863a6863368c07c0bde2afabc,tests/run/test_patma.py,645,cython_cython,results/cython_cython_matches.csv,2024-11-05T12:28:57+01:00
e9bbce163c70c05863a6863368c07c0bde2afabc,tests/run/test_patma.py,654,cython_cython,results/cython_cython_matches.csv,2024-11-05T12:28:57+01:00
e9bbce163c70c05863a6863368c07c0bde2afabc,tests/run/test_patma.py,663,cython_cython,results/cython_cython_matches.csv,2024-11-05T12:28:57+01:00
e9bbce163c70c05863a6863368c07c0bde2afabc,tests/run/test_patma.py,673,cython_cython,results/cython_cython_matches.csv,2024-11-05T12:28:57+01:00
e9bbce163c70c05863a6863368c07c0bde2afabc,tests/run/test_patma.py,682,cython_cython,results/cython_cython_matches.csv,2024-11-05T12:28:57+01:00
e9bbce163c70c05863a6863368c07c0bde2afabc,tests/run/test_patma.py,692,cython_cython,results/cython_cython_matches.csv,2024-11-05T12:28:57+01:00
e9bbce163c70c05863a6863368c07c0bde2afabc,tests/run/test_patma.py,703,cython_cython,results/cython_cython_matches.csv,2024-11-05T12:28:57+01:00
e9bbce163c70c05863a6863368c07c0bde2afabc,tests/run/test_patma.py,714,cython_cython,results/cython_cython_matches.csv,2024-11-05T12:28:57+01:00
e9bbce163c70c05863a6863368c07c0bde2afabc,tests/run/test_patma.py,723,cython_cython,results/cython_cython_matches.csv,2024-11-05T12:28:57+01:00
e9bbce163c70c05863a6863368c07c0bde2afabc,tests/run/test_patma.py,732,cython_cython,results/cython_cython_matches.csv,2024-11-05T12:28:57+01:00
e9bbce163c70c05863a6863368c07c0bde2afabc,tests/run/test_patma.py,741,cython_cython,results/cython_cython_matches.csv,2024-11-05T12:28:57+01:00
e9bbce163c70c05863a6863368c07c0bde2afabc,tests/run/test_patma.py,750,cython_cython,results/cython_cython_matches.csv,2024-11-05T12:28:57+01:00
e9bbce163c70c05863a6863368c07c0bde2afabc,tests/run/test_patma.py,759,cython_cython,results/cython_cython_matches.csv,2024-11-05T12:28:57+01:00
e9bbce163c70c05863a6863368c07c0bde2afabc,tests/run/test_patma.py,768,cython_cython,results/cython_cython_matches.csv,2024-11-05T12:28:57+01:00
e9bbce163c70c05863a6863368c07c0bde2afabc,tests/run/test_patma.py,778,cython_cython,results/cython_cython_matches.csv,2024-11-05T12:28:57+01:00
e9bbce163c70c05863a6863368c07c0bde2afabc,tests/run/test_patma.py,788,cython_cython,results/cython_cython_matches.csv,2024-11-05T12:28:57+01:00
e9bbce163c70c05863a6863368c07c0bde2afabc,tests/run/test_patma.py,801,cython_cython,results/cython_cython_matches.csv,2024-11-05T12:28:57+01:00
e9bbce163c70c05863a6863368c07c0bde2afabc,tests/run/test_patma.py,815,cython_cython,results/cython_cython_matches.csv,2024-11-05T12:28:57+01:00
e9bbce163c70c05863a6863368c07c0bde2afabc,tests/run/test_patma.py,825,cython_cython,results/cython_cython_matches.csv,2024-11-05T12:28:57+01:00
e9bbce163c70c05863a6863368c07c0bde2afabc,tests/run/test_patma.py,835,cython_cython,results/cython_cython_matches.csv,2024-11-05T12:28:57+01:00
e9bbce163c70c05863a6863368c07c0bde2afabc,tests/run/test_patma.py,845,cython_cython,results/cython_cython_matches.csv,2024-11-05T12:28:57+01:00
e9bbce163c70c05863a6863368c07c0bde2afabc,tests/run/test_patma.py,855,cython_cython,results/cython_cython_matches.csv,2024-11-05T12:28:57+01:00
e9bbce163c70c05863a6863368c07c0bde2afabc,tests/run/test_patma.py,864,cython_cython,results/cython_cython_matches.csv,2024-11-05T12:28:57+01:00
e9bbce163c70c05863a6863368c07c0bde2afabc,tests/run/test_patma.py,874,cython_cython,results/cython_cython_matches.csv,2024-11-05T12:28:57+01:00
e9bbce163c70c05863a6863368c07c0bde2afabc,tests/run/test_patma.py,884,cython_cython,results/cython_cython_matches.csv,2024-11-05T12:28:57+01:00
e9bbce163c70c05863a6863368c07c0bde2afabc,tests/run/test_patma.py,894,cython_cython,results/cython_cython_matches.csv,2024-11-05T12:28:57+01:00
e9bbce163c70c05863a6863368c07c0bde2afabc,tests/run/test_patma.py,903,cython_cython,results/cython_cython_matches.csv,2024-11-05T12:28:57+01:00
e9bbce163c70c05863a6863368c07c0bde2afabc,tests/run/test_patma.py,915,cython_cython,results/cython_cython_matches.csv,2024-11-05T12:28:57+01:00
e9bbce163c70c05863a6863368c07c0bde2afabc,tests/run/test_patma.py,926,cython_cython,results/cython_cython_matches.csv,2024-11-05T12:28:57+01:00
e9bbce163c70c05863a6863368c07c0bde2afabc,tests/run/test_patma.py,937,cython_cython,results/cython_cython_matches.csv,2024-11-05T12:28:57+01:00
e9bbce163c70c05863a6863368c07c0bde2afabc,tests/run/test_patma.py,948,cython_cython,results/cython_cython_matches.csv,2024-11-05T12:28:57+01:00
e9bbce163c70c05863a6863368c07c0bde2afabc,tests/run/test_patma.py,959,cython_cython,results/cython_cython_matches.csv,2024-11-05T12:28:57+01:00
e9bbce163c70c05863a6863368c07c0bde2afabc,tests/run/test_patma.py,970,cython_cython,results/cython_cython_matches.csv,2024-11-05T12:28:57+01:00
e9bbce163c70c05863a6863368c07c0bde2afabc,tests/run/test_patma.py,982,cython_cython,results/cython_cython_matches.csv,2024-11-05T12:28:57+01:00
e9bbce163c70c05863a6863368c07c0bde2afabc,tests/run/test_patma.py,993,cython_cython,results/cython_cython_matches.csv,2024-11-05T12:28:57+01:00
e9bbce163c70c05863a6863368c07c0bde2afabc,tests/run/test_patma.py,1004,cython_cython,results/cython_cython_matches.csv,2024-11-05T12:28:57+01:00
e9bbce163c70c05863a6863368c07c0bde2afabc,tests/run/test_patma.py,1015,cython_cython,results/cython_cython_matches.csv,2024-11-05T12:28:57+01:00
e9bbce163c70c05863a6863368c07c0bde2afabc,tests/run/test_patma.py,1027,cython_cython,results/cython_cython_matches.csv,2024-11-05T12:28:57+01:00
e9bbce163c70c05863a6863368c07c0bde2afabc,tests/run/test_patma.py,1040,cython_cython,results/cython_cython_matches.csv,2024-11-05T12:28:57+01:00
e9bbce163c70c05863a6863368c07c0bde2afabc,tests/run/test_patma.py,1051,cython_cython,results/cython_cython_matches.csv,2024-11-05T12:28:57+01:00
e9bbce163c70c05863a6863368c07c0bde2afabc,tests/run/test_patma.py,1062,cython_cython,results/cython_cython_matches.csv,2024-11-05T12:28:57+01:00
e9bbce163c70c05863a6863368c07c0bde2afabc,tests/run/test_patma.py,1078,cython_cython,results/cython_cython_matches.csv,2024-11-05T12:28:57+01:00
e9bbce163c70c05863a6863368c07c0bde2afabc,tests/run/test_patma.py,1089,cython_cython,results/cython_cython_matches.csv,2024-11-05T12:28:57+01:00
e9bbce163c70c05863a6863368c07c0bde2afabc,tests/run/test_patma.py,1102,cython_cython,results/cython_cython_matches.csv,2024-11-05T12:28:57+01:00
e9bbce163c70c05863a6863368c07c0bde2afabc,tests/run/test_patma.py,1115,cython_cython,results/cython_cython_matches.csv,2024-11-05T12:28:57+01:00
e9bbce163c70c05863a6863368c07c0bde2afabc,tests/run/test_patma.py,1128,cython_cython,results/cython_cython_matches.csv,2024-11-05T12:28:57+01:00
e9bbce163c70c05863a6863368c07c0bde2afabc,tests/run/test_patma.py,1140,cython_cython,results/cython_cython_matches.csv,2024-11-05T12:28:57+01:00
e9bbce163c70c05863a6863368c07c0bde2afabc,tests/run/test_patma.py,1151,cython_cython,results/cython_cython_matches.csv,2024-11-05T12:28:57+01:00
e9bbce163c70c05863a6863368c07c0bde2afabc,tests/run/test_patma.py,1162,cython_cython,results/cython_cython_matches.csv,2024-11-05T12:28:57+01:00
e9bbce163c70c05863a6863368c07c0bde2afabc,tests/run/test_patma.py,1172,cython_cython,results/cython_cython_matches.csv,2024-11-05T12:28:57+01:00
e9bbce163c70c05863a6863368c07c0bde2afabc,tests/run/test_patma.py,1183,cython_cython,results/cython_cython_matches.csv,2024-11-05T12:28:57+01:00
e9bbce163c70c05863a6863368c07c0bde2afabc,tests/run/test_patma.py,1194,cython_cython,results/cython_cython_matches.csv,2024-11-05T12:28:57+01:00
e9bbce163c70c05863a6863368c07c0bde2afabc,tests/run/test_patma.py,1203,cython_cython,results/cython_cython_matches.csv,2024-11-05T12:28:57+01:00
e9bbce163c70c05863a6863368c07c0bde2afabc,tests/run/test_patma.py,1212,cython_cython,results/cython_cython_matches.csv,2024-11-05T12:28:57+01:00
e9bbce163c70c05863a6863368c07c0bde2afabc,tests/run/test_patma.py,1222,cython_cython,results/cython_cython_matches.csv,2024-11-05T12:28:57+01:00
e9bbce163c70c05863a6863368c07c0bde2afabc,tests/run/test_patma.py,1231,cython_cython,results/cython_cython_matches.csv,2024-11-05T12:28:57+01:00
e9bbce163c70c05863a6863368c07c0bde2afabc,tests/run/test_patma.py,1240,cython_cython,results/cython_cython_matches.csv,2024-11-05T12:28:57+01:00
e9bbce163c70c05863a6863368c07c0bde2afabc,tests/run/test_patma.py,1249,cython_cython,results/cython_cython_matches.csv,2024-11-05T12:28:57+01:00
e9bbce163c70c05863a6863368c07c0bde2afabc,tests/run/test_patma.py,1259,cython_cython,results/cython_cython_matches.csv,2024-11-05T12:28:57+01:00
e9bbce163c70c05863a6863368c07c0bde2afabc,tests/run/test_patma.py,1268,cython_cython,results/cython_cython_matches.csv,2024-11-05T12:28:57+01:00
e9bbce163c70c05863a6863368c07c0bde2afabc,tests/run/test_patma.py,1277,cython_cython,results/cython_cython_matches.csv,2024-11-05T12:28:57+01:00
e9bbce163c70c05863a6863368c07c0bde2afabc,tests/run/test_patma.py,1286,cython_cython,results/cython_cython_matches.csv,2024-11-05T12:28:57+01:00
e9bbce163c70c05863a6863368c07c0bde2afabc,tests/run/test_patma.py,1295,cython_cython,results/cython_cython_matches.csv,2024-11-05T12:28:57+01:00
e9bbce163c70c05863a6863368c07c0bde2afabc,tests/run/test_patma.py,1304,cython_cython,results/cython_cython_matches.csv,2024-11-05T12:28:57+01:00
e9bbce163c70c05863a6863368c07c0bde2afabc,tests/run/test_patma.py,1313,cython_cython,results/cython_cython_matches.csv,2024-11-05T12:28:57+01:00
e9bbce163c70c05863a6863368c07c0bde2afabc,tests/run/test_patma.py,1322,cython_cython,results/cython_cython_matches.csv,2024-11-05T12:28:57+01:00
e9bbce163c70c05863a6863368c07c0bde2afabc,tests/run/test_patma.py,1331,cython_cython,results/cython_cython_matches.csv,2024-11-05T12:28:57+01:00
e9bbce163c70c05863a6863368c07c0bde2afabc,tests/run/test_patma.py,1340,cython_cython,results/cython_cython_matches.csv,2024-11-05T12:28:57+01:00
e9bbce163c70c05863a6863368c07c0bde2afabc,tests/run/test_patma.py,1349,cython_cython,results/cython_cython_matches.csv,2024-11-05T12:28:57+01:00
e9bbce163c70c05863a6863368c07c0bde2afabc,tests/run/test_patma.py,1358,cython_cython,results/cython_cython_matches.csv,2024-11-05T12:28:57+01:00
e9bbce163c70c05863a6863368c07c0bde2afabc,tests/run/test_patma.py,1367,cython_cython,results/cython_cython_matches.csv,2024-11-05T12:28:57+01:00
e9bbce163c70c05863a6863368c07c0bde2afabc,tests/run/test_patma.py,1376,cython_cython,results/cython_cython_matches.csv,2024-11-05T12:28:57+01:00
e9bbce163c70c05863a6863368c07c0bde2afabc,tests/run/test_patma.py,1385,cython_cython,results/cython_cython_matches.csv,2024-11-05T12:28:57+01:00
e9bbce163c70c05863a6863368c07c0bde2afabc,tests/run/test_patma.py,1394,cython_cython,results/cython_cython_matches.csv,2024-11-05T12:28:57+01:00
e9bbce163c70c05863a6863368c07c0bde2afabc,tests/run/test_patma.py,1403,cython_cython,results/cython_cython_matches.csv,2024-11-05T12:28:57+01:00
e9bbce163c70c05863a6863368c07c0bde2afabc,tests/run/test_patma.py,1414,cython_cython,results/cython_cython_matches.csv,2024-11-05T12:28:57+01:00
e9bbce163c70c05863a6863368c07c0bde2afabc,tests/run/test_patma.py,1427,cython_cython,results/cython_cython_matches.csv,2024-11-05T12:28:57+01:00
e9bbce163c70c05863a6863368c07c0bde2afabc,tests/run/test_patma.py,1441,cython_cython,results/cython_cython_matches.csv,2024-11-05T12:28:57+01:00
e9bbce163c70c05863a6863368c07c0bde2afabc,tests/run/test_patma.py,1458,cython_cython,results/cython_cython_matches.csv,2024-11-05T12:28:57+01:00
e9bbce163c70c05863a6863368c07c0bde2afabc,tests/run/test_patma.py,1473,cython_cython,results/cython_cython_matches.csv,2024-11-05T12:28:57+01:00
e9bbce163c70c05863a6863368c07c0bde2afabc,tests/run/test_patma.py,1486,cython_cython,results/cython_cython_matches.csv,2024-11-05T12:28:57+01:00
e9bbce163c70c05863a6863368c07c0bde2afabc,tests/run/test_patma.py,1496,cython_cython,results/cython_cython_matches.csv,2024-11-05T12:28:57+01:00
e9bbce163c70c05863a6863368c07c0bde2afabc,tests/run/test_patma.py,1506,cython_cython,results/cython_cython_matches.csv,2024-11-05T12:28:57+01:00
e9bbce163c70c05863a6863368c07c0bde2afabc,tests/run/test_patma.py,1517,cython_cython,results/cython_cython_matches.csv,2024-11-05T12:28:57+01:00
e9bbce163c70c05863a6863368c07c0bde2afabc,tests/run/test_patma.py,1528,cython_cython,results/cython_cython_matches.csv,2024-11-05T12:28:57+01:00
e9bbce163c70c05863a6863368c07c0bde2afabc,tests/run/test_patma.py,1539,cython_cython,results/cython_cython_matches.csv,2024-11-05T12:28:57+01:00
e9bbce163c70c05863a6863368c07c0bde2afabc,tests/run/test_patma.py,1546,cython_cython,results/cython_cython_matches.csv,2024-11-05T12:28:57+01:00
e9bbce163c70c05863a6863368c07c0bde2afabc,tests/run/test_patma.py,1554,cython_cython,results/cython_cython_matches.csv,2024-11-05T12:28:57+01:00
e9bbce163c70c05863a6863368c07c0bde2afabc,tests/run/test_patma.py,1562,cython_cython,results/cython_cython_matches.csv,2024-11-05T12:28:57+01:00
e9bbce163c70c05863a6863368c07c0bde2afabc,tests/run/test_patma.py,1570,cython_cython,results/cython_cython_matches.csv,2024-11-05T12:28:57+01:00
e9bbce163c70c05863a6863368c07c0bde2afabc,tests/run/test_patma.py,1578,cython_cython,results/cython_cython_matches.csv,2024-11-05T12:28:57+01:00
e9bbce163c70c05863a6863368c07c0bde2afabc,tests/run/test_patma.py,1586,cython_cython,results/cython_cython_matches.csv,2024-11-05T12:28:57+01:00
e9bbce163c70c05863a6863368c07c0bde2afabc,tests/run/test_patma.py,1594,cython_cython,results/cython_cython_matches.csv,2024-11-05T12:28:57+01:00
e9bbce163c70c05863a6863368c07c0bde2afabc,tests/run/test_patma.py,1602,cython_cython,results/cython_cython_matches.csv,2024-11-05T12:28:57+01:00
e9bbce163c70c05863a6863368c07c0bde2afabc,tests/run/test_patma.py,1610,cython_cython,results/cython_cython_matches.csv,2024-11-05T12:28:57+01:00
e9bbce163c70c05863a6863368c07c0bde2afabc,tests/run/test_patma.py,1618,cython_cython,results/cython_cython_matches.csv,2024-11-05T12:28:57+01:00
e9bbce163c70c05863a6863368c07c0bde2afabc,tests/run/test_patma.py,1626,cython_cython,results/cython_cython_matches.csv,2024-11-05T12:28:57+01:00
e9bbce163c70c05863a6863368c07c0bde2afabc,tests/run/test_patma.py,1635,cython_cython,results/cython_cython_matches.csv,2024-11-05T12:28:57+01:00
e9bbce163c70c05863a6863368c07c0bde2afabc,tests/run/test_patma.py,1648,cython_cython,results/cython_cython_matches.csv,2024-11-05T12:28:57+01:00
e9bbce163c70c05863a6863368c07c0bde2afabc,tests/run/test_patma.py,1662,cython_cython,results/cython_cython_matches.csv,2024-11-05T12:28:57+01:00
e9bbce163c70c05863a6863368c07c0bde2afabc,tests/run/test_patma.py,1676,cython_cython,results/cython_cython_matches.csv,2024-11-05T12:28:57+01:00
e9bbce163c70c05863a6863368c07c0bde2afabc,tests/run/test_patma.py,1689,cython_cython,results/cython_cython_matches.csv,2024-11-05T12:28:57+01:00
e9bbce163c70c05863a6863368c07c0bde2afabc,tests/run/test_patma.py,1703,cython_cython,results/cython_cython_matches.csv,2024-11-05T12:28:57+01:00
e9bbce163c70c05863a6863368c07c0bde2afabc,tests/run/test_patma.py,1717,cython_cython,results/cython_cython_matches.csv,2024-11-05T12:28:57+01:00
e9bbce163c70c05863a6863368c07c0bde2afabc,tests/run/test_patma.py,1727,cython_cython,results/cython_cython_matches.csv,2024-11-05T12:28:57+01:00
e9bbce163c70c05863a6863368c07c0bde2afabc,tests/run/test_patma.py,1737,cython_cython,results/cython_cython_matches.csv,2024-11-05T12:28:57+01:00
e9bbce163c70c05863a6863368c07c0bde2afabc,tests/run/test_patma.py,1747,cython_cython,results/cython_cython_matches.csv,2024-11-05T12:28:57+01:00
e9bbce163c70c05863a6863368c07c0bde2afabc,tests/run/test_patma.py,1757,cython_cython,results/cython_cython_matches.csv,2024-11-05T12:28:57+01:00
e9bbce163c70c05863a6863368c07c0bde2afabc,tests/run/test_patma.py,1767,cython_cython,results/cython_cython_matches.csv,2024-11-05T12:28:57+01:00
e9bbce163c70c05863a6863368c07c0bde2afabc,tests/run/test_patma.py,1777,cython_cython,results/cython_cython_matches.csv,2024-11-05T12:28:57+01:00
e9bbce163c70c05863a6863368c07c0bde2afabc,tests/run/test_patma.py,1787,cython_cython,results/cython_cython_matches.csv,2024-11-05T12:28:57+01:00
e9bbce163c70c05863a6863368c07c0bde2afabc,tests/run/test_patma.py,1797,cython_cython,results/cython_cython_matches.csv,2024-11-05T12:28:57+01:00
e9bbce163c70c05863a6863368c07c0bde2afabc,tests/run/test_patma.py,1807,cython_cython,results/cython_cython_matches.csv,2024-11-05T12:28:57+01:00
e9bbce163c70c05863a6863368c07c0bde2afabc,tests/run/test_patma.py,1817,cython_cython,results/cython_cython_matches.csv,2024-11-05T12:28:57+01:00
e9bbce163c70c05863a6863368c07c0bde2afabc,tests/run/test_patma.py,1827,cython_cython,results/cython_cython_matches.csv,2024-11-05T12:28:57+01:00
e9bbce163c70c05863a6863368c07c0bde2afabc,tests/run/test_patma.py,1837,cython_cython,results/cython_cython_matches.csv,2024-11-05T12:28:57+01:00
e9bbce163c70c05863a6863368c07c0bde2afabc,tests/run/test_patma.py,1848,cython_cython,results/cython_cython_matches.csv,2024-11-05T12:28:57+01:00
e9bbce163c70c05863a6863368c07c0bde2afabc,tests/run/test_patma.py,1860,cython_cython,results/cython_cython_matches.csv,2024-11-05T12:28:57+01:00
e9bbce163c70c05863a6863368c07c0bde2afabc,tests/run/test_patma.py,1873,cython_cython,results/cython_cython_matches.csv,2024-11-05T12:28:57+01:00
e9bbce163c70c05863a6863368c07c0bde2afabc,tests/run/test_patma.py,1883,cython_cython,results/cython_cython_matches.csv,2024-11-05T12:28:57+01:00
e9bbce163c70c05863a6863368c07c0bde2afabc,tests/run/test_patma.py,1892,cython_cython,results/cython_cython_matches.csv,2024-11-05T12:28:57+01:00
e9bbce163c70c05863a6863368c07c0bde2afabc,tests/run/test_patma.py,1903,cython_cython,results/cython_cython_matches.csv,2024-11-05T12:28:57+01:00
e9bbce163c70c05863a6863368c07c0bde2afabc,tests/run/test_patma.py,1912,cython_cython,results/cython_cython_matches.csv,2024-11-05T12:28:57+01:00
e9bbce163c70c05863a6863368c07c0bde2afabc,tests/run/test_patma.py,1923,cython_cython,results/cython_cython_matches.csv,2024-11-05T12:28:57+01:00
e9bbce163c70c05863a6863368c07c0bde2afabc,tests/run/test_patma.py,1935,cython_cython,results/cython_cython_matches.csv,2024-11-05T12:28:57+01:00
e9bbce163c70c05863a6863368c07c0bde2afabc,tests/run/test_patma.py,1947,cython_cython,results/cython_cython_matches.csv,2024-11-05T12:28:57+01:00
e9bbce163c70c05863a6863368c07c0bde2afabc,tests/run/test_patma.py,1958,cython_cython,results/cython_cython_matches.csv,2024-11-05T12:28:57+01:00
e9bbce163c70c05863a6863368c07c0bde2afabc,tests/run/test_patma.py,1970,cython_cython,results/cython_cython_matches.csv,2024-11-05T12:28:57+01:00
e9bbce163c70c05863a6863368c07c0bde2afabc,tests/run/test_patma.py,1981,cython_cython,results/cython_cython_matches.csv,2024-11-05T12:28:57+01:00
e9bbce163c70c05863a6863368c07c0bde2afabc,tests/run/test_patma.py,1993,cython_cython,results/cython_cython_matches.csv,2024-11-05T12:28:57+01:00
e9bbce163c70c05863a6863368c07c0bde2afabc,tests/run/test_patma.py,2004,cython_cython,results/cython_cython_matches.csv,2024-11-05T12:28:57+01:00
e9bbce163c70c05863a6863368c07c0bde2afabc,tests/run/test_patma.py,2016,cython_cython,results/cython_cython_matches.csv,2024-11-05T12:28:57+01:00
e9bbce163c70c05863a6863368c07c0bde2afabc,tests/run/test_patma.py,2028,cython_cython,results/cython_cython_matches.csv,2024-11-05T12:28:57+01:00
e9bbce163c70c05863a6863368c07c0bde2afabc,tests/run/test_patma.py,2040,cython_cython,results/cython_cython_matches.csv,2024-11-05T12:28:57+01:00
e9bbce163c70c05863a6863368c07c0bde2afabc,tests/run/test_patma.py,2052,cython_cython,results/cython_cython_matches.csv,2024-11-05T12:28:57+01:00
e9bbce163c70c05863a6863368c07c0bde2afabc,tests/run/test_patma.py,2064,cython_cython,results/cython_cython_matches.csv,2024-11-05T12:28:57+01:00
e9bbce163c70c05863a6863368c07c0bde2afabc,tests/run/test_patma.py,2076,cython_cython,results/cython_cython_matches.csv,2024-11-05T12:28:57+01:00
e9bbce163c70c05863a6863368c07c0bde2afabc,tests/run/test_patma.py,2088,cython_cython,results/cython_cython_matches.csv,2024-11-05T12:28:57+01:00
e9bbce163c70c05863a6863368c07c0bde2afabc,tests/run/test_patma.py,2099,cython_cython,results/cython_cython_matches.csv,2024-11-05T12:28:57+01:00
e9bbce163c70c05863a6863368c07c0bde2afabc,tests/run/test_patma.py,2124,cython_cython,results/cython_cython_matches.csv,2024-11-05T12:28:57+01:00
e9bbce163c70c05863a6863368c07c0bde2afabc,tests/run/test_patma.py,2143,cython_cython,results/cython_cython_matches.csv,2024-11-05T12:28:57+01:00
e9bbce163c70c05863a6863368c07c0bde2afabc,tests/run/test_patma.py,2163,cython_cython,results/cython_cython_matches.csv,2024-11-05T12:28:57+01:00
e9bbce163c70c05863a6863368c07c0bde2afabc,tests/run/test_patma.py,2187,cython_cython,results/cython_cython_matches.csv,2024-11-05T12:28:57+01:00
e9bbce163c70c05863a6863368c07c0bde2afabc,tests/run/test_patma.py,2196,cython_cython,results/cython_cython_matches.csv,2024-11-05T12:28:57+01:00
e9bbce163c70c05863a6863368c07c0bde2afabc,tests/run/test_patma.py,2205,cython_cython,results/cython_cython_matches.csv,2024-11-05T12:28:57+01:00
e9bbce163c70c05863a6863368c07c0bde2afabc,tests/run/test_patma.py,2214,cython_cython,results/cython_cython_matches.csv,2024-11-05T12:28:57+01:00
e9bbce163c70c05863a6863368c07c0bde2afabc,tests/run/test_patma.py,2223,cython_cython,results/cython_cython_matches.csv,2024-11-05T12:28:57+01:00
e9bbce163c70c05863a6863368c07c0bde2afabc,tests/run/test_patma.py,2246,cython_cython,results/cython_cython_matches.csv,2024-11-05T12:28:57+01:00
e9bbce163c70c05863a6863368c07c0bde2afabc,tests/run/test_patma.py,2264,cython_cython,results/cython_cython_matches.csv,2024-11-05T12:28:57+01:00
e9bbce163c70c05863a6863368c07c0bde2afabc,tests/run/test_patma.py,2275,cython_cython,results/cython_cython_matches.csv,2024-11-05T12:28:57+01:00
e9bbce163c70c05863a6863368c07c0bde2afabc,tests/run/test_patma.py,2287,cython_cython,results/cython_cython_matches.csv,2024-11-05T12:28:57+01:00
e9bbce163c70c05863a6863368c07c0bde2afabc,tests/run/test_patma.py,2297,cython_cython,results/cython_cython_matches.csv,2024-11-05T12:28:57+01:00
e9bbce163c70c05863a6863368c07c0bde2afabc,tests/run/test_patma.py,2309,cython_cython,results/cython_cython_matches.csv,2024-11-05T12:28:57+01:00
e9bbce163c70c05863a6863368c07c0bde2afabc,tests/run/test_patma.py,2321,cython_cython,results/cython_cython_matches.csv,2024-11-05T12:28:57+01:00
e9bbce163c70c05863a6863368c07c0bde2afabc,tests/run/test_patma.py,2333,cython_cython,results/cython_cython_matches.csv,2024-11-05T12:28:57+01:00
e9bbce163c70c05863a6863368c07c0bde2afabc,tests/run/test_patma.py,2344,cython_cython,results/cython_cython_matches.csv,2024-11-05T12:28:57+01:00
e9bbce163c70c05863a6863368c07c0bde2afabc,tests/run/test_patma.py,2355,cython_cython,results/cython_cython_matches.csv,2024-11-05T12:28:57+01:00
e9bbce163c70c05863a6863368c07c0bde2afabc,tests/run/test_patma.py,2366,cython_cython,results/cython_cython_matches.csv,2024-11-05T12:28:57+01:00
e9bbce163c70c05863a6863368c07c0bde2afabc,tests/run/test_patma.py,2377,cython_cython,results/cython_cython_matches.csv,2024-11-05T12:28:57+01:00
e9bbce163c70c05863a6863368c07c0bde2afabc,tests/run/test_patma.py,2388,cython_cython,results/cython_cython_matches.csv,2024-11-05T12:28:57+01:00
e9bbce163c70c05863a6863368c07c0bde2afabc,tests/run/test_patma.py,2400,cython_cython,results/cython_cython_matches.csv,2024-11-05T12:28:57+01:00
e9bbce163c70c05863a6863368c07c0bde2afabc,tests/run/test_patma.py,2412,cython_cython,results/cython_cython_matches.csv,2024-11-05T12:28:57+01:00
e9bbce163c70c05863a6863368c07c0bde2afabc,tests/run/test_patma.py,2430,cython_cython,results/cython_cython_matches.csv,2024-11-05T12:28:57+01:00
e9bbce163c70c05863a6863368c07c0bde2afabc,tests/run/test_patma.py,2457,cython_cython,results/cython_cython_matches.csv,2024-11-05T12:28:57+01:00
e9bbce163c70c05863a6863368c07c0bde2afabc,tests/run/test_patma.py,2484,cython_cython,results/cython_cython_matches.csv,2024-11-05T12:28:57+01:00
e9bbce163c70c05863a6863368c07c0bde2afabc,tests/run/test_patma.py,2498,cython_cython,results/cython_cython_matches.csv,2024-11-05T12:28:57+01:00
e9bbce163c70c05863a6863368c07c0bde2afabc,tests/run/test_patma.py,2514,cython_cython,results/cython_cython_matches.csv,2024-11-05T12:28:57+01:00
e9bbce163c70c05863a6863368c07c0bde2afabc,tests/run/test_patma.py,2530,cython_cython,results/cython_cython_matches.csv,2024-11-05T12:28:57+01:00
e9bbce163c70c05863a6863368c07c0bde2afabc,tests/run/test_patma.py,2540,cython_cython,results/cython_cython_matches.csv,2024-11-05T12:28:57+01:00
e9bbce163c70c05863a6863368c07c0bde2afabc,tests/run/test_patma.py,2553,cython_cython,results/cython_cython_matches.csv,2024-11-05T12:28:57+01:00
e9bbce163c70c05863a6863368c07c0bde2afabc,tests/run/test_patma.py,2566,cython_cython,results/cython_cython_matches.csv,2024-11-05T12:28:57+01:00
e9bbce163c70c05863a6863368c07c0bde2afabc,tests/run/test_patma.py,2582,cython_cython,results/cython_cython_matches.csv,2024-11-05T12:28:57+01:00
e9bbce163c70c05863a6863368c07c0bde2afabc,tests/run/test_patma.py,2597,cython_cython,results/cython_cython_matches.csv,2024-11-05T12:28:57+01:00
e9bbce163c70c05863a6863368c07c0bde2afabc,tests/run/test_patma.py,2609,cython_cython,results/cython_cython_matches.csv,2024-11-05T12:28:57+01:00
e9bbce163c70c05863a6863368c07c0bde2afabc,tests/run/test_patma.py,2621,cython_cython,results/cython_cython_matches.csv,2024-11-05T12:28:57+01:00
e9bbce163c70c05863a6863368c07c0bde2afabc,tests/run/test_patma.py,2639,cython_cython,results/cython_cython_matches.csv,2024-11-05T12:28:57+01:00
e9bbce163c70c05863a6863368c07c0bde2afabc,tests/run/test_patma.py,2652,cython_cython,results/cython_cython_matches.csv,2024-11-05T12:28:57+01:00
e9bbce163c70c05863a6863368c07c0bde2afabc,tests/run/test_patma.py,2662,cython_cython,results/cython_cython_matches.csv,2024-11-05T12:28:57+01:00
e9bbce163c70c05863a6863368c07c0bde2afabc,tests/run/test_patma.py,2675,cython_cython,results/cython_cython_matches.csv,2024-11-05T12:28:57+01:00
e9bbce163c70c05863a6863368c07c0bde2afabc,tests/run/test_patma.py,2683,cython_cython,results/cython_cython_matches.csv,2024-11-05T12:28:57+01:00
e9bbce163c70c05863a6863368c07c0bde2afabc,tests/run/test_patma.py,2691,cython_cython,results/cython_cython_matches.csv,2024-11-05T12:28:57+01:00
e9bbce163c70c05863a6863368c07c0bde2afabc,tests/run/test_patma.py,2699,cython_cython,results/cython_cython_matches.csv,2024-11-05T12:28:57+01:00
e9bbce163c70c05863a6863368c07c0bde2afabc,tests/run/test_patma.py,2707,cython_cython,results/cython_cython_matches.csv,2024-11-05T12:28:57+01:00
e9bbce163c70c05863a6863368c07c0bde2afabc,tests/run/test_patma.py,2715,cython_cython,results/cython_cython_matches.csv,2024-11-05T12:28:57+01:00
e9bbce163c70c05863a6863368c07c0bde2afabc,tests/run/test_patma.py,2723,cython_cython,results/cython_cython_matches.csv,2024-11-05T12:28:57+01:00
e9bbce163c70c05863a6863368c07c0bde2afabc,tests/run/test_patma.py,2731,cython_cython,results/cython_cython_matches.csv,2024-11-05T12:28:57+01:00
e9bbce163c70c05863a6863368c07c0bde2afabc,tests/run/test_patma.py,2739,cython_cython,results/cython_cython_matches.csv,2024-11-05T12:28:57+01:00
e9bbce163c70c05863a6863368c07c0bde2afabc,tests/run/test_patma.py,2750,cython_cython,results/cython_cython_matches.csv,2024-11-05T12:28:57+01:00
e9bbce163c70c05863a6863368c07c0bde2afabc,tests/run/test_patma.py,2761,cython_cython,results/cython_cython_matches.csv,2024-11-05T12:28:57+01:00
e9bbce163c70c05863a6863368c07c0bde2afabc,tests/run/test_patma.py,2774,cython_cython,results/cython_cython_matches.csv,2024-11-05T12:28:57+01:00
e9bbce163c70c05863a6863368c07c0bde2afabc,tests/run/test_patma.py,2787,cython_cython,results/cython_cython_matches.csv,2024-11-05T12:28:57+01:00
e9bbce163c70c05863a6863368c07c0bde2afabc,tests/run/test_patma.py,2802,cython_cython,results/cython_cython_matches.csv,2024-11-05T12:28:57+01:00
e9bbce163c70c05863a6863368c07c0bde2afabc,tests/run/test_patma.py,2816,cython_cython,results/cython_cython_matches.csv,2024-11-05T12:28:57+01:00
e9bbce163c70c05863a6863368c07c0bde2afabc,tests/run/test_patma.py,2824,cython_cython,results/cython_cython_matches.csv,2024-11-05T12:28:57+01:00
e9bbce163c70c05863a6863368c07c0bde2afabc,tests/run/test_patma.py,2833,cython_cython,results/cython_cython_matches.csv,2024-11-05T12:28:57+01:00
e9bbce163c70c05863a6863368c07c0bde2afabc,tests/run/test_patma.py,2844,cython_cython,results/cython_cython_matches.csv,2024-11-05T12:28:57+01:00
e9bbce163c70c05863a6863368c07c0bde2afabc,tests/run/test_patma.py,2859,cython_cython,results/cython_cython_matches.csv,2024-11-05T12:28:57+01:00
e9bbce163c70c05863a6863368c07c0bde2afabc,tests/run/test_patma.py,2868,cython_cython,results/cython_cython_matches.csv,2024-11-05T12:28:57+01:00
e9bbce163c70c05863a6863368c07c0bde2afabc,tests/run/test_patma.py,2877,cython_cython,results/cython_cython_matches.csv,2024-11-05T12:28:57+01:00
e9bbce163c70c05863a6863368c07c0bde2afabc,tests/run/test_patma.py,2886,cython_cython,results/cython_cython_matches.csv,2024-11-05T12:28:57+01:00
e9bbce163c70c05863a6863368c07c0bde2afabc,tests/run/test_patma.py,2895,cython_cython,results/cython_cython_matches.csv,2024-11-05T12:28:57+01:00
e9bbce163c70c05863a6863368c07c0bde2afabc,tests/run/test_patma.py,2906,cython_cython,results/cython_cython_matches.csv,2024-11-05T12:28:57+01:00
e9bbce163c70c05863a6863368c07c0bde2afabc,tests/run/test_patma.py,2917,cython_cython,results/cython_cython_matches.csv,2024-11-05T12:28:57+01:00
e9bbce163c70c05863a6863368c07c0bde2afabc,tests/run/test_patma.py,2937,cython_cython,results/cython_cython_matches.csv,2024-11-05T12:28:57+01:00
e9bbce163c70c05863a6863368c07c0bde2afabc,tests/run/test_patma.py,2946,cython_cython,results/cython_cython_matches.csv,2024-11-05T12:28:57+01:00
e9bbce163c70c05863a6863368c07c0bde2afabc,tests/run/test_patma.py,2956,cython_cython,results/cython_cython_matches.csv,2024-11-05T12:28:57+01:00
e9bbce163c70c05863a6863368c07c0bde2afabc,tests/run/test_patma.py,2966,cython_cython,results/cython_cython_matches.csv,2024-11-05T12:28:57+01:00
e9bbce163c70c05863a6863368c07c0bde2afabc,tests/run/test_patma.py,2977,cython_cython,results/cython_cython_matches.csv,2024-11-05T12:28:57+01:00
e9bbce163c70c05863a6863368c07c0bde2afabc,tests/run/test_patma.py,2987,cython_cython,results/cython_cython_matches.csv,2024-11-05T12:28:57+01:00
e9bbce163c70c05863a6863368c07c0bde2afabc,tests/run/test_patma.py,2997,cython_cython,results/cython_cython_matches.csv,2024-11-05T12:28:57+01:00
e9bbce163c70c05863a6863368c07c0bde2afabc,tests/run/test_patma.py,3007,cython_cython,results/cython_cython_matches.csv,2024-11-05T12:28:57+01:00
e9bbce163c70c05863a6863368c07c0bde2afabc,tests/run/test_patma.py,3032,cython_cython,results/cython_cython_matches.csv,2024-11-05T12:28:57+01:00
e9bbce163c70c05863a6863368c07c0bde2afabc,tests/run/test_patma.py,3062,cython_cython,results/cython_cython_matches.csv,2024-11-05T12:28:57+01:00
e9bbce163c70c05863a6863368c07c0bde2afabc,tests/run/test_patma.py,3075,cython_cython,results/cython_cython_matches.csv,2024-11-05T12:28:57+01:00
e9bbce163c70c05863a6863368c07c0bde2afabc,tests/run/test_patma.py,3396,cython_cython,results/cython_cython_matches.csv,2024-11-05T12:28:57+01:00
e9bbce163c70c05863a6863368c07c0bde2afabc,tests/run/test_patma.py,3407,cython_cython,results/cython_cython_matches.csv,2024-11-05T12:28:57+01:00
e9bbce163c70c05863a6863368c07c0bde2afabc,tests/run/test_patma.py,3421,cython_cython,results/cython_cython_matches.csv,2024-11-05T12:28:57+01:00
e9bbce163c70c05863a6863368c07c0bde2afabc,tests/run/test_patma.py,3436,cython_cython,results/cython_cython_matches.csv,2024-11-05T12:28:57+01:00
e9bbce163c70c05863a6863368c07c0bde2afabc,tests/run/test_patma.py,3450,cython_cython,results/cython_cython_matches.csv,2024-11-05T12:28:57+01:00
e9bbce163c70c05863a6863368c07c0bde2afabc,tests/run/test_patma.py,3463,cython_cython,results/cython_cython_matches.csv,2024-11-05T12:28:57+01:00
e9bbce163c70c05863a6863368c07c0bde2afabc,tests/run/test_patma.py,3476,cython_cython,results/cython_cython_matches.csv,2024-11-05T12:28:57+01:00
e9bbce163c70c05863a6863368c07c0bde2afabc,tests/run/test_patma.py,3491,cython_cython,results/cython_cython_matches.csv,2024-11-05T12:28:57+01:00
e9bbce163c70c05863a6863368c07c0bde2afabc,tests/run/test_patma.py,3508,cython_cython,results/cython_cython_matches.csv,2024-11-05T12:28:57+01:00
f5d3341f9aa8d549a14b7523360ed59aa8efb1f5,tests/run/test_patma.py,187,cython_cython,results/cython_cython_matches.csv,2024-12-05T19:36:49+00:00
f5d3341f9aa8d549a14b7523360ed59aa8efb1f5,tests/run/test_patma.py,196,cython_cython,results/cython_cython_matches.csv,2024-12-05T19:36:49+00:00
f5d3341f9aa8d549a14b7523360ed59aa8efb1f5,tests/run/test_patma.py,297,cython_cython,results/cython_cython_matches.csv,2024-12-05T19:36:49+00:00
f5d3341f9aa8d549a14b7523360ed59aa8efb1f5,tests/run/test_patma.py,304,cython_cython,results/cython_cython_matches.csv,2024-12-05T19:36:49+00:00
f5d3341f9aa8d549a14b7523360ed59aa8efb1f5,tests/run/test_patma.py,313,cython_cython,results/cython_cython_matches.csv,2024-12-05T19:36:49+00:00
f5d3341f9aa8d549a14b7523360ed59aa8efb1f5,tests/run/test_patma.py,323,cython_cython,results/cython_cython_matches.csv,2024-12-05T19:36:49+00:00
f5d3341f9aa8d549a14b7523360ed59aa8efb1f5,tests/run/test_patma.py,331,cython_cython,results/cython_cython_matches.csv,2024-12-05T19:36:49+00:00
f5d3341f9aa8d549a14b7523360ed59aa8efb1f5,tests/run/test_patma.py,339,cython_cython,results/cython_cython_matches.csv,2024-12-05T19:36:49+00:00
f5d3341f9aa8d549a14b7523360ed59aa8efb1f5,tests/run/test_patma.py,347,cython_cython,results/cython_cython_matches.csv,2024-12-05T19:36:49+00:00
f5d3341f9aa8d549a14b7523360ed59aa8efb1f5,tests/run/test_patma.py,355,cython_cython,results/cython_cython_matches.csv,2024-12-05T19:36:49+00:00
f5d3341f9aa8d549a14b7523360ed59aa8efb1f5,tests/run/test_patma.py,365,cython_cython,results/cython_cython_matches.csv,2024-12-05T19:36:49+00:00
f5d3341f9aa8d549a14b7523360ed59aa8efb1f5,tests/run/test_patma.py,375,cython_cython,results/cython_cython_matches.csv,2024-12-05T19:36:49+00:00
f5d3341f9aa8d549a14b7523360ed59aa8efb1f5,tests/run/test_patma.py,389,cython_cython,results/cython_cython_matches.csv,2024-12-05T19:36:49+00:00
f5d3341f9aa8d549a14b7523360ed59aa8efb1f5,tests/run/test_patma.py,396,cython_cython,results/cython_cython_matches.csv,2024-12-05T19:36:49+00:00
f5d3341f9aa8d549a14b7523360ed59aa8efb1f5,tests/run/test_patma.py,404,cython_cython,results/cython_cython_matches.csv,2024-12-05T19:36:49+00:00
f5d3341f9aa8d549a14b7523360ed59aa8efb1f5,tests/run/test_patma.py,412,cython_cython,results/cython_cython_matches.csv,2024-12-05T19:36:49+00:00
f5d3341f9aa8d549a14b7523360ed59aa8efb1f5,tests/run/test_patma.py,420,cython_cython,results/cython_cython_matches.csv,2024-12-05T19:36:49+00:00
f5d3341f9aa8d549a14b7523360ed59aa8efb1f5,tests/run/test_patma.py,428,cython_cython,results/cython_cython_matches.csv,2024-12-05T19:36:49+00:00
f5d3341f9aa8d549a14b7523360ed59aa8efb1f5,tests/run/test_patma.py,436,cython_cython,results/cython_cython_matches.csv,2024-12-05T19:36:49+00:00
f5d3341f9aa8d549a14b7523360ed59aa8efb1f5,tests/run/test_patma.py,444,cython_cython,results/cython_cython_matches.csv,2024-12-05T19:36:49+00:00
f5d3341f9aa8d549a14b7523360ed59aa8efb1f5,tests/run/test_patma.py,452,cython_cython,results/cython_cython_matches.csv,2024-12-05T19:36:49+00:00
f5d3341f9aa8d549a14b7523360ed59aa8efb1f5,tests/run/test_patma.py,460,cython_cython,results/cython_cython_matches.csv,2024-12-05T19:36:49+00:00
f5d3341f9aa8d549a14b7523360ed59aa8efb1f5,tests/run/test_patma.py,468,cython_cython,results/cython_cython_matches.csv,2024-12-05T19:36:49+00:00
f5d3341f9aa8d549a14b7523360ed59aa8efb1f5,tests/run/test_patma.py,476,cython_cython,results/cython_cython_matches.csv,2024-12-05T19:36:49+00:00
f5d3341f9aa8d549a14b7523360ed59aa8efb1f5,tests/run/test_patma.py,485,cython_cython,results/cython_cython_matches.csv,2024-12-05T19:36:49+00:00
f5d3341f9aa8d549a14b7523360ed59aa8efb1f5,tests/run/test_patma.py,494,cython_cython,results/cython_cython_matches.csv,2024-12-05T19:36:49+00:00
f5d3341f9aa8d549a14b7523360ed59aa8efb1f5,tests/run/test_patma.py,504,cython_cython,results/cython_cython_matches.csv,2024-12-05T19:36:49+00:00
f5d3341f9aa8d549a14b7523360ed59aa8efb1f5,tests/run/test_patma.py,513,cython_cython,results/cython_cython_matches.csv,2024-12-05T19:36:49+00:00
f5d3341f9aa8d549a14b7523360ed59aa8efb1f5,tests/run/test_patma.py,523,cython_cython,results/cython_cython_matches.csv,2024-12-05T19:36:49+00:00
f5d3341f9aa8d549a14b7523360ed59aa8efb1f5,tests/run/test_patma.py,533,cython_cython,results/cython_cython_matches.csv,2024-12-05T19:36:49+00:00
f5d3341f9aa8d549a14b7523360ed59aa8efb1f5,tests/run/test_patma.py,544,cython_cython,results/cython_cython_matches.csv,2024-12-05T19:36:49+00:00
f5d3341f9aa8d549a14b7523360ed59aa8efb1f5,tests/run/test_patma.py,554,cython_cython,results/cython_cython_matches.csv,2024-12-05T19:36:49+00:00
f5d3341f9aa8d549a14b7523360ed59aa8efb1f5,tests/run/test_patma.py,567,cython_cython,results/cython_cython_matches.csv,2024-12-05T19:36:49+00:00
f5d3341f9aa8d549a14b7523360ed59aa8efb1f5,tests/run/test_patma.py,580,cython_cython,results/cython_cython_matches.csv,2024-12-05T19:36:49+00:00
f5d3341f9aa8d549a14b7523360ed59aa8efb1f5,tests/run/test_patma.py,593,cython_cython,results/cython_cython_matches.csv,2024-12-05T19:36:49+00:00
f5d3341f9aa8d549a14b7523360ed59aa8efb1f5,tests/run/test_patma.py,606,cython_cython,results/cython_cython_matches.csv,2024-12-05T19:36:49+00:00
f5d3341f9aa8d549a14b7523360ed59aa8efb1f5,tests/run/test_patma.py,619,cython_cython,results/cython_cython_matches.csv,2024-12-05T19:36:49+00:00
f5d3341f9aa8d549a14b7523360ed59aa8efb1f5,tests/run/test_patma.py,632,cython_cython,results/cython_cython_matches.csv,2024-12-05T19:36:49+00:00
f5d3341f9aa8d549a14b7523360ed59aa8efb1f5,tests/run/test_patma.py,645,cython_cython,results/cython_cython_matches.csv,2024-12-05T19:36:49+00:00
f5d3341f9aa8d549a14b7523360ed59aa8efb1f5,tests/run/test_patma.py,654,cython_cython,results/cython_cython_matches.csv,2024-12-05T19:36:49+00:00
f5d3341f9aa8d549a14b7523360ed59aa8efb1f5,tests/run/test_patma.py,663,cython_cython,results/cython_cython_matches.csv,2024-12-05T19:36:49+00:00
f5d3341f9aa8d549a14b7523360ed59aa8efb1f5,tests/run/test_patma.py,673,cython_cython,results/cython_cython_matches.csv,2024-12-05T19:36:49+00:00
f5d3341f9aa8d549a14b7523360ed59aa8efb1f5,tests/run/test_patma.py,682,cython_cython,results/cython_cython_matches.csv,2024-12-05T19:36:49+00:00
f5d3341f9aa8d549a14b7523360ed59aa8efb1f5,tests/run/test_patma.py,692,cython_cython,results/cython_cython_matches.csv,2024-12-05T19:36:49+00:00
f5d3341f9aa8d549a14b7523360ed59aa8efb1f5,tests/run/test_patma.py,703,cython_cython,results/cython_cython_matches.csv,2024-12-05T19:36:49+00:00
f5d3341f9aa8d549a14b7523360ed59aa8efb1f5,tests/run/test_patma.py,714,cython_cython,results/cython_cython_matches.csv,2024-12-05T19:36:49+00:00
f5d3341f9aa8d549a14b7523360ed59aa8efb1f5,tests/run/test_patma.py,723,cython_cython,results/cython_cython_matches.csv,2024-12-05T19:36:49+00:00
f5d3341f9aa8d549a14b7523360ed59aa8efb1f5,tests/run/test_patma.py,732,cython_cython,results/cython_cython_matches.csv,2024-12-05T19:36:49+00:00
f5d3341f9aa8d549a14b7523360ed59aa8efb1f5,tests/run/test_patma.py,741,cython_cython,results/cython_cython_matches.csv,2024-12-05T19:36:49+00:00
f5d3341f9aa8d549a14b7523360ed59aa8efb1f5,tests/run/test_patma.py,750,cython_cython,results/cython_cython_matches.csv,2024-12-05T19:36:49+00:00
f5d3341f9aa8d549a14b7523360ed59aa8efb1f5,tests/run/test_patma.py,759,cython_cython,results/cython_cython_matches.csv,2024-12-05T19:36:49+00:00
f5d3341f9aa8d549a14b7523360ed59aa8efb1f5,tests/run/test_patma.py,768,cython_cython,results/cython_cython_matches.csv,2024-12-05T19:36:49+00:00
f5d3341f9aa8d549a14b7523360ed59aa8efb1f5,tests/run/test_patma.py,778,cython_cython,results/cython_cython_matches.csv,2024-12-05T19:36:49+00:00
f5d3341f9aa8d549a14b7523360ed59aa8efb1f5,tests/run/test_patma.py,788,cython_cython,results/cython_cython_matches.csv,2024-12-05T19:36:49+00:00
f5d3341f9aa8d549a14b7523360ed59aa8efb1f5,tests/run/test_patma.py,801,cython_cython,results/cython_cython_matches.csv,2024-12-05T19:36:49+00:00
f5d3341f9aa8d549a14b7523360ed59aa8efb1f5,tests/run/test_patma.py,815,cython_cython,results/cython_cython_matches.csv,2024-12-05T19:36:49+00:00
f5d3341f9aa8d549a14b7523360ed59aa8efb1f5,tests/run/test_patma.py,825,cython_cython,results/cython_cython_matches.csv,2024-12-05T19:36:49+00:00
f5d3341f9aa8d549a14b7523360ed59aa8efb1f5,tests/run/test_patma.py,835,cython_cython,results/cython_cython_matches.csv,2024-12-05T19:36:49+00:00
f5d3341f9aa8d549a14b7523360ed59aa8efb1f5,tests/run/test_patma.py,845,cython_cython,results/cython_cython_matches.csv,2024-12-05T19:36:49+00:00
f5d3341f9aa8d549a14b7523360ed59aa8efb1f5,tests/run/test_patma.py,855,cython_cython,results/cython_cython_matches.csv,2024-12-05T19:36:49+00:00
f5d3341f9aa8d549a14b7523360ed59aa8efb1f5,tests/run/test_patma.py,864,cython_cython,results/cython_cython_matches.csv,2024-12-05T19:36:49+00:00
f5d3341f9aa8d549a14b7523360ed59aa8efb1f5,tests/run/test_patma.py,874,cython_cython,results/cython_cython_matches.csv,2024-12-05T19:36:49+00:00
f5d3341f9aa8d549a14b7523360ed59aa8efb1f5,tests/run/test_patma.py,884,cython_cython,results/cython_cython_matches.csv,2024-12-05T19:36:49+00:00
f5d3341f9aa8d549a14b7523360ed59aa8efb1f5,tests/run/test_patma.py,894,cython_cython,results/cython_cython_matches.csv,2024-12-05T19:36:49+00:00
f5d3341f9aa8d549a14b7523360ed59aa8efb1f5,tests/run/test_patma.py,903,cython_cython,results/cython_cython_matches.csv,2024-12-05T19:36:49+00:00
f5d3341f9aa8d549a14b7523360ed59aa8efb1f5,tests/run/test_patma.py,915,cython_cython,results/cython_cython_matches.csv,2024-12-05T19:36:49+00:00
f5d3341f9aa8d549a14b7523360ed59aa8efb1f5,tests/run/test_patma.py,926,cython_cython,results/cython_cython_matches.csv,2024-12-05T19:36:49+00:00
f5d3341f9aa8d549a14b7523360ed59aa8efb1f5,tests/run/test_patma.py,937,cython_cython,results/cython_cython_matches.csv,2024-12-05T19:36:49+00:00
f5d3341f9aa8d549a14b7523360ed59aa8efb1f5,tests/run/test_patma.py,948,cython_cython,results/cython_cython_matches.csv,2024-12-05T19:36:49+00:00
f5d3341f9aa8d549a14b7523360ed59aa8efb1f5,tests/run/test_patma.py,959,cython_cython,results/cython_cython_matches.csv,2024-12-05T19:36:49+00:00
f5d3341f9aa8d549a14b7523360ed59aa8efb1f5,tests/run/test_patma.py,970,cython_cython,results/cython_cython_matches.csv,2024-12-05T19:36:49+00:00
f5d3341f9aa8d549a14b7523360ed59aa8efb1f5,tests/run/test_patma.py,982,cython_cython,results/cython_cython_matches.csv,2024-12-05T19:36:49+00:00
f5d3341f9aa8d549a14b7523360ed59aa8efb1f5,tests/run/test_patma.py,993,cython_cython,results/cython_cython_matches.csv,2024-12-05T19:36:49+00:00
f5d3341f9aa8d549a14b7523360ed59aa8efb1f5,tests/run/test_patma.py,1004,cython_cython,results/cython_cython_matches.csv,2024-12-05T19:36:49+00:00
f5d3341f9aa8d549a14b7523360ed59aa8efb1f5,tests/run/test_patma.py,1015,cython_cython,results/cython_cython_matches.csv,2024-12-05T19:36:49+00:00
f5d3341f9aa8d549a14b7523360ed59aa8efb1f5,tests/run/test_patma.py,1027,cython_cython,results/cython_cython_matches.csv,2024-12-05T19:36:49+00:00
f5d3341f9aa8d549a14b7523360ed59aa8efb1f5,tests/run/test_patma.py,1040,cython_cython,results/cython_cython_matches.csv,2024-12-05T19:36:49+00:00
f5d3341f9aa8d549a14b7523360ed59aa8efb1f5,tests/run/test_patma.py,1051,cython_cython,results/cython_cython_matches.csv,2024-12-05T19:36:49+00:00
f5d3341f9aa8d549a14b7523360ed59aa8efb1f5,tests/run/test_patma.py,1062,cython_cython,results/cython_cython_matches.csv,2024-12-05T19:36:49+00:00
f5d3341f9aa8d549a14b7523360ed59aa8efb1f5,tests/run/test_patma.py,1078,cython_cython,results/cython_cython_matches.csv,2024-12-05T19:36:49+00:00
f5d3341f9aa8d549a14b7523360ed59aa8efb1f5,tests/run/test_patma.py,1089,cython_cython,results/cython_cython_matches.csv,2024-12-05T19:36:49+00:00
f5d3341f9aa8d549a14b7523360ed59aa8efb1f5,tests/run/test_patma.py,1102,cython_cython,results/cython_cython_matches.csv,2024-12-05T19:36:49+00:00
f5d3341f9aa8d549a14b7523360ed59aa8efb1f5,tests/run/test_patma.py,1115,cython_cython,results/cython_cython_matches.csv,2024-12-05T19:36:49+00:00
f5d3341f9aa8d549a14b7523360ed59aa8efb1f5,tests/run/test_patma.py,1128,cython_cython,results/cython_cython_matches.csv,2024-12-05T19:36:49+00:00
f5d3341f9aa8d549a14b7523360ed59aa8efb1f5,tests/run/test_patma.py,1140,cython_cython,results/cython_cython_matches.csv,2024-12-05T19:36:49+00:00
f5d3341f9aa8d549a14b7523360ed59aa8efb1f5,tests/run/test_patma.py,1151,cython_cython,results/cython_cython_matches.csv,2024-12-05T19:36:49+00:00
f5d3341f9aa8d549a14b7523360ed59aa8efb1f5,tests/run/test_patma.py,1162,cython_cython,results/cython_cython_matches.csv,2024-12-05T19:36:49+00:00
f5d3341f9aa8d549a14b7523360ed59aa8efb1f5,tests/run/test_patma.py,1172,cython_cython,results/cython_cython_matches.csv,2024-12-05T19:36:49+00:00
f5d3341f9aa8d549a14b7523360ed59aa8efb1f5,tests/run/test_patma.py,1183,cython_cython,results/cython_cython_matches.csv,2024-12-05T19:36:49+00:00
f5d3341f9aa8d549a14b7523360ed59aa8efb1f5,tests/run/test_patma.py,1194,cython_cython,results/cython_cython_matches.csv,2024-12-05T19:36:49+00:00
f5d3341f9aa8d549a14b7523360ed59aa8efb1f5,tests/run/test_patma.py,1203,cython_cython,results/cython_cython_matches.csv,2024-12-05T19:36:49+00:00
f5d3341f9aa8d549a14b7523360ed59aa8efb1f5,tests/run/test_patma.py,1212,cython_cython,results/cython_cython_matches.csv,2024-12-05T19:36:49+00:00
f5d3341f9aa8d549a14b7523360ed59aa8efb1f5,tests/run/test_patma.py,1222,cython_cython,results/cython_cython_matches.csv,2024-12-05T19:36:49+00:00
f5d3341f9aa8d549a14b7523360ed59aa8efb1f5,tests/run/test_patma.py,1231,cython_cython,results/cython_cython_matches.csv,2024-12-05T19:36:49+00:00
f5d3341f9aa8d549a14b7523360ed59aa8efb1f5,tests/run/test_patma.py,1240,cython_cython,results/cython_cython_matches.csv,2024-12-05T19:36:49+00:00
f5d3341f9aa8d549a14b7523360ed59aa8efb1f5,tests/run/test_patma.py,1249,cython_cython,results/cython_cython_matches.csv,2024-12-05T19:36:49+00:00
f5d3341f9aa8d549a14b7523360ed59aa8efb1f5,tests/run/test_patma.py,1259,cython_cython,results/cython_cython_matches.csv,2024-12-05T19:36:49+00:00
f5d3341f9aa8d549a14b7523360ed59aa8efb1f5,tests/run/test_patma.py,1268,cython_cython,results/cython_cython_matches.csv,2024-12-05T19:36:49+00:00
f5d3341f9aa8d549a14b7523360ed59aa8efb1f5,tests/run/test_patma.py,1277,cython_cython,results/cython_cython_matches.csv,2024-12-05T19:36:49+00:00
f5d3341f9aa8d549a14b7523360ed59aa8efb1f5,tests/run/test_patma.py,1286,cython_cython,results/cython_cython_matches.csv,2024-12-05T19:36:49+00:00
f5d3341f9aa8d549a14b7523360ed59aa8efb1f5,tests/run/test_patma.py,1295,cython_cython,results/cython_cython_matches.csv,2024-12-05T19:36:49+00:00
f5d3341f9aa8d549a14b7523360ed59aa8efb1f5,tests/run/test_patma.py,1304,cython_cython,results/cython_cython_matches.csv,2024-12-05T19:36:49+00:00
f5d3341f9aa8d549a14b7523360ed59aa8efb1f5,tests/run/test_patma.py,1313,cython_cython,results/cython_cython_matches.csv,2024-12-05T19:36:49+00:00
f5d3341f9aa8d549a14b7523360ed59aa8efb1f5,tests/run/test_patma.py,1322,cython_cython,results/cython_cython_matches.csv,2024-12-05T19:36:49+00:00
f5d3341f9aa8d549a14b7523360ed59aa8efb1f5,tests/run/test_patma.py,1331,cython_cython,results/cython_cython_matches.csv,2024-12-05T19:36:49+00:00
f5d3341f9aa8d549a14b7523360ed59aa8efb1f5,tests/run/test_patma.py,1340,cython_cython,results/cython_cython_matches.csv,2024-12-05T19:36:49+00:00
f5d3341f9aa8d549a14b7523360ed59aa8efb1f5,tests/run/test_patma.py,1349,cython_cython,results/cython_cython_matches.csv,2024-12-05T19:36:49+00:00
f5d3341f9aa8d549a14b7523360ed59aa8efb1f5,tests/run/test_patma.py,1358,cython_cython,results/cython_cython_matches.csv,2024-12-05T19:36:49+00:00
f5d3341f9aa8d549a14b7523360ed59aa8efb1f5,tests/run/test_patma.py,1367,cython_cython,results/cython_cython_matches.csv,2024-12-05T19:36:49+00:00
f5d3341f9aa8d549a14b7523360ed59aa8efb1f5,tests/run/test_patma.py,1376,cython_cython,results/cython_cython_matches.csv,2024-12-05T19:36:49+00:00
f5d3341f9aa8d549a14b7523360ed59aa8efb1f5,tests/run/test_patma.py,1385,cython_cython,results/cython_cython_matches.csv,2024-12-05T19:36:49+00:00
f5d3341f9aa8d549a14b7523360ed59aa8efb1f5,tests/run/test_patma.py,1394,cython_cython,results/cython_cython_matches.csv,2024-12-05T19:36:49+00:00
f5d3341f9aa8d549a14b7523360ed59aa8efb1f5,tests/run/test_patma.py,1403,cython_cython,results/cython_cython_matches.csv,2024-12-05T19:36:49+00:00
f5d3341f9aa8d549a14b7523360ed59aa8efb1f5,tests/run/test_patma.py,1414,cython_cython,results/cython_cython_matches.csv,2024-12-05T19:36:49+00:00
f5d3341f9aa8d549a14b7523360ed59aa8efb1f5,tests/run/test_patma.py,1427,cython_cython,results/cython_cython_matches.csv,2024-12-05T19:36:49+00:00
f5d3341f9aa8d549a14b7523360ed59aa8efb1f5,tests/run/test_patma.py,1441,cython_cython,results/cython_cython_matches.csv,2024-12-05T19:36:49+00:00
f5d3341f9aa8d549a14b7523360ed59aa8efb1f5,tests/run/test_patma.py,1458,cython_cython,results/cython_cython_matches.csv,2024-12-05T19:36:49+00:00
f5d3341f9aa8d549a14b7523360ed59aa8efb1f5,tests/run/test_patma.py,1473,cython_cython,results/cython_cython_matches.csv,2024-12-05T19:36:49+00:00
f5d3341f9aa8d549a14b7523360ed59aa8efb1f5,tests/run/test_patma.py,1486,cython_cython,results/cython_cython_matches.csv,2024-12-05T19:36:49+00:00
f5d3341f9aa8d549a14b7523360ed59aa8efb1f5,tests/run/test_patma.py,1496,cython_cython,results/cython_cython_matches.csv,2024-12-05T19:36:49+00:00
f5d3341f9aa8d549a14b7523360ed59aa8efb1f5,tests/run/test_patma.py,1506,cython_cython,results/cython_cython_matches.csv,2024-12-05T19:36:49+00:00
f5d3341f9aa8d549a14b7523360ed59aa8efb1f5,tests/run/test_patma.py,1517,cython_cython,results/cython_cython_matches.csv,2024-12-05T19:36:49+00:00
f5d3341f9aa8d549a14b7523360ed59aa8efb1f5,tests/run/test_patma.py,1528,cython_cython,results/cython_cython_matches.csv,2024-12-05T19:36:49+00:00
f5d3341f9aa8d549a14b7523360ed59aa8efb1f5,tests/run/test_patma.py,1539,cython_cython,results/cython_cython_matches.csv,2024-12-05T19:36:49+00:00
f5d3341f9aa8d549a14b7523360ed59aa8efb1f5,tests/run/test_patma.py,1546,cython_cython,results/cython_cython_matches.csv,2024-12-05T19:36:49+00:00
f5d3341f9aa8d549a14b7523360ed59aa8efb1f5,tests/run/test_patma.py,1554,cython_cython,results/cython_cython_matches.csv,2024-12-05T19:36:49+00:00
f5d3341f9aa8d549a14b7523360ed59aa8efb1f5,tests/run/test_patma.py,1562,cython_cython,results/cython_cython_matches.csv,2024-12-05T19:36:49+00:00
f5d3341f9aa8d549a14b7523360ed59aa8efb1f5,tests/run/test_patma.py,1570,cython_cython,results/cython_cython_matches.csv,2024-12-05T19:36:49+00:00
f5d3341f9aa8d549a14b7523360ed59aa8efb1f5,tests/run/test_patma.py,1578,cython_cython,results/cython_cython_matches.csv,2024-12-05T19:36:49+00:00
f5d3341f9aa8d549a14b7523360ed59aa8efb1f5,tests/run/test_patma.py,1586,cython_cython,results/cython_cython_matches.csv,2024-12-05T19:36:49+00:00
f5d3341f9aa8d549a14b7523360ed59aa8efb1f5,tests/run/test_patma.py,1594,cython_cython,results/cython_cython_matches.csv,2024-12-05T19:36:49+00:00
f5d3341f9aa8d549a14b7523360ed59aa8efb1f5,tests/run/test_patma.py,1602,cython_cython,results/cython_cython_matches.csv,2024-12-05T19:36:49+00:00
f5d3341f9aa8d549a14b7523360ed59aa8efb1f5,tests/run/test_patma.py,1610,cython_cython,results/cython_cython_matches.csv,2024-12-05T19:36:49+00:00
f5d3341f9aa8d549a14b7523360ed59aa8efb1f5,tests/run/test_patma.py,1618,cython_cython,results/cython_cython_matches.csv,2024-12-05T19:36:49+00:00
f5d3341f9aa8d549a14b7523360ed59aa8efb1f5,tests/run/test_patma.py,1626,cython_cython,results/cython_cython_matches.csv,2024-12-05T19:36:49+00:00
f5d3341f9aa8d549a14b7523360ed59aa8efb1f5,tests/run/test_patma.py,1635,cython_cython,results/cython_cython_matches.csv,2024-12-05T19:36:49+00:00
f5d3341f9aa8d549a14b7523360ed59aa8efb1f5,tests/run/test_patma.py,1648,cython_cython,results/cython_cython_matches.csv,2024-12-05T19:36:49+00:00
f5d3341f9aa8d549a14b7523360ed59aa8efb1f5,tests/run/test_patma.py,1662,cython_cython,results/cython_cython_matches.csv,2024-12-05T19:36:49+00:00
f5d3341f9aa8d549a14b7523360ed59aa8efb1f5,tests/run/test_patma.py,1676,cython_cython,results/cython_cython_matches.csv,2024-12-05T19:36:49+00:00
f5d3341f9aa8d549a14b7523360ed59aa8efb1f5,tests/run/test_patma.py,1689,cython_cython,results/cython_cython_matches.csv,2024-12-05T19:36:49+00:00
f5d3341f9aa8d549a14b7523360ed59aa8efb1f5,tests/run/test_patma.py,1703,cython_cython,results/cython_cython_matches.csv,2024-12-05T19:36:49+00:00
f5d3341f9aa8d549a14b7523360ed59aa8efb1f5,tests/run/test_patma.py,1717,cython_cython,results/cython_cython_matches.csv,2024-12-05T19:36:49+00:00
f5d3341f9aa8d549a14b7523360ed59aa8efb1f5,tests/run/test_patma.py,1727,cython_cython,results/cython_cython_matches.csv,2024-12-05T19:36:49+00:00
f5d3341f9aa8d549a14b7523360ed59aa8efb1f5,tests/run/test_patma.py,1737,cython_cython,results/cython_cython_matches.csv,2024-12-05T19:36:49+00:00
f5d3341f9aa8d549a14b7523360ed59aa8efb1f5,tests/run/test_patma.py,1747,cython_cython,results/cython_cython_matches.csv,2024-12-05T19:36:49+00:00
f5d3341f9aa8d549a14b7523360ed59aa8efb1f5,tests/run/test_patma.py,1757,cython_cython,results/cython_cython_matches.csv,2024-12-05T19:36:49+00:00
f5d3341f9aa8d549a14b7523360ed59aa8efb1f5,tests/run/test_patma.py,1767,cython_cython,results/cython_cython_matches.csv,2024-12-05T19:36:49+00:00
f5d3341f9aa8d549a14b7523360ed59aa8efb1f5,tests/run/test_patma.py,1777,cython_cython,results/cython_cython_matches.csv,2024-12-05T19:36:49+00:00
f5d3341f9aa8d549a14b7523360ed59aa8efb1f5,tests/run/test_patma.py,1787,cython_cython,results/cython_cython_matches.csv,2024-12-05T19:36:49+00:00
f5d3341f9aa8d549a14b7523360ed59aa8efb1f5,tests/run/test_patma.py,1797,cython_cython,results/cython_cython_matches.csv,2024-12-05T19:36:49+00:00
f5d3341f9aa8d549a14b7523360ed59aa8efb1f5,tests/run/test_patma.py,1807,cython_cython,results/cython_cython_matches.csv,2024-12-05T19:36:49+00:00
f5d3341f9aa8d549a14b7523360ed59aa8efb1f5,tests/run/test_patma.py,1817,cython_cython,results/cython_cython_matches.csv,2024-12-05T19:36:49+00:00
f5d3341f9aa8d549a14b7523360ed59aa8efb1f5,tests/run/test_patma.py,1827,cython_cython,results/cython_cython_matches.csv,2024-12-05T19:36:49+00:00
f5d3341f9aa8d549a14b7523360ed59aa8efb1f5,tests/run/test_patma.py,1837,cython_cython,results/cython_cython_matches.csv,2024-12-05T19:36:49+00:00
f5d3341f9aa8d549a14b7523360ed59aa8efb1f5,tests/run/test_patma.py,1848,cython_cython,results/cython_cython_matches.csv,2024-12-05T19:36:49+00:00
f5d3341f9aa8d549a14b7523360ed59aa8efb1f5,tests/run/test_patma.py,1860,cython_cython,results/cython_cython_matches.csv,2024-12-05T19:36:49+00:00
f5d3341f9aa8d549a14b7523360ed59aa8efb1f5,tests/run/test_patma.py,1873,cython_cython,results/cython_cython_matches.csv,2024-12-05T19:36:49+00:00
f5d3341f9aa8d549a14b7523360ed59aa8efb1f5,tests/run/test_patma.py,1883,cython_cython,results/cython_cython_matches.csv,2024-12-05T19:36:49+00:00
f5d3341f9aa8d549a14b7523360ed59aa8efb1f5,tests/run/test_patma.py,1892,cython_cython,results/cython_cython_matches.csv,2024-12-05T19:36:49+00:00
f5d3341f9aa8d549a14b7523360ed59aa8efb1f5,tests/run/test_patma.py,1903,cython_cython,results/cython_cython_matches.csv,2024-12-05T19:36:49+00:00
f5d3341f9aa8d549a14b7523360ed59aa8efb1f5,tests/run/test_patma.py,1912,cython_cython,results/cython_cython_matches.csv,2024-12-05T19:36:49+00:00
f5d3341f9aa8d549a14b7523360ed59aa8efb1f5,tests/run/test_patma.py,1923,cython_cython,results/cython_cython_matches.csv,2024-12-05T19:36:49+00:00
f5d3341f9aa8d549a14b7523360ed59aa8efb1f5,tests/run/test_patma.py,1935,cython_cython,results/cython_cython_matches.csv,2024-12-05T19:36:49+00:00
f5d3341f9aa8d549a14b7523360ed59aa8efb1f5,tests/run/test_patma.py,1947,cython_cython,results/cython_cython_matches.csv,2024-12-05T19:36:49+00:00
f5d3341f9aa8d549a14b7523360ed59aa8efb1f5,tests/run/test_patma.py,1958,cython_cython,results/cython_cython_matches.csv,2024-12-05T19:36:49+00:00
f5d3341f9aa8d549a14b7523360ed59aa8efb1f5,tests/run/test_patma.py,1970,cython_cython,results/cython_cython_matches.csv,2024-12-05T19:36:49+00:00
f5d3341f9aa8d549a14b7523360ed59aa8efb1f5,tests/run/test_patma.py,1981,cython_cython,results/cython_cython_matches.csv,2024-12-05T19:36:49+00:00
f5d3341f9aa8d549a14b7523360ed59aa8efb1f5,tests/run/test_patma.py,1993,cython_cython,results/cython_cython_matches.csv,2024-12-05T19:36:49+00:00
f5d3341f9aa8d549a14b7523360ed59aa8efb1f5,tests/run/test_patma.py,2004,cython_cython,results/cython_cython_matches.csv,2024-12-05T19:36:49+00:00
f5d3341f9aa8d549a14b7523360ed59aa8efb1f5,tests/run/test_patma.py,2016,cython_cython,results/cython_cython_matches.csv,2024-12-05T19:36:49+00:00
f5d3341f9aa8d549a14b7523360ed59aa8efb1f5,tests/run/test_patma.py,2028,cython_cython,results/cython_cython_matches.csv,2024-12-05T19:36:49+00:00
f5d3341f9aa8d549a14b7523360ed59aa8efb1f5,tests/run/test_patma.py,2040,cython_cython,results/cython_cython_matches.csv,2024-12-05T19:36:49+00:00
f5d3341f9aa8d549a14b7523360ed59aa8efb1f5,tests/run/test_patma.py,2052,cython_cython,results/cython_cython_matches.csv,2024-12-05T19:36:49+00:00
f5d3341f9aa8d549a14b7523360ed59aa8efb1f5,tests/run/test_patma.py,2064,cython_cython,results/cython_cython_matches.csv,2024-12-05T19:36:49+00:00
f5d3341f9aa8d549a14b7523360ed59aa8efb1f5,tests/run/test_patma.py,2076,cython_cython,results/cython_cython_matches.csv,2024-12-05T19:36:49+00:00
f5d3341f9aa8d549a14b7523360ed59aa8efb1f5,tests/run/test_patma.py,2088,cython_cython,results/cython_cython_matches.csv,2024-12-05T19:36:49+00:00
f5d3341f9aa8d549a14b7523360ed59aa8efb1f5,tests/run/test_patma.py,2099,cython_cython,results/cython_cython_matches.csv,2024-12-05T19:36:49+00:00
f5d3341f9aa8d549a14b7523360ed59aa8efb1f5,tests/run/test_patma.py,2124,cython_cython,results/cython_cython_matches.csv,2024-12-05T19:36:49+00:00
f5d3341f9aa8d549a14b7523360ed59aa8efb1f5,tests/run/test_patma.py,2143,cython_cython,results/cython_cython_matches.csv,2024-12-05T19:36:49+00:00
f5d3341f9aa8d549a14b7523360ed59aa8efb1f5,tests/run/test_patma.py,2163,cython_cython,results/cython_cython_matches.csv,2024-12-05T19:36:49+00:00
f5d3341f9aa8d549a14b7523360ed59aa8efb1f5,tests/run/test_patma.py,2187,cython_cython,results/cython_cython_matches.csv,2024-12-05T19:36:49+00:00
f5d3341f9aa8d549a14b7523360ed59aa8efb1f5,tests/run/test_patma.py,2196,cython_cython,results/cython_cython_matches.csv,2024-12-05T19:36:49+00:00
f5d3341f9aa8d549a14b7523360ed59aa8efb1f5,tests/run/test_patma.py,2205,cython_cython,results/cython_cython_matches.csv,2024-12-05T19:36:49+00:00
f5d3341f9aa8d549a14b7523360ed59aa8efb1f5,tests/run/test_patma.py,2214,cython_cython,results/cython_cython_matches.csv,2024-12-05T19:36:49+00:00
f5d3341f9aa8d549a14b7523360ed59aa8efb1f5,tests/run/test_patma.py,2223,cython_cython,results/cython_cython_matches.csv,2024-12-05T19:36:49+00:00
f5d3341f9aa8d549a14b7523360ed59aa8efb1f5,tests/run/test_patma.py,2246,cython_cython,results/cython_cython_matches.csv,2024-12-05T19:36:49+00:00
f5d3341f9aa8d549a14b7523360ed59aa8efb1f5,tests/run/test_patma.py,2264,cython_cython,results/cython_cython_matches.csv,2024-12-05T19:36:49+00:00
f5d3341f9aa8d549a14b7523360ed59aa8efb1f5,tests/run/test_patma.py,2275,cython_cython,results/cython_cython_matches.csv,2024-12-05T19:36:49+00:00
f5d3341f9aa8d549a14b7523360ed59aa8efb1f5,tests/run/test_patma.py,2287,cython_cython,results/cython_cython_matches.csv,2024-12-05T19:36:49+00:00
f5d3341f9aa8d549a14b7523360ed59aa8efb1f5,tests/run/test_patma.py,2297,cython_cython,results/cython_cython_matches.csv,2024-12-05T19:36:49+00:00
f5d3341f9aa8d549a14b7523360ed59aa8efb1f5,tests/run/test_patma.py,2309,cython_cython,results/cython_cython_matches.csv,2024-12-05T19:36:49+00:00
f5d3341f9aa8d549a14b7523360ed59aa8efb1f5,tests/run/test_patma.py,2321,cython_cython,results/cython_cython_matches.csv,2024-12-05T19:36:49+00:00
f5d3341f9aa8d549a14b7523360ed59aa8efb1f5,tests/run/test_patma.py,2333,cython_cython,results/cython_cython_matches.csv,2024-12-05T19:36:49+00:00
f5d3341f9aa8d549a14b7523360ed59aa8efb1f5,tests/run/test_patma.py,2344,cython_cython,results/cython_cython_matches.csv,2024-12-05T19:36:49+00:00
f5d3341f9aa8d549a14b7523360ed59aa8efb1f5,tests/run/test_patma.py,2355,cython_cython,results/cython_cython_matches.csv,2024-12-05T19:36:49+00:00
f5d3341f9aa8d549a14b7523360ed59aa8efb1f5,tests/run/test_patma.py,2366,cython_cython,results/cython_cython_matches.csv,2024-12-05T19:36:49+00:00
f5d3341f9aa8d549a14b7523360ed59aa8efb1f5,tests/run/test_patma.py,2377,cython_cython,results/cython_cython_matches.csv,2024-12-05T19:36:49+00:00
f5d3341f9aa8d549a14b7523360ed59aa8efb1f5,tests/run/test_patma.py,2388,cython_cython,results/cython_cython_matches.csv,2024-12-05T19:36:49+00:00
f5d3341f9aa8d549a14b7523360ed59aa8efb1f5,tests/run/test_patma.py,2400,cython_cython,results/cython_cython_matches.csv,2024-12-05T19:36:49+00:00
f5d3341f9aa8d549a14b7523360ed59aa8efb1f5,tests/run/test_patma.py,2412,cython_cython,results/cython_cython_matches.csv,2024-12-05T19:36:49+00:00
f5d3341f9aa8d549a14b7523360ed59aa8efb1f5,tests/run/test_patma.py,2430,cython_cython,results/cython_cython_matches.csv,2024-12-05T19:36:49+00:00
f5d3341f9aa8d549a14b7523360ed59aa8efb1f5,tests/run/test_patma.py,2457,cython_cython,results/cython_cython_matches.csv,2024-12-05T19:36:49+00:00
f5d3341f9aa8d549a14b7523360ed59aa8efb1f5,tests/run/test_patma.py,2484,cython_cython,results/cython_cython_matches.csv,2024-12-05T19:36:49+00:00
f5d3341f9aa8d549a14b7523360ed59aa8efb1f5,tests/run/test_patma.py,2498,cython_cython,results/cython_cython_matches.csv,2024-12-05T19:36:49+00:00
f5d3341f9aa8d549a14b7523360ed59aa8efb1f5,tests/run/test_patma.py,2514,cython_cython,results/cython_cython_matches.csv,2024-12-05T19:36:49+00:00
f5d3341f9aa8d549a14b7523360ed59aa8efb1f5,tests/run/test_patma.py,2530,cython_cython,results/cython_cython_matches.csv,2024-12-05T19:36:49+00:00
f5d3341f9aa8d549a14b7523360ed59aa8efb1f5,tests/run/test_patma.py,2540,cython_cython,results/cython_cython_matches.csv,2024-12-05T19:36:49+00:00
f5d3341f9aa8d549a14b7523360ed59aa8efb1f5,tests/run/test_patma.py,2553,cython_cython,results/cython_cython_matches.csv,2024-12-05T19:36:49+00:00
f5d3341f9aa8d549a14b7523360ed59aa8efb1f5,tests/run/test_patma.py,2566,cython_cython,results/cython_cython_matches.csv,2024-12-05T19:36:49+00:00
f5d3341f9aa8d549a14b7523360ed59aa8efb1f5,tests/run/test_patma.py,2582,cython_cython,results/cython_cython_matches.csv,2024-12-05T19:36:49+00:00
f5d3341f9aa8d549a14b7523360ed59aa8efb1f5,tests/run/test_patma.py,2597,cython_cython,results/cython_cython_matches.csv,2024-12-05T19:36:49+00:00
f5d3341f9aa8d549a14b7523360ed59aa8efb1f5,tests/run/test_patma.py,2609,cython_cython,results/cython_cython_matches.csv,2024-12-05T19:36:49+00:00
f5d3341f9aa8d549a14b7523360ed59aa8efb1f5,tests/run/test_patma.py,2621,cython_cython,results/cython_cython_matches.csv,2024-12-05T19:36:49+00:00
f5d3341f9aa8d549a14b7523360ed59aa8efb1f5,tests/run/test_patma.py,2639,cython_cython,results/cython_cython_matches.csv,2024-12-05T19:36:49+00:00
f5d3341f9aa8d549a14b7523360ed59aa8efb1f5,tests/run/test_patma.py,2652,cython_cython,results/cython_cython_matches.csv,2024-12-05T19:36:49+00:00
f5d3341f9aa8d549a14b7523360ed59aa8efb1f5,tests/run/test_patma.py,2662,cython_cython,results/cython_cython_matches.csv,2024-12-05T19:36:49+00:00
f5d3341f9aa8d549a14b7523360ed59aa8efb1f5,tests/run/test_patma.py,2675,cython_cython,results/cython_cython_matches.csv,2024-12-05T19:36:49+00:00
f5d3341f9aa8d549a14b7523360ed59aa8efb1f5,tests/run/test_patma.py,2683,cython_cython,results/cython_cython_matches.csv,2024-12-05T19:36:49+00:00
f5d3341f9aa8d549a14b7523360ed59aa8efb1f5,tests/run/test_patma.py,2691,cython_cython,results/cython_cython_matches.csv,2024-12-05T19:36:49+00:00
f5d3341f9aa8d549a14b7523360ed59aa8efb1f5,tests/run/test_patma.py,2699,cython_cython,results/cython_cython_matches.csv,2024-12-05T19:36:49+00:00
f5d3341f9aa8d549a14b7523360ed59aa8efb1f5,tests/run/test_patma.py,2707,cython_cython,results/cython_cython_matches.csv,2024-12-05T19:36:49+00:00
f5d3341f9aa8d549a14b7523360ed59aa8efb1f5,tests/run/test_patma.py,2715,cython_cython,results/cython_cython_matches.csv,2024-12-05T19:36:49+00:00
f5d3341f9aa8d549a14b7523360ed59aa8efb1f5,tests/run/test_patma.py,2723,cython_cython,results/cython_cython_matches.csv,2024-12-05T19:36:49+00:00
f5d3341f9aa8d549a14b7523360ed59aa8efb1f5,tests/run/test_patma.py,2731,cython_cython,results/cython_cython_matches.csv,2024-12-05T19:36:49+00:00
f5d3341f9aa8d549a14b7523360ed59aa8efb1f5,tests/run/test_patma.py,2739,cython_cython,results/cython_cython_matches.csv,2024-12-05T19:36:49+00:00
f5d3341f9aa8d549a14b7523360ed59aa8efb1f5,tests/run/test_patma.py,2750,cython_cython,results/cython_cython_matches.csv,2024-12-05T19:36:49+00:00
f5d3341f9aa8d549a14b7523360ed59aa8efb1f5,tests/run/test_patma.py,2761,cython_cython,results/cython_cython_matches.csv,2024-12-05T19:36:49+00:00
f5d3341f9aa8d549a14b7523360ed59aa8efb1f5,tests/run/test_patma.py,2774,cython_cython,results/cython_cython_matches.csv,2024-12-05T19:36:49+00:00
f5d3341f9aa8d549a14b7523360ed59aa8efb1f5,tests/run/test_patma.py,2787,cython_cython,results/cython_cython_matches.csv,2024-12-05T19:36:49+00:00
f5d3341f9aa8d549a14b7523360ed59aa8efb1f5,tests/run/test_patma.py,2802,cython_cython,results/cython_cython_matches.csv,2024-12-05T19:36:49+00:00
f5d3341f9aa8d549a14b7523360ed59aa8efb1f5,tests/run/test_patma.py,2816,cython_cython,results/cython_cython_matches.csv,2024-12-05T19:36:49+00:00
f5d3341f9aa8d549a14b7523360ed59aa8efb1f5,tests/run/test_patma.py,2824,cython_cython,results/cython_cython_matches.csv,2024-12-05T19:36:49+00:00
f5d3341f9aa8d549a14b7523360ed59aa8efb1f5,tests/run/test_patma.py,2833,cython_cython,results/cython_cython_matches.csv,2024-12-05T19:36:49+00:00
f5d3341f9aa8d549a14b7523360ed59aa8efb1f5,tests/run/test_patma.py,2844,cython_cython,results/cython_cython_matches.csv,2024-12-05T19:36:49+00:00
f5d3341f9aa8d549a14b7523360ed59aa8efb1f5,tests/run/test_patma.py,2859,cython_cython,results/cython_cython_matches.csv,2024-12-05T19:36:49+00:00
f5d3341f9aa8d549a14b7523360ed59aa8efb1f5,tests/run/test_patma.py,2868,cython_cython,results/cython_cython_matches.csv,2024-12-05T19:36:49+00:00
f5d3341f9aa8d549a14b7523360ed59aa8efb1f5,tests/run/test_patma.py,2877,cython_cython,results/cython_cython_matches.csv,2024-12-05T19:36:49+00:00
f5d3341f9aa8d549a14b7523360ed59aa8efb1f5,tests/run/test_patma.py,2886,cython_cython,results/cython_cython_matches.csv,2024-12-05T19:36:49+00:00
f5d3341f9aa8d549a14b7523360ed59aa8efb1f5,tests/run/test_patma.py,2895,cython_cython,results/cython_cython_matches.csv,2024-12-05T19:36:49+00:00
f5d3341f9aa8d549a14b7523360ed59aa8efb1f5,tests/run/test_patma.py,2906,cython_cython,results/cython_cython_matches.csv,2024-12-05T19:36:49+00:00
f5d3341f9aa8d549a14b7523360ed59aa8efb1f5,tests/run/test_patma.py,2917,cython_cython,results/cython_cython_matches.csv,2024-12-05T19:36:49+00:00
f5d3341f9aa8d549a14b7523360ed59aa8efb1f5,tests/run/test_patma.py,2937,cython_cython,results/cython_cython_matches.csv,2024-12-05T19:36:49+00:00
f5d3341f9aa8d549a14b7523360ed59aa8efb1f5,tests/run/test_patma.py,2946,cython_cython,results/cython_cython_matches.csv,2024-12-05T19:36:49+00:00
f5d3341f9aa8d549a14b7523360ed59aa8efb1f5,tests/run/test_patma.py,2956,cython_cython,results/cython_cython_matches.csv,2024-12-05T19:36:49+00:00
f5d3341f9aa8d549a14b7523360ed59aa8efb1f5,tests/run/test_patma.py,2966,cython_cython,results/cython_cython_matches.csv,2024-12-05T19:36:49+00:00
f5d3341f9aa8d549a14b7523360ed59aa8efb1f5,tests/run/test_patma.py,2977,cython_cython,results/cython_cython_matches.csv,2024-12-05T19:36:49+00:00
f5d3341f9aa8d549a14b7523360ed59aa8efb1f5,tests/run/test_patma.py,2987,cython_cython,results/cython_cython_matches.csv,2024-12-05T19:36:49+00:00
f5d3341f9aa8d549a14b7523360ed59aa8efb1f5,tests/run/test_patma.py,2997,cython_cython,results/cython_cython_matches.csv,2024-12-05T19:36:49+00:00
f5d3341f9aa8d549a14b7523360ed59aa8efb1f5,tests/run/test_patma.py,3007,cython_cython,results/cython_cython_matches.csv,2024-12-05T19:36:49+00:00
f5d3341f9aa8d549a14b7523360ed59aa8efb1f5,tests/run/test_patma.py,3032,cython_cython,results/cython_cython_matches.csv,2024-12-05T19:36:49+00:00
f5d3341f9aa8d549a14b7523360ed59aa8efb1f5,tests/run/test_patma.py,3062,cython_cython,results/cython_cython_matches.csv,2024-12-05T19:36:49+00:00
f5d3341f9aa8d549a14b7523360ed59aa8efb1f5,tests/run/test_patma.py,3075,cython_cython,results/cython_cython_matches.csv,2024-12-05T19:36:49+00:00
f5d3341f9aa8d549a14b7523360ed59aa8efb1f5,tests/run/test_patma.py,3396,cython_cython,results/cython_cython_matches.csv,2024-12-05T19:36:49+00:00
f5d3341f9aa8d549a14b7523360ed59aa8efb1f5,tests/run/test_patma.py,3407,cython_cython,results/cython_cython_matches.csv,2024-12-05T19:36:49+00:00
f5d3341f9aa8d549a14b7523360ed59aa8efb1f5,tests/run/test_patma.py,3421,cython_cython,results/cython_cython_matches.csv,2024-12-05T19:36:49+00:00
f5d3341f9aa8d549a14b7523360ed59aa8efb1f5,tests/run/test_patma.py,3436,cython_cython,results/cython_cython_matches.csv,2024-12-05T19:36:49+00:00
f5d3341f9aa8d549a14b7523360ed59aa8efb1f5,tests/run/test_patma.py,3450,cython_cython,results/cython_cython_matches.csv,2024-12-05T19:36:49+00:00
f5d3341f9aa8d549a14b7523360ed59aa8efb1f5,tests/run/test_patma.py,3463,cython_cython,results/cython_cython_matches.csv,2024-12-05T19:36:49+00:00
f5d3341f9aa8d549a14b7523360ed59aa8efb1f5,tests/run/test_patma.py,3476,cython_cython,results/cython_cython_matches.csv,2024-12-05T19:36:49+00:00
f5d3341f9aa8d549a14b7523360ed59aa8efb1f5,tests/run/test_patma.py,3491,cython_cython,results/cython_cython_matches.csv,2024-12-05T19:36:49+00:00
f5d3341f9aa8d549a14b7523360ed59aa8efb1f5,tests/run/test_patma.py,3508,cython_cython,results/cython_cython_matches.csv,2024-12-05T19:36:49+00:00
20593f155dae8a9e19deeb8879fe9c275b1fb931,frappe/api.py,67,frappe_frappe,results/frappe_frappe_matches.csv,2022-10-19T16:45:56+05:30
20593f155dae8a9e19deeb8879fe9c275b1fb931,frappe/api.py,94,frappe_frappe,results/frappe_frappe_matches.csv,2022-10-19T16:45:56+05:30
20593f155dae8a9e19deeb8879fe9c275b1fb931,frappe/api.py,105,frappe_frappe,results/frappe_frappe_matches.csv,2022-10-19T16:45:56+05:30
9bbac0f84fdc9df852240ef4ba354168d6694879,frappe/api.py,67,frappe_frappe,results/frappe_frappe_matches.csv,2022-11-18T21:31:37+05:30
9bbac0f84fdc9df852240ef4ba354168d6694879,frappe/api.py,94,frappe_frappe,results/frappe_frappe_matches.csv,2022-11-18T21:31:37+05:30
9bbac0f84fdc9df852240ef4ba354168d6694879,frappe/api.py,105,frappe_frappe,results/frappe_frappe_matches.csv,2022-11-18T21:31:37+05:30
80da745cf62bf5309f810dcb18f5298d69064b69,frappe/api.py,67,frappe_frappe,results/frappe_frappe_matches.csv,2022-12-19T11:07:21+05:30
80da745cf62bf5309f810dcb18f5298d69064b69,frappe/api.py,94,frappe_frappe,results/frappe_frappe_matches.csv,2022-12-19T11:07:21+05:30
80da745cf62bf5309f810dcb18f5298d69064b69,frappe/api.py,105,frappe_frappe,results/frappe_frappe_matches.csv,2022-12-19T11:07:21+05:30
555b88ffd9c3a42e27697a10343d4cef173670c4,frappe/api.py,67,frappe_frappe,results/frappe_frappe_matches.csv,2023-01-18T11:25:26+05:30
555b88ffd9c3a42e27697a10343d4cef173670c4,frappe/api.py,94,frappe_frappe,results/frappe_frappe_matches.csv,2023-01-18T11:25:26+05:30
555b88ffd9c3a42e27697a10343d4cef173670c4,frappe/api.py,105,frappe_frappe,results/frappe_frappe_matches.csv,2023-01-18T11:25:26+05:30
24d76375382db510b756eedc268b1a73f1921aa7,frappe/api.py,67,frappe_frappe,results/frappe_frappe_matches.csv,2023-02-17T11:31:53+05:30
24d76375382db510b756eedc268b1a73f1921aa7,frappe/api.py,94,frappe_frappe,results/frappe_frappe_matches.csv,2023-02-17T11:31:53+05:30
24d76375382db510b756eedc268b1a73f1921aa7,frappe/api.py,105,frappe_frappe,results/frappe_frappe_matches.csv,2023-02-17T11:31:53+05:30
98006eb5fb3c74b42e8252052807c06667556ab1,frappe/api.py,67,frappe_frappe,results/frappe_frappe_matches.csv,2023-03-20T11:57:40+05:30
98006eb5fb3c74b42e8252052807c06667556ab1,frappe/api.py,94,frappe_frappe,results/frappe_frappe_matches.csv,2023-03-20T11:57:40+05:30
98006eb5fb3c74b42e8252052807c06667556ab1,frappe/api.py,105,frappe_frappe,results/frappe_frappe_matches.csv,2023-03-20T11:57:40+05:30
e5b26b77db6e3f31bcac6f70184667932b761e1a,frappe/api.py,67,frappe_frappe,results/frappe_frappe_matches.csv,2023-04-19T12:14:18+05:30
e5b26b77db6e3f31bcac6f70184667932b761e1a,frappe/api.py,94,frappe_frappe,results/frappe_frappe_matches.csv,2023-04-19T12:14:18+05:30
e5b26b77db6e3f31bcac6f70184667932b761e1a,frappe/api.py,105,frappe_frappe,results/frappe_frappe_matches.csv,2023-04-19T12:14:18+05:30
a0fe38ecff1fd1519092cb857d40ce6a3c8e6e89,frappe/api.py,67,frappe_frappe,results/frappe_frappe_matches.csv,2023-05-19T15:51:29+05:30
a0fe38ecff1fd1519092cb857d40ce6a3c8e6e89,frappe/api.py,94,frappe_frappe,results/frappe_frappe_matches.csv,2023-05-19T15:51:29+05:30
a0fe38ecff1fd1519092cb857d40ce6a3c8e6e89,frappe/api.py,105,frappe_frappe,results/frappe_frappe_matches.csv,2023-05-19T15:51:29+05:30
62a3a70bf8d81445648928003f335e532e92ad7c,frappe/api.py,67,frappe_frappe,results/frappe_frappe_matches.csv,2023-06-18T20:53:03+05:30
62a3a70bf8d81445648928003f335e532e92ad7c,frappe/api.py,94,frappe_frappe,results/frappe_frappe_matches.csv,2023-06-18T20:53:03+05:30
62a3a70bf8d81445648928003f335e532e92ad7c,frappe/api.py,105,frappe_frappe,results/frappe_frappe_matches.csv,2023-06-18T20:53:03+05:30
df3f6b3a9fca47666078b2865ba886ec9025c149,frappe/api.py,67,frappe_frappe,results/frappe_frappe_matches.csv,2023-07-19T02:11:10+05:30
df3f6b3a9fca47666078b2865ba886ec9025c149,frappe/api.py,94,frappe_frappe,results/frappe_frappe_matches.csv,2023-07-19T02:11:10+05:30
df3f6b3a9fca47666078b2865ba886ec9025c149,frappe/api.py,105,frappe_frappe,results/frappe_frappe_matches.csv,2023-07-19T02:11:10+05:30
513f74ffa6f0319fd3fdd35554879359d77a181c,frappe/api.py,67,frappe_frappe,results/frappe_frappe_matches.csv,2023-08-18T10:59:00+05:30
513f74ffa6f0319fd3fdd35554879359d77a181c,frappe/api.py,94,frappe_frappe,results/frappe_frappe_matches.csv,2023-08-18T10:59:00+05:30
513f74ffa6f0319fd3fdd35554879359d77a181c,frappe/api.py,105,frappe_frappe,results/frappe_frappe_matches.csv,2023-08-18T10:59:00+05:30
2f1119bfcca75c634cf57dfa3448b6785389453e,frappe/api.py,67,frappe_frappe,results/frappe_frappe_matches.csv,2023-09-17T08:57:37+02:00
2f1119bfcca75c634cf57dfa3448b6785389453e,frappe/api.py,94,frappe_frappe,results/frappe_frappe_matches.csv,2023-09-17T08:57:37+02:00
2f1119bfcca75c634cf57dfa3448b6785389453e,frappe/api.py,105,frappe_frappe,results/frappe_frappe_matches.csv,2023-09-17T08:57:37+02:00
24d76375382db510b756eedc268b1a73f1921aa7,frappe/commands/scheduler.py,95,frappe_frappe,results/frappe_frappe_matches.csv,2023-02-17T11:31:53+05:30
98006eb5fb3c74b42e8252052807c06667556ab1,frappe/commands/scheduler.py,95,frappe_frappe,results/frappe_frappe_matches.csv,2023-03-20T11:57:40+05:30
e5b26b77db6e3f31bcac6f70184667932b761e1a,frappe/commands/scheduler.py,95,frappe_frappe,results/frappe_frappe_matches.csv,2023-04-19T12:14:18+05:30
a0fe38ecff1fd1519092cb857d40ce6a3c8e6e89,frappe/commands/scheduler.py,95,frappe_frappe,results/frappe_frappe_matches.csv,2023-05-19T15:51:29+05:30
62a3a70bf8d81445648928003f335e532e92ad7c,frappe/commands/scheduler.py,95,frappe_frappe,results/frappe_frappe_matches.csv,2023-06-18T20:53:03+05:30
df3f6b3a9fca47666078b2865ba886ec9025c149,frappe/commands/scheduler.py,95,frappe_frappe,results/frappe_frappe_matches.csv,2023-07-19T02:11:10+05:30
513f74ffa6f0319fd3fdd35554879359d77a181c,frappe/commands/scheduler.py,95,frappe_frappe,results/frappe_frappe_matches.csv,2023-08-18T10:59:00+05:30
2f1119bfcca75c634cf57dfa3448b6785389453e,frappe/commands/scheduler.py,95,frappe_frappe,results/frappe_frappe_matches.csv,2023-09-17T08:57:37+02:00
d845c54994016146aaf4f82ac0b78a2c4201ccb9,frappe/commands/scheduler.py,95,frappe_frappe,results/frappe_frappe_matches.csv,2023-10-17T13:24:21+05:30
95311a986a7fd19dc3912762eba3cd49dbc1326b,frappe/commands/scheduler.py,95,frappe_frappe,results/frappe_frappe_matches.csv,2023-11-16T14:02:30+05:30
d5ccb512512cf050bd0c7526c78b5e5469f38089,frappe/commands/scheduler.py,95,frappe_frappe,results/frappe_frappe_matches.csv,2023-12-16T14:25:39+05:30
53c5383f52f77df9563444f70a946c37bf2bd819,frappe/commands/scheduler.py,95,frappe_frappe,results/frappe_frappe_matches.csv,2024-01-15T16:02:15+05:30
c2eff72f022ef20567ca8895d3dbe53a52418357,frappe/commands/scheduler.py,95,frappe_frappe,results/frappe_frappe_matches.csv,2024-02-14T09:54:52-05:00
21cc09e28a7f0d10b30eeeadd49774e9f900cd14,frappe/commands/scheduler.py,93,frappe_frappe,results/frappe_frappe_matches.csv,2024-03-15T21:10:53+05:30
bb68908fe9e23d23bff917009202184836525ff1,frappe/commands/scheduler.py,93,frappe_frappe,results/frappe_frappe_matches.csv,2024-04-15T10:53:38+00:00
9986ea8171b3b02a97c0644cb34bc6f2e1167924,frappe/commands/scheduler.py,93,frappe_frappe,results/frappe_frappe_matches.csv,2024-05-15T16:29:55+05:30
639e3409e818a3cd48b5f2a23dd5af44b66bc625,frappe/commands/scheduler.py,93,frappe_frappe,results/frappe_frappe_matches.csv,2024-06-14T15:50:36+02:00
259870536450cab45337a8a2b94f407f32895efc,frappe/commands/scheduler.py,93,frappe_frappe,results/frappe_frappe_matches.csv,2024-07-14T22:45:05+05:30
9d5ad5ad2ecc3a601b46ef6924adc9cbd10934f7,frappe/commands/scheduler.py,93,frappe_frappe,results/frappe_frappe_matches.csv,2024-08-13T21:59:31+02:00
a87de09e795a5529fec2784ee4ab8c769d6c0a31,frappe/commands/scheduler.py,93,frappe_frappe,results/frappe_frappe_matches.csv,2024-09-13T11:16:53+05:30
50c6760cf132595575aa5b9f180a56f02dd0991b,frappe/commands/scheduler.py,94,frappe_frappe,results/frappe_frappe_matches.csv,2024-10-13T15:16:10+05:30
f0cb96dc3d588cc614adebf8d66647b282d5c082,frappe/commands/scheduler.py,94,frappe_frappe,results/frappe_frappe_matches.csv,2024-11-12T15:18:18+05:30
1d31663f4b4b5e6a6283998484d926dfa762bcc4,frappe/commands/scheduler.py,94,frappe_frappe,results/frappe_frappe_matches.csv,2024-12-12T13:19:20+01:00
d845c54994016146aaf4f82ac0b78a2c4201ccb9,frappe/desk/form/load.py,156,frappe_frappe,results/frappe_frappe_matches.csv,2023-10-17T13:24:21+05:30
95311a986a7fd19dc3912762eba3cd49dbc1326b,frappe/desk/form/load.py,156,frappe_frappe,results/frappe_frappe_matches.csv,2023-11-16T14:02:30+05:30
d5ccb512512cf050bd0c7526c78b5e5469f38089,frappe/desk/form/load.py,156,frappe_frappe,results/frappe_frappe_matches.csv,2023-12-16T14:25:39+05:30
53c5383f52f77df9563444f70a946c37bf2bd819,frappe/desk/form/load.py,156,frappe_frappe,results/frappe_frappe_matches.csv,2024-01-15T16:02:15+05:30
c2eff72f022ef20567ca8895d3dbe53a52418357,frappe/desk/form/load.py,156,frappe_frappe,results/frappe_frappe_matches.csv,2024-02-14T09:54:52-05:00
21cc09e28a7f0d10b30eeeadd49774e9f900cd14,frappe/desk/form/load.py,156,frappe_frappe,results/frappe_frappe_matches.csv,2024-03-15T21:10:53+05:30
bb68908fe9e23d23bff917009202184836525ff1,frappe/desk/form/load.py,156,frappe_frappe,results/frappe_frappe_matches.csv,2024-04-15T10:53:38+00:00
9986ea8171b3b02a97c0644cb34bc6f2e1167924,frappe/desk/form/load.py,156,frappe_frappe,results/frappe_frappe_matches.csv,2024-05-15T16:29:55+05:30
639e3409e818a3cd48b5f2a23dd5af44b66bc625,frappe/desk/form/load.py,156,frappe_frappe,results/frappe_frappe_matches.csv,2024-06-14T15:50:36+02:00
259870536450cab45337a8a2b94f407f32895efc,frappe/desk/form/load.py,156,frappe_frappe,results/frappe_frappe_matches.csv,2024-07-14T22:45:05+05:30
9d5ad5ad2ecc3a601b46ef6924adc9cbd10934f7,frappe/desk/form/load.py,156,frappe_frappe,results/frappe_frappe_matches.csv,2024-08-13T21:59:31+02:00
a87de09e795a5529fec2784ee4ab8c769d6c0a31,frappe/desk/form/load.py,156,frappe_frappe,results/frappe_frappe_matches.csv,2024-09-13T11:16:53+05:30
50c6760cf132595575aa5b9f180a56f02dd0991b,frappe/desk/form/load.py,158,frappe_frappe,results/frappe_frappe_matches.csv,2024-10-13T15:16:10+05:30
f0cb96dc3d588cc614adebf8d66647b282d5c082,frappe/desk/form/load.py,158,frappe_frappe,results/frappe_frappe_matches.csv,2024-11-12T15:18:18+05:30
1d31663f4b4b5e6a6283998484d926dfa762bcc4,frappe/desk/form/load.py,153,frappe_frappe,results/frappe_frappe_matches.csv,2024-12-12T13:19:20+01:00
bb68908fe9e23d23bff917009202184836525ff1,frappe/modules/utils.py,135,frappe_frappe,results/frappe_frappe_matches.csv,2024-04-15T10:53:38+00:00
9986ea8171b3b02a97c0644cb34bc6f2e1167924,frappe/modules/utils.py,135,frappe_frappe,results/frappe_frappe_matches.csv,2024-05-15T16:29:55+05:30
639e3409e818a3cd48b5f2a23dd5af44b66bc625,frappe/modules/utils.py,135,frappe_frappe,results/frappe_frappe_matches.csv,2024-06-14T15:50:36+02:00
259870536450cab45337a8a2b94f407f32895efc,frappe/modules/utils.py,135,frappe_frappe,results/frappe_frappe_matches.csv,2024-07-14T22:45:05+05:30
9d5ad5ad2ecc3a601b46ef6924adc9cbd10934f7,frappe/modules/utils.py,139,frappe_frappe,results/frappe_frappe_matches.csv,2024-08-13T21:59:31+02:00
a87de09e795a5529fec2784ee4ab8c769d6c0a31,frappe/modules/utils.py,139,frappe_frappe,results/frappe_frappe_matches.csv,2024-09-13T11:16:53+05:30
50c6760cf132595575aa5b9f180a56f02dd0991b,frappe/modules/utils.py,139,frappe_frappe,results/frappe_frappe_matches.csv,2024-10-13T15:16:10+05:30
f0cb96dc3d588cc614adebf8d66647b282d5c082,frappe/modules/utils.py,139,frappe_frappe,results/frappe_frappe_matches.csv,2024-11-12T15:18:18+05:30
1d31663f4b4b5e6a6283998484d926dfa762bcc4,frappe/modules/utils.py,140,frappe_frappe,results/frappe_frappe_matches.csv,2024-12-12T13:19:20+01:00
f0cb96dc3d588cc614adebf8d66647b282d5c082,frappe/testing/discovery.py,131,frappe_frappe,results/frappe_frappe_matches.csv,2024-11-12T15:18:18+05:30
1d31663f4b4b5e6a6283998484d926dfa762bcc4,frappe/testing/discovery.py,131,frappe_frappe,results/frappe_frappe_matches.csv,2024-12-12T13:19:20+01:00
24d76375382db510b756eedc268b1a73f1921aa7,frappe/utils/boilerplate.py,227,frappe_frappe,results/frappe_frappe_matches.csv,2023-02-17T11:31:53+05:30
98006eb5fb3c74b42e8252052807c06667556ab1,frappe/utils/boilerplate.py,227,frappe_frappe,results/frappe_frappe_matches.csv,2023-03-20T11:57:40+05:30
e5b26b77db6e3f31bcac6f70184667932b761e1a,frappe/utils/boilerplate.py,227,frappe_frappe,results/frappe_frappe_matches.csv,2023-04-19T12:14:18+05:30
a0fe38ecff1fd1519092cb857d40ce6a3c8e6e89,frappe/utils/boilerplate.py,227,frappe_frappe,results/frappe_frappe_matches.csv,2023-05-19T15:51:29+05:30
62a3a70bf8d81445648928003f335e532e92ad7c,frappe/utils/boilerplate.py,228,frappe_frappe,results/frappe_frappe_matches.csv,2023-06-18T20:53:03+05:30
df3f6b3a9fca47666078b2865ba886ec9025c149,frappe/utils/boilerplate.py,228,frappe_frappe,results/frappe_frappe_matches.csv,2023-07-19T02:11:10+05:30
513f74ffa6f0319fd3fdd35554879359d77a181c,frappe/utils/boilerplate.py,222,frappe_frappe,results/frappe_frappe_matches.csv,2023-08-18T10:59:00+05:30
2f1119bfcca75c634cf57dfa3448b6785389453e,frappe/utils/boilerplate.py,257,frappe_frappe,results/frappe_frappe_matches.csv,2023-09-17T08:57:37+02:00
d845c54994016146aaf4f82ac0b78a2c4201ccb9,frappe/utils/boilerplate.py,257,frappe_frappe,results/frappe_frappe_matches.csv,2023-10-17T13:24:21+05:30
95311a986a7fd19dc3912762eba3cd49dbc1326b,frappe/utils/boilerplate.py,257,frappe_frappe,results/frappe_frappe_matches.csv,2023-11-16T14:02:30+05:30
d5ccb512512cf050bd0c7526c78b5e5469f38089,frappe/utils/boilerplate.py,257,frappe_frappe,results/frappe_frappe_matches.csv,2023-12-16T14:25:39+05:30
53c5383f52f77df9563444f70a946c37bf2bd819,frappe/utils/boilerplate.py,257,frappe_frappe,results/frappe_frappe_matches.csv,2024-01-15T16:02:15+05:30
c2eff72f022ef20567ca8895d3dbe53a52418357,frappe/utils/boilerplate.py,257,frappe_frappe,results/frappe_frappe_matches.csv,2024-02-14T09:54:52-05:00
21cc09e28a7f0d10b30eeeadd49774e9f900cd14,frappe/utils/boilerplate.py,273,frappe_frappe,results/frappe_frappe_matches.csv,2024-03-15T21:10:53+05:30
bb68908fe9e23d23bff917009202184836525ff1,frappe/utils/boilerplate.py,273,frappe_frappe,results/frappe_frappe_matches.csv,2024-04-15T10:53:38+00:00
9986ea8171b3b02a97c0644cb34bc6f2e1167924,frappe/utils/boilerplate.py,273,frappe_frappe,results/frappe_frappe_matches.csv,2024-05-15T16:29:55+05:30
639e3409e818a3cd48b5f2a23dd5af44b66bc625,frappe/utils/boilerplate.py,273,frappe_frappe,results/frappe_frappe_matches.csv,2024-06-14T15:50:36+02:00
259870536450cab45337a8a2b94f407f32895efc,frappe/utils/boilerplate.py,273,frappe_frappe,results/frappe_frappe_matches.csv,2024-07-14T22:45:05+05:30
9d5ad5ad2ecc3a601b46ef6924adc9cbd10934f7,frappe/utils/boilerplate.py,273,frappe_frappe,results/frappe_frappe_matches.csv,2024-08-13T21:59:31+02:00
a87de09e795a5529fec2784ee4ab8c769d6c0a31,frappe/utils/boilerplate.py,273,frappe_frappe,results/frappe_frappe_matches.csv,2024-09-13T11:16:53+05:30
50c6760cf132595575aa5b9f180a56f02dd0991b,frappe/utils/boilerplate.py,280,frappe_frappe,results/frappe_frappe_matches.csv,2024-10-13T15:16:10+05:30
f0cb96dc3d588cc614adebf8d66647b282d5c082,frappe/utils/boilerplate.py,280,frappe_frappe,results/frappe_frappe_matches.csv,2024-11-12T15:18:18+05:30
1d31663f4b4b5e6a6283998484d926dfa762bcc4,frappe/utils/boilerplate.py,286,frappe_frappe,results/frappe_frappe_matches.csv,2024-12-12T13:19:20+01:00
364366ae99d4fd1c1cf324917bb3a7dccfac256e,frappe/utils/data.py,728,frappe_frappe,results/frappe_frappe_matches.csv,2022-08-19T11:41:50+05:30
359f0c3dcbb27e4747fc694474cab5e9bfeb04ad,frappe/utils/data.py,728,frappe_frappe,results/frappe_frappe_matches.csv,2022-09-19T16:07:38+05:30
20593f155dae8a9e19deeb8879fe9c275b1fb931,frappe/utils/data.py,733,frappe_frappe,results/frappe_frappe_matches.csv,2022-10-19T16:45:56+05:30
9bbac0f84fdc9df852240ef4ba354168d6694879,frappe/utils/data.py,739,frappe_frappe,results/frappe_frappe_matches.csv,2022-11-18T21:31:37+05:30
80da745cf62bf5309f810dcb18f5298d69064b69,frappe/utils/data.py,739,frappe_frappe,results/frappe_frappe_matches.csv,2022-12-19T11:07:21+05:30
555b88ffd9c3a42e27697a10343d4cef173670c4,frappe/utils/data.py,739,frappe_frappe,results/frappe_frappe_matches.csv,2023-01-18T11:25:26+05:30
24d76375382db510b756eedc268b1a73f1921aa7,frappe/utils/data.py,739,frappe_frappe,results/frappe_frappe_matches.csv,2023-02-17T11:31:53+05:30
98006eb5fb3c74b42e8252052807c06667556ab1,frappe/utils/data.py,740,frappe_frappe,results/frappe_frappe_matches.csv,2023-03-20T11:57:40+05:30
e5b26b77db6e3f31bcac6f70184667932b761e1a,frappe/utils/data.py,740,frappe_frappe,results/frappe_frappe_matches.csv,2023-04-19T12:14:18+05:30
a0fe38ecff1fd1519092cb857d40ce6a3c8e6e89,frappe/utils/data.py,740,frappe_frappe,results/frappe_frappe_matches.csv,2023-05-19T15:51:29+05:30
62a3a70bf8d81445648928003f335e532e92ad7c,frappe/utils/data.py,739,frappe_frappe,results/frappe_frappe_matches.csv,2023-06-18T20:53:03+05:30
df3f6b3a9fca47666078b2865ba886ec9025c149,frappe/utils/data.py,727,frappe_frappe,results/frappe_frappe_matches.csv,2023-07-19T02:11:10+05:30
513f74ffa6f0319fd3fdd35554879359d77a181c,frappe/utils/data.py,727,frappe_frappe,results/frappe_frappe_matches.csv,2023-08-18T10:59:00+05:30
2f1119bfcca75c634cf57dfa3448b6785389453e,frappe/utils/data.py,727,frappe_frappe,results/frappe_frappe_matches.csv,2023-09-17T08:57:37+02:00
d845c54994016146aaf4f82ac0b78a2c4201ccb9,frappe/utils/data.py,727,frappe_frappe,results/frappe_frappe_matches.csv,2023-10-17T13:24:21+05:30
95311a986a7fd19dc3912762eba3cd49dbc1326b,frappe/utils/data.py,727,frappe_frappe,results/frappe_frappe_matches.csv,2023-11-16T14:02:30+05:30
d5ccb512512cf050bd0c7526c78b5e5469f38089,frappe/utils/data.py,729,frappe_frappe,results/frappe_frappe_matches.csv,2023-12-16T14:25:39+05:30
53c5383f52f77df9563444f70a946c37bf2bd819,frappe/utils/data.py,912,frappe_frappe,results/frappe_frappe_matches.csv,2024-01-15T16:02:15+05:30
c2eff72f022ef20567ca8895d3dbe53a52418357,frappe/utils/data.py,729,frappe_frappe,results/frappe_frappe_matches.csv,2024-02-14T09:54:52-05:00
21cc09e28a7f0d10b30eeeadd49774e9f900cd14,frappe/utils/data.py,894,frappe_frappe,results/frappe_frappe_matches.csv,2024-03-15T21:10:53+05:30
bb68908fe9e23d23bff917009202184836525ff1,frappe/utils/data.py,894,frappe_frappe,results/frappe_frappe_matches.csv,2024-04-15T10:53:38+00:00
9986ea8171b3b02a97c0644cb34bc6f2e1167924,frappe/utils/data.py,894,frappe_frappe,results/frappe_frappe_matches.csv,2024-05-15T16:29:55+05:30
639e3409e818a3cd48b5f2a23dd5af44b66bc625,frappe/utils/data.py,887,frappe_frappe,results/frappe_frappe_matches.csv,2024-06-14T15:50:36+02:00
259870536450cab45337a8a2b94f407f32895efc,frappe/utils/data.py,887,frappe_frappe,results/frappe_frappe_matches.csv,2024-07-14T22:45:05+05:30
9d5ad5ad2ecc3a601b46ef6924adc9cbd10934f7,frappe/utils/data.py,887,frappe_frappe,results/frappe_frappe_matches.csv,2024-08-13T21:59:31+02:00
a87de09e795a5529fec2784ee4ab8c769d6c0a31,frappe/utils/data.py,902,frappe_frappe,results/frappe_frappe_matches.csv,2024-09-13T11:16:53+05:30
50c6760cf132595575aa5b9f180a56f02dd0991b,frappe/utils/data.py,901,frappe_frappe,results/frappe_frappe_matches.csv,2024-10-13T15:16:10+05:30
f0cb96dc3d588cc614adebf8d66647b282d5c082,frappe/utils/data.py,901,frappe_frappe,results/frappe_frappe_matches.csv,2024-11-12T15:18:18+05:30
1d31663f4b4b5e6a6283998484d926dfa762bcc4,frappe/utils/data.py,891,frappe_frappe,results/frappe_frappe_matches.csv,2024-12-12T13:19:20+01:00
555b88ffd9c3a42e27697a10343d4cef173670c4,frappe/utils/oauth.py,273,frappe_frappe,results/frappe_frappe_matches.csv,2023-01-18T11:25:26+05:30
24d76375382db510b756eedc268b1a73f1921aa7,frappe/utils/oauth.py,273,frappe_frappe,results/frappe_frappe_matches.csv,2023-02-17T11:31:53+05:30
98006eb5fb3c74b42e8252052807c06667556ab1,frappe/utils/oauth.py,273,frappe_frappe,results/frappe_frappe_matches.csv,2023-03-20T11:57:40+05:30
e5b26b77db6e3f31bcac6f70184667932b761e1a,frappe/utils/oauth.py,273,frappe_frappe,results/frappe_frappe_matches.csv,2023-04-19T12:14:18+05:30
a0fe38ecff1fd1519092cb857d40ce6a3c8e6e89,frappe/utils/oauth.py,273,frappe_frappe,results/frappe_frappe_matches.csv,2023-05-19T15:51:29+05:30
62a3a70bf8d81445648928003f335e532e92ad7c,frappe/utils/oauth.py,273,frappe_frappe,results/frappe_frappe_matches.csv,2023-06-18T20:53:03+05:30
df3f6b3a9fca47666078b2865ba886ec9025c149,frappe/utils/oauth.py,274,frappe_frappe,results/frappe_frappe_matches.csv,2023-07-19T02:11:10+05:30
513f74ffa6f0319fd3fdd35554879359d77a181c,frappe/utils/oauth.py,275,frappe_frappe,results/frappe_frappe_matches.csv,2023-08-18T10:59:00+05:30
2f1119bfcca75c634cf57dfa3448b6785389453e,frappe/utils/oauth.py,275,frappe_frappe,results/frappe_frappe_matches.csv,2023-09-17T08:57:37+02:00
d845c54994016146aaf4f82ac0b78a2c4201ccb9,frappe/utils/oauth.py,277,frappe_frappe,results/frappe_frappe_matches.csv,2023-10-17T13:24:21+05:30
95311a986a7fd19dc3912762eba3cd49dbc1326b,frappe/utils/oauth.py,277,frappe_frappe,results/frappe_frappe_matches.csv,2023-11-16T14:02:30+05:30
d5ccb512512cf050bd0c7526c78b5e5469f38089,frappe/utils/oauth.py,277,frappe_frappe,results/frappe_frappe_matches.csv,2023-12-16T14:25:39+05:30
53c5383f52f77df9563444f70a946c37bf2bd819,frappe/utils/oauth.py,277,frappe_frappe,results/frappe_frappe_matches.csv,2024-01-15T16:02:15+05:30
c2eff72f022ef20567ca8895d3dbe53a52418357,frappe/utils/oauth.py,277,frappe_frappe,results/frappe_frappe_matches.csv,2024-02-14T09:54:52-05:00
21cc09e28a7f0d10b30eeeadd49774e9f900cd14,frappe/utils/oauth.py,270,frappe_frappe,results/frappe_frappe_matches.csv,2024-03-15T21:10:53+05:30
bb68908fe9e23d23bff917009202184836525ff1,frappe/utils/oauth.py,270,frappe_frappe,results/frappe_frappe_matches.csv,2024-04-15T10:53:38+00:00
9986ea8171b3b02a97c0644cb34bc6f2e1167924,frappe/utils/oauth.py,270,frappe_frappe,results/frappe_frappe_matches.csv,2024-05-15T16:29:55+05:30
639e3409e818a3cd48b5f2a23dd5af44b66bc625,frappe/utils/oauth.py,270,frappe_frappe,results/frappe_frappe_matches.csv,2024-06-14T15:50:36+02:00
259870536450cab45337a8a2b94f407f32895efc,frappe/utils/oauth.py,270,frappe_frappe,results/frappe_frappe_matches.csv,2024-07-14T22:45:05+05:30
9d5ad5ad2ecc3a601b46ef6924adc9cbd10934f7,frappe/utils/oauth.py,271,frappe_frappe,results/frappe_frappe_matches.csv,2024-08-13T21:59:31+02:00
a87de09e795a5529fec2784ee4ab8c769d6c0a31,frappe/utils/oauth.py,271,frappe_frappe,results/frappe_frappe_matches.csv,2024-09-13T11:16:53+05:30
50c6760cf132595575aa5b9f180a56f02dd0991b,frappe/utils/oauth.py,276,frappe_frappe,results/frappe_frappe_matches.csv,2024-10-13T15:16:10+05:30
f0cb96dc3d588cc614adebf8d66647b282d5c082,frappe/utils/oauth.py,276,frappe_frappe,results/frappe_frappe_matches.csv,2024-11-12T15:18:18+05:30
1d31663f4b4b5e6a6283998484d926dfa762bcc4,frappe/utils/oauth.py,275,frappe_frappe,results/frappe_frappe_matches.csv,2024-12-12T13:19:20+01:00
d845c54994016146aaf4f82ac0b78a2c4201ccb9,frappe/utils/response.py,44,frappe_frappe,results/frappe_frappe_matches.csv,2023-10-17T13:24:21+05:30
d845c54994016146aaf4f82ac0b78a2c4201ccb9,frappe/utils/response.py,158,frappe_frappe,results/frappe_frappe_matches.csv,2023-10-17T13:24:21+05:30
95311a986a7fd19dc3912762eba3cd49dbc1326b,frappe/utils/response.py,44,frappe_frappe,results/frappe_frappe_matches.csv,2023-11-16T14:02:30+05:30
95311a986a7fd19dc3912762eba3cd49dbc1326b,frappe/utils/response.py,158,frappe_frappe,results/frappe_frappe_matches.csv,2023-11-16T14:02:30+05:30
d5ccb512512cf050bd0c7526c78b5e5469f38089,frappe/utils/response.py,44,frappe_frappe,results/frappe_frappe_matches.csv,2023-12-16T14:25:39+05:30
d5ccb512512cf050bd0c7526c78b5e5469f38089,frappe/utils/response.py,160,frappe_frappe,results/frappe_frappe_matches.csv,2023-12-16T14:25:39+05:30
53c5383f52f77df9563444f70a946c37bf2bd819,frappe/utils/response.py,44,frappe_frappe,results/frappe_frappe_matches.csv,2024-01-15T16:02:15+05:30
53c5383f52f77df9563444f70a946c37bf2bd819,frappe/utils/response.py,161,frappe_frappe,results/frappe_frappe_matches.csv,2024-01-15T16:02:15+05:30
c2eff72f022ef20567ca8895d3dbe53a52418357,frappe/utils/response.py,44,frappe_frappe,results/frappe_frappe_matches.csv,2024-02-14T09:54:52-05:00
c2eff72f022ef20567ca8895d3dbe53a52418357,frappe/utils/response.py,160,frappe_frappe,results/frappe_frappe_matches.csv,2024-02-14T09:54:52-05:00
21cc09e28a7f0d10b30eeeadd49774e9f900cd14,frappe/utils/response.py,45,frappe_frappe,results/frappe_frappe_matches.csv,2024-03-15T21:10:53+05:30
21cc09e28a7f0d10b30eeeadd49774e9f900cd14,frappe/utils/response.py,166,frappe_frappe,results/frappe_frappe_matches.csv,2024-03-15T21:10:53+05:30
bb68908fe9e23d23bff917009202184836525ff1,frappe/utils/response.py,45,frappe_frappe,results/frappe_frappe_matches.csv,2024-04-15T10:53:38+00:00
bb68908fe9e23d23bff917009202184836525ff1,frappe/utils/response.py,166,frappe_frappe,results/frappe_frappe_matches.csv,2024-04-15T10:53:38+00:00
9986ea8171b3b02a97c0644cb34bc6f2e1167924,frappe/utils/response.py,45,frappe_frappe,results/frappe_frappe_matches.csv,2024-05-15T16:29:55+05:30
9986ea8171b3b02a97c0644cb34bc6f2e1167924,frappe/utils/response.py,166,frappe_frappe,results/frappe_frappe_matches.csv,2024-05-15T16:29:55+05:30
639e3409e818a3cd48b5f2a23dd5af44b66bc625,frappe/utils/response.py,45,frappe_frappe,results/frappe_frappe_matches.csv,2024-06-14T15:50:36+02:00
639e3409e818a3cd48b5f2a23dd5af44b66bc625,frappe/utils/response.py,166,frappe_frappe,results/frappe_frappe_matches.csv,2024-06-14T15:50:36+02:00
259870536450cab45337a8a2b94f407f32895efc,frappe/utils/response.py,45,frappe_frappe,results/frappe_frappe_matches.csv,2024-07-14T22:45:05+05:30
259870536450cab45337a8a2b94f407f32895efc,frappe/utils/response.py,166,frappe_frappe,results/frappe_frappe_matches.csv,2024-07-14T22:45:05+05:30
9d5ad5ad2ecc3a601b46ef6924adc9cbd10934f7,frappe/utils/response.py,45,frappe_frappe,results/frappe_frappe_matches.csv,2024-08-13T21:59:31+02:00
9d5ad5ad2ecc3a601b46ef6924adc9cbd10934f7,frappe/utils/response.py,166,frappe_frappe,results/frappe_frappe_matches.csv,2024-08-13T21:59:31+02:00
a87de09e795a5529fec2784ee4ab8c769d6c0a31,frappe/utils/response.py,45,frappe_frappe,results/frappe_frappe_matches.csv,2024-09-13T11:16:53+05:30
a87de09e795a5529fec2784ee4ab8c769d6c0a31,frappe/utils/response.py,166,frappe_frappe,results/frappe_frappe_matches.csv,2024-09-13T11:16:53+05:30
50c6760cf132595575aa5b9f180a56f02dd0991b,frappe/utils/response.py,46,frappe_frappe,results/frappe_frappe_matches.csv,2024-10-13T15:16:10+05:30
50c6760cf132595575aa5b9f180a56f02dd0991b,frappe/utils/response.py,167,frappe_frappe,results/frappe_frappe_matches.csv,2024-10-13T15:16:10+05:30
f0cb96dc3d588cc614adebf8d66647b282d5c082,frappe/utils/response.py,46,frappe_frappe,results/frappe_frappe_matches.csv,2024-11-12T15:18:18+05:30
f0cb96dc3d588cc614adebf8d66647b282d5c082,frappe/utils/response.py,167,frappe_frappe,results/frappe_frappe_matches.csv,2024-11-12T15:18:18+05:30
1d31663f4b4b5e6a6283998484d926dfa762bcc4,frappe/utils/response.py,46,frappe_frappe,results/frappe_frappe_matches.csv,2024-12-12T13:19:20+01:00
1d31663f4b4b5e6a6283998484d926dfa762bcc4,frappe/utils/response.py,167,frappe_frappe,results/frappe_frappe_matches.csv,2024-12-12T13:19:20+01:00
1d31663f4b4b5e6a6283998484d926dfa762bcc4,frappe/utils/typing_validations.py,83,frappe_frappe,results/frappe_frappe_matches.csv,2024-12-12T13:19:20+01:00
3a6979a966c6443ba718cd5040cb235d9ff58871,gaphor/SysML/drop.py,15,gaphor_gaphor,results/gaphor_gaphor_matches.csv,2023-12-08T22:16:25+00:00
df52cb0127b8131c72581e6930c6c61c0d19debf,gaphor/SysML/drop.py,15,gaphor_gaphor,results/gaphor_gaphor_matches.csv,2024-01-07T19:19:10-04:00
29c3e24f9b180d7522a8ac6fd82eebe8b55e3037,gaphor/SysML/drop.py,15,gaphor_gaphor,results/gaphor_gaphor_matches.csv,2024-02-06T21:01:06-05:00
4f84811ea222560102a783bedf4610d186cd7b36,gaphor/SysML/drop.py,15,gaphor_gaphor,results/gaphor_gaphor_matches.csv,2024-03-08T16:36:07+01:00
69efb754810dac598f887628c2d6199e7529ebe6,gaphor/SysML/drop.py,16,gaphor_gaphor,results/gaphor_gaphor_matches.csv,2024-04-07T13:07:38-04:00
d6717c5439f9d4eb4cc9da8d6614b49f13f423c0,gaphor/SysML/drop.py,16,gaphor_gaphor,results/gaphor_gaphor_matches.csv,2024-05-09T08:35:22+09:30
2fcbc7db2d3eb29020c054a265cf4e6ea57a6225,gaphor/SysML/drop.py,16,gaphor_gaphor,results/gaphor_gaphor_matches.csv,2024-06-09T14:55:13-04:00
1f4f4dd568ab22567f5118ac05f0e840fd97f450,gaphor/SysML/drop.py,16,gaphor_gaphor,results/gaphor_gaphor_matches.csv,2024-07-10T22:15:13+02:00
9752db45b22d226d8962b737f68c9e4b7b30be84,gaphor/SysML/drop.py,16,gaphor_gaphor,results/gaphor_gaphor_matches.csv,2024-08-09T16:24:36-04:00
15a78091643bc991edc546ada784928b644f92c4,gaphor/SysML/drop.py,16,gaphor_gaphor,results/gaphor_gaphor_matches.csv,2024-09-09T19:00:53-04:00
af3f3db23b7c4e0793a5185fe300d9bd57eda49a,gaphor/SysML/drop.py,16,gaphor_gaphor,results/gaphor_gaphor_matches.csv,2024-10-11T10:25:40-04:00
013823748bf40f853d5f6655b46ae7f35e0c0c62,gaphor/SysML/drop.py,16,gaphor_gaphor,results/gaphor_gaphor_matches.csv,2024-11-11T22:55:37+00:00
7615ad0430fa68fe33a49a063447f9b602936581,gaphor/SysML/drop.py,16,gaphor_gaphor,results/gaphor_gaphor_matches.csv,2024-12-11T21:25:43-05:00
2fcbc7db2d3eb29020c054a265cf4e6ea57a6225,gaphor/storage/recovery.py,451,gaphor_gaphor,results/gaphor_gaphor_matches.csv,2024-06-09T14:55:13-04:00
1f4f4dd568ab22567f5118ac05f0e840fd97f450,gaphor/storage/recovery.py,451,gaphor_gaphor,results/gaphor_gaphor_matches.csv,2024-07-10T22:15:13+02:00
9752db45b22d226d8962b737f68c9e4b7b30be84,gaphor/storage/recovery.py,459,gaphor_gaphor,results/gaphor_gaphor_matches.csv,2024-08-09T16:24:36-04:00
15a78091643bc991edc546ada784928b644f92c4,gaphor/storage/recovery.py,459,gaphor_gaphor,results/gaphor_gaphor_matches.csv,2024-09-09T19:00:53-04:00
af3f3db23b7c4e0793a5185fe300d9bd57eda49a,gaphor/storage/recovery.py,459,gaphor_gaphor,results/gaphor_gaphor_matches.csv,2024-10-11T10:25:40-04:00
013823748bf40f853d5f6655b46ae7f35e0c0c62,gaphor/storage/recovery.py,460,gaphor_gaphor,results/gaphor_gaphor_matches.csv,2024-11-11T22:55:37+00:00
7615ad0430fa68fe33a49a063447f9b602936581,gaphor/storage/recovery.py,460,gaphor_gaphor,results/gaphor_gaphor_matches.csv,2024-12-11T21:25:43-05:00
15a78091643bc991edc546ada784928b644f92c4,gaphor/ui/styling.py,28,gaphor_gaphor,results/gaphor_gaphor_matches.csv,2024-09-09T19:00:53-04:00
af3f3db23b7c4e0793a5185fe300d9bd57eda49a,gaphor/ui/styling.py,28,gaphor_gaphor,results/gaphor_gaphor_matches.csv,2024-10-11T10:25:40-04:00
013823748bf40f853d5f6655b46ae7f35e0c0c62,gaphor/ui/styling.py,28,gaphor_gaphor,results/gaphor_gaphor_matches.csv,2024-11-11T22:55:37+00:00
7615ad0430fa68fe33a49a063447f9b602936581,gaphor/ui/styling.py,28,gaphor_gaphor,results/gaphor_gaphor_matches.csv,2024-12-11T21:25:43-05:00
65fbfef99c0697e9ca72f4de56fc83531274bbbd,Assembler/assembler.py,73,geekcomputers_python,results/geekcomputers_python_matches.csv,2023-08-08T07:11:03+05:30
65fbfef99c0697e9ca72f4de56fc83531274bbbd,Assembler/assembler.py,77,geekcomputers_python,results/geekcomputers_python_matches.csv,2023-08-08T07:11:03+05:30
65fbfef99c0697e9ca72f4de56fc83531274bbbd,Assembler/assembler.py,176,geekcomputers_python,results/geekcomputers_python_matches.csv,2023-08-08T07:11:03+05:30
65fbfef99c0697e9ca72f4de56fc83531274bbbd,Assembler/assembler.py,196,geekcomputers_python,results/geekcomputers_python_matches.csv,2023-08-08T07:11:03+05:30
65fbfef99c0697e9ca72f4de56fc83531274bbbd,Assembler/assembler.py,238,geekcomputers_python,results/geekcomputers_python_matches.csv,2023-08-08T07:11:03+05:30
65fbfef99c0697e9ca72f4de56fc83531274bbbd,Assembler/assembler.py,272,geekcomputers_python,results/geekcomputers_python_matches.csv,2023-08-08T07:11:03+05:30
65fbfef99c0697e9ca72f4de56fc83531274bbbd,Assembler/assembler.py,287,geekcomputers_python,results/geekcomputers_python_matches.csv,2023-08-08T07:11:03+05:30
65fbfef99c0697e9ca72f4de56fc83531274bbbd,Assembler/assembler.py,315,geekcomputers_python,results/geekcomputers_python_matches.csv,2023-08-08T07:11:03+05:30
65fbfef99c0697e9ca72f4de56fc83531274bbbd,Assembler/assembler.py,329,geekcomputers_python,results/geekcomputers_python_matches.csv,2023-08-08T07:11:03+05:30
65fbfef99c0697e9ca72f4de56fc83531274bbbd,Assembler/assembler.py,598,geekcomputers_python,results/geekcomputers_python_matches.csv,2023-08-08T07:11:03+05:30
65fbfef99c0697e9ca72f4de56fc83531274bbbd,Assembler/assembler.py,804,geekcomputers_python,results/geekcomputers_python_matches.csv,2023-08-08T07:11:03+05:30
65fbfef99c0697e9ca72f4de56fc83531274bbbd,Assembler/assembler.py,817,geekcomputers_python,results/geekcomputers_python_matches.csv,2023-08-08T07:11:03+05:30
65fbfef99c0697e9ca72f4de56fc83531274bbbd,Assembler/assembler.py,844,geekcomputers_python,results/geekcomputers_python_matches.csv,2023-08-08T07:11:03+05:30
65fbfef99c0697e9ca72f4de56fc83531274bbbd,Assembler/assembler.py,857,geekcomputers_python,results/geekcomputers_python_matches.csv,2023-08-08T07:11:03+05:30
65fbfef99c0697e9ca72f4de56fc83531274bbbd,Assembler/assembler.py,884,geekcomputers_python,results/geekcomputers_python_matches.csv,2023-08-08T07:11:03+05:30
65fbfef99c0697e9ca72f4de56fc83531274bbbd,Assembler/assembler.py,911,geekcomputers_python,results/geekcomputers_python_matches.csv,2023-08-08T07:11:03+05:30
65fbfef99c0697e9ca72f4de56fc83531274bbbd,Assembler/assembler.py,1011,geekcomputers_python,results/geekcomputers_python_matches.csv,2023-08-08T07:11:03+05:30
65fbfef99c0697e9ca72f4de56fc83531274bbbd,Assembler/assembler.py,1021,geekcomputers_python,results/geekcomputers_python_matches.csv,2023-08-08T07:11:03+05:30
65fbfef99c0697e9ca72f4de56fc83531274bbbd,Assembler/assembler.py,1056,geekcomputers_python,results/geekcomputers_python_matches.csv,2023-08-08T07:11:03+05:30
65fbfef99c0697e9ca72f4de56fc83531274bbbd,Assembler/assembler.py,1075,geekcomputers_python,results/geekcomputers_python_matches.csv,2023-08-08T07:11:03+05:30
65fbfef99c0697e9ca72f4de56fc83531274bbbd,Assembler/assembler.py,1250,geekcomputers_python,results/geekcomputers_python_matches.csv,2023-08-08T07:11:03+05:30
65fbfef99c0697e9ca72f4de56fc83531274bbbd,Assembler/assembler.py,1452,geekcomputers_python,results/geekcomputers_python_matches.csv,2023-08-08T07:11:03+05:30
65fbfef99c0697e9ca72f4de56fc83531274bbbd,Assembler/assembler.py,1487,geekcomputers_python,results/geekcomputers_python_matches.csv,2023-08-08T07:11:03+05:30
35c8eb096535c96d5a02cadb403c04bb07829fde,Assembler/assembler.py,73,geekcomputers_python,results/geekcomputers_python_matches.csv,2023-09-15T18:58:04+00:00
35c8eb096535c96d5a02cadb403c04bb07829fde,Assembler/assembler.py,77,geekcomputers_python,results/geekcomputers_python_matches.csv,2023-09-15T18:58:04+00:00
35c8eb096535c96d5a02cadb403c04bb07829fde,Assembler/assembler.py,176,geekcomputers_python,results/geekcomputers_python_matches.csv,2023-09-15T18:58:04+00:00
35c8eb096535c96d5a02cadb403c04bb07829fde,Assembler/assembler.py,196,geekcomputers_python,results/geekcomputers_python_matches.csv,2023-09-15T18:58:04+00:00
35c8eb096535c96d5a02cadb403c04bb07829fde,Assembler/assembler.py,238,geekcomputers_python,results/geekcomputers_python_matches.csv,2023-09-15T18:58:04+00:00
35c8eb096535c96d5a02cadb403c04bb07829fde,Assembler/assembler.py,272,geekcomputers_python,results/geekcomputers_python_matches.csv,2023-09-15T18:58:04+00:00
35c8eb096535c96d5a02cadb403c04bb07829fde,Assembler/assembler.py,287,geekcomputers_python,results/geekcomputers_python_matches.csv,2023-09-15T18:58:04+00:00
35c8eb096535c96d5a02cadb403c04bb07829fde,Assembler/assembler.py,315,geekcomputers_python,results/geekcomputers_python_matches.csv,2023-09-15T18:58:04+00:00
35c8eb096535c96d5a02cadb403c04bb07829fde,Assembler/assembler.py,329,geekcomputers_python,results/geekcomputers_python_matches.csv,2023-09-15T18:58:04+00:00
35c8eb096535c96d5a02cadb403c04bb07829fde,Assembler/assembler.py,598,geekcomputers_python,results/geekcomputers_python_matches.csv,2023-09-15T18:58:04+00:00
35c8eb096535c96d5a02cadb403c04bb07829fde,Assembler/assembler.py,804,geekcomputers_python,results/geekcomputers_python_matches.csv,2023-09-15T18:58:04+00:00
35c8eb096535c96d5a02cadb403c04bb07829fde,Assembler/assembler.py,817,geekcomputers_python,results/geekcomputers_python_matches.csv,2023-09-15T18:58:04+00:00
35c8eb096535c96d5a02cadb403c04bb07829fde,Assembler/assembler.py,844,geekcomputers_python,results/geekcomputers_python_matches.csv,2023-09-15T18:58:04+00:00
35c8eb096535c96d5a02cadb403c04bb07829fde,Assembler/assembler.py,857,geekcomputers_python,results/geekcomputers_python_matches.csv,2023-09-15T18:58:04+00:00
35c8eb096535c96d5a02cadb403c04bb07829fde,Assembler/assembler.py,884,geekcomputers_python,results/geekcomputers_python_matches.csv,2023-09-15T18:58:04+00:00
35c8eb096535c96d5a02cadb403c04bb07829fde,Assembler/assembler.py,911,geekcomputers_python,results/geekcomputers_python_matches.csv,2023-09-15T18:58:04+00:00
35c8eb096535c96d5a02cadb403c04bb07829fde,Assembler/assembler.py,1011,geekcomputers_python,results/geekcomputers_python_matches.csv,2023-09-15T18:58:04+00:00
35c8eb096535c96d5a02cadb403c04bb07829fde,Assembler/assembler.py,1021,geekcomputers_python,results/geekcomputers_python_matches.csv,2023-09-15T18:58:04+00:00
35c8eb096535c96d5a02cadb403c04bb07829fde,Assembler/assembler.py,1056,geekcomputers_python,results/geekcomputers_python_matches.csv,2023-09-15T18:58:04+00:00
35c8eb096535c96d5a02cadb403c04bb07829fde,Assembler/assembler.py,1075,geekcomputers_python,results/geekcomputers_python_matches.csv,2023-09-15T18:58:04+00:00
35c8eb096535c96d5a02cadb403c04bb07829fde,Assembler/assembler.py,1250,geekcomputers_python,results/geekcomputers_python_matches.csv,2023-09-15T18:58:04+00:00
35c8eb096535c96d5a02cadb403c04bb07829fde,Assembler/assembler.py,1452,geekcomputers_python,results/geekcomputers_python_matches.csv,2023-09-15T18:58:04+00:00
35c8eb096535c96d5a02cadb403c04bb07829fde,Assembler/assembler.py,1487,geekcomputers_python,results/geekcomputers_python_matches.csv,2023-09-15T18:58:04+00:00
d4a0150cee4fee48ec360f1cba5b0aadd27f83d4,Assembler/assembler.py,73,geekcomputers_python,results/geekcomputers_python_matches.csv,2023-10-16T18:10:31+00:00
d4a0150cee4fee48ec360f1cba5b0aadd27f83d4,Assembler/assembler.py,77,geekcomputers_python,results/geekcomputers_python_matches.csv,2023-10-16T18:10:31+00:00
d4a0150cee4fee48ec360f1cba5b0aadd27f83d4,Assembler/assembler.py,176,geekcomputers_python,results/geekcomputers_python_matches.csv,2023-10-16T18:10:31+00:00
d4a0150cee4fee48ec360f1cba5b0aadd27f83d4,Assembler/assembler.py,196,geekcomputers_python,results/geekcomputers_python_matches.csv,2023-10-16T18:10:31+00:00
d4a0150cee4fee48ec360f1cba5b0aadd27f83d4,Assembler/assembler.py,238,geekcomputers_python,results/geekcomputers_python_matches.csv,2023-10-16T18:10:31+00:00
d4a0150cee4fee48ec360f1cba5b0aadd27f83d4,Assembler/assembler.py,272,geekcomputers_python,results/geekcomputers_python_matches.csv,2023-10-16T18:10:31+00:00
d4a0150cee4fee48ec360f1cba5b0aadd27f83d4,Assembler/assembler.py,287,geekcomputers_python,results/geekcomputers_python_matches.csv,2023-10-16T18:10:31+00:00
d4a0150cee4fee48ec360f1cba5b0aadd27f83d4,Assembler/assembler.py,315,geekcomputers_python,results/geekcomputers_python_matches.csv,2023-10-16T18:10:31+00:00
d4a0150cee4fee48ec360f1cba5b0aadd27f83d4,Assembler/assembler.py,329,geekcomputers_python,results/geekcomputers_python_matches.csv,2023-10-16T18:10:31+00:00
d4a0150cee4fee48ec360f1cba5b0aadd27f83d4,Assembler/assembler.py,598,geekcomputers_python,results/geekcomputers_python_matches.csv,2023-10-16T18:10:31+00:00
d4a0150cee4fee48ec360f1cba5b0aadd27f83d4,Assembler/assembler.py,804,geekcomputers_python,results/geekcomputers_python_matches.csv,2023-10-16T18:10:31+00:00
d4a0150cee4fee48ec360f1cba5b0aadd27f83d4,Assembler/assembler.py,817,geekcomputers_python,results/geekcomputers_python_matches.csv,2023-10-16T18:10:31+00:00
d4a0150cee4fee48ec360f1cba5b0aadd27f83d4,Assembler/assembler.py,844,geekcomputers_python,results/geekcomputers_python_matches.csv,2023-10-16T18:10:31+00:00
d4a0150cee4fee48ec360f1cba5b0aadd27f83d4,Assembler/assembler.py,857,geekcomputers_python,results/geekcomputers_python_matches.csv,2023-10-16T18:10:31+00:00
d4a0150cee4fee48ec360f1cba5b0aadd27f83d4,Assembler/assembler.py,884,geekcomputers_python,results/geekcomputers_python_matches.csv,2023-10-16T18:10:31+00:00
d4a0150cee4fee48ec360f1cba5b0aadd27f83d4,Assembler/assembler.py,911,geekcomputers_python,results/geekcomputers_python_matches.csv,2023-10-16T18:10:31+00:00
d4a0150cee4fee48ec360f1cba5b0aadd27f83d4,Assembler/assembler.py,1011,geekcomputers_python,results/geekcomputers_python_matches.csv,2023-10-16T18:10:31+00:00
d4a0150cee4fee48ec360f1cba5b0aadd27f83d4,Assembler/assembler.py,1021,geekcomputers_python,results/geekcomputers_python_matches.csv,2023-10-16T18:10:31+00:00
d4a0150cee4fee48ec360f1cba5b0aadd27f83d4,Assembler/assembler.py,1056,geekcomputers_python,results/geekcomputers_python_matches.csv,2023-10-16T18:10:31+00:00
d4a0150cee4fee48ec360f1cba5b0aadd27f83d4,Assembler/assembler.py,1075,geekcomputers_python,results/geekcomputers_python_matches.csv,2023-10-16T18:10:31+00:00
d4a0150cee4fee48ec360f1cba5b0aadd27f83d4,Assembler/assembler.py,1250,geekcomputers_python,results/geekcomputers_python_matches.csv,2023-10-16T18:10:31+00:00
d4a0150cee4fee48ec360f1cba5b0aadd27f83d4,Assembler/assembler.py,1452,geekcomputers_python,results/geekcomputers_python_matches.csv,2023-10-16T18:10:31+00:00
d4a0150cee4fee48ec360f1cba5b0aadd27f83d4,Assembler/assembler.py,1487,geekcomputers_python,results/geekcomputers_python_matches.csv,2023-10-16T18:10:31+00:00
816a3a02cf86a518551ceac58816c078cba5ac52,Assembler/assembler.py,73,geekcomputers_python,results/geekcomputers_python_matches.csv,2023-11-15T17:52:00-08:00
816a3a02cf86a518551ceac58816c078cba5ac52,Assembler/assembler.py,77,geekcomputers_python,results/geekcomputers_python_matches.csv,2023-11-15T17:52:00-08:00
816a3a02cf86a518551ceac58816c078cba5ac52,Assembler/assembler.py,176,geekcomputers_python,results/geekcomputers_python_matches.csv,2023-11-15T17:52:00-08:00
816a3a02cf86a518551ceac58816c078cba5ac52,Assembler/assembler.py,196,geekcomputers_python,results/geekcomputers_python_matches.csv,2023-11-15T17:52:00-08:00
816a3a02cf86a518551ceac58816c078cba5ac52,Assembler/assembler.py,238,geekcomputers_python,results/geekcomputers_python_matches.csv,2023-11-15T17:52:00-08:00
816a3a02cf86a518551ceac58816c078cba5ac52,Assembler/assembler.py,272,geekcomputers_python,results/geekcomputers_python_matches.csv,2023-11-15T17:52:00-08:00
816a3a02cf86a518551ceac58816c078cba5ac52,Assembler/assembler.py,287,geekcomputers_python,results/geekcomputers_python_matches.csv,2023-11-15T17:52:00-08:00
816a3a02cf86a518551ceac58816c078cba5ac52,Assembler/assembler.py,315,geekcomputers_python,results/geekcomputers_python_matches.csv,2023-11-15T17:52:00-08:00
816a3a02cf86a518551ceac58816c078cba5ac52,Assembler/assembler.py,329,geekcomputers_python,results/geekcomputers_python_matches.csv,2023-11-15T17:52:00-08:00
816a3a02cf86a518551ceac58816c078cba5ac52,Assembler/assembler.py,598,geekcomputers_python,results/geekcomputers_python_matches.csv,2023-11-15T17:52:00-08:00
816a3a02cf86a518551ceac58816c078cba5ac52,Assembler/assembler.py,804,geekcomputers_python,results/geekcomputers_python_matches.csv,2023-11-15T17:52:00-08:00
816a3a02cf86a518551ceac58816c078cba5ac52,Assembler/assembler.py,817,geekcomputers_python,results/geekcomputers_python_matches.csv,2023-11-15T17:52:00-08:00
816a3a02cf86a518551ceac58816c078cba5ac52,Assembler/assembler.py,844,geekcomputers_python,results/geekcomputers_python_matches.csv,2023-11-15T17:52:00-08:00
816a3a02cf86a518551ceac58816c078cba5ac52,Assembler/assembler.py,857,geekcomputers_python,results/geekcomputers_python_matches.csv,2023-11-15T17:52:00-08:00
816a3a02cf86a518551ceac58816c078cba5ac52,Assembler/assembler.py,884,geekcomputers_python,results/geekcomputers_python_matches.csv,2023-11-15T17:52:00-08:00
816a3a02cf86a518551ceac58816c078cba5ac52,Assembler/assembler.py,911,geekcomputers_python,results/geekcomputers_python_matches.csv,2023-11-15T17:52:00-08:00
816a3a02cf86a518551ceac58816c078cba5ac52,Assembler/assembler.py,1011,geekcomputers_python,results/geekcomputers_python_matches.csv,2023-11-15T17:52:00-08:00
816a3a02cf86a518551ceac58816c078cba5ac52,Assembler/assembler.py,1021,geekcomputers_python,results/geekcomputers_python_matches.csv,2023-11-15T17:52:00-08:00
816a3a02cf86a518551ceac58816c078cba5ac52,Assembler/assembler.py,1056,geekcomputers_python,results/geekcomputers_python_matches.csv,2023-11-15T17:52:00-08:00
816a3a02cf86a518551ceac58816c078cba5ac52,Assembler/assembler.py,1075,geekcomputers_python,results/geekcomputers_python_matches.csv,2023-11-15T17:52:00-08:00
816a3a02cf86a518551ceac58816c078cba5ac52,Assembler/assembler.py,1250,geekcomputers_python,results/geekcomputers_python_matches.csv,2023-11-15T17:52:00-08:00
816a3a02cf86a518551ceac58816c078cba5ac52,Assembler/assembler.py,1452,geekcomputers_python,results/geekcomputers_python_matches.csv,2023-11-15T17:52:00-08:00
816a3a02cf86a518551ceac58816c078cba5ac52,Assembler/assembler.py,1487,geekcomputers_python,results/geekcomputers_python_matches.csv,2023-11-15T17:52:00-08:00
08f67c886c990b19db2f3127466bd1951f4b0b2e,Assembler/assembler.py,73,geekcomputers_python,results/geekcomputers_python_matches.csv,2023-12-17T10:54:29+00:00
08f67c886c990b19db2f3127466bd1951f4b0b2e,Assembler/assembler.py,77,geekcomputers_python,results/geekcomputers_python_matches.csv,2023-12-17T10:54:29+00:00
08f67c886c990b19db2f3127466bd1951f4b0b2e,Assembler/assembler.py,176,geekcomputers_python,results/geekcomputers_python_matches.csv,2023-12-17T10:54:29+00:00
08f67c886c990b19db2f3127466bd1951f4b0b2e,Assembler/assembler.py,196,geekcomputers_python,results/geekcomputers_python_matches.csv,2023-12-17T10:54:29+00:00
08f67c886c990b19db2f3127466bd1951f4b0b2e,Assembler/assembler.py,238,geekcomputers_python,results/geekcomputers_python_matches.csv,2023-12-17T10:54:29+00:00
08f67c886c990b19db2f3127466bd1951f4b0b2e,Assembler/assembler.py,272,geekcomputers_python,results/geekcomputers_python_matches.csv,2023-12-17T10:54:29+00:00
08f67c886c990b19db2f3127466bd1951f4b0b2e,Assembler/assembler.py,287,geekcomputers_python,results/geekcomputers_python_matches.csv,2023-12-17T10:54:29+00:00
08f67c886c990b19db2f3127466bd1951f4b0b2e,Assembler/assembler.py,315,geekcomputers_python,results/geekcomputers_python_matches.csv,2023-12-17T10:54:29+00:00
08f67c886c990b19db2f3127466bd1951f4b0b2e,Assembler/assembler.py,329,geekcomputers_python,results/geekcomputers_python_matches.csv,2023-12-17T10:54:29+00:00
08f67c886c990b19db2f3127466bd1951f4b0b2e,Assembler/assembler.py,598,geekcomputers_python,results/geekcomputers_python_matches.csv,2023-12-17T10:54:29+00:00
08f67c886c990b19db2f3127466bd1951f4b0b2e,Assembler/assembler.py,804,geekcomputers_python,results/geekcomputers_python_matches.csv,2023-12-17T10:54:29+00:00
08f67c886c990b19db2f3127466bd1951f4b0b2e,Assembler/assembler.py,817,geekcomputers_python,results/geekcomputers_python_matches.csv,2023-12-17T10:54:29+00:00
08f67c886c990b19db2f3127466bd1951f4b0b2e,Assembler/assembler.py,844,geekcomputers_python,results/geekcomputers_python_matches.csv,2023-12-17T10:54:29+00:00
08f67c886c990b19db2f3127466bd1951f4b0b2e,Assembler/assembler.py,857,geekcomputers_python,results/geekcomputers_python_matches.csv,2023-12-17T10:54:29+00:00
08f67c886c990b19db2f3127466bd1951f4b0b2e,Assembler/assembler.py,884,geekcomputers_python,results/geekcomputers_python_matches.csv,2023-12-17T10:54:29+00:00
08f67c886c990b19db2f3127466bd1951f4b0b2e,Assembler/assembler.py,911,geekcomputers_python,results/geekcomputers_python_matches.csv,2023-12-17T10:54:29+00:00
08f67c886c990b19db2f3127466bd1951f4b0b2e,Assembler/assembler.py,1011,geekcomputers_python,results/geekcomputers_python_matches.csv,2023-12-17T10:54:29+00:00
08f67c886c990b19db2f3127466bd1951f4b0b2e,Assembler/assembler.py,1021,geekcomputers_python,results/geekcomputers_python_matches.csv,2023-12-17T10:54:29+00:00
08f67c886c990b19db2f3127466bd1951f4b0b2e,Assembler/assembler.py,1056,geekcomputers_python,results/geekcomputers_python_matches.csv,2023-12-17T10:54:29+00:00
08f67c886c990b19db2f3127466bd1951f4b0b2e,Assembler/assembler.py,1075,geekcomputers_python,results/geekcomputers_python_matches.csv,2023-12-17T10:54:29+00:00
08f67c886c990b19db2f3127466bd1951f4b0b2e,Assembler/assembler.py,1250,geekcomputers_python,results/geekcomputers_python_matches.csv,2023-12-17T10:54:29+00:00
08f67c886c990b19db2f3127466bd1951f4b0b2e,Assembler/assembler.py,1452,geekcomputers_python,results/geekcomputers_python_matches.csv,2023-12-17T10:54:29+00:00
08f67c886c990b19db2f3127466bd1951f4b0b2e,Assembler/assembler.py,1487,geekcomputers_python,results/geekcomputers_python_matches.csv,2023-12-17T10:54:29+00:00
c756aaf516c02be3e949056a49b1e186f5c0b2f8,Assembler/assembler.py,73,geekcomputers_python,results/geekcomputers_python_matches.csv,2024-01-16T18:04:45+00:00
c756aaf516c02be3e949056a49b1e186f5c0b2f8,Assembler/assembler.py,77,geekcomputers_python,results/geekcomputers_python_matches.csv,2024-01-16T18:04:45+00:00
c756aaf516c02be3e949056a49b1e186f5c0b2f8,Assembler/assembler.py,176,geekcomputers_python,results/geekcomputers_python_matches.csv,2024-01-16T18:04:45+00:00
c756aaf516c02be3e949056a49b1e186f5c0b2f8,Assembler/assembler.py,196,geekcomputers_python,results/geekcomputers_python_matches.csv,2024-01-16T18:04:45+00:00
c756aaf516c02be3e949056a49b1e186f5c0b2f8,Assembler/assembler.py,238,geekcomputers_python,results/geekcomputers_python_matches.csv,2024-01-16T18:04:45+00:00
c756aaf516c02be3e949056a49b1e186f5c0b2f8,Assembler/assembler.py,272,geekcomputers_python,results/geekcomputers_python_matches.csv,2024-01-16T18:04:45+00:00
c756aaf516c02be3e949056a49b1e186f5c0b2f8,Assembler/assembler.py,287,geekcomputers_python,results/geekcomputers_python_matches.csv,2024-01-16T18:04:45+00:00
c756aaf516c02be3e949056a49b1e186f5c0b2f8,Assembler/assembler.py,315,geekcomputers_python,results/geekcomputers_python_matches.csv,2024-01-16T18:04:45+00:00
c756aaf516c02be3e949056a49b1e186f5c0b2f8,Assembler/assembler.py,329,geekcomputers_python,results/geekcomputers_python_matches.csv,2024-01-16T18:04:45+00:00
c756aaf516c02be3e949056a49b1e186f5c0b2f8,Assembler/assembler.py,598,geekcomputers_python,results/geekcomputers_python_matches.csv,2024-01-16T18:04:45+00:00
c756aaf516c02be3e949056a49b1e186f5c0b2f8,Assembler/assembler.py,804,geekcomputers_python,results/geekcomputers_python_matches.csv,2024-01-16T18:04:45+00:00
c756aaf516c02be3e949056a49b1e186f5c0b2f8,Assembler/assembler.py,817,geekcomputers_python,results/geekcomputers_python_matches.csv,2024-01-16T18:04:45+00:00
c756aaf516c02be3e949056a49b1e186f5c0b2f8,Assembler/assembler.py,844,geekcomputers_python,results/geekcomputers_python_matches.csv,2024-01-16T18:04:45+00:00
c756aaf516c02be3e949056a49b1e186f5c0b2f8,Assembler/assembler.py,857,geekcomputers_python,results/geekcomputers_python_matches.csv,2024-01-16T18:04:45+00:00
c756aaf516c02be3e949056a49b1e186f5c0b2f8,Assembler/assembler.py,884,geekcomputers_python,results/geekcomputers_python_matches.csv,2024-01-16T18:04:45+00:00
c756aaf516c02be3e949056a49b1e186f5c0b2f8,Assembler/assembler.py,911,geekcomputers_python,results/geekcomputers_python_matches.csv,2024-01-16T18:04:45+00:00
c756aaf516c02be3e949056a49b1e186f5c0b2f8,Assembler/assembler.py,1011,geekcomputers_python,results/geekcomputers_python_matches.csv,2024-01-16T18:04:45+00:00
c756aaf516c02be3e949056a49b1e186f5c0b2f8,Assembler/assembler.py,1021,geekcomputers_python,results/geekcomputers_python_matches.csv,2024-01-16T18:04:45+00:00
c756aaf516c02be3e949056a49b1e186f5c0b2f8,Assembler/assembler.py,1056,geekcomputers_python,results/geekcomputers_python_matches.csv,2024-01-16T18:04:45+00:00
c756aaf516c02be3e949056a49b1e186f5c0b2f8,Assembler/assembler.py,1075,geekcomputers_python,results/geekcomputers_python_matches.csv,2024-01-16T18:04:45+00:00
c756aaf516c02be3e949056a49b1e186f5c0b2f8,Assembler/assembler.py,1250,geekcomputers_python,results/geekcomputers_python_matches.csv,2024-01-16T18:04:45+00:00
c756aaf516c02be3e949056a49b1e186f5c0b2f8,Assembler/assembler.py,1452,geekcomputers_python,results/geekcomputers_python_matches.csv,2024-01-16T18:04:45+00:00
c756aaf516c02be3e949056a49b1e186f5c0b2f8,Assembler/assembler.py,1487,geekcomputers_python,results/geekcomputers_python_matches.csv,2024-01-16T18:04:45+00:00
3aaf43862ab35dc93efa0394e89fc41077067797,Assembler/assembler.py,73,geekcomputers_python,results/geekcomputers_python_matches.csv,2024-02-27T18:27:19+00:00
3aaf43862ab35dc93efa0394e89fc41077067797,Assembler/assembler.py,77,geekcomputers_python,results/geekcomputers_python_matches.csv,2024-02-27T18:27:19+00:00
3aaf43862ab35dc93efa0394e89fc41077067797,Assembler/assembler.py,176,geekcomputers_python,results/geekcomputers_python_matches.csv,2024-02-27T18:27:19+00:00
3aaf43862ab35dc93efa0394e89fc41077067797,Assembler/assembler.py,196,geekcomputers_python,results/geekcomputers_python_matches.csv,2024-02-27T18:27:19+00:00
3aaf43862ab35dc93efa0394e89fc41077067797,Assembler/assembler.py,238,geekcomputers_python,results/geekcomputers_python_matches.csv,2024-02-27T18:27:19+00:00
3aaf43862ab35dc93efa0394e89fc41077067797,Assembler/assembler.py,272,geekcomputers_python,results/geekcomputers_python_matches.csv,2024-02-27T18:27:19+00:00
3aaf43862ab35dc93efa0394e89fc41077067797,Assembler/assembler.py,287,geekcomputers_python,results/geekcomputers_python_matches.csv,2024-02-27T18:27:19+00:00
3aaf43862ab35dc93efa0394e89fc41077067797,Assembler/assembler.py,315,geekcomputers_python,results/geekcomputers_python_matches.csv,2024-02-27T18:27:19+00:00
3aaf43862ab35dc93efa0394e89fc41077067797,Assembler/assembler.py,329,geekcomputers_python,results/geekcomputers_python_matches.csv,2024-02-27T18:27:19+00:00
3aaf43862ab35dc93efa0394e89fc41077067797,Assembler/assembler.py,598,geekcomputers_python,results/geekcomputers_python_matches.csv,2024-02-27T18:27:19+00:00
3aaf43862ab35dc93efa0394e89fc41077067797,Assembler/assembler.py,804,geekcomputers_python,results/geekcomputers_python_matches.csv,2024-02-27T18:27:19+00:00
3aaf43862ab35dc93efa0394e89fc41077067797,Assembler/assembler.py,817,geekcomputers_python,results/geekcomputers_python_matches.csv,2024-02-27T18:27:19+00:00
3aaf43862ab35dc93efa0394e89fc41077067797,Assembler/assembler.py,844,geekcomputers_python,results/geekcomputers_python_matches.csv,2024-02-27T18:27:19+00:00
3aaf43862ab35dc93efa0394e89fc41077067797,Assembler/assembler.py,857,geekcomputers_python,results/geekcomputers_python_matches.csv,2024-02-27T18:27:19+00:00
3aaf43862ab35dc93efa0394e89fc41077067797,Assembler/assembler.py,884,geekcomputers_python,results/geekcomputers_python_matches.csv,2024-02-27T18:27:19+00:00
3aaf43862ab35dc93efa0394e89fc41077067797,Assembler/assembler.py,911,geekcomputers_python,results/geekcomputers_python_matches.csv,2024-02-27T18:27:19+00:00
3aaf43862ab35dc93efa0394e89fc41077067797,Assembler/assembler.py,1011,geekcomputers_python,results/geekcomputers_python_matches.csv,2024-02-27T18:27:19+00:00
3aaf43862ab35dc93efa0394e89fc41077067797,Assembler/assembler.py,1021,geekcomputers_python,results/geekcomputers_python_matches.csv,2024-02-27T18:27:19+00:00
3aaf43862ab35dc93efa0394e89fc41077067797,Assembler/assembler.py,1056,geekcomputers_python,results/geekcomputers_python_matches.csv,2024-02-27T18:27:19+00:00
3aaf43862ab35dc93efa0394e89fc41077067797,Assembler/assembler.py,1075,geekcomputers_python,results/geekcomputers_python_matches.csv,2024-02-27T18:27:19+00:00
3aaf43862ab35dc93efa0394e89fc41077067797,Assembler/assembler.py,1250,geekcomputers_python,results/geekcomputers_python_matches.csv,2024-02-27T18:27:19+00:00
3aaf43862ab35dc93efa0394e89fc41077067797,Assembler/assembler.py,1452,geekcomputers_python,results/geekcomputers_python_matches.csv,2024-02-27T18:27:19+00:00
3aaf43862ab35dc93efa0394e89fc41077067797,Assembler/assembler.py,1487,geekcomputers_python,results/geekcomputers_python_matches.csv,2024-02-27T18:27:19+00:00
e8991dc9cc7539185d293f0186f89e37a31d3100,Assembler/assembler.py,73,geekcomputers_python,results/geekcomputers_python_matches.csv,2024-04-03T15:43:02+05:30
e8991dc9cc7539185d293f0186f89e37a31d3100,Assembler/assembler.py,77,geekcomputers_python,results/geekcomputers_python_matches.csv,2024-04-03T15:43:02+05:30
e8991dc9cc7539185d293f0186f89e37a31d3100,Assembler/assembler.py,176,geekcomputers_python,results/geekcomputers_python_matches.csv,2024-04-03T15:43:02+05:30
e8991dc9cc7539185d293f0186f89e37a31d3100,Assembler/assembler.py,196,geekcomputers_python,results/geekcomputers_python_matches.csv,2024-04-03T15:43:02+05:30
e8991dc9cc7539185d293f0186f89e37a31d3100,Assembler/assembler.py,238,geekcomputers_python,results/geekcomputers_python_matches.csv,2024-04-03T15:43:02+05:30
e8991dc9cc7539185d293f0186f89e37a31d3100,Assembler/assembler.py,272,geekcomputers_python,results/geekcomputers_python_matches.csv,2024-04-03T15:43:02+05:30
e8991dc9cc7539185d293f0186f89e37a31d3100,Assembler/assembler.py,287,geekcomputers_python,results/geekcomputers_python_matches.csv,2024-04-03T15:43:02+05:30
e8991dc9cc7539185d293f0186f89e37a31d3100,Assembler/assembler.py,315,geekcomputers_python,results/geekcomputers_python_matches.csv,2024-04-03T15:43:02+05:30
e8991dc9cc7539185d293f0186f89e37a31d3100,Assembler/assembler.py,329,geekcomputers_python,results/geekcomputers_python_matches.csv,2024-04-03T15:43:02+05:30
e8991dc9cc7539185d293f0186f89e37a31d3100,Assembler/assembler.py,598,geekcomputers_python,results/geekcomputers_python_matches.csv,2024-04-03T15:43:02+05:30
e8991dc9cc7539185d293f0186f89e37a31d3100,Assembler/assembler.py,804,geekcomputers_python,results/geekcomputers_python_matches.csv,2024-04-03T15:43:02+05:30
e8991dc9cc7539185d293f0186f89e37a31d3100,Assembler/assembler.py,817,geekcomputers_python,results/geekcomputers_python_matches.csv,2024-04-03T15:43:02+05:30
e8991dc9cc7539185d293f0186f89e37a31d3100,Assembler/assembler.py,844,geekcomputers_python,results/geekcomputers_python_matches.csv,2024-04-03T15:43:02+05:30
e8991dc9cc7539185d293f0186f89e37a31d3100,Assembler/assembler.py,857,geekcomputers_python,results/geekcomputers_python_matches.csv,2024-04-03T15:43:02+05:30
e8991dc9cc7539185d293f0186f89e37a31d3100,Assembler/assembler.py,884,geekcomputers_python,results/geekcomputers_python_matches.csv,2024-04-03T15:43:02+05:30
e8991dc9cc7539185d293f0186f89e37a31d3100,Assembler/assembler.py,911,geekcomputers_python,results/geekcomputers_python_matches.csv,2024-04-03T15:43:02+05:30
e8991dc9cc7539185d293f0186f89e37a31d3100,Assembler/assembler.py,1011,geekcomputers_python,results/geekcomputers_python_matches.csv,2024-04-03T15:43:02+05:30
e8991dc9cc7539185d293f0186f89e37a31d3100,Assembler/assembler.py,1021,geekcomputers_python,results/geekcomputers_python_matches.csv,2024-04-03T15:43:02+05:30
e8991dc9cc7539185d293f0186f89e37a31d3100,Assembler/assembler.py,1056,geekcomputers_python,results/geekcomputers_python_matches.csv,2024-04-03T15:43:02+05:30
e8991dc9cc7539185d293f0186f89e37a31d3100,Assembler/assembler.py,1075,geekcomputers_python,results/geekcomputers_python_matches.csv,2024-04-03T15:43:02+05:30
e8991dc9cc7539185d293f0186f89e37a31d3100,Assembler/assembler.py,1250,geekcomputers_python,results/geekcomputers_python_matches.csv,2024-04-03T15:43:02+05:30
e8991dc9cc7539185d293f0186f89e37a31d3100,Assembler/assembler.py,1452,geekcomputers_python,results/geekcomputers_python_matches.csv,2024-04-03T15:43:02+05:30
e8991dc9cc7539185d293f0186f89e37a31d3100,Assembler/assembler.py,1487,geekcomputers_python,results/geekcomputers_python_matches.csv,2024-04-03T15:43:02+05:30
902944d0a5572ada8f65991cd35925682ca39faf,Assembler/assembler.py,73,geekcomputers_python,results/geekcomputers_python_matches.csv,2024-05-03T22:04:30+01:00
902944d0a5572ada8f65991cd35925682ca39faf,Assembler/assembler.py,77,geekcomputers_python,results/geekcomputers_python_matches.csv,2024-05-03T22:04:30+01:00
902944d0a5572ada8f65991cd35925682ca39faf,Assembler/assembler.py,176,geekcomputers_python,results/geekcomputers_python_matches.csv,2024-05-03T22:04:30+01:00
902944d0a5572ada8f65991cd35925682ca39faf,Assembler/assembler.py,196,geekcomputers_python,results/geekcomputers_python_matches.csv,2024-05-03T22:04:30+01:00
902944d0a5572ada8f65991cd35925682ca39faf,Assembler/assembler.py,238,geekcomputers_python,results/geekcomputers_python_matches.csv,2024-05-03T22:04:30+01:00
902944d0a5572ada8f65991cd35925682ca39faf,Assembler/assembler.py,272,geekcomputers_python,results/geekcomputers_python_matches.csv,2024-05-03T22:04:30+01:00
902944d0a5572ada8f65991cd35925682ca39faf,Assembler/assembler.py,287,geekcomputers_python,results/geekcomputers_python_matches.csv,2024-05-03T22:04:30+01:00
902944d0a5572ada8f65991cd35925682ca39faf,Assembler/assembler.py,315,geekcomputers_python,results/geekcomputers_python_matches.csv,2024-05-03T22:04:30+01:00
902944d0a5572ada8f65991cd35925682ca39faf,Assembler/assembler.py,329,geekcomputers_python,results/geekcomputers_python_matches.csv,2024-05-03T22:04:30+01:00
902944d0a5572ada8f65991cd35925682ca39faf,Assembler/assembler.py,598,geekcomputers_python,results/geekcomputers_python_matches.csv,2024-05-03T22:04:30+01:00
902944d0a5572ada8f65991cd35925682ca39faf,Assembler/assembler.py,804,geekcomputers_python,results/geekcomputers_python_matches.csv,2024-05-03T22:04:30+01:00
902944d0a5572ada8f65991cd35925682ca39faf,Assembler/assembler.py,817,geekcomputers_python,results/geekcomputers_python_matches.csv,2024-05-03T22:04:30+01:00
902944d0a5572ada8f65991cd35925682ca39faf,Assembler/assembler.py,844,geekcomputers_python,results/geekcomputers_python_matches.csv,2024-05-03T22:04:30+01:00
902944d0a5572ada8f65991cd35925682ca39faf,Assembler/assembler.py,857,geekcomputers_python,results/geekcomputers_python_matches.csv,2024-05-03T22:04:30+01:00
902944d0a5572ada8f65991cd35925682ca39faf,Assembler/assembler.py,884,geekcomputers_python,results/geekcomputers_python_matches.csv,2024-05-03T22:04:30+01:00
902944d0a5572ada8f65991cd35925682ca39faf,Assembler/assembler.py,911,geekcomputers_python,results/geekcomputers_python_matches.csv,2024-05-03T22:04:30+01:00
902944d0a5572ada8f65991cd35925682ca39faf,Assembler/assembler.py,1011,geekcomputers_python,results/geekcomputers_python_matches.csv,2024-05-03T22:04:30+01:00
902944d0a5572ada8f65991cd35925682ca39faf,Assembler/assembler.py,1021,geekcomputers_python,results/geekcomputers_python_matches.csv,2024-05-03T22:04:30+01:00
902944d0a5572ada8f65991cd35925682ca39faf,Assembler/assembler.py,1056,geekcomputers_python,results/geekcomputers_python_matches.csv,2024-05-03T22:04:30+01:00
902944d0a5572ada8f65991cd35925682ca39faf,Assembler/assembler.py,1075,geekcomputers_python,results/geekcomputers_python_matches.csv,2024-05-03T22:04:30+01:00
902944d0a5572ada8f65991cd35925682ca39faf,Assembler/assembler.py,1250,geekcomputers_python,results/geekcomputers_python_matches.csv,2024-05-03T22:04:30+01:00
902944d0a5572ada8f65991cd35925682ca39faf,Assembler/assembler.py,1452,geekcomputers_python,results/geekcomputers_python_matches.csv,2024-05-03T22:04:30+01:00
902944d0a5572ada8f65991cd35925682ca39faf,Assembler/assembler.py,1487,geekcomputers_python,results/geekcomputers_python_matches.csv,2024-05-03T22:04:30+01:00
2fb578a030716e4cbb395933210f5dbbe0f4ff05,Assembler/assembler.py,73,geekcomputers_python,results/geekcomputers_python_matches.csv,2024-06-03T19:31:56+01:00
2fb578a030716e4cbb395933210f5dbbe0f4ff05,Assembler/assembler.py,77,geekcomputers_python,results/geekcomputers_python_matches.csv,2024-06-03T19:31:56+01:00
2fb578a030716e4cbb395933210f5dbbe0f4ff05,Assembler/assembler.py,176,geekcomputers_python,results/geekcomputers_python_matches.csv,2024-06-03T19:31:56+01:00
2fb578a030716e4cbb395933210f5dbbe0f4ff05,Assembler/assembler.py,196,geekcomputers_python,results/geekcomputers_python_matches.csv,2024-06-03T19:31:56+01:00
2fb578a030716e4cbb395933210f5dbbe0f4ff05,Assembler/assembler.py,238,geekcomputers_python,results/geekcomputers_python_matches.csv,2024-06-03T19:31:56+01:00
2fb578a030716e4cbb395933210f5dbbe0f4ff05,Assembler/assembler.py,272,geekcomputers_python,results/geekcomputers_python_matches.csv,2024-06-03T19:31:56+01:00
2fb578a030716e4cbb395933210f5dbbe0f4ff05,Assembler/assembler.py,287,geekcomputers_python,results/geekcomputers_python_matches.csv,2024-06-03T19:31:56+01:00
2fb578a030716e4cbb395933210f5dbbe0f4ff05,Assembler/assembler.py,315,geekcomputers_python,results/geekcomputers_python_matches.csv,2024-06-03T19:31:56+01:00
2fb578a030716e4cbb395933210f5dbbe0f4ff05,Assembler/assembler.py,329,geekcomputers_python,results/geekcomputers_python_matches.csv,2024-06-03T19:31:56+01:00
2fb578a030716e4cbb395933210f5dbbe0f4ff05,Assembler/assembler.py,598,geekcomputers_python,results/geekcomputers_python_matches.csv,2024-06-03T19:31:56+01:00
2fb578a030716e4cbb395933210f5dbbe0f4ff05,Assembler/assembler.py,804,geekcomputers_python,results/geekcomputers_python_matches.csv,2024-06-03T19:31:56+01:00
2fb578a030716e4cbb395933210f5dbbe0f4ff05,Assembler/assembler.py,817,geekcomputers_python,results/geekcomputers_python_matches.csv,2024-06-03T19:31:56+01:00
2fb578a030716e4cbb395933210f5dbbe0f4ff05,Assembler/assembler.py,844,geekcomputers_python,results/geekcomputers_python_matches.csv,2024-06-03T19:31:56+01:00
2fb578a030716e4cbb395933210f5dbbe0f4ff05,Assembler/assembler.py,857,geekcomputers_python,results/geekcomputers_python_matches.csv,2024-06-03T19:31:56+01:00
2fb578a030716e4cbb395933210f5dbbe0f4ff05,Assembler/assembler.py,884,geekcomputers_python,results/geekcomputers_python_matches.csv,2024-06-03T19:31:56+01:00
2fb578a030716e4cbb395933210f5dbbe0f4ff05,Assembler/assembler.py,911,geekcomputers_python,results/geekcomputers_python_matches.csv,2024-06-03T19:31:56+01:00
2fb578a030716e4cbb395933210f5dbbe0f4ff05,Assembler/assembler.py,1011,geekcomputers_python,results/geekcomputers_python_matches.csv,2024-06-03T19:31:56+01:00
2fb578a030716e4cbb395933210f5dbbe0f4ff05,Assembler/assembler.py,1021,geekcomputers_python,results/geekcomputers_python_matches.csv,2024-06-03T19:31:56+01:00
2fb578a030716e4cbb395933210f5dbbe0f4ff05,Assembler/assembler.py,1056,geekcomputers_python,results/geekcomputers_python_matches.csv,2024-06-03T19:31:56+01:00
2fb578a030716e4cbb395933210f5dbbe0f4ff05,Assembler/assembler.py,1075,geekcomputers_python,results/geekcomputers_python_matches.csv,2024-06-03T19:31:56+01:00
2fb578a030716e4cbb395933210f5dbbe0f4ff05,Assembler/assembler.py,1250,geekcomputers_python,results/geekcomputers_python_matches.csv,2024-06-03T19:31:56+01:00
2fb578a030716e4cbb395933210f5dbbe0f4ff05,Assembler/assembler.py,1452,geekcomputers_python,results/geekcomputers_python_matches.csv,2024-06-03T19:31:56+01:00
2fb578a030716e4cbb395933210f5dbbe0f4ff05,Assembler/assembler.py,1487,geekcomputers_python,results/geekcomputers_python_matches.csv,2024-06-03T19:31:56+01:00
c454c925047c91b658d91c337a8e2ecba92a7610,Assembler/assembler.py,73,geekcomputers_python,results/geekcomputers_python_matches.csv,2024-07-19T08:57:42-07:00
c454c925047c91b658d91c337a8e2ecba92a7610,Assembler/assembler.py,77,geekcomputers_python,results/geekcomputers_python_matches.csv,2024-07-19T08:57:42-07:00
c454c925047c91b658d91c337a8e2ecba92a7610,Assembler/assembler.py,176,geekcomputers_python,results/geekcomputers_python_matches.csv,2024-07-19T08:57:42-07:00
c454c925047c91b658d91c337a8e2ecba92a7610,Assembler/assembler.py,196,geekcomputers_python,results/geekcomputers_python_matches.csv,2024-07-19T08:57:42-07:00
c454c925047c91b658d91c337a8e2ecba92a7610,Assembler/assembler.py,238,geekcomputers_python,results/geekcomputers_python_matches.csv,2024-07-19T08:57:42-07:00
c454c925047c91b658d91c337a8e2ecba92a7610,Assembler/assembler.py,272,geekcomputers_python,results/geekcomputers_python_matches.csv,2024-07-19T08:57:42-07:00
c454c925047c91b658d91c337a8e2ecba92a7610,Assembler/assembler.py,287,geekcomputers_python,results/geekcomputers_python_matches.csv,2024-07-19T08:57:42-07:00
c454c925047c91b658d91c337a8e2ecba92a7610,Assembler/assembler.py,315,geekcomputers_python,results/geekcomputers_python_matches.csv,2024-07-19T08:57:42-07:00
c454c925047c91b658d91c337a8e2ecba92a7610,Assembler/assembler.py,329,geekcomputers_python,results/geekcomputers_python_matches.csv,2024-07-19T08:57:42-07:00
c454c925047c91b658d91c337a8e2ecba92a7610,Assembler/assembler.py,598,geekcomputers_python,results/geekcomputers_python_matches.csv,2024-07-19T08:57:42-07:00
c454c925047c91b658d91c337a8e2ecba92a7610,Assembler/assembler.py,804,geekcomputers_python,results/geekcomputers_python_matches.csv,2024-07-19T08:57:42-07:00
c454c925047c91b658d91c337a8e2ecba92a7610,Assembler/assembler.py,817,geekcomputers_python,results/geekcomputers_python_matches.csv,2024-07-19T08:57:42-07:00
c454c925047c91b658d91c337a8e2ecba92a7610,Assembler/assembler.py,844,geekcomputers_python,results/geekcomputers_python_matches.csv,2024-07-19T08:57:42-07:00
c454c925047c91b658d91c337a8e2ecba92a7610,Assembler/assembler.py,857,geekcomputers_python,results/geekcomputers_python_matches.csv,2024-07-19T08:57:42-07:00
c454c925047c91b658d91c337a8e2ecba92a7610,Assembler/assembler.py,884,geekcomputers_python,results/geekcomputers_python_matches.csv,2024-07-19T08:57:42-07:00
c454c925047c91b658d91c337a8e2ecba92a7610,Assembler/assembler.py,911,geekcomputers_python,results/geekcomputers_python_matches.csv,2024-07-19T08:57:42-07:00
c454c925047c91b658d91c337a8e2ecba92a7610,Assembler/assembler.py,1011,geekcomputers_python,results/geekcomputers_python_matches.csv,2024-07-19T08:57:42-07:00
c454c925047c91b658d91c337a8e2ecba92a7610,Assembler/assembler.py,1021,geekcomputers_python,results/geekcomputers_python_matches.csv,2024-07-19T08:57:42-07:00
c454c925047c91b658d91c337a8e2ecba92a7610,Assembler/assembler.py,1056,geekcomputers_python,results/geekcomputers_python_matches.csv,2024-07-19T08:57:42-07:00
c454c925047c91b658d91c337a8e2ecba92a7610,Assembler/assembler.py,1075,geekcomputers_python,results/geekcomputers_python_matches.csv,2024-07-19T08:57:42-07:00
c454c925047c91b658d91c337a8e2ecba92a7610,Assembler/assembler.py,1250,geekcomputers_python,results/geekcomputers_python_matches.csv,2024-07-19T08:57:42-07:00
c454c925047c91b658d91c337a8e2ecba92a7610,Assembler/assembler.py,1452,geekcomputers_python,results/geekcomputers_python_matches.csv,2024-07-19T08:57:42-07:00
c454c925047c91b658d91c337a8e2ecba92a7610,Assembler/assembler.py,1487,geekcomputers_python,results/geekcomputers_python_matches.csv,2024-07-19T08:57:42-07:00
289abbdabbb6cb654075f102b0c216753e55de31,Assembler/assembler.py,73,geekcomputers_python,results/geekcomputers_python_matches.csv,2024-08-21T08:27:05+12:00
289abbdabbb6cb654075f102b0c216753e55de31,Assembler/assembler.py,77,geekcomputers_python,results/geekcomputers_python_matches.csv,2024-08-21T08:27:05+12:00
289abbdabbb6cb654075f102b0c216753e55de31,Assembler/assembler.py,176,geekcomputers_python,results/geekcomputers_python_matches.csv,2024-08-21T08:27:05+12:00
289abbdabbb6cb654075f102b0c216753e55de31,Assembler/assembler.py,196,geekcomputers_python,results/geekcomputers_python_matches.csv,2024-08-21T08:27:05+12:00
289abbdabbb6cb654075f102b0c216753e55de31,Assembler/assembler.py,238,geekcomputers_python,results/geekcomputers_python_matches.csv,2024-08-21T08:27:05+12:00
289abbdabbb6cb654075f102b0c216753e55de31,Assembler/assembler.py,272,geekcomputers_python,results/geekcomputers_python_matches.csv,2024-08-21T08:27:05+12:00
289abbdabbb6cb654075f102b0c216753e55de31,Assembler/assembler.py,287,geekcomputers_python,results/geekcomputers_python_matches.csv,2024-08-21T08:27:05+12:00
289abbdabbb6cb654075f102b0c216753e55de31,Assembler/assembler.py,315,geekcomputers_python,results/geekcomputers_python_matches.csv,2024-08-21T08:27:05+12:00
289abbdabbb6cb654075f102b0c216753e55de31,Assembler/assembler.py,329,geekcomputers_python,results/geekcomputers_python_matches.csv,2024-08-21T08:27:05+12:00
289abbdabbb6cb654075f102b0c216753e55de31,Assembler/assembler.py,598,geekcomputers_python,results/geekcomputers_python_matches.csv,2024-08-21T08:27:05+12:00
289abbdabbb6cb654075f102b0c216753e55de31,Assembler/assembler.py,804,geekcomputers_python,results/geekcomputers_python_matches.csv,2024-08-21T08:27:05+12:00
289abbdabbb6cb654075f102b0c216753e55de31,Assembler/assembler.py,817,geekcomputers_python,results/geekcomputers_python_matches.csv,2024-08-21T08:27:05+12:00
289abbdabbb6cb654075f102b0c216753e55de31,Assembler/assembler.py,844,geekcomputers_python,results/geekcomputers_python_matches.csv,2024-08-21T08:27:05+12:00
289abbdabbb6cb654075f102b0c216753e55de31,Assembler/assembler.py,857,geekcomputers_python,results/geekcomputers_python_matches.csv,2024-08-21T08:27:05+12:00
289abbdabbb6cb654075f102b0c216753e55de31,Assembler/assembler.py,884,geekcomputers_python,results/geekcomputers_python_matches.csv,2024-08-21T08:27:05+12:00
289abbdabbb6cb654075f102b0c216753e55de31,Assembler/assembler.py,911,geekcomputers_python,results/geekcomputers_python_matches.csv,2024-08-21T08:27:05+12:00
289abbdabbb6cb654075f102b0c216753e55de31,Assembler/assembler.py,1011,geekcomputers_python,results/geekcomputers_python_matches.csv,2024-08-21T08:27:05+12:00
289abbdabbb6cb654075f102b0c216753e55de31,Assembler/assembler.py,1021,geekcomputers_python,results/geekcomputers_python_matches.csv,2024-08-21T08:27:05+12:00
289abbdabbb6cb654075f102b0c216753e55de31,Assembler/assembler.py,1056,geekcomputers_python,results/geekcomputers_python_matches.csv,2024-08-21T08:27:05+12:00
289abbdabbb6cb654075f102b0c216753e55de31,Assembler/assembler.py,1075,geekcomputers_python,results/geekcomputers_python_matches.csv,2024-08-21T08:27:05+12:00
289abbdabbb6cb654075f102b0c216753e55de31,Assembler/assembler.py,1250,geekcomputers_python,results/geekcomputers_python_matches.csv,2024-08-21T08:27:05+12:00
289abbdabbb6cb654075f102b0c216753e55de31,Assembler/assembler.py,1452,geekcomputers_python,results/geekcomputers_python_matches.csv,2024-08-21T08:27:05+12:00
289abbdabbb6cb654075f102b0c216753e55de31,Assembler/assembler.py,1487,geekcomputers_python,results/geekcomputers_python_matches.csv,2024-08-21T08:27:05+12:00
d1adab78ed6dd077804da33deed1e76fcee7147f,Assembler/assembler.py,73,geekcomputers_python,results/geekcomputers_python_matches.csv,2024-09-20T18:36:16+00:00
d1adab78ed6dd077804da33deed1e76fcee7147f,Assembler/assembler.py,77,geekcomputers_python,results/geekcomputers_python_matches.csv,2024-09-20T18:36:16+00:00
d1adab78ed6dd077804da33deed1e76fcee7147f,Assembler/assembler.py,176,geekcomputers_python,results/geekcomputers_python_matches.csv,2024-09-20T18:36:16+00:00
d1adab78ed6dd077804da33deed1e76fcee7147f,Assembler/assembler.py,196,geekcomputers_python,results/geekcomputers_python_matches.csv,2024-09-20T18:36:16+00:00
d1adab78ed6dd077804da33deed1e76fcee7147f,Assembler/assembler.py,238,geekcomputers_python,results/geekcomputers_python_matches.csv,2024-09-20T18:36:16+00:00
d1adab78ed6dd077804da33deed1e76fcee7147f,Assembler/assembler.py,272,geekcomputers_python,results/geekcomputers_python_matches.csv,2024-09-20T18:36:16+00:00
d1adab78ed6dd077804da33deed1e76fcee7147f,Assembler/assembler.py,287,geekcomputers_python,results/geekcomputers_python_matches.csv,2024-09-20T18:36:16+00:00
d1adab78ed6dd077804da33deed1e76fcee7147f,Assembler/assembler.py,315,geekcomputers_python,results/geekcomputers_python_matches.csv,2024-09-20T18:36:16+00:00
d1adab78ed6dd077804da33deed1e76fcee7147f,Assembler/assembler.py,329,geekcomputers_python,results/geekcomputers_python_matches.csv,2024-09-20T18:36:16+00:00
d1adab78ed6dd077804da33deed1e76fcee7147f,Assembler/assembler.py,598,geekcomputers_python,results/geekcomputers_python_matches.csv,2024-09-20T18:36:16+00:00
d1adab78ed6dd077804da33deed1e76fcee7147f,Assembler/assembler.py,804,geekcomputers_python,results/geekcomputers_python_matches.csv,2024-09-20T18:36:16+00:00
d1adab78ed6dd077804da33deed1e76fcee7147f,Assembler/assembler.py,817,geekcomputers_python,results/geekcomputers_python_matches.csv,2024-09-20T18:36:16+00:00
d1adab78ed6dd077804da33deed1e76fcee7147f,Assembler/assembler.py,844,geekcomputers_python,results/geekcomputers_python_matches.csv,2024-09-20T18:36:16+00:00
d1adab78ed6dd077804da33deed1e76fcee7147f,Assembler/assembler.py,857,geekcomputers_python,results/geekcomputers_python_matches.csv,2024-09-20T18:36:16+00:00
d1adab78ed6dd077804da33deed1e76fcee7147f,Assembler/assembler.py,884,geekcomputers_python,results/geekcomputers_python_matches.csv,2024-09-20T18:36:16+00:00
d1adab78ed6dd077804da33deed1e76fcee7147f,Assembler/assembler.py,911,geekcomputers_python,results/geekcomputers_python_matches.csv,2024-09-20T18:36:16+00:00
d1adab78ed6dd077804da33deed1e76fcee7147f,Assembler/assembler.py,1011,geekcomputers_python,results/geekcomputers_python_matches.csv,2024-09-20T18:36:16+00:00
d1adab78ed6dd077804da33deed1e76fcee7147f,Assembler/assembler.py,1021,geekcomputers_python,results/geekcomputers_python_matches.csv,2024-09-20T18:36:16+00:00
d1adab78ed6dd077804da33deed1e76fcee7147f,Assembler/assembler.py,1056,geekcomputers_python,results/geekcomputers_python_matches.csv,2024-09-20T18:36:16+00:00
d1adab78ed6dd077804da33deed1e76fcee7147f,Assembler/assembler.py,1075,geekcomputers_python,results/geekcomputers_python_matches.csv,2024-09-20T18:36:16+00:00
d1adab78ed6dd077804da33deed1e76fcee7147f,Assembler/assembler.py,1250,geekcomputers_python,results/geekcomputers_python_matches.csv,2024-09-20T18:36:16+00:00
d1adab78ed6dd077804da33deed1e76fcee7147f,Assembler/assembler.py,1452,geekcomputers_python,results/geekcomputers_python_matches.csv,2024-09-20T18:36:16+00:00
d1adab78ed6dd077804da33deed1e76fcee7147f,Assembler/assembler.py,1487,geekcomputers_python,results/geekcomputers_python_matches.csv,2024-09-20T18:36:16+00:00
59115635b64d0fb8debff73ff18c9a6fbc115565,Assembler/assembler.py,73,geekcomputers_python,results/geekcomputers_python_matches.csv,2024-10-21T18:36:46+00:00
59115635b64d0fb8debff73ff18c9a6fbc115565,Assembler/assembler.py,77,geekcomputers_python,results/geekcomputers_python_matches.csv,2024-10-21T18:36:46+00:00
59115635b64d0fb8debff73ff18c9a6fbc115565,Assembler/assembler.py,176,geekcomputers_python,results/geekcomputers_python_matches.csv,2024-10-21T18:36:46+00:00
59115635b64d0fb8debff73ff18c9a6fbc115565,Assembler/assembler.py,196,geekcomputers_python,results/geekcomputers_python_matches.csv,2024-10-21T18:36:46+00:00
59115635b64d0fb8debff73ff18c9a6fbc115565,Assembler/assembler.py,238,geekcomputers_python,results/geekcomputers_python_matches.csv,2024-10-21T18:36:46+00:00
59115635b64d0fb8debff73ff18c9a6fbc115565,Assembler/assembler.py,272,geekcomputers_python,results/geekcomputers_python_matches.csv,2024-10-21T18:36:46+00:00
59115635b64d0fb8debff73ff18c9a6fbc115565,Assembler/assembler.py,287,geekcomputers_python,results/geekcomputers_python_matches.csv,2024-10-21T18:36:46+00:00
59115635b64d0fb8debff73ff18c9a6fbc115565,Assembler/assembler.py,315,geekcomputers_python,results/geekcomputers_python_matches.csv,2024-10-21T18:36:46+00:00
59115635b64d0fb8debff73ff18c9a6fbc115565,Assembler/assembler.py,329,geekcomputers_python,results/geekcomputers_python_matches.csv,2024-10-21T18:36:46+00:00
59115635b64d0fb8debff73ff18c9a6fbc115565,Assembler/assembler.py,598,geekcomputers_python,results/geekcomputers_python_matches.csv,2024-10-21T18:36:46+00:00
59115635b64d0fb8debff73ff18c9a6fbc115565,Assembler/assembler.py,804,geekcomputers_python,results/geekcomputers_python_matches.csv,2024-10-21T18:36:46+00:00
59115635b64d0fb8debff73ff18c9a6fbc115565,Assembler/assembler.py,817,geekcomputers_python,results/geekcomputers_python_matches.csv,2024-10-21T18:36:46+00:00
59115635b64d0fb8debff73ff18c9a6fbc115565,Assembler/assembler.py,844,geekcomputers_python,results/geekcomputers_python_matches.csv,2024-10-21T18:36:46+00:00
59115635b64d0fb8debff73ff18c9a6fbc115565,Assembler/assembler.py,857,geekcomputers_python,results/geekcomputers_python_matches.csv,2024-10-21T18:36:46+00:00
59115635b64d0fb8debff73ff18c9a6fbc115565,Assembler/assembler.py,884,geekcomputers_python,results/geekcomputers_python_matches.csv,2024-10-21T18:36:46+00:00
59115635b64d0fb8debff73ff18c9a6fbc115565,Assembler/assembler.py,911,geekcomputers_python,results/geekcomputers_python_matches.csv,2024-10-21T18:36:46+00:00
59115635b64d0fb8debff73ff18c9a6fbc115565,Assembler/assembler.py,1011,geekcomputers_python,results/geekcomputers_python_matches.csv,2024-10-21T18:36:46+00:00
59115635b64d0fb8debff73ff18c9a6fbc115565,Assembler/assembler.py,1021,geekcomputers_python,results/geekcomputers_python_matches.csv,2024-10-21T18:36:46+00:00
59115635b64d0fb8debff73ff18c9a6fbc115565,Assembler/assembler.py,1056,geekcomputers_python,results/geekcomputers_python_matches.csv,2024-10-21T18:36:46+00:00
59115635b64d0fb8debff73ff18c9a6fbc115565,Assembler/assembler.py,1075,geekcomputers_python,results/geekcomputers_python_matches.csv,2024-10-21T18:36:46+00:00
59115635b64d0fb8debff73ff18c9a6fbc115565,Assembler/assembler.py,1250,geekcomputers_python,results/geekcomputers_python_matches.csv,2024-10-21T18:36:46+00:00
59115635b64d0fb8debff73ff18c9a6fbc115565,Assembler/assembler.py,1452,geekcomputers_python,results/geekcomputers_python_matches.csv,2024-10-21T18:36:46+00:00
59115635b64d0fb8debff73ff18c9a6fbc115565,Assembler/assembler.py,1487,geekcomputers_python,results/geekcomputers_python_matches.csv,2024-10-21T18:36:46+00:00
0dcba309d84d9bb30072e50daee7e0329fac2b54,Assembler/assembler.py,73,geekcomputers_python,results/geekcomputers_python_matches.csv,2024-11-20T18:52:49+00:00
0dcba309d84d9bb30072e50daee7e0329fac2b54,Assembler/assembler.py,77,geekcomputers_python,results/geekcomputers_python_matches.csv,2024-11-20T18:52:49+00:00
0dcba309d84d9bb30072e50daee7e0329fac2b54,Assembler/assembler.py,176,geekcomputers_python,results/geekcomputers_python_matches.csv,2024-11-20T18:52:49+00:00
0dcba309d84d9bb30072e50daee7e0329fac2b54,Assembler/assembler.py,196,geekcomputers_python,results/geekcomputers_python_matches.csv,2024-11-20T18:52:49+00:00
0dcba309d84d9bb30072e50daee7e0329fac2b54,Assembler/assembler.py,238,geekcomputers_python,results/geekcomputers_python_matches.csv,2024-11-20T18:52:49+00:00
0dcba309d84d9bb30072e50daee7e0329fac2b54,Assembler/assembler.py,272,geekcomputers_python,results/geekcomputers_python_matches.csv,2024-11-20T18:52:49+00:00
0dcba309d84d9bb30072e50daee7e0329fac2b54,Assembler/assembler.py,287,geekcomputers_python,results/geekcomputers_python_matches.csv,2024-11-20T18:52:49+00:00
0dcba309d84d9bb30072e50daee7e0329fac2b54,Assembler/assembler.py,315,geekcomputers_python,results/geekcomputers_python_matches.csv,2024-11-20T18:52:49+00:00
0dcba309d84d9bb30072e50daee7e0329fac2b54,Assembler/assembler.py,329,geekcomputers_python,results/geekcomputers_python_matches.csv,2024-11-20T18:52:49+00:00
0dcba309d84d9bb30072e50daee7e0329fac2b54,Assembler/assembler.py,598,geekcomputers_python,results/geekcomputers_python_matches.csv,2024-11-20T18:52:49+00:00
0dcba309d84d9bb30072e50daee7e0329fac2b54,Assembler/assembler.py,804,geekcomputers_python,results/geekcomputers_python_matches.csv,2024-11-20T18:52:49+00:00
0dcba309d84d9bb30072e50daee7e0329fac2b54,Assembler/assembler.py,817,geekcomputers_python,results/geekcomputers_python_matches.csv,2024-11-20T18:52:49+00:00
0dcba309d84d9bb30072e50daee7e0329fac2b54,Assembler/assembler.py,844,geekcomputers_python,results/geekcomputers_python_matches.csv,2024-11-20T18:52:49+00:00
0dcba309d84d9bb30072e50daee7e0329fac2b54,Assembler/assembler.py,857,geekcomputers_python,results/geekcomputers_python_matches.csv,2024-11-20T18:52:49+00:00
0dcba309d84d9bb30072e50daee7e0329fac2b54,Assembler/assembler.py,884,geekcomputers_python,results/geekcomputers_python_matches.csv,2024-11-20T18:52:49+00:00
0dcba309d84d9bb30072e50daee7e0329fac2b54,Assembler/assembler.py,911,geekcomputers_python,results/geekcomputers_python_matches.csv,2024-11-20T18:52:49+00:00
0dcba309d84d9bb30072e50daee7e0329fac2b54,Assembler/assembler.py,1011,geekcomputers_python,results/geekcomputers_python_matches.csv,2024-11-20T18:52:49+00:00
0dcba309d84d9bb30072e50daee7e0329fac2b54,Assembler/assembler.py,1021,geekcomputers_python,results/geekcomputers_python_matches.csv,2024-11-20T18:52:49+00:00
0dcba309d84d9bb30072e50daee7e0329fac2b54,Assembler/assembler.py,1056,geekcomputers_python,results/geekcomputers_python_matches.csv,2024-11-20T18:52:49+00:00
0dcba309d84d9bb30072e50daee7e0329fac2b54,Assembler/assembler.py,1075,geekcomputers_python,results/geekcomputers_python_matches.csv,2024-11-20T18:52:49+00:00
0dcba309d84d9bb30072e50daee7e0329fac2b54,Assembler/assembler.py,1250,geekcomputers_python,results/geekcomputers_python_matches.csv,2024-11-20T18:52:49+00:00
0dcba309d84d9bb30072e50daee7e0329fac2b54,Assembler/assembler.py,1452,geekcomputers_python,results/geekcomputers_python_matches.csv,2024-11-20T18:52:49+00:00
0dcba309d84d9bb30072e50daee7e0329fac2b54,Assembler/assembler.py,1487,geekcomputers_python,results/geekcomputers_python_matches.csv,2024-11-20T18:52:49+00:00
3c4beaf9f62c9bd3f4e74325b02d635b536dde95,Assembler/assembler.py,73,geekcomputers_python,results/geekcomputers_python_matches.csv,2024-12-21T22:21:34+03:00
3c4beaf9f62c9bd3f4e74325b02d635b536dde95,Assembler/assembler.py,77,geekcomputers_python,results/geekcomputers_python_matches.csv,2024-12-21T22:21:34+03:00
3c4beaf9f62c9bd3f4e74325b02d635b536dde95,Assembler/assembler.py,176,geekcomputers_python,results/geekcomputers_python_matches.csv,2024-12-21T22:21:34+03:00
3c4beaf9f62c9bd3f4e74325b02d635b536dde95,Assembler/assembler.py,196,geekcomputers_python,results/geekcomputers_python_matches.csv,2024-12-21T22:21:34+03:00
3c4beaf9f62c9bd3f4e74325b02d635b536dde95,Assembler/assembler.py,238,geekcomputers_python,results/geekcomputers_python_matches.csv,2024-12-21T22:21:34+03:00
3c4beaf9f62c9bd3f4e74325b02d635b536dde95,Assembler/assembler.py,272,geekcomputers_python,results/geekcomputers_python_matches.csv,2024-12-21T22:21:34+03:00
3c4beaf9f62c9bd3f4e74325b02d635b536dde95,Assembler/assembler.py,287,geekcomputers_python,results/geekcomputers_python_matches.csv,2024-12-21T22:21:34+03:00
3c4beaf9f62c9bd3f4e74325b02d635b536dde95,Assembler/assembler.py,315,geekcomputers_python,results/geekcomputers_python_matches.csv,2024-12-21T22:21:34+03:00
3c4beaf9f62c9bd3f4e74325b02d635b536dde95,Assembler/assembler.py,329,geekcomputers_python,results/geekcomputers_python_matches.csv,2024-12-21T22:21:34+03:00
3c4beaf9f62c9bd3f4e74325b02d635b536dde95,Assembler/assembler.py,598,geekcomputers_python,results/geekcomputers_python_matches.csv,2024-12-21T22:21:34+03:00
3c4beaf9f62c9bd3f4e74325b02d635b536dde95,Assembler/assembler.py,804,geekcomputers_python,results/geekcomputers_python_matches.csv,2024-12-21T22:21:34+03:00
3c4beaf9f62c9bd3f4e74325b02d635b536dde95,Assembler/assembler.py,817,geekcomputers_python,results/geekcomputers_python_matches.csv,2024-12-21T22:21:34+03:00
3c4beaf9f62c9bd3f4e74325b02d635b536dde95,Assembler/assembler.py,844,geekcomputers_python,results/geekcomputers_python_matches.csv,2024-12-21T22:21:34+03:00
3c4beaf9f62c9bd3f4e74325b02d635b536dde95,Assembler/assembler.py,857,geekcomputers_python,results/geekcomputers_python_matches.csv,2024-12-21T22:21:34+03:00
3c4beaf9f62c9bd3f4e74325b02d635b536dde95,Assembler/assembler.py,884,geekcomputers_python,results/geekcomputers_python_matches.csv,2024-12-21T22:21:34+03:00
3c4beaf9f62c9bd3f4e74325b02d635b536dde95,Assembler/assembler.py,911,geekcomputers_python,results/geekcomputers_python_matches.csv,2024-12-21T22:21:34+03:00
3c4beaf9f62c9bd3f4e74325b02d635b536dde95,Assembler/assembler.py,1011,geekcomputers_python,results/geekcomputers_python_matches.csv,2024-12-21T22:21:34+03:00
3c4beaf9f62c9bd3f4e74325b02d635b536dde95,Assembler/assembler.py,1021,geekcomputers_python,results/geekcomputers_python_matches.csv,2024-12-21T22:21:34+03:00
3c4beaf9f62c9bd3f4e74325b02d635b536dde95,Assembler/assembler.py,1056,geekcomputers_python,results/geekcomputers_python_matches.csv,2024-12-21T22:21:34+03:00
3c4beaf9f62c9bd3f4e74325b02d635b536dde95,Assembler/assembler.py,1075,geekcomputers_python,results/geekcomputers_python_matches.csv,2024-12-21T22:21:34+03:00
3c4beaf9f62c9bd3f4e74325b02d635b536dde95,Assembler/assembler.py,1250,geekcomputers_python,results/geekcomputers_python_matches.csv,2024-12-21T22:21:34+03:00
3c4beaf9f62c9bd3f4e74325b02d635b536dde95,Assembler/assembler.py,1452,geekcomputers_python,results/geekcomputers_python_matches.csv,2024-12-21T22:21:34+03:00
3c4beaf9f62c9bd3f4e74325b02d635b536dde95,Assembler/assembler.py,1487,geekcomputers_python,results/geekcomputers_python_matches.csv,2024-12-21T22:21:34+03:00
d4a0150cee4fee48ec360f1cba5b0aadd27f83d4,Caesar Cipher Encoder  & Decoder.py,27,geekcomputers_python,results/geekcomputers_python_matches.csv,2023-10-16T18:10:31+00:00
816a3a02cf86a518551ceac58816c078cba5ac52,Caesar Cipher Encoder  & Decoder.py,27,geekcomputers_python,results/geekcomputers_python_matches.csv,2023-11-15T17:52:00-08:00
08f67c886c990b19db2f3127466bd1951f4b0b2e,Caesar Cipher Encoder  & Decoder.py,27,geekcomputers_python,results/geekcomputers_python_matches.csv,2023-12-17T10:54:29+00:00
c756aaf516c02be3e949056a49b1e186f5c0b2f8,Caesar Cipher Encoder  & Decoder.py,27,geekcomputers_python,results/geekcomputers_python_matches.csv,2024-01-16T18:04:45+00:00
3aaf43862ab35dc93efa0394e89fc41077067797,Caesar Cipher Encoder  & Decoder.py,27,geekcomputers_python,results/geekcomputers_python_matches.csv,2024-02-27T18:27:19+00:00
e8991dc9cc7539185d293f0186f89e37a31d3100,Caesar Cipher Encoder  & Decoder.py,27,geekcomputers_python,results/geekcomputers_python_matches.csv,2024-04-03T15:43:02+05:30
902944d0a5572ada8f65991cd35925682ca39faf,Caesar Cipher Encoder  & Decoder.py,27,geekcomputers_python,results/geekcomputers_python_matches.csv,2024-05-03T22:04:30+01:00
2fb578a030716e4cbb395933210f5dbbe0f4ff05,Caesar Cipher Encoder  & Decoder.py,27,geekcomputers_python,results/geekcomputers_python_matches.csv,2024-06-03T19:31:56+01:00
c454c925047c91b658d91c337a8e2ecba92a7610,Caesar Cipher Encoder  & Decoder.py,27,geekcomputers_python,results/geekcomputers_python_matches.csv,2024-07-19T08:57:42-07:00
289abbdabbb6cb654075f102b0c216753e55de31,Caesar Cipher Encoder  & Decoder.py,27,geekcomputers_python,results/geekcomputers_python_matches.csv,2024-08-21T08:27:05+12:00
d1adab78ed6dd077804da33deed1e76fcee7147f,Caesar Cipher Encoder  & Decoder.py,27,geekcomputers_python,results/geekcomputers_python_matches.csv,2024-09-20T18:36:16+00:00
59115635b64d0fb8debff73ff18c9a6fbc115565,Caesar Cipher Encoder  & Decoder.py,27,geekcomputers_python,results/geekcomputers_python_matches.csv,2024-10-21T18:36:46+00:00
0dcba309d84d9bb30072e50daee7e0329fac2b54,Caesar Cipher Encoder  & Decoder.py,27,geekcomputers_python,results/geekcomputers_python_matches.csv,2024-11-20T18:52:49+00:00
3c4beaf9f62c9bd3f4e74325b02d635b536dde95,Caesar Cipher Encoder  & Decoder.py,27,geekcomputers_python,results/geekcomputers_python_matches.csv,2024-12-21T22:21:34+03:00
65fbfef99c0697e9ca72f4de56fc83531274bbbd,Hotel-Management.py,59,geekcomputers_python,results/geekcomputers_python_matches.csv,2023-08-08T07:11:03+05:30
65fbfef99c0697e9ca72f4de56fc83531274bbbd,Hotel-Management.py,171,geekcomputers_python,results/geekcomputers_python_matches.csv,2023-08-08T07:11:03+05:30
35c8eb096535c96d5a02cadb403c04bb07829fde,Hotel-Management.py,59,geekcomputers_python,results/geekcomputers_python_matches.csv,2023-09-15T18:58:04+00:00
35c8eb096535c96d5a02cadb403c04bb07829fde,Hotel-Management.py,171,geekcomputers_python,results/geekcomputers_python_matches.csv,2023-09-15T18:58:04+00:00
d4a0150cee4fee48ec360f1cba5b0aadd27f83d4,Hotel-Management.py,59,geekcomputers_python,results/geekcomputers_python_matches.csv,2023-10-16T18:10:31+00:00
d4a0150cee4fee48ec360f1cba5b0aadd27f83d4,Hotel-Management.py,171,geekcomputers_python,results/geekcomputers_python_matches.csv,2023-10-16T18:10:31+00:00
816a3a02cf86a518551ceac58816c078cba5ac52,Hotel-Management.py,59,geekcomputers_python,results/geekcomputers_python_matches.csv,2023-11-15T17:52:00-08:00
816a3a02cf86a518551ceac58816c078cba5ac52,Hotel-Management.py,171,geekcomputers_python,results/geekcomputers_python_matches.csv,2023-11-15T17:52:00-08:00
08f67c886c990b19db2f3127466bd1951f4b0b2e,Hotel-Management.py,59,geekcomputers_python,results/geekcomputers_python_matches.csv,2023-12-17T10:54:29+00:00
08f67c886c990b19db2f3127466bd1951f4b0b2e,Hotel-Management.py,171,geekcomputers_python,results/geekcomputers_python_matches.csv,2023-12-17T10:54:29+00:00
c756aaf516c02be3e949056a49b1e186f5c0b2f8,Hotel-Management.py,59,geekcomputers_python,results/geekcomputers_python_matches.csv,2024-01-16T18:04:45+00:00
c756aaf516c02be3e949056a49b1e186f5c0b2f8,Hotel-Management.py,171,geekcomputers_python,results/geekcomputers_python_matches.csv,2024-01-16T18:04:45+00:00
3aaf43862ab35dc93efa0394e89fc41077067797,Hotel-Management.py,59,geekcomputers_python,results/geekcomputers_python_matches.csv,2024-02-27T18:27:19+00:00
3aaf43862ab35dc93efa0394e89fc41077067797,Hotel-Management.py,171,geekcomputers_python,results/geekcomputers_python_matches.csv,2024-02-27T18:27:19+00:00
e8991dc9cc7539185d293f0186f89e37a31d3100,Hotel-Management.py,59,geekcomputers_python,results/geekcomputers_python_matches.csv,2024-04-03T15:43:02+05:30
e8991dc9cc7539185d293f0186f89e37a31d3100,Hotel-Management.py,171,geekcomputers_python,results/geekcomputers_python_matches.csv,2024-04-03T15:43:02+05:30
902944d0a5572ada8f65991cd35925682ca39faf,Hotel-Management.py,59,geekcomputers_python,results/geekcomputers_python_matches.csv,2024-05-03T22:04:30+01:00
902944d0a5572ada8f65991cd35925682ca39faf,Hotel-Management.py,171,geekcomputers_python,results/geekcomputers_python_matches.csv,2024-05-03T22:04:30+01:00
2fb578a030716e4cbb395933210f5dbbe0f4ff05,Hotel-Management.py,59,geekcomputers_python,results/geekcomputers_python_matches.csv,2024-06-03T19:31:56+01:00
2fb578a030716e4cbb395933210f5dbbe0f4ff05,Hotel-Management.py,171,geekcomputers_python,results/geekcomputers_python_matches.csv,2024-06-03T19:31:56+01:00
c454c925047c91b658d91c337a8e2ecba92a7610,Hotel-Management.py,59,geekcomputers_python,results/geekcomputers_python_matches.csv,2024-07-19T08:57:42-07:00
c454c925047c91b658d91c337a8e2ecba92a7610,Hotel-Management.py,171,geekcomputers_python,results/geekcomputers_python_matches.csv,2024-07-19T08:57:42-07:00
289abbdabbb6cb654075f102b0c216753e55de31,Hotel-Management.py,59,geekcomputers_python,results/geekcomputers_python_matches.csv,2024-08-21T08:27:05+12:00
289abbdabbb6cb654075f102b0c216753e55de31,Hotel-Management.py,171,geekcomputers_python,results/geekcomputers_python_matches.csv,2024-08-21T08:27:05+12:00
d1adab78ed6dd077804da33deed1e76fcee7147f,Hotel-Management.py,59,geekcomputers_python,results/geekcomputers_python_matches.csv,2024-09-20T18:36:16+00:00
d1adab78ed6dd077804da33deed1e76fcee7147f,Hotel-Management.py,171,geekcomputers_python,results/geekcomputers_python_matches.csv,2024-09-20T18:36:16+00:00
59115635b64d0fb8debff73ff18c9a6fbc115565,Hotel-Management.py,59,geekcomputers_python,results/geekcomputers_python_matches.csv,2024-10-21T18:36:46+00:00
59115635b64d0fb8debff73ff18c9a6fbc115565,Hotel-Management.py,171,geekcomputers_python,results/geekcomputers_python_matches.csv,2024-10-21T18:36:46+00:00
0dcba309d84d9bb30072e50daee7e0329fac2b54,Hotel-Management.py,59,geekcomputers_python,results/geekcomputers_python_matches.csv,2024-11-20T18:52:49+00:00
0dcba309d84d9bb30072e50daee7e0329fac2b54,Hotel-Management.py,171,geekcomputers_python,results/geekcomputers_python_matches.csv,2024-11-20T18:52:49+00:00
3c4beaf9f62c9bd3f4e74325b02d635b536dde95,Hotel-Management.py,59,geekcomputers_python,results/geekcomputers_python_matches.csv,2024-12-21T22:21:34+03:00
3c4beaf9f62c9bd3f4e74325b02d635b536dde95,Hotel-Management.py,171,geekcomputers_python,results/geekcomputers_python_matches.csv,2024-12-21T22:21:34+03:00
65fbfef99c0697e9ca72f4de56fc83531274bbbd,Patterns/half triangle pattern.py,26,geekcomputers_python,results/geekcomputers_python_matches.csv,2023-08-08T07:11:03+05:30
35c8eb096535c96d5a02cadb403c04bb07829fde,Patterns/half triangle pattern.py,26,geekcomputers_python,results/geekcomputers_python_matches.csv,2023-09-15T18:58:04+00:00
d4a0150cee4fee48ec360f1cba5b0aadd27f83d4,Patterns/half triangle pattern.py,26,geekcomputers_python,results/geekcomputers_python_matches.csv,2023-10-16T18:10:31+00:00
816a3a02cf86a518551ceac58816c078cba5ac52,Patterns/half triangle pattern.py,26,geekcomputers_python,results/geekcomputers_python_matches.csv,2023-11-15T17:52:00-08:00
08f67c886c990b19db2f3127466bd1951f4b0b2e,Patterns/half triangle pattern.py,26,geekcomputers_python,results/geekcomputers_python_matches.csv,2023-12-17T10:54:29+00:00
c756aaf516c02be3e949056a49b1e186f5c0b2f8,Patterns/half triangle pattern.py,26,geekcomputers_python,results/geekcomputers_python_matches.csv,2024-01-16T18:04:45+00:00
3aaf43862ab35dc93efa0394e89fc41077067797,Patterns/half triangle pattern.py,26,geekcomputers_python,results/geekcomputers_python_matches.csv,2024-02-27T18:27:19+00:00
e8991dc9cc7539185d293f0186f89e37a31d3100,Patterns/half triangle pattern.py,26,geekcomputers_python,results/geekcomputers_python_matches.csv,2024-04-03T15:43:02+05:30
902944d0a5572ada8f65991cd35925682ca39faf,Patterns/half triangle pattern.py,26,geekcomputers_python,results/geekcomputers_python_matches.csv,2024-05-03T22:04:30+01:00
2fb578a030716e4cbb395933210f5dbbe0f4ff05,Patterns/half triangle pattern.py,26,geekcomputers_python,results/geekcomputers_python_matches.csv,2024-06-03T19:31:56+01:00
c454c925047c91b658d91c337a8e2ecba92a7610,Patterns/half triangle pattern.py,26,geekcomputers_python,results/geekcomputers_python_matches.csv,2024-07-19T08:57:42-07:00
289abbdabbb6cb654075f102b0c216753e55de31,Patterns/half triangle pattern.py,26,geekcomputers_python,results/geekcomputers_python_matches.csv,2024-08-21T08:27:05+12:00
d1adab78ed6dd077804da33deed1e76fcee7147f,Patterns/half triangle pattern.py,26,geekcomputers_python,results/geekcomputers_python_matches.csv,2024-09-20T18:36:16+00:00
59115635b64d0fb8debff73ff18c9a6fbc115565,Patterns/half triangle pattern.py,26,geekcomputers_python,results/geekcomputers_python_matches.csv,2024-10-21T18:36:46+00:00
0dcba309d84d9bb30072e50daee7e0329fac2b54,Patterns/half triangle pattern.py,26,geekcomputers_python,results/geekcomputers_python_matches.csv,2024-11-20T18:52:49+00:00
3c4beaf9f62c9bd3f4e74325b02d635b536dde95,Patterns/half triangle pattern.py,26,geekcomputers_python,results/geekcomputers_python_matches.csv,2024-12-21T22:21:34+03:00
65fbfef99c0697e9ca72f4de56fc83531274bbbd,image2pdf/image2pdf.py,124,geekcomputers_python,results/geekcomputers_python_matches.csv,2023-08-08T07:11:03+05:30
35c8eb096535c96d5a02cadb403c04bb07829fde,image2pdf/image2pdf.py,124,geekcomputers_python,results/geekcomputers_python_matches.csv,2023-09-15T18:58:04+00:00
d4a0150cee4fee48ec360f1cba5b0aadd27f83d4,image2pdf/image2pdf.py,124,geekcomputers_python,results/geekcomputers_python_matches.csv,2023-10-16T18:10:31+00:00
816a3a02cf86a518551ceac58816c078cba5ac52,image2pdf/image2pdf.py,124,geekcomputers_python,results/geekcomputers_python_matches.csv,2023-11-15T17:52:00-08:00
08f67c886c990b19db2f3127466bd1951f4b0b2e,image2pdf/image2pdf.py,124,geekcomputers_python,results/geekcomputers_python_matches.csv,2023-12-17T10:54:29+00:00
c756aaf516c02be3e949056a49b1e186f5c0b2f8,image2pdf/image2pdf.py,124,geekcomputers_python,results/geekcomputers_python_matches.csv,2024-01-16T18:04:45+00:00
3aaf43862ab35dc93efa0394e89fc41077067797,image2pdf/image2pdf.py,124,geekcomputers_python,results/geekcomputers_python_matches.csv,2024-02-27T18:27:19+00:00
e8991dc9cc7539185d293f0186f89e37a31d3100,image2pdf/image2pdf.py,124,geekcomputers_python,results/geekcomputers_python_matches.csv,2024-04-03T15:43:02+05:30
902944d0a5572ada8f65991cd35925682ca39faf,image2pdf/image2pdf.py,124,geekcomputers_python,results/geekcomputers_python_matches.csv,2024-05-03T22:04:30+01:00
2fb578a030716e4cbb395933210f5dbbe0f4ff05,image2pdf/image2pdf.py,124,geekcomputers_python,results/geekcomputers_python_matches.csv,2024-06-03T19:31:56+01:00
c454c925047c91b658d91c337a8e2ecba92a7610,image2pdf/image2pdf.py,124,geekcomputers_python,results/geekcomputers_python_matches.csv,2024-07-19T08:57:42-07:00
289abbdabbb6cb654075f102b0c216753e55de31,image2pdf/image2pdf.py,124,geekcomputers_python,results/geekcomputers_python_matches.csv,2024-08-21T08:27:05+12:00
d1adab78ed6dd077804da33deed1e76fcee7147f,image2pdf/image2pdf.py,124,geekcomputers_python,results/geekcomputers_python_matches.csv,2024-09-20T18:36:16+00:00
59115635b64d0fb8debff73ff18c9a6fbc115565,image2pdf/image2pdf.py,124,geekcomputers_python,results/geekcomputers_python_matches.csv,2024-10-21T18:36:46+00:00
0dcba309d84d9bb30072e50daee7e0329fac2b54,image2pdf/image2pdf.py,124,geekcomputers_python,results/geekcomputers_python_matches.csv,2024-11-20T18:52:49+00:00
3c4beaf9f62c9bd3f4e74325b02d635b536dde95,image2pdf/image2pdf.py,124,geekcomputers_python,results/geekcomputers_python_matches.csv,2024-12-21T22:21:34+03:00
13c42a37fb5555786db0204b5f78a20b8d9429f0,src/sentry/flags/providers.py,58,getsentry_sentry,results/getsentry_sentry_matches.csv,2024-11-01T11:50:29-07:00
ad2b920ec9e704bd1ea1905a1a43644a1569198f,src/sentry/flags/providers.py,66,getsentry_sentry,results/getsentry_sentry_matches.csv,2024-12-02T11:33:34+01:00
ad2b920ec9e704bd1ea1905a1a43644a1569198f,src/sentry/flags/providers.py,79,getsentry_sentry,results/getsentry_sentry_matches.csv,2024-12-02T11:33:34+01:00
13c42a37fb5555786db0204b5f78a20b8d9429f0,src/sentry/lang/native/symbolicator.py,65,getsentry_sentry,results/getsentry_sentry_matches.csv,2024-11-01T11:50:29-07:00
ad2b920ec9e704bd1ea1905a1a43644a1569198f,src/sentry/lang/native/symbolicator.py,65,getsentry_sentry,results/getsentry_sentry_matches.csv,2024-12-02T11:33:34+01:00
13c42a37fb5555786db0204b5f78a20b8d9429f0,src/sentry/rules/conditions/event_frequency.py,730,getsentry_sentry,results/getsentry_sentry_matches.csv,2024-11-01T11:50:29-07:00
ad2b920ec9e704bd1ea1905a1a43644a1569198f,src/sentry/rules/conditions/event_frequency.py,730,getsentry_sentry,results/getsentry_sentry_matches.csv,2024-12-02T11:33:34+01:00
ad2b920ec9e704bd1ea1905a1a43644a1569198f,src/sentry/workflow_engine/models/data_condition.py,61,getsentry_sentry,results/getsentry_sentry_matches.csv,2024-12-02T11:33:34+01:00
dea6dca24179c12b791b031d570044f7be01b07f,funnel/forms/account.py,390,hasgeek_funnel,results/hasgeek_funnel_matches.csv,2024-04-15T21:27:14+05:30
ef5e23422a13255054dfe106a5f7cde4e1543108,funnel/forms/account.py,390,hasgeek_funnel,results/hasgeek_funnel_matches.csv,2024-05-16T18:50:38+05:30
f46a59e88a6a79c508523bee9e3daf97893b5eba,funnel/forms/account.py,384,hasgeek_funnel,results/hasgeek_funnel_matches.csv,2024-06-18T12:05:32+05:30
7dba9cc6c772044b8f25e47d7cdfc6234771bdaa,funnel/forms/account.py,384,hasgeek_funnel,results/hasgeek_funnel_matches.csv,2024-07-18T12:37:31+05:30
7659fd11011d0de7cdeff56b4d04faa4d340804d,funnel/forms/account.py,384,hasgeek_funnel,results/hasgeek_funnel_matches.csv,2024-08-20T11:33:35+05:30
93cf4a7596b1698a0921f858810e9d1522688fdb,funnel/forms/account.py,384,hasgeek_funnel,results/hasgeek_funnel_matches.csv,2024-09-24T14:53:06+05:30
a92af056ef5b3704ab64574a8cb60f887870fa37,funnel/forms/account.py,384,hasgeek_funnel,results/hasgeek_funnel_matches.csv,2024-10-24T16:22:05+05:30
b9aad4647ca6d1bf8d84ece4a385755991830371,funnel/forms/account.py,384,hasgeek_funnel,results/hasgeek_funnel_matches.csv,2024-12-05T11:38:13+05:30
dea6dca24179c12b791b031d570044f7be01b07f,funnel/forms/organization.py,61,hasgeek_funnel,results/hasgeek_funnel_matches.csv,2024-04-15T21:27:14+05:30
ef5e23422a13255054dfe106a5f7cde4e1543108,funnel/forms/organization.py,61,hasgeek_funnel,results/hasgeek_funnel_matches.csv,2024-05-16T18:50:38+05:30
f46a59e88a6a79c508523bee9e3daf97893b5eba,funnel/forms/organization.py,61,hasgeek_funnel,results/hasgeek_funnel_matches.csv,2024-06-18T12:05:32+05:30
7dba9cc6c772044b8f25e47d7cdfc6234771bdaa,funnel/forms/organization.py,61,hasgeek_funnel,results/hasgeek_funnel_matches.csv,2024-07-18T12:37:31+05:30
7659fd11011d0de7cdeff56b4d04faa4d340804d,funnel/forms/organization.py,61,hasgeek_funnel,results/hasgeek_funnel_matches.csv,2024-08-20T11:33:35+05:30
93cf4a7596b1698a0921f858810e9d1522688fdb,funnel/forms/organization.py,61,hasgeek_funnel,results/hasgeek_funnel_matches.csv,2024-09-24T14:53:06+05:30
a92af056ef5b3704ab64574a8cb60f887870fa37,funnel/forms/organization.py,61,hasgeek_funnel,results/hasgeek_funnel_matches.csv,2024-10-24T16:22:05+05:30
b9aad4647ca6d1bf8d84ece4a385755991830371,funnel/forms/organization.py,61,hasgeek_funnel,results/hasgeek_funnel_matches.csv,2024-12-05T11:38:13+05:30
dea6dca24179c12b791b031d570044f7be01b07f,funnel/models/account.py,1801,hasgeek_funnel,results/hasgeek_funnel_matches.csv,2024-04-15T21:27:14+05:30
ef5e23422a13255054dfe106a5f7cde4e1543108,funnel/models/account.py,1848,hasgeek_funnel,results/hasgeek_funnel_matches.csv,2024-05-16T18:50:38+05:30
f46a59e88a6a79c508523bee9e3daf97893b5eba,funnel/models/account.py,1857,hasgeek_funnel,results/hasgeek_funnel_matches.csv,2024-06-18T12:05:32+05:30
7dba9cc6c772044b8f25e47d7cdfc6234771bdaa,funnel/models/account.py,1842,hasgeek_funnel,results/hasgeek_funnel_matches.csv,2024-07-18T12:37:31+05:30
7659fd11011d0de7cdeff56b4d04faa4d340804d,funnel/models/account.py,1842,hasgeek_funnel,results/hasgeek_funnel_matches.csv,2024-08-20T11:33:35+05:30
93cf4a7596b1698a0921f858810e9d1522688fdb,funnel/models/account.py,1842,hasgeek_funnel,results/hasgeek_funnel_matches.csv,2024-09-24T14:53:06+05:30
a92af056ef5b3704ab64574a8cb60f887870fa37,funnel/models/account.py,1842,hasgeek_funnel,results/hasgeek_funnel_matches.csv,2024-10-24T16:22:05+05:30
b9aad4647ca6d1bf8d84ece4a385755991830371,funnel/models/account.py,1842,hasgeek_funnel,results/hasgeek_funnel_matches.csv,2024-12-05T11:38:13+05:30
dea6dca24179c12b791b031d570044f7be01b07f,funnel/models/update.py,269,hasgeek_funnel,results/hasgeek_funnel_matches.csv,2024-04-15T21:27:14+05:30
ef5e23422a13255054dfe106a5f7cde4e1543108,funnel/models/update.py,274,hasgeek_funnel,results/hasgeek_funnel_matches.csv,2024-05-16T18:50:38+05:30
f46a59e88a6a79c508523bee9e3daf97893b5eba,funnel/models/update.py,274,hasgeek_funnel,results/hasgeek_funnel_matches.csv,2024-06-18T12:05:32+05:30
7dba9cc6c772044b8f25e47d7cdfc6234771bdaa,funnel/models/update.py,274,hasgeek_funnel,results/hasgeek_funnel_matches.csv,2024-07-18T12:37:31+05:30
7659fd11011d0de7cdeff56b4d04faa4d340804d,funnel/models/update.py,274,hasgeek_funnel,results/hasgeek_funnel_matches.csv,2024-08-20T11:33:35+05:30
93cf4a7596b1698a0921f858810e9d1522688fdb,funnel/models/update.py,274,hasgeek_funnel,results/hasgeek_funnel_matches.csv,2024-09-24T14:53:06+05:30
a92af056ef5b3704ab64574a8cb60f887870fa37,funnel/models/update.py,274,hasgeek_funnel,results/hasgeek_funnel_matches.csv,2024-10-24T16:22:05+05:30
b9aad4647ca6d1bf8d84ece4a385755991830371,funnel/models/update.py,274,hasgeek_funnel,results/hasgeek_funnel_matches.csv,2024-12-05T11:38:13+05:30
ef5e23422a13255054dfe106a5f7cde4e1543108,funnel/views/account.py,266,hasgeek_funnel,results/hasgeek_funnel_matches.csv,2024-05-16T18:50:38+05:30
f46a59e88a6a79c508523bee9e3daf97893b5eba,funnel/views/account.py,263,hasgeek_funnel,results/hasgeek_funnel_matches.csv,2024-06-18T12:05:32+05:30
7dba9cc6c772044b8f25e47d7cdfc6234771bdaa,funnel/views/account.py,263,hasgeek_funnel,results/hasgeek_funnel_matches.csv,2024-07-18T12:37:31+05:30
7659fd11011d0de7cdeff56b4d04faa4d340804d,funnel/views/account.py,263,hasgeek_funnel,results/hasgeek_funnel_matches.csv,2024-08-20T11:33:35+05:30
93cf4a7596b1698a0921f858810e9d1522688fdb,funnel/views/account.py,312,hasgeek_funnel,results/hasgeek_funnel_matches.csv,2024-09-24T14:53:06+05:30
a92af056ef5b3704ab64574a8cb60f887870fa37,funnel/views/account.py,312,hasgeek_funnel,results/hasgeek_funnel_matches.csv,2024-10-24T16:22:05+05:30
b9aad4647ca6d1bf8d84ece4a385755991830371,funnel/views/account.py,312,hasgeek_funnel,results/hasgeek_funnel_matches.csv,2024-12-05T11:38:13+05:30
4a410b25e966e7a71945db418312546212d6e788,funnel/views/helpers.py,492,hasgeek_funnel,results/hasgeek_funnel_matches.csv,2024-03-12T14:11:12+05:30
4a410b25e966e7a71945db418312546212d6e788,funnel/views/helpers.py,508,hasgeek_funnel,results/hasgeek_funnel_matches.csv,2024-03-12T14:11:12+05:30
dea6dca24179c12b791b031d570044f7be01b07f,funnel/views/helpers.py,493,hasgeek_funnel,results/hasgeek_funnel_matches.csv,2024-04-15T21:27:14+05:30
dea6dca24179c12b791b031d570044f7be01b07f,funnel/views/helpers.py,509,hasgeek_funnel,results/hasgeek_funnel_matches.csv,2024-04-15T21:27:14+05:30
ef5e23422a13255054dfe106a5f7cde4e1543108,funnel/views/helpers.py,571,hasgeek_funnel,results/hasgeek_funnel_matches.csv,2024-05-16T18:50:38+05:30
ef5e23422a13255054dfe106a5f7cde4e1543108,funnel/views/helpers.py,587,hasgeek_funnel,results/hasgeek_funnel_matches.csv,2024-05-16T18:50:38+05:30
f46a59e88a6a79c508523bee9e3daf97893b5eba,funnel/views/helpers.py,574,hasgeek_funnel,results/hasgeek_funnel_matches.csv,2024-06-18T12:05:32+05:30
f46a59e88a6a79c508523bee9e3daf97893b5eba,funnel/views/helpers.py,593,hasgeek_funnel,results/hasgeek_funnel_matches.csv,2024-06-18T12:05:32+05:30
7dba9cc6c772044b8f25e47d7cdfc6234771bdaa,funnel/views/helpers.py,574,hasgeek_funnel,results/hasgeek_funnel_matches.csv,2024-07-18T12:37:31+05:30
7dba9cc6c772044b8f25e47d7cdfc6234771bdaa,funnel/views/helpers.py,593,hasgeek_funnel,results/hasgeek_funnel_matches.csv,2024-07-18T12:37:31+05:30
7659fd11011d0de7cdeff56b4d04faa4d340804d,funnel/views/helpers.py,574,hasgeek_funnel,results/hasgeek_funnel_matches.csv,2024-08-20T11:33:35+05:30
7659fd11011d0de7cdeff56b4d04faa4d340804d,funnel/views/helpers.py,593,hasgeek_funnel,results/hasgeek_funnel_matches.csv,2024-08-20T11:33:35+05:30
93cf4a7596b1698a0921f858810e9d1522688fdb,funnel/views/helpers.py,574,hasgeek_funnel,results/hasgeek_funnel_matches.csv,2024-09-24T14:53:06+05:30
93cf4a7596b1698a0921f858810e9d1522688fdb,funnel/views/helpers.py,593,hasgeek_funnel,results/hasgeek_funnel_matches.csv,2024-09-24T14:53:06+05:30
a92af056ef5b3704ab64574a8cb60f887870fa37,funnel/views/helpers.py,574,hasgeek_funnel,results/hasgeek_funnel_matches.csv,2024-10-24T16:22:05+05:30
a92af056ef5b3704ab64574a8cb60f887870fa37,funnel/views/helpers.py,593,hasgeek_funnel,results/hasgeek_funnel_matches.csv,2024-10-24T16:22:05+05:30
b9aad4647ca6d1bf8d84ece4a385755991830371,funnel/views/helpers.py,574,hasgeek_funnel,results/hasgeek_funnel_matches.csv,2024-12-05T11:38:13+05:30
b9aad4647ca6d1bf8d84ece4a385755991830371,funnel/views/helpers.py,593,hasgeek_funnel,results/hasgeek_funnel_matches.csv,2024-12-05T11:38:13+05:30
ef5e23422a13255054dfe106a5f7cde4e1543108,migrations/versions/41b3af7e4449_migrating_preview_video_to_video_field.py,120,hasgeek_funnel,results/hasgeek_funnel_matches.csv,2024-05-16T18:50:38+05:30
f46a59e88a6a79c508523bee9e3daf97893b5eba,migrations/versions/41b3af7e4449_migrating_preview_video_to_video_field.py,120,hasgeek_funnel,results/hasgeek_funnel_matches.csv,2024-06-18T12:05:32+05:30
7dba9cc6c772044b8f25e47d7cdfc6234771bdaa,migrations/versions/41b3af7e4449_migrating_preview_video_to_video_field.py,120,hasgeek_funnel,results/hasgeek_funnel_matches.csv,2024-07-18T12:37:31+05:30
7659fd11011d0de7cdeff56b4d04faa4d340804d,migrations/versions/41b3af7e4449_migrating_preview_video_to_video_field.py,120,hasgeek_funnel,results/hasgeek_funnel_matches.csv,2024-08-20T11:33:35+05:30
93cf4a7596b1698a0921f858810e9d1522688fdb,migrations/versions/41b3af7e4449_migrating_preview_video_to_video_field.py,120,hasgeek_funnel,results/hasgeek_funnel_matches.csv,2024-09-24T14:53:06+05:30
a92af056ef5b3704ab64574a8cb60f887870fa37,migrations/versions/41b3af7e4449_migrating_preview_video_to_video_field.py,120,hasgeek_funnel,results/hasgeek_funnel_matches.csv,2024-10-24T16:22:05+05:30
b9aad4647ca6d1bf8d84ece4a385755991830371,migrations/versions/41b3af7e4449_migrating_preview_video_to_video_field.py,120,hasgeek_funnel,results/hasgeek_funnel_matches.csv,2024-12-05T11:38:13+05:30
10130470e11b045661628a863e22dcdf60c47bfd,indico/modules/events/registration/controllers/management/regforms.py,270,indico_indico,results/indico_indico_matches.csv,2024-11-11T13:48:47+00:00
b73a958d615939ad172129f051a8b858bb0239f3,indico/modules/events/registration/controllers/management/regforms.py,270,indico_indico,results/indico_indico_matches.csv,2024-12-11T21:32:47+01:00
fd199ccd7cc674d532d042d5f8224e48a9e16ebc,test/test_pattern_match.py,33,inducer_pymbolic,results/inducer_pymbolic_matches.csv,2022-11-09T09:03:57-06:00
a19d722ee9d18a9a791274686727e18092a4091c,test/test_pattern_match.py,33,inducer_pymbolic,results/inducer_pymbolic_matches.csv,2022-12-27T02:06:05+00:00
b50a225d1d2ff288dae1450dd1390767f39c5967,test/test_pattern_match.py,33,inducer_pymbolic,results/inducer_pymbolic_matches.csv,2023-04-06T10:32:01-05:00
6e9c0a491c9aa7e1bdb9a2f0637db180a408f288,test/test_pattern_match.py,33,inducer_pymbolic,results/inducer_pymbolic_matches.csv,2023-05-11T16:03:34-05:00
a2cf0e8adababe0cdadde352e9cd787d2dad7b42,test/test_pattern_match.py,33,inducer_pymbolic,results/inducer_pymbolic_matches.csv,2023-07-30T10:04:25-05:00
d748b3af2b8ac60cb40920e74823f13ac6bf02e5,test/test_pattern_match.py,33,inducer_pymbolic,results/inducer_pymbolic_matches.csv,2023-09-17T01:31:51-05:00
aa9059fc0d14b07289dda5abeb60c86cb0bb03a2,test/test_pattern_match.py,33,inducer_pymbolic,results/inducer_pymbolic_matches.csv,2023-11-07T13:57:00-06:00
861cf75fbbccbfe373dc7d950a5b2913dc3d85ea,test/test_pattern_match.py,33,inducer_pymbolic,results/inducer_pymbolic_matches.csv,2024-02-16T14:11:01-06:00
570e9a8e2118055bed3bfab7b78a88bca237037d,test/test_pattern_match.py,33,inducer_pymbolic,results/inducer_pymbolic_matches.csv,2024-03-21T09:06:32-05:00
40442f02f4292b6bbc1ac32df2bbc5c15d7d7b57,test/test_pattern_match.py,33,inducer_pymbolic,results/inducer_pymbolic_matches.csv,2024-05-16T10:27:47-05:00
9b3ae4acb753a664866a5d8bfd24cc645692622b,test/test_pattern_match.py,33,inducer_pymbolic,results/inducer_pymbolic_matches.csv,2024-06-25T14:30:45-05:00
9feb80b54e89da073256531da6bc4c865fb9fade,test/test_pattern_match.py,33,inducer_pymbolic,results/inducer_pymbolic_matches.csv,2024-08-06T14:43:32-05:00
861367f7d5f4837db1140458b06d67182c9e61d8,test/test_pattern_match.py,33,inducer_pymbolic,results/inducer_pymbolic_matches.csv,2024-09-20T11:42:56-05:00
deecb6528032b58e5b507ac2c046abd5f9a6168c,test/test_pattern_match.py,36,inducer_pymbolic,results/inducer_pymbolic_matches.csv,2024-11-06T17:01:47-06:00
6f5227944c1c3e6fa5304af12fc1b159594ed8a5,test/test_pattern_match.py,36,inducer_pymbolic,results/inducer_pymbolic_matches.csv,2024-11-21T11:11:37-06:00
67b6e09afde425bae8146631ebef5177e58bdb7f,test/test_pattern_match.py,36,inducer_pymbolic,results/inducer_pymbolic_matches.csv,2024-12-25T12:49:38-06:00
47b508ca2a2cf2ed562dfd0f59aa7c03f80df66f,openlibrary/plugins/admin/code.py,268,internetarchive_openlibrary,results/internetarchive_openlibrary_matches.csv,2023-06-01T09:32:09+02:00
5e6b98bd7510b1b1ddf5f1fd27fab598bc4e312c,openlibrary/plugins/admin/code.py,268,internetarchive_openlibrary,results/internetarchive_openlibrary_matches.csv,2023-07-01T09:45:02+02:00
722741f6f45cd4ba297704a5bec205d5f487c99a,openlibrary/plugins/admin/code.py,268,internetarchive_openlibrary,results/internetarchive_openlibrary_matches.csv,2023-07-31T15:13:10-04:00
a8796b4952b13b6f12138c3de8e1af0efdea85d7,openlibrary/plugins/admin/code.py,268,internetarchive_openlibrary,results/internetarchive_openlibrary_matches.csv,2023-08-30T13:18:51-07:00
73dcb6851f04fa5262ce987057e5b21a184f3068,openlibrary/plugins/admin/code.py,268,internetarchive_openlibrary,results/internetarchive_openlibrary_matches.csv,2023-10-01T18:24:26-07:00
82a7d7db3aae7501373f64a9bf4e6c2e3e4cf254,openlibrary/plugins/admin/code.py,268,internetarchive_openlibrary,results/internetarchive_openlibrary_matches.csv,2023-11-01T08:56:30-07:00
6f8aadc91f4088bd6c2ebec60a69b4d434df390e,openlibrary/plugins/admin/code.py,271,internetarchive_openlibrary,results/internetarchive_openlibrary_matches.csv,2023-12-01T21:49:47+05:45
156ebf337eb23f8b49147d9736d2bf31d0fae10b,openlibrary/plugins/admin/code.py,272,internetarchive_openlibrary,results/internetarchive_openlibrary_matches.csv,2024-01-02T15:32:14-05:00
56ee05ed77c4ba2c8712babd94a10e7d9d6fe8b5,openlibrary/plugins/admin/code.py,272,internetarchive_openlibrary,results/internetarchive_openlibrary_matches.csv,2024-02-01T15:43:27-05:00
fdb82818a08a58769cd813427b4c68682c115c0f,openlibrary/plugins/admin/code.py,272,internetarchive_openlibrary,results/internetarchive_openlibrary_matches.csv,2024-03-03T20:44:36-05:00
c0dd17559edda61c7119dad3072b9099851a576e,openlibrary/plugins/admin/code.py,280,internetarchive_openlibrary,results/internetarchive_openlibrary_matches.csv,2024-04-03T23:55:59-04:00
c5b379b3e99b7b1b6556e753a7a5bbbe3316f79c,openlibrary/plugins/admin/code.py,280,internetarchive_openlibrary,results/internetarchive_openlibrary_matches.csv,2024-05-05T19:14:59-07:00
cdedda272e53dd3538732efcac248392acf500aa,openlibrary/plugins/admin/code.py,355,internetarchive_openlibrary,results/internetarchive_openlibrary_matches.csv,2024-06-05T17:57:30+02:00
c9e42c03d1551b46bd23457504111a5a2ff4d43f,openlibrary/plugins/admin/code.py,354,internetarchive_openlibrary,results/internetarchive_openlibrary_matches.csv,2024-07-05T19:13:02+02:00
fcef3e593d27c065bf6b0da2a1273a15da419d1d,openlibrary/plugins/admin/code.py,354,internetarchive_openlibrary,results/internetarchive_openlibrary_matches.csv,2024-08-05T13:39:43-07:00
56ee05ed77c4ba2c8712babd94a10e7d9d6fe8b5,openlibrary/plugins/openlibrary/lists.py,160,internetarchive_openlibrary,results/internetarchive_openlibrary_matches.csv,2024-02-01T15:43:27-05:00
56ee05ed77c4ba2c8712babd94a10e7d9d6fe8b5,openlibrary/plugins/openlibrary/lists.py,177,internetarchive_openlibrary,results/internetarchive_openlibrary_matches.csv,2024-02-01T15:43:27-05:00
fdb82818a08a58769cd813427b4c68682c115c0f,openlibrary/plugins/openlibrary/lists.py,160,internetarchive_openlibrary,results/internetarchive_openlibrary_matches.csv,2024-03-03T20:44:36-05:00
fdb82818a08a58769cd813427b4c68682c115c0f,openlibrary/plugins/openlibrary/lists.py,177,internetarchive_openlibrary,results/internetarchive_openlibrary_matches.csv,2024-03-03T20:44:36-05:00
c0dd17559edda61c7119dad3072b9099851a576e,openlibrary/plugins/openlibrary/lists.py,161,internetarchive_openlibrary,results/internetarchive_openlibrary_matches.csv,2024-04-03T23:55:59-04:00
c0dd17559edda61c7119dad3072b9099851a576e,openlibrary/plugins/openlibrary/lists.py,178,internetarchive_openlibrary,results/internetarchive_openlibrary_matches.csv,2024-04-03T23:55:59-04:00
c5b379b3e99b7b1b6556e753a7a5bbbe3316f79c,openlibrary/plugins/openlibrary/lists.py,161,internetarchive_openlibrary,results/internetarchive_openlibrary_matches.csv,2024-05-05T19:14:59-07:00
c5b379b3e99b7b1b6556e753a7a5bbbe3316f79c,openlibrary/plugins/openlibrary/lists.py,178,internetarchive_openlibrary,results/internetarchive_openlibrary_matches.csv,2024-05-05T19:14:59-07:00
cdedda272e53dd3538732efcac248392acf500aa,openlibrary/plugins/openlibrary/lists.py,161,internetarchive_openlibrary,results/internetarchive_openlibrary_matches.csv,2024-06-05T17:57:30+02:00
cdedda272e53dd3538732efcac248392acf500aa,openlibrary/plugins/openlibrary/lists.py,178,internetarchive_openlibrary,results/internetarchive_openlibrary_matches.csv,2024-06-05T17:57:30+02:00
c9e42c03d1551b46bd23457504111a5a2ff4d43f,openlibrary/plugins/openlibrary/lists.py,161,internetarchive_openlibrary,results/internetarchive_openlibrary_matches.csv,2024-07-05T19:13:02+02:00
c9e42c03d1551b46bd23457504111a5a2ff4d43f,openlibrary/plugins/openlibrary/lists.py,178,internetarchive_openlibrary,results/internetarchive_openlibrary_matches.csv,2024-07-05T19:13:02+02:00
fcef3e593d27c065bf6b0da2a1273a15da419d1d,openlibrary/plugins/openlibrary/lists.py,161,internetarchive_openlibrary,results/internetarchive_openlibrary_matches.csv,2024-08-05T13:39:43-07:00
fcef3e593d27c065bf6b0da2a1273a15da419d1d,openlibrary/plugins/openlibrary/lists.py,178,internetarchive_openlibrary,results/internetarchive_openlibrary_matches.csv,2024-08-05T13:39:43-07:00
ea0cc872a088469b8e23eea5d1ce66a8973f2028,openlibrary/plugins/openlibrary/lists.py,161,internetarchive_openlibrary,results/internetarchive_openlibrary_matches.csv,2024-09-04T22:37:18-07:00
ea0cc872a088469b8e23eea5d1ce66a8973f2028,openlibrary/plugins/openlibrary/lists.py,178,internetarchive_openlibrary,results/internetarchive_openlibrary_matches.csv,2024-09-04T22:37:18-07:00
90bc4b24266912b2aab3b4c7080be5807530a093,openlibrary/plugins/openlibrary/lists.py,161,internetarchive_openlibrary,results/internetarchive_openlibrary_matches.csv,2024-10-05T11:01:31-07:00
90bc4b24266912b2aab3b4c7080be5807530a093,openlibrary/plugins/openlibrary/lists.py,178,internetarchive_openlibrary,results/internetarchive_openlibrary_matches.csv,2024-10-05T11:01:31-07:00
d446cbc794612b53a6cffe44b8f8f12c947a472d,openlibrary/plugins/openlibrary/lists.py,161,internetarchive_openlibrary,results/internetarchive_openlibrary_matches.csv,2024-11-04T11:27:11-08:00
d446cbc794612b53a6cffe44b8f8f12c947a472d,openlibrary/plugins/openlibrary/lists.py,178,internetarchive_openlibrary,results/internetarchive_openlibrary_matches.csv,2024-11-04T11:27:11-08:00
f20a00f50511cb4c03a4f25c885b6fcea4a5688e,openlibrary/plugins/openlibrary/lists.py,161,internetarchive_openlibrary,results/internetarchive_openlibrary_matches.csv,2024-12-04T11:37:05-08:00
f20a00f50511cb4c03a4f25c885b6fcea4a5688e,openlibrary/plugins/openlibrary/lists.py,178,internetarchive_openlibrary,results/internetarchive_openlibrary_matches.csv,2024-12-04T11:37:05-08:00
56ee05ed77c4ba2c8712babd94a10e7d9d6fe8b5,openlibrary/solr/updater/list.py,41,internetarchive_openlibrary,results/internetarchive_openlibrary_matches.csv,2024-02-01T15:43:27-05:00
fdb82818a08a58769cd813427b4c68682c115c0f,openlibrary/solr/updater/list.py,41,internetarchive_openlibrary,results/internetarchive_openlibrary_matches.csv,2024-03-03T20:44:36-05:00
c0dd17559edda61c7119dad3072b9099851a576e,openlibrary/solr/updater/list.py,41,internetarchive_openlibrary,results/internetarchive_openlibrary_matches.csv,2024-04-03T23:55:59-04:00
c5b379b3e99b7b1b6556e753a7a5bbbe3316f79c,openlibrary/solr/updater/list.py,41,internetarchive_openlibrary,results/internetarchive_openlibrary_matches.csv,2024-05-05T19:14:59-07:00
cdedda272e53dd3538732efcac248392acf500aa,openlibrary/solr/updater/list.py,41,internetarchive_openlibrary,results/internetarchive_openlibrary_matches.csv,2024-06-05T17:57:30+02:00
c9e42c03d1551b46bd23457504111a5a2ff4d43f,openlibrary/solr/updater/list.py,41,internetarchive_openlibrary,results/internetarchive_openlibrary_matches.csv,2024-07-05T19:13:02+02:00
fcef3e593d27c065bf6b0da2a1273a15da419d1d,openlibrary/solr/updater/list.py,41,internetarchive_openlibrary,results/internetarchive_openlibrary_matches.csv,2024-08-05T13:39:43-07:00
ea0cc872a088469b8e23eea5d1ce66a8973f2028,openlibrary/solr/updater/list.py,40,internetarchive_openlibrary,results/internetarchive_openlibrary_matches.csv,2024-09-04T22:37:18-07:00
90bc4b24266912b2aab3b4c7080be5807530a093,openlibrary/solr/updater/list.py,40,internetarchive_openlibrary,results/internetarchive_openlibrary_matches.csv,2024-10-05T11:01:31-07:00
d446cbc794612b53a6cffe44b8f8f12c947a472d,openlibrary/solr/updater/list.py,40,internetarchive_openlibrary,results/internetarchive_openlibrary_matches.csv,2024-11-04T11:27:11-08:00
f20a00f50511cb4c03a4f25c885b6fcea4a5688e,openlibrary/solr/updater/list.py,41,internetarchive_openlibrary,results/internetarchive_openlibrary_matches.csv,2024-12-04T11:37:05-08:00
51f29488b3bd9adfc502d5c4e1f3d8fc25ef4c9c,openlibrary/utils/isbn.py,114,internetarchive_openlibrary,results/internetarchive_openlibrary_matches.csv,2023-03-30T17:09:19-04:00
78707552d2ff8d51c914e1ef02868b2f4197d79b,openlibrary/utils/isbn.py,114,internetarchive_openlibrary,results/internetarchive_openlibrary_matches.csv,2023-05-01T15:21:41-04:00
47b508ca2a2cf2ed562dfd0f59aa7c03f80df66f,openlibrary/utils/isbn.py,114,internetarchive_openlibrary,results/internetarchive_openlibrary_matches.csv,2023-06-01T09:32:09+02:00
5e6b98bd7510b1b1ddf5f1fd27fab598bc4e312c,openlibrary/utils/isbn.py,114,internetarchive_openlibrary,results/internetarchive_openlibrary_matches.csv,2023-07-01T09:45:02+02:00
722741f6f45cd4ba297704a5bec205d5f487c99a,openlibrary/utils/isbn.py,114,internetarchive_openlibrary,results/internetarchive_openlibrary_matches.csv,2023-07-31T15:13:10-04:00
a8796b4952b13b6f12138c3de8e1af0efdea85d7,openlibrary/utils/isbn.py,114,internetarchive_openlibrary,results/internetarchive_openlibrary_matches.csv,2023-08-30T13:18:51-07:00
73dcb6851f04fa5262ce987057e5b21a184f3068,openlibrary/utils/isbn.py,114,internetarchive_openlibrary,results/internetarchive_openlibrary_matches.csv,2023-10-01T18:24:26-07:00
82a7d7db3aae7501373f64a9bf4e6c2e3e4cf254,openlibrary/utils/isbn.py,114,internetarchive_openlibrary,results/internetarchive_openlibrary_matches.csv,2023-11-01T08:56:30-07:00
6f8aadc91f4088bd6c2ebec60a69b4d434df390e,openlibrary/utils/isbn.py,114,internetarchive_openlibrary,results/internetarchive_openlibrary_matches.csv,2023-12-01T21:49:47+05:45
156ebf337eb23f8b49147d9736d2bf31d0fae10b,openlibrary/utils/isbn.py,114,internetarchive_openlibrary,results/internetarchive_openlibrary_matches.csv,2024-01-02T15:32:14-05:00
56ee05ed77c4ba2c8712babd94a10e7d9d6fe8b5,openlibrary/utils/isbn.py,114,internetarchive_openlibrary,results/internetarchive_openlibrary_matches.csv,2024-02-01T15:43:27-05:00
fdb82818a08a58769cd813427b4c68682c115c0f,openlibrary/utils/isbn.py,114,internetarchive_openlibrary,results/internetarchive_openlibrary_matches.csv,2024-03-03T20:44:36-05:00
c0dd17559edda61c7119dad3072b9099851a576e,openlibrary/utils/isbn.py,114,internetarchive_openlibrary,results/internetarchive_openlibrary_matches.csv,2024-04-03T23:55:59-04:00
c5b379b3e99b7b1b6556e753a7a5bbbe3316f79c,openlibrary/utils/isbn.py,140,internetarchive_openlibrary,results/internetarchive_openlibrary_matches.csv,2024-05-05T19:14:59-07:00
cdedda272e53dd3538732efcac248392acf500aa,openlibrary/utils/isbn.py,140,internetarchive_openlibrary,results/internetarchive_openlibrary_matches.csv,2024-06-05T17:57:30+02:00
c9e42c03d1551b46bd23457504111a5a2ff4d43f,openlibrary/utils/isbn.py,140,internetarchive_openlibrary,results/internetarchive_openlibrary_matches.csv,2024-07-05T19:13:02+02:00
fcef3e593d27c065bf6b0da2a1273a15da419d1d,openlibrary/utils/isbn.py,140,internetarchive_openlibrary,results/internetarchive_openlibrary_matches.csv,2024-08-05T13:39:43-07:00
ea0cc872a088469b8e23eea5d1ce66a8973f2028,openlibrary/utils/isbn.py,140,internetarchive_openlibrary,results/internetarchive_openlibrary_matches.csv,2024-09-04T22:37:18-07:00
90bc4b24266912b2aab3b4c7080be5807530a093,openlibrary/utils/isbn.py,140,internetarchive_openlibrary,results/internetarchive_openlibrary_matches.csv,2024-10-05T11:01:31-07:00
d446cbc794612b53a6cffe44b8f8f12c947a472d,openlibrary/utils/isbn.py,140,internetarchive_openlibrary,results/internetarchive_openlibrary_matches.csv,2024-11-04T11:27:11-08:00
f20a00f50511cb4c03a4f25c885b6fcea4a5688e,openlibrary/utils/isbn.py,141,internetarchive_openlibrary,results/internetarchive_openlibrary_matches.csv,2024-12-04T11:37:05-08:00
f652640c0342d737a2315136ed8be0ef03cb9303,printrun/gui/widgets.py,22,kliment_printrun,results/kliment_printrun_matches.csv,2023-04-13T17:13:57+02:00
cb0e3287090786fad566feb67ac07b8ef361b2c3,build_before_.py,92,mitmproxy_mitmproxy,results/mitmproxy_mitmproxy_matches.csv,2010-02-16T17:09:07+13:00
2e7e9f9759bab5253a008cdabe0df42551bae922,build_before_.py,92,mitmproxy_mitmproxy,results/mitmproxy_mitmproxy_matches.csv,2010-09-06T07:18:11+08:00
2f5de240988db1e5d4f799bd7f66225ad2063841,build_before_.py,92,mitmproxy_mitmproxy,results/mitmproxy_mitmproxy_matches.csv,2011-01-17T16:14:20+13:00
66349c97836c5885919f9fd2bce75ddd04bfc39a,build_before_.py,92,mitmproxy_mitmproxy,results/mitmproxy_mitmproxy_matches.csv,2011-02-16T16:43:35+13:00
e22fd74d06bf646e7da95cde8f7238763f081276,build_before_.py,92,mitmproxy_mitmproxy,results/mitmproxy_mitmproxy_matches.csv,2011-03-18T16:45:31+13:00
f89581be1b2a884fe95b764a25eead280303f595,build_before_.py,92,mitmproxy_mitmproxy,results/mitmproxy_mitmproxy_matches.csv,2011-05-14T10:44:25+12:00
e56793f01e3faa78c7a449d68772bee89795e92a,build_before_.py,92,mitmproxy_mitmproxy,results/mitmproxy_mitmproxy_matches.csv,2011-06-20T16:18:55+08:00
5936a48e592b3f45b83dc76feab8bb8b5df81da1,build_before_.py,92,mitmproxy_mitmproxy,results/mitmproxy_mitmproxy_matches.csv,2011-07-22T11:11:45+12:00
8fbba59e8dbd75c4848b3e96ea931f40a7667dc9,build_before_.py,92,mitmproxy_mitmproxy,results/mitmproxy_mitmproxy_matches.csv,2011-08-26T17:37:12+12:00
ae79fe166087864b630f77538149d035cfb58f3b,build_before_.py,92,mitmproxy_mitmproxy,results/mitmproxy_mitmproxy_matches.csv,2011-09-26T00:44:43+03:00
3b246f7e278c485a98a5c3b37a21c82b18fd1fee,build_before_.py,92,mitmproxy_mitmproxy,results/mitmproxy_mitmproxy_matches.csv,2011-10-26T14:49:15+13:00
965d318164f430a1b1680f205616954aac2faace,build_before_.py,92,mitmproxy_mitmproxy,results/mitmproxy_mitmproxy_matches.csv,2011-12-28T16:47:30-05:00
4b9ee4c31e25f435ffc4cc1847d92dc51c98dc24,build_before_.py,92,mitmproxy_mitmproxy,results/mitmproxy_mitmproxy_matches.csv,2012-02-06T09:49:49+13:00
e67dbf61236c479acc77db1fbeb98d1c06ff9a0b,build_before_.py,92,mitmproxy_mitmproxy,results/mitmproxy_mitmproxy_matches.csv,2012-03-08T23:09:19+01:00
7d90eb65edf58815296f41931dba38d3051a41d7,build_before_.py,92,mitmproxy_mitmproxy,results/mitmproxy_mitmproxy_matches.csv,2012-04-08T14:40:59+12:00
12b8a43dbe433adb2f713560ef6fd13b83bc13ee,build_before_.py,92,mitmproxy_mitmproxy,results/mitmproxy_mitmproxy_matches.csv,2012-05-11T09:52:17+12:00
8254187bf316e4cdda32e1be0e07e73bc2446243,build_before_.py,92,mitmproxy_mitmproxy,results/mitmproxy_mitmproxy_matches.csv,2012-06-10T10:10:46+12:00
04d9ec8c3c32a6e53be9f6f05b3ad69ee5af76e4,build_before_.py,92,mitmproxy_mitmproxy,results/mitmproxy_mitmproxy_matches.csv,2012-07-10T15:53:53+12:00
1b225f2a55a7d190ef599aac904132cc69d97e7c,build_before_.py,92,mitmproxy_mitmproxy,results/mitmproxy_mitmproxy_matches.csv,2012-08-10T20:41:26-07:00
54cee9db7f6a03bca3058a4b4722073bb55896d8,build_before_.py,92,mitmproxy_mitmproxy,results/mitmproxy_mitmproxy_matches.csv,2012-09-14T09:40:13+12:00
c684f7417d75660048351470990818505bfb1d53,build_before_.py,92,mitmproxy_mitmproxy,results/mitmproxy_mitmproxy_matches.csv,2012-10-24T11:32:53+13:00
626fc3980444b4dc6fd9c53db98b75f767880292,build_before_.py,92,mitmproxy_mitmproxy,results/mitmproxy_mitmproxy_matches.csv,2012-11-23T15:44:43+13:00
bf8367d6cf3e6b5b1e916453c9cf114194174a1a,build_before_.py,92,mitmproxy_mitmproxy,results/mitmproxy_mitmproxy_matches.csv,2012-12-26T22:14:39-06:00
e5b125eec8e732112af9884cf3ab35377913303a,build_before_.py,92,mitmproxy_mitmproxy,results/mitmproxy_mitmproxy_matches.csv,2013-01-26T21:19:35+13:00
25656f488929a7c74d65a1f86cdc3bccbf8ca2c4,build_before_.py,92,mitmproxy_mitmproxy,results/mitmproxy_mitmproxy_matches.csv,2013-02-27T09:05:05+13:00
ca9c60d2eb801c5902c1d2b890e7f1cb8e64959d,build_before_.py,92,mitmproxy_mitmproxy,results/mitmproxy_mitmproxy_matches.csv,2013-04-05T11:55:28+13:00
69a40c817935d08878192f87c85408bc10ca8d89,build_before_.py,92,mitmproxy_mitmproxy,results/mitmproxy_mitmproxy_matches.csv,2013-05-04T17:37:32-07:00
0b5423f6a172fa34b73fce96cbd71cf807871c27,build_before_.py,92,mitmproxy_mitmproxy,results/mitmproxy_mitmproxy_matches.csv,2013-06-08T15:46:24-07:00
9febc0813f810aa157657b8ff99a833dad48e83a,build_before_.py,92,mitmproxy_mitmproxy,results/mitmproxy_mitmproxy_matches.csv,2013-07-11T15:07:01-07:00
2da57ecff0e9572e45663dbad1c5f520e57c531f,build_before_.py,92,mitmproxy_mitmproxy,results/mitmproxy_mitmproxy_matches.csv,2013-08-11T11:47:07+12:00
2956c144d30558141ec43bec798a424974ffa6f1,build_before_.py,92,mitmproxy_mitmproxy,results/mitmproxy_mitmproxy_matches.csv,2013-09-14T23:47:04+02:00
07e970346f216ddafbd3a43b411fcb4e14426ada,build_before_.py,92,mitmproxy_mitmproxy,results/mitmproxy_mitmproxy_matches.csv,2013-10-18T08:17:39+13:00
675518f8735c3f70e25bc448c804ac0fd506a43c,build_before_.py,92,mitmproxy_mitmproxy,results/mitmproxy_mitmproxy_matches.csv,2013-11-18T17:25:52+01:00
359573a764220a3bad94729ff5dce4e94ce2a187,build_before_.py,92,mitmproxy_mitmproxy,results/mitmproxy_mitmproxy_matches.csv,2013-12-23T16:41:46+13:00
94e530ec4fe4378f89eea44796f31847da52ddf2,build_before_.py,92,mitmproxy_mitmproxy,results/mitmproxy_mitmproxy_matches.csv,2014-01-22T16:01:31+01:00
7a154e1ae18f12056447ef030b2bb321cfb13111,build_before_.py,92,mitmproxy_mitmproxy,results/mitmproxy_mitmproxy_matches.csv,2014-02-22T15:00:10+13:00
aab071380adec933efe8eefc657677ecaf2fbf3b,build_before_.py,92,mitmproxy_mitmproxy,results/mitmproxy_mitmproxy_matches.csv,2014-03-26T00:51:18+01:00
92081eee04ebbdae6443d24b74404c76fd4f17d4,build_before_.py,92,mitmproxy_mitmproxy,results/mitmproxy_mitmproxy_matches.csv,2014-04-25T19:40:37+02:00
dc071c4ea7c77b640cb733d769f06631dceb8477,build_before_.py,92,mitmproxy_mitmproxy,results/mitmproxy_mitmproxy_matches.csv,2014-05-28T07:10:10+05:30
4d5d8b65114d061da4f6a41673011ce643c29aab,build_before_.py,92,mitmproxy_mitmproxy,results/mitmproxy_mitmproxy_matches.csv,2014-06-29T13:10:07+02:00
197dae918388b53fde6f79dcec9613a0ac1d4ba1,build_before_.py,92,mitmproxy_mitmproxy,results/mitmproxy_mitmproxy_matches.csv,2014-07-29T15:12:13+02:00
66c2e8ff52a0cea908bbb0d6c4db139c5e35d8ef,build_before_.py,92,mitmproxy_mitmproxy,results/mitmproxy_mitmproxy_matches.csv,2014-08-29T19:18:52+03:00
e2ee41e764bdbafa728eb64af4599722011844eb,build_before_.py,92,mitmproxy_mitmproxy,results/mitmproxy_mitmproxy_matches.csv,2014-10-01T20:41:58+02:00
2c64b90a3d239c76bca4c334f89d7b53a965d35b,build_before_.py,92,mitmproxy_mitmproxy,results/mitmproxy_mitmproxy_matches.csv,2014-10-31T11:49:45-07:00
992536c2bc0afa5da81e82cfcd8953663559ff59,build_before_.py,92,mitmproxy_mitmproxy,results/mitmproxy_mitmproxy_matches.csv,2014-12-01T02:28:03+01:00
67f6f67c48928ca56abfc5395be42b6643a16295,build_before_.py,92,mitmproxy_mitmproxy,results/mitmproxy_mitmproxy_matches.csv,2014-12-31T18:14:17+13:00
82d8c93261c6efe8314e68a34070ce960f308972,build_before_.py,92,mitmproxy_mitmproxy,results/mitmproxy_mitmproxy_matches.csv,2015-02-03T15:41:09-03:00
fa8fc64ce0170b029410600af20b25c8160fe5c6,build_before_.py,92,mitmproxy_mitmproxy,results/mitmproxy_mitmproxy_matches.csv,2015-03-06T02:51:57+08:00
20d3d7e1b85f1886c4920eaf6c86d0b50754fd1b,build_before_.py,92,mitmproxy_mitmproxy,results/mitmproxy_mitmproxy_matches.csv,2015-04-06T11:28:20+08:00
202ede3c546b3d99acee14f3bcceefd500e53c70,build_before_.py,92,mitmproxy_mitmproxy,results/mitmproxy_mitmproxy_matches.csv,2015-05-08T10:58:05+03:00
84b4ca6a65b74c66b2303ffd3f8e1c231dd36fde,build_before_.py,92,mitmproxy_mitmproxy,results/mitmproxy_mitmproxy_matches.csv,2015-06-07T11:06:47-04:00
1ebdda79029a66330983648326e2eef883415e03,build_before_.py,92,mitmproxy_mitmproxy,results/mitmproxy_mitmproxy_matches.csv,2015-07-08T12:10:03-03:00
476badf45cd085d69b6162cd48983e3cd22cefcc,build_before_.py,92,mitmproxy_mitmproxy,results/mitmproxy_mitmproxy_matches.csv,2015-08-10T20:36:47+02:00
cf2b2e0cc71b34d851503852544eed3cd5442ca0,build_before_.py,92,mitmproxy_mitmproxy,results/mitmproxy_mitmproxy_matches.csv,2015-09-10T10:20:11+02:00
22191d63abd9996903936d12ca3e5dcea4f436e2,build_before_.py,92,mitmproxy_mitmproxy,results/mitmproxy_mitmproxy_matches.csv,2015-10-13T21:09:56-04:00
cd0b9e01be4041275165ab5e90b524ab0b3247f0,build_before_.py,92,mitmproxy_mitmproxy,results/mitmproxy_mitmproxy_matches.csv,2015-11-13T21:08:39+08:00
c10b614f700055976a5e30e5cfb0142fc6b83843,build_before_.py,92,mitmproxy_mitmproxy,results/mitmproxy_mitmproxy_matches.csv,2015-12-25T15:56:26+01:00
1b487539b1f3ea183eaed26ae756d0cc7d3ec3ea,build_before_.py,92,mitmproxy_mitmproxy,results/mitmproxy_mitmproxy_matches.csv,2016-01-25T09:20:44+01:00
7e55a2128714deaa66526360e617beb8076c505b,build_before_.py,92,mitmproxy_mitmproxy,results/mitmproxy_mitmproxy_matches.csv,2016-02-24T08:29:24+01:00
9f77c80a327e7c409f0971b9d83ff3a67c2da231,build_before_.py,92,mitmproxy_mitmproxy,results/mitmproxy_mitmproxy_matches.csv,2016-03-25T17:29:42-07:00
acaca765e471114f34aec25e91e00b1760d2aa75,build_before_.py,92,mitmproxy_mitmproxy,results/mitmproxy_mitmproxy_matches.csv,2016-04-28T15:09:42-07:00
ed415877d48251774012bd6aad4be91e9d558b79,build_before_.py,92,mitmproxy_mitmproxy,results/mitmproxy_mitmproxy_matches.csv,2016-05-29T11:14:46+12:00
9099529d17b6ed1b70d320f9f47da5d10f5b7ca0,build_before_.py,92,mitmproxy_mitmproxy,results/mitmproxy_mitmproxy_matches.csv,2016-06-28T00:40:31-07:00
56d04b57401cbdaea771f0b77bbbc5ffc111d5c7,build_before_.py,92,mitmproxy_mitmproxy,results/mitmproxy_mitmproxy_matches.csv,2016-07-28T07:41:54-07:00
99744cc780a5100ac028bbbf43e8a42e1167047e,build_before_.py,92,mitmproxy_mitmproxy,results/mitmproxy_mitmproxy_matches.csv,2016-08-29T16:50:14+05:30
d068000f16cb44b7277de04ba20bd1fc62e4a956,build_before_.py,92,mitmproxy_mitmproxy,results/mitmproxy_mitmproxy_matches.csv,2016-09-28T17:44:48-07:00
2dc3284fbb6cc7218e47174c00ba64bf92a50cdf,build_before_.py,92,mitmproxy_mitmproxy,results/mitmproxy_mitmproxy_matches.csv,2016-10-29T15:44:48+13:00
34bf3a2496ee82e1142547b95b28a0918a911bff,build_before_.py,92,mitmproxy_mitmproxy,results/mitmproxy_mitmproxy_matches.csv,2016-11-28T13:29:06+01:00
0929e74b4e82e3ee9ba1d6ddb7a54a68240a4282,build_before_.py,92,mitmproxy_mitmproxy,results/mitmproxy_mitmproxy_matches.csv,2016-12-28T14:20:53+01:00
356c4987a2a43816c59f5cd070097d2e777b2272,build_before_.py,92,mitmproxy_mitmproxy,results/mitmproxy_mitmproxy_matches.csv,2017-01-29T11:44:49+13:00
a505221e1ab210d35c91c9126eb6b621637235b3,build_before_.py,92,mitmproxy_mitmproxy,results/mitmproxy_mitmproxy_matches.csv,2017-03-01T12:46:42+01:00
55ba6ed14db6634598d1dae4a5c3815a459bcffe,build_before_.py,92,mitmproxy_mitmproxy,results/mitmproxy_mitmproxy_matches.csv,2017-04-02T21:37:38+05:30
822797c7e0588695ecf318b7e7c424eda393405c,build_before_.py,92,mitmproxy_mitmproxy,results/mitmproxy_mitmproxy_matches.csv,2017-05-03T15:46:56+12:00
465178323f335ef446760854d4f9a46731397dc1,build_before_.py,92,mitmproxy_mitmproxy,results/mitmproxy_mitmproxy_matches.csv,2017-06-02T13:26:21+02:00
6367dcab8eb83ca073eaf0a38c75f751eb2dc246,build_before_.py,92,mitmproxy_mitmproxy,results/mitmproxy_mitmproxy_matches.csv,2017-07-04T10:53:23+02:00
b42f5bcb9dd6a8d2609b8351f846a654a1fd65c2,build_before_.py,92,mitmproxy_mitmproxy,results/mitmproxy_mitmproxy_matches.csv,2017-08-03T18:57:54+08:00
2b4f58eb4416beff3d0a246b8cfb55b5eb8f735b,build_before_.py,92,mitmproxy_mitmproxy,results/mitmproxy_mitmproxy_matches.csv,2017-09-03T03:06:15+02:00
f62e9882cddaa60ec2598bd0a4ccfadc394cc6a8,build_before_.py,92,mitmproxy_mitmproxy,results/mitmproxy_mitmproxy_matches.csv,2017-10-06T19:48:36+03:00
4cb96dedd0143cf9b6278d3622457e1e485b3090,build_before_.py,92,mitmproxy_mitmproxy,results/mitmproxy_mitmproxy_matches.csv,2017-11-06T11:23:16+01:00
aeefcd08a40a8bd886d3bca6eca00ec5ace325ee,build_before_.py,92,mitmproxy_mitmproxy,results/mitmproxy_mitmproxy_matches.csv,2017-12-10T18:26:24+13:00
cb5f3a54a6dab862f0c0c8572bd1cbdce67a7e15,build_before_.py,92,mitmproxy_mitmproxy,results/mitmproxy_mitmproxy_matches.csv,2018-01-11T02:56:44+05:30
cda7c8d754f6eb71dd059f2bdfe2805f31b02874,build_before_.py,92,mitmproxy_mitmproxy,results/mitmproxy_mitmproxy_matches.csv,2018-02-10T12:40:39+01:00
2001184b6c373a2a0ea86a9379f8decf3f7912a5,build_before_.py,92,mitmproxy_mitmproxy,results/mitmproxy_mitmproxy_matches.csv,2018-03-15T00:29:52+01:00
8609de6f319b41b90398ed1e7184d59bbf31f4d3,build_before_.py,92,mitmproxy_mitmproxy,results/mitmproxy_mitmproxy_matches.csv,2018-04-14T11:52:02+12:00
3ec3e4bcc994122b0678d56abff70174478b9238,build_before_.py,92,mitmproxy_mitmproxy,results/mitmproxy_mitmproxy_matches.csv,2018-05-14T16:11:02+12:00
773c9535146991af38f954cb4d3b0ead9d7485c5,build_before_.py,92,mitmproxy_mitmproxy,results/mitmproxy_mitmproxy_matches.csv,2018-06-13T11:56:14+02:00
7f464b89296881f4d9ec032378c4418e832d17e3,build_before_.py,92,mitmproxy_mitmproxy,results/mitmproxy_mitmproxy_matches.csv,2018-07-17T14:19:55+02:00
3f14a485d3e6803d6257d947f508f0eabb35fa1c,build_before_.py,92,mitmproxy_mitmproxy,results/mitmproxy_mitmproxy_matches.csv,2018-08-17T15:19:29+08:00
73577eb607803c50dc73b6d2e6c44560e563c23b,build_before_.py,92,mitmproxy_mitmproxy,results/mitmproxy_mitmproxy_matches.csv,2018-09-18T20:42:48+02:00
41cef4e9e317f891758d785cad67ad9ae1928a51,build_before_.py,92,mitmproxy_mitmproxy,results/mitmproxy_mitmproxy_matches.csv,2018-10-19T15:58:53+02:00
39e5ceb6cf8cf3c423e699339e0928a1bdce0696,build_before_.py,92,mitmproxy_mitmproxy,results/mitmproxy_mitmproxy_matches.csv,2018-12-01T18:23:10+05:30
d6445fa5bac87679ca6830f880524c414c6b81bf,build_before_.py,92,mitmproxy_mitmproxy,results/mitmproxy_mitmproxy_matches.csv,2019-01-03T07:54:57+02:00
cec8c67465206caa5b4040c5f34050c9ef06b687,build_before_.py,92,mitmproxy_mitmproxy,results/mitmproxy_mitmproxy_matches.csv,2019-02-03T00:49:53+05:30
fad326a85f524f0b549dea87bceaf6dcb9e8e597,build_before_.py,92,mitmproxy_mitmproxy,results/mitmproxy_mitmproxy_matches.csv,2019-03-29T15:11:17-07:00
1410bdd9ca4e969d9e7a11c7676a230f705e0564,build_before_.py,92,mitmproxy_mitmproxy,results/mitmproxy_mitmproxy_matches.csv,2019-05-16T23:21:47-07:00
a4f8457dd3d47f09b57fd0251bd65c38fabdec1e,build_before_.py,92,mitmproxy_mitmproxy,results/mitmproxy_mitmproxy_matches.csv,2019-06-26T18:39:23+01:00
586f8d2044e18f66b2a8ce531f94b659abfb8a1e,build_before_.py,92,mitmproxy_mitmproxy,results/mitmproxy_mitmproxy_matches.csv,2019-07-30T20:26:51+08:00
4ce5e1386c7d065f4c4f8b68aa57b0e18d6945ca,build_before_.py,92,mitmproxy_mitmproxy,results/mitmproxy_mitmproxy_matches.csv,2019-09-03T17:19:50+03:00
fed3d3eb3793412c97cbed1f364cebb64383d12e,build_before_.py,92,mitmproxy_mitmproxy,results/mitmproxy_mitmproxy_matches.csv,2019-10-04T16:24:19+02:00
1469678b99dcdbd8af5d899f6a8b1036e03ce70f,build_before_.py,92,mitmproxy_mitmproxy,results/mitmproxy_mitmproxy_matches.csv,2019-11-04T12:26:21+01:00
0b86d65b61ce3402691a7a4a7616e4fd3f9b29aa,build_before_.py,92,mitmproxy_mitmproxy,results/mitmproxy_mitmproxy_matches.csv,2019-12-05T13:39:44+01:00
d7f43e72ca643ac16e48f58d511cd2a4e6043b88,build_before_.py,92,mitmproxy_mitmproxy,results/mitmproxy_mitmproxy_matches.csv,2020-01-10T18:10:24+01:00
e25e464acb70c0197dece8e66eaf88db8216b882,build_before_.py,92,mitmproxy_mitmproxy,results/mitmproxy_mitmproxy_matches.csv,2020-02-12T09:36:39+13:00
fa222dca65b2ae484c5778e10206033d6ed08b79,build_before_.py,92,mitmproxy_mitmproxy,results/mitmproxy_mitmproxy_matches.csv,2020-03-25T22:02:53+08:00
449bdf92c07f566729832a5c28dd39b743fc9d6f,build_before_.py,92,mitmproxy_mitmproxy,results/mitmproxy_mitmproxy_matches.csv,2020-04-25T17:39:02+05:30
a15d591a4e2fd304830e4e6651b20970db530e26,build_before_.py,92,mitmproxy_mitmproxy,results/mitmproxy_mitmproxy_matches.csv,2020-05-29T20:34:30+03:00
285b1f5feff504ed2d0647374ac40861ba1d0f2e,build_before_.py,92,mitmproxy_mitmproxy,results/mitmproxy_mitmproxy_matches.csv,2020-06-29T17:54:39+05:30
ea9177217208fdf642ffc54f6b1f6507a199350c,build_before_.py,92,mitmproxy_mitmproxy,results/mitmproxy_mitmproxy_matches.csv,2020-07-30T00:12:00+02:00
8df5e31a1993b9ca0cc93eba7ec545f2b7533cf7,build_before_.py,92,mitmproxy_mitmproxy,results/mitmproxy_mitmproxy_matches.csv,2020-08-29T01:31:49+02:00
eb71985d26b5559d99b55d47176d3e31e39bb4bb,build_before_.py,92,mitmproxy_mitmproxy,results/mitmproxy_mitmproxy_matches.csv,2020-09-28T17:22:24+02:00
1fa4ec74194647f1eeab8676ebd60bb5f67bc800,build_before_.py,92,mitmproxy_mitmproxy,results/mitmproxy_mitmproxy_matches.csv,2020-10-31T10:19:25+01:00
ab767e31f6f50647f554e209684cc60ca45b312f,build_before_.py,92,mitmproxy_mitmproxy,results/mitmproxy_mitmproxy_matches.csv,2020-12-03T17:44:33+07:00
ed41b1343f95792dd618731f44a4e356873f9e30,build_before_.py,92,mitmproxy_mitmproxy,results/mitmproxy_mitmproxy_matches.csv,2021-01-04T07:09:35+01:00
00f718e6c0ca82c8a817ec353853b3db733a6a7d,build_before_.py,92,mitmproxy_mitmproxy,results/mitmproxy_mitmproxy_matches.csv,2021-02-03T18:52:56+01:00
42a1345daf015b345f29e976434c29f4c84175df,build_before_.py,92,mitmproxy_mitmproxy,results/mitmproxy_mitmproxy_matches.csv,2021-03-05T23:10:38+01:00
f1b55fc817363d0138455478a1b4e5c7bc6c301b,build_before_.py,92,mitmproxy_mitmproxy,results/mitmproxy_mitmproxy_matches.csv,2021-04-05T10:08:21+02:00
8d8e10672e4027c2fc0ba72b0108b7f2af869ff5,build_before_.py,92,mitmproxy_mitmproxy,results/mitmproxy_mitmproxy_matches.csv,2021-05-08T22:13:15+02:00
2c5c6cfa5a6e678a8464291cb4f485a259256b18,build_before_.py,92,mitmproxy_mitmproxy,results/mitmproxy_mitmproxy_matches.csv,2021-06-08T11:22:59+02:00
d4bc25fce9dfcbd1eb04ce21a309c4f1ccb79c22,build_before_.py,92,mitmproxy_mitmproxy,results/mitmproxy_mitmproxy_matches.csv,2021-07-09T20:15:38+02:00
fb53df0cc19f0be5d8b9edb34cd29ae0c736fe31,build_before_.py,92,mitmproxy_mitmproxy,results/mitmproxy_mitmproxy_matches.csv,2021-08-09T15:41:05+00:00
e3556fbaadab3c8f62b321a2d9a455b6f51f8806,build_before_.py,92,mitmproxy_mitmproxy,results/mitmproxy_mitmproxy_matches.csv,2021-09-13T16:34:33+02:00
0ad4a5983e73622d3a25df945084448e86d9c323,build_before_.py,92,mitmproxy_mitmproxy,results/mitmproxy_mitmproxy_matches.csv,2021-10-18T15:12:35+02:00
39fa242e25ad6d879e7021db188d0d32f4d77115,build_before_.py,92,mitmproxy_mitmproxy,results/mitmproxy_mitmproxy_matches.csv,2021-11-17T16:53:43+00:00
ace07e7e3c70cd1f099705d6d1989bc999ca7ca9,build_before_.py,92,mitmproxy_mitmproxy,results/mitmproxy_mitmproxy_matches.csv,2021-12-20T20:18:00+01:00
11c22d8a4a31d84e91a52028616e0573fc2988ed,build_before_.py,92,mitmproxy_mitmproxy,results/mitmproxy_mitmproxy_matches.csv,2022-01-20T08:46:52+01:00
5cdd2bc6ec9dc7bc3e2154fbf332b71515fc44d2,build_before_.py,92,mitmproxy_mitmproxy,results/mitmproxy_mitmproxy_matches.csv,2022-02-27T07:58:00+01:00
a63c96ce72850a987f8345d2b6a9b40ff820d85d,build_before_.py,92,mitmproxy_mitmproxy,results/mitmproxy_mitmproxy_matches.csv,2022-03-29T06:58:31+00:00
1db2a684c257bdad592fc17ccff102fa90ae923e,build_before_.py,92,mitmproxy_mitmproxy,results/mitmproxy_mitmproxy_matches.csv,2022-04-28T19:16:44+02:00
4771e42b446619ab82f06bcf50a9954b472ab5e6,build_before_.py,92,mitmproxy_mitmproxy,results/mitmproxy_mitmproxy_matches.csv,2022-05-30T09:53:44+02:00
d94345b2f32aa04ed57dadac99c1ce9724ec15b2,build_before_.py,92,mitmproxy_mitmproxy,results/mitmproxy_mitmproxy_matches.csv,2022-06-29T11:48:24+02:00
5df703cc42666a2a3fa0d03f8b490b97e320adf9,build_before_.py,92,mitmproxy_mitmproxy,results/mitmproxy_mitmproxy_matches.csv,2022-07-29T13:42:42+02:00
3865e6f8dd00d43949535f9dcd0164b69622e247,build_before_.py,92,mitmproxy_mitmproxy,results/mitmproxy_mitmproxy_matches.csv,2022-08-28T08:52:32-05:00
a1631154d722ea4c82dcb72e0c84ad38c6991de5,build_before_.py,92,mitmproxy_mitmproxy,results/mitmproxy_mitmproxy_matches.csv,2022-10-01T15:58:06+02:00
464650e6774863310bce63ada9dc94d8ddc4b4a8,build_before_.py,92,mitmproxy_mitmproxy,results/mitmproxy_mitmproxy_matches.csv,2022-10-31T18:10:00+01:00
ef1a03181b4aa564ee7a29875b3db99457e04c36,build_before_.py,92,mitmproxy_mitmproxy,results/mitmproxy_mitmproxy_matches.csv,2022-12-02T09:42:49+01:00
2a3eca2589ffa3620654483eced02c9bf9dfa0bd,build_before_.py,92,mitmproxy_mitmproxy,results/mitmproxy_mitmproxy_matches.csv,2023-01-02T22:13:12+01:00
8683f8392cf8c775fc0ccbb2b46eda3fda00c325,build_before_.py,92,mitmproxy_mitmproxy,results/mitmproxy_mitmproxy_matches.csv,2023-02-01T22:14:05+00:00
262cadab75d377fbe3a79561e27e477757ee142c,build_before_.py,92,mitmproxy_mitmproxy,results/mitmproxy_mitmproxy_matches.csv,2023-03-05T19:55:24+01:00
19218bfaf264f36274812ebaa5c80dd19174e9b4,build_before_.py,92,mitmproxy_mitmproxy,results/mitmproxy_mitmproxy_matches.csv,2023-04-22T12:48:24+02:00
e0e46f453ce46a7c9cd30650ae4e394fc73a7dbb,build_before_.py,92,mitmproxy_mitmproxy,results/mitmproxy_mitmproxy_matches.csv,2023-05-28T16:35:34+00:00
47021baaa1ef3d445e1ab0d0c24a58425ec069a4,build_before_.py,92,mitmproxy_mitmproxy,results/mitmproxy_mitmproxy_matches.csv,2023-06-30T08:12:55+02:00
47aaec4f746899433b3033a0ecb92b93b61840ca,build_before_.py,92,mitmproxy_mitmproxy,results/mitmproxy_mitmproxy_matches.csv,2023-08-01T12:13:48+02:00
4f1403224d6bc405578a45937f2357ce502e1b1f,build_before_.py,92,mitmproxy_mitmproxy,results/mitmproxy_mitmproxy_matches.csv,2023-09-05T15:32:54+02:00
bacbaadb0122c4d9897a3ebd009c24fdfe2ba270,build_before_.py,92,mitmproxy_mitmproxy,results/mitmproxy_mitmproxy_matches.csv,2023-10-09T13:12:10+00:00
cb0e3287090786fad566feb67ac07b8ef361b2c3,build_before_1.py,92,mitmproxy_mitmproxy,results/mitmproxy_mitmproxy_matches.csv,2010-02-16T17:09:07+13:00
2e7e9f9759bab5253a008cdabe0df42551bae922,build_before_1.py,92,mitmproxy_mitmproxy,results/mitmproxy_mitmproxy_matches.csv,2010-09-06T07:18:11+08:00
2f5de240988db1e5d4f799bd7f66225ad2063841,build_before_1.py,92,mitmproxy_mitmproxy,results/mitmproxy_mitmproxy_matches.csv,2011-01-17T16:14:20+13:00
66349c97836c5885919f9fd2bce75ddd04bfc39a,build_before_1.py,92,mitmproxy_mitmproxy,results/mitmproxy_mitmproxy_matches.csv,2011-02-16T16:43:35+13:00
e22fd74d06bf646e7da95cde8f7238763f081276,build_before_1.py,92,mitmproxy_mitmproxy,results/mitmproxy_mitmproxy_matches.csv,2011-03-18T16:45:31+13:00
f89581be1b2a884fe95b764a25eead280303f595,build_before_1.py,92,mitmproxy_mitmproxy,results/mitmproxy_mitmproxy_matches.csv,2011-05-14T10:44:25+12:00
e56793f01e3faa78c7a449d68772bee89795e92a,build_before_1.py,92,mitmproxy_mitmproxy,results/mitmproxy_mitmproxy_matches.csv,2011-06-20T16:18:55+08:00
5936a48e592b3f45b83dc76feab8bb8b5df81da1,build_before_1.py,92,mitmproxy_mitmproxy,results/mitmproxy_mitmproxy_matches.csv,2011-07-22T11:11:45+12:00
8fbba59e8dbd75c4848b3e96ea931f40a7667dc9,build_before_1.py,92,mitmproxy_mitmproxy,results/mitmproxy_mitmproxy_matches.csv,2011-08-26T17:37:12+12:00
ae79fe166087864b630f77538149d035cfb58f3b,build_before_1.py,92,mitmproxy_mitmproxy,results/mitmproxy_mitmproxy_matches.csv,2011-09-26T00:44:43+03:00
3b246f7e278c485a98a5c3b37a21c82b18fd1fee,build_before_1.py,92,mitmproxy_mitmproxy,results/mitmproxy_mitmproxy_matches.csv,2011-10-26T14:49:15+13:00
965d318164f430a1b1680f205616954aac2faace,build_before_1.py,92,mitmproxy_mitmproxy,results/mitmproxy_mitmproxy_matches.csv,2011-12-28T16:47:30-05:00
4b9ee4c31e25f435ffc4cc1847d92dc51c98dc24,build_before_1.py,92,mitmproxy_mitmproxy,results/mitmproxy_mitmproxy_matches.csv,2012-02-06T09:49:49+13:00
e67dbf61236c479acc77db1fbeb98d1c06ff9a0b,build_before_1.py,92,mitmproxy_mitmproxy,results/mitmproxy_mitmproxy_matches.csv,2012-03-08T23:09:19+01:00
7d90eb65edf58815296f41931dba38d3051a41d7,build_before_1.py,92,mitmproxy_mitmproxy,results/mitmproxy_mitmproxy_matches.csv,2012-04-08T14:40:59+12:00
12b8a43dbe433adb2f713560ef6fd13b83bc13ee,build_before_1.py,92,mitmproxy_mitmproxy,results/mitmproxy_mitmproxy_matches.csv,2012-05-11T09:52:17+12:00
8254187bf316e4cdda32e1be0e07e73bc2446243,build_before_1.py,92,mitmproxy_mitmproxy,results/mitmproxy_mitmproxy_matches.csv,2012-06-10T10:10:46+12:00
04d9ec8c3c32a6e53be9f6f05b3ad69ee5af76e4,build_before_1.py,92,mitmproxy_mitmproxy,results/mitmproxy_mitmproxy_matches.csv,2012-07-10T15:53:53+12:00
1b225f2a55a7d190ef599aac904132cc69d97e7c,build_before_1.py,92,mitmproxy_mitmproxy,results/mitmproxy_mitmproxy_matches.csv,2012-08-10T20:41:26-07:00
54cee9db7f6a03bca3058a4b4722073bb55896d8,build_before_1.py,92,mitmproxy_mitmproxy,results/mitmproxy_mitmproxy_matches.csv,2012-09-14T09:40:13+12:00
c684f7417d75660048351470990818505bfb1d53,build_before_1.py,92,mitmproxy_mitmproxy,results/mitmproxy_mitmproxy_matches.csv,2012-10-24T11:32:53+13:00
626fc3980444b4dc6fd9c53db98b75f767880292,build_before_1.py,92,mitmproxy_mitmproxy,results/mitmproxy_mitmproxy_matches.csv,2012-11-23T15:44:43+13:00
bf8367d6cf3e6b5b1e916453c9cf114194174a1a,build_before_1.py,92,mitmproxy_mitmproxy,results/mitmproxy_mitmproxy_matches.csv,2012-12-26T22:14:39-06:00
e5b125eec8e732112af9884cf3ab35377913303a,build_before_1.py,92,mitmproxy_mitmproxy,results/mitmproxy_mitmproxy_matches.csv,2013-01-26T21:19:35+13:00
25656f488929a7c74d65a1f86cdc3bccbf8ca2c4,build_before_1.py,92,mitmproxy_mitmproxy,results/mitmproxy_mitmproxy_matches.csv,2013-02-27T09:05:05+13:00
ca9c60d2eb801c5902c1d2b890e7f1cb8e64959d,build_before_1.py,92,mitmproxy_mitmproxy,results/mitmproxy_mitmproxy_matches.csv,2013-04-05T11:55:28+13:00
69a40c817935d08878192f87c85408bc10ca8d89,build_before_1.py,92,mitmproxy_mitmproxy,results/mitmproxy_mitmproxy_matches.csv,2013-05-04T17:37:32-07:00
0b5423f6a172fa34b73fce96cbd71cf807871c27,build_before_1.py,92,mitmproxy_mitmproxy,results/mitmproxy_mitmproxy_matches.csv,2013-06-08T15:46:24-07:00
9febc0813f810aa157657b8ff99a833dad48e83a,build_before_1.py,92,mitmproxy_mitmproxy,results/mitmproxy_mitmproxy_matches.csv,2013-07-11T15:07:01-07:00
2da57ecff0e9572e45663dbad1c5f520e57c531f,build_before_1.py,92,mitmproxy_mitmproxy,results/mitmproxy_mitmproxy_matches.csv,2013-08-11T11:47:07+12:00
2956c144d30558141ec43bec798a424974ffa6f1,build_before_1.py,92,mitmproxy_mitmproxy,results/mitmproxy_mitmproxy_matches.csv,2013-09-14T23:47:04+02:00
07e970346f216ddafbd3a43b411fcb4e14426ada,build_before_1.py,92,mitmproxy_mitmproxy,results/mitmproxy_mitmproxy_matches.csv,2013-10-18T08:17:39+13:00
675518f8735c3f70e25bc448c804ac0fd506a43c,build_before_1.py,92,mitmproxy_mitmproxy,results/mitmproxy_mitmproxy_matches.csv,2013-11-18T17:25:52+01:00
359573a764220a3bad94729ff5dce4e94ce2a187,build_before_1.py,92,mitmproxy_mitmproxy,results/mitmproxy_mitmproxy_matches.csv,2013-12-23T16:41:46+13:00
94e530ec4fe4378f89eea44796f31847da52ddf2,build_before_1.py,92,mitmproxy_mitmproxy,results/mitmproxy_mitmproxy_matches.csv,2014-01-22T16:01:31+01:00
7a154e1ae18f12056447ef030b2bb321cfb13111,build_before_1.py,92,mitmproxy_mitmproxy,results/mitmproxy_mitmproxy_matches.csv,2014-02-22T15:00:10+13:00
aab071380adec933efe8eefc657677ecaf2fbf3b,build_before_1.py,92,mitmproxy_mitmproxy,results/mitmproxy_mitmproxy_matches.csv,2014-03-26T00:51:18+01:00
92081eee04ebbdae6443d24b74404c76fd4f17d4,build_before_1.py,92,mitmproxy_mitmproxy,results/mitmproxy_mitmproxy_matches.csv,2014-04-25T19:40:37+02:00
dc071c4ea7c77b640cb733d769f06631dceb8477,build_before_1.py,92,mitmproxy_mitmproxy,results/mitmproxy_mitmproxy_matches.csv,2014-05-28T07:10:10+05:30
4d5d8b65114d061da4f6a41673011ce643c29aab,build_before_1.py,92,mitmproxy_mitmproxy,results/mitmproxy_mitmproxy_matches.csv,2014-06-29T13:10:07+02:00
197dae918388b53fde6f79dcec9613a0ac1d4ba1,build_before_1.py,92,mitmproxy_mitmproxy,results/mitmproxy_mitmproxy_matches.csv,2014-07-29T15:12:13+02:00
66c2e8ff52a0cea908bbb0d6c4db139c5e35d8ef,build_before_1.py,92,mitmproxy_mitmproxy,results/mitmproxy_mitmproxy_matches.csv,2014-08-29T19:18:52+03:00
e2ee41e764bdbafa728eb64af4599722011844eb,build_before_1.py,92,mitmproxy_mitmproxy,results/mitmproxy_mitmproxy_matches.csv,2014-10-01T20:41:58+02:00
2c64b90a3d239c76bca4c334f89d7b53a965d35b,build_before_1.py,92,mitmproxy_mitmproxy,results/mitmproxy_mitmproxy_matches.csv,2014-10-31T11:49:45-07:00
992536c2bc0afa5da81e82cfcd8953663559ff59,build_before_1.py,92,mitmproxy_mitmproxy,results/mitmproxy_mitmproxy_matches.csv,2014-12-01T02:28:03+01:00
67f6f67c48928ca56abfc5395be42b6643a16295,build_before_1.py,92,mitmproxy_mitmproxy,results/mitmproxy_mitmproxy_matches.csv,2014-12-31T18:14:17+13:00
82d8c93261c6efe8314e68a34070ce960f308972,build_before_1.py,92,mitmproxy_mitmproxy,results/mitmproxy_mitmproxy_matches.csv,2015-02-03T15:41:09-03:00
fa8fc64ce0170b029410600af20b25c8160fe5c6,build_before_1.py,92,mitmproxy_mitmproxy,results/mitmproxy_mitmproxy_matches.csv,2015-03-06T02:51:57+08:00
20d3d7e1b85f1886c4920eaf6c86d0b50754fd1b,build_before_1.py,92,mitmproxy_mitmproxy,results/mitmproxy_mitmproxy_matches.csv,2015-04-06T11:28:20+08:00
202ede3c546b3d99acee14f3bcceefd500e53c70,build_before_1.py,92,mitmproxy_mitmproxy,results/mitmproxy_mitmproxy_matches.csv,2015-05-08T10:58:05+03:00
84b4ca6a65b74c66b2303ffd3f8e1c231dd36fde,build_before_1.py,92,mitmproxy_mitmproxy,results/mitmproxy_mitmproxy_matches.csv,2015-06-07T11:06:47-04:00
1ebdda79029a66330983648326e2eef883415e03,build_before_1.py,92,mitmproxy_mitmproxy,results/mitmproxy_mitmproxy_matches.csv,2015-07-08T12:10:03-03:00
476badf45cd085d69b6162cd48983e3cd22cefcc,build_before_1.py,92,mitmproxy_mitmproxy,results/mitmproxy_mitmproxy_matches.csv,2015-08-10T20:36:47+02:00
cf2b2e0cc71b34d851503852544eed3cd5442ca0,build_before_1.py,92,mitmproxy_mitmproxy,results/mitmproxy_mitmproxy_matches.csv,2015-09-10T10:20:11+02:00
22191d63abd9996903936d12ca3e5dcea4f436e2,build_before_1.py,92,mitmproxy_mitmproxy,results/mitmproxy_mitmproxy_matches.csv,2015-10-13T21:09:56-04:00
cd0b9e01be4041275165ab5e90b524ab0b3247f0,build_before_1.py,92,mitmproxy_mitmproxy,results/mitmproxy_mitmproxy_matches.csv,2015-11-13T21:08:39+08:00
c10b614f700055976a5e30e5cfb0142fc6b83843,build_before_1.py,92,mitmproxy_mitmproxy,results/mitmproxy_mitmproxy_matches.csv,2015-12-25T15:56:26+01:00
1b487539b1f3ea183eaed26ae756d0cc7d3ec3ea,build_before_1.py,92,mitmproxy_mitmproxy,results/mitmproxy_mitmproxy_matches.csv,2016-01-25T09:20:44+01:00
7e55a2128714deaa66526360e617beb8076c505b,build_before_1.py,92,mitmproxy_mitmproxy,results/mitmproxy_mitmproxy_matches.csv,2016-02-24T08:29:24+01:00
9f77c80a327e7c409f0971b9d83ff3a67c2da231,build_before_1.py,92,mitmproxy_mitmproxy,results/mitmproxy_mitmproxy_matches.csv,2016-03-25T17:29:42-07:00
acaca765e471114f34aec25e91e00b1760d2aa75,build_before_1.py,92,mitmproxy_mitmproxy,results/mitmproxy_mitmproxy_matches.csv,2016-04-28T15:09:42-07:00
ed415877d48251774012bd6aad4be91e9d558b79,build_before_1.py,92,mitmproxy_mitmproxy,results/mitmproxy_mitmproxy_matches.csv,2016-05-29T11:14:46+12:00
9099529d17b6ed1b70d320f9f47da5d10f5b7ca0,build_before_1.py,92,mitmproxy_mitmproxy,results/mitmproxy_mitmproxy_matches.csv,2016-06-28T00:40:31-07:00
56d04b57401cbdaea771f0b77bbbc5ffc111d5c7,build_before_1.py,92,mitmproxy_mitmproxy,results/mitmproxy_mitmproxy_matches.csv,2016-07-28T07:41:54-07:00
99744cc780a5100ac028bbbf43e8a42e1167047e,build_before_1.py,92,mitmproxy_mitmproxy,results/mitmproxy_mitmproxy_matches.csv,2016-08-29T16:50:14+05:30
d068000f16cb44b7277de04ba20bd1fc62e4a956,build_before_1.py,92,mitmproxy_mitmproxy,results/mitmproxy_mitmproxy_matches.csv,2016-09-28T17:44:48-07:00
2dc3284fbb6cc7218e47174c00ba64bf92a50cdf,build_before_1.py,92,mitmproxy_mitmproxy,results/mitmproxy_mitmproxy_matches.csv,2016-10-29T15:44:48+13:00
34bf3a2496ee82e1142547b95b28a0918a911bff,build_before_1.py,92,mitmproxy_mitmproxy,results/mitmproxy_mitmproxy_matches.csv,2016-11-28T13:29:06+01:00
0929e74b4e82e3ee9ba1d6ddb7a54a68240a4282,build_before_1.py,92,mitmproxy_mitmproxy,results/mitmproxy_mitmproxy_matches.csv,2016-12-28T14:20:53+01:00
356c4987a2a43816c59f5cd070097d2e777b2272,build_before_1.py,92,mitmproxy_mitmproxy,results/mitmproxy_mitmproxy_matches.csv,2017-01-29T11:44:49+13:00
a505221e1ab210d35c91c9126eb6b621637235b3,build_before_1.py,92,mitmproxy_mitmproxy,results/mitmproxy_mitmproxy_matches.csv,2017-03-01T12:46:42+01:00
55ba6ed14db6634598d1dae4a5c3815a459bcffe,build_before_1.py,92,mitmproxy_mitmproxy,results/mitmproxy_mitmproxy_matches.csv,2017-04-02T21:37:38+05:30
822797c7e0588695ecf318b7e7c424eda393405c,build_before_1.py,92,mitmproxy_mitmproxy,results/mitmproxy_mitmproxy_matches.csv,2017-05-03T15:46:56+12:00
465178323f335ef446760854d4f9a46731397dc1,build_before_1.py,92,mitmproxy_mitmproxy,results/mitmproxy_mitmproxy_matches.csv,2017-06-02T13:26:21+02:00
6367dcab8eb83ca073eaf0a38c75f751eb2dc246,build_before_1.py,92,mitmproxy_mitmproxy,results/mitmproxy_mitmproxy_matches.csv,2017-07-04T10:53:23+02:00
b42f5bcb9dd6a8d2609b8351f846a654a1fd65c2,build_before_1.py,92,mitmproxy_mitmproxy,results/mitmproxy_mitmproxy_matches.csv,2017-08-03T18:57:54+08:00
2b4f58eb4416beff3d0a246b8cfb55b5eb8f735b,build_before_1.py,92,mitmproxy_mitmproxy,results/mitmproxy_mitmproxy_matches.csv,2017-09-03T03:06:15+02:00
f62e9882cddaa60ec2598bd0a4ccfadc394cc6a8,build_before_1.py,92,mitmproxy_mitmproxy,results/mitmproxy_mitmproxy_matches.csv,2017-10-06T19:48:36+03:00
4cb96dedd0143cf9b6278d3622457e1e485b3090,build_before_1.py,92,mitmproxy_mitmproxy,results/mitmproxy_mitmproxy_matches.csv,2017-11-06T11:23:16+01:00
aeefcd08a40a8bd886d3bca6eca00ec5ace325ee,build_before_1.py,92,mitmproxy_mitmproxy,results/mitmproxy_mitmproxy_matches.csv,2017-12-10T18:26:24+13:00
cb5f3a54a6dab862f0c0c8572bd1cbdce67a7e15,build_before_1.py,92,mitmproxy_mitmproxy,results/mitmproxy_mitmproxy_matches.csv,2018-01-11T02:56:44+05:30
cda7c8d754f6eb71dd059f2bdfe2805f31b02874,build_before_1.py,92,mitmproxy_mitmproxy,results/mitmproxy_mitmproxy_matches.csv,2018-02-10T12:40:39+01:00
2001184b6c373a2a0ea86a9379f8decf3f7912a5,build_before_1.py,92,mitmproxy_mitmproxy,results/mitmproxy_mitmproxy_matches.csv,2018-03-15T00:29:52+01:00
8609de6f319b41b90398ed1e7184d59bbf31f4d3,build_before_1.py,92,mitmproxy_mitmproxy,results/mitmproxy_mitmproxy_matches.csv,2018-04-14T11:52:02+12:00
3ec3e4bcc994122b0678d56abff70174478b9238,build_before_1.py,92,mitmproxy_mitmproxy,results/mitmproxy_mitmproxy_matches.csv,2018-05-14T16:11:02+12:00
773c9535146991af38f954cb4d3b0ead9d7485c5,build_before_1.py,92,mitmproxy_mitmproxy,results/mitmproxy_mitmproxy_matches.csv,2018-06-13T11:56:14+02:00
7f464b89296881f4d9ec032378c4418e832d17e3,build_before_1.py,92,mitmproxy_mitmproxy,results/mitmproxy_mitmproxy_matches.csv,2018-07-17T14:19:55+02:00
3f14a485d3e6803d6257d947f508f0eabb35fa1c,build_before_1.py,92,mitmproxy_mitmproxy,results/mitmproxy_mitmproxy_matches.csv,2018-08-17T15:19:29+08:00
73577eb607803c50dc73b6d2e6c44560e563c23b,build_before_1.py,92,mitmproxy_mitmproxy,results/mitmproxy_mitmproxy_matches.csv,2018-09-18T20:42:48+02:00
41cef4e9e317f891758d785cad67ad9ae1928a51,build_before_1.py,92,mitmproxy_mitmproxy,results/mitmproxy_mitmproxy_matches.csv,2018-10-19T15:58:53+02:00
39e5ceb6cf8cf3c423e699339e0928a1bdce0696,build_before_1.py,92,mitmproxy_mitmproxy,results/mitmproxy_mitmproxy_matches.csv,2018-12-01T18:23:10+05:30
d6445fa5bac87679ca6830f880524c414c6b81bf,build_before_1.py,92,mitmproxy_mitmproxy,results/mitmproxy_mitmproxy_matches.csv,2019-01-03T07:54:57+02:00
cec8c67465206caa5b4040c5f34050c9ef06b687,build_before_1.py,92,mitmproxy_mitmproxy,results/mitmproxy_mitmproxy_matches.csv,2019-02-03T00:49:53+05:30
fad326a85f524f0b549dea87bceaf6dcb9e8e597,build_before_1.py,92,mitmproxy_mitmproxy,results/mitmproxy_mitmproxy_matches.csv,2019-03-29T15:11:17-07:00
1410bdd9ca4e969d9e7a11c7676a230f705e0564,build_before_1.py,92,mitmproxy_mitmproxy,results/mitmproxy_mitmproxy_matches.csv,2019-05-16T23:21:47-07:00
a4f8457dd3d47f09b57fd0251bd65c38fabdec1e,build_before_1.py,92,mitmproxy_mitmproxy,results/mitmproxy_mitmproxy_matches.csv,2019-06-26T18:39:23+01:00
586f8d2044e18f66b2a8ce531f94b659abfb8a1e,build_before_1.py,92,mitmproxy_mitmproxy,results/mitmproxy_mitmproxy_matches.csv,2019-07-30T20:26:51+08:00
4ce5e1386c7d065f4c4f8b68aa57b0e18d6945ca,build_before_1.py,92,mitmproxy_mitmproxy,results/mitmproxy_mitmproxy_matches.csv,2019-09-03T17:19:50+03:00
fed3d3eb3793412c97cbed1f364cebb64383d12e,build_before_1.py,92,mitmproxy_mitmproxy,results/mitmproxy_mitmproxy_matches.csv,2019-10-04T16:24:19+02:00
1469678b99dcdbd8af5d899f6a8b1036e03ce70f,build_before_1.py,92,mitmproxy_mitmproxy,results/mitmproxy_mitmproxy_matches.csv,2019-11-04T12:26:21+01:00
0b86d65b61ce3402691a7a4a7616e4fd3f9b29aa,build_before_1.py,92,mitmproxy_mitmproxy,results/mitmproxy_mitmproxy_matches.csv,2019-12-05T13:39:44+01:00
d7f43e72ca643ac16e48f58d511cd2a4e6043b88,build_before_1.py,92,mitmproxy_mitmproxy,results/mitmproxy_mitmproxy_matches.csv,2020-01-10T18:10:24+01:00
e25e464acb70c0197dece8e66eaf88db8216b882,build_before_1.py,92,mitmproxy_mitmproxy,results/mitmproxy_mitmproxy_matches.csv,2020-02-12T09:36:39+13:00
fa222dca65b2ae484c5778e10206033d6ed08b79,build_before_1.py,92,mitmproxy_mitmproxy,results/mitmproxy_mitmproxy_matches.csv,2020-03-25T22:02:53+08:00
449bdf92c07f566729832a5c28dd39b743fc9d6f,build_before_1.py,92,mitmproxy_mitmproxy,results/mitmproxy_mitmproxy_matches.csv,2020-04-25T17:39:02+05:30
a15d591a4e2fd304830e4e6651b20970db530e26,build_before_1.py,92,mitmproxy_mitmproxy,results/mitmproxy_mitmproxy_matches.csv,2020-05-29T20:34:30+03:00
285b1f5feff504ed2d0647374ac40861ba1d0f2e,build_before_1.py,92,mitmproxy_mitmproxy,results/mitmproxy_mitmproxy_matches.csv,2020-06-29T17:54:39+05:30
ea9177217208fdf642ffc54f6b1f6507a199350c,build_before_1.py,92,mitmproxy_mitmproxy,results/mitmproxy_mitmproxy_matches.csv,2020-07-30T00:12:00+02:00
8df5e31a1993b9ca0cc93eba7ec545f2b7533cf7,build_before_1.py,92,mitmproxy_mitmproxy,results/mitmproxy_mitmproxy_matches.csv,2020-08-29T01:31:49+02:00
eb71985d26b5559d99b55d47176d3e31e39bb4bb,build_before_1.py,92,mitmproxy_mitmproxy,results/mitmproxy_mitmproxy_matches.csv,2020-09-28T17:22:24+02:00
1fa4ec74194647f1eeab8676ebd60bb5f67bc800,build_before_1.py,92,mitmproxy_mitmproxy,results/mitmproxy_mitmproxy_matches.csv,2020-10-31T10:19:25+01:00
ab767e31f6f50647f554e209684cc60ca45b312f,build_before_1.py,92,mitmproxy_mitmproxy,results/mitmproxy_mitmproxy_matches.csv,2020-12-03T17:44:33+07:00
ed41b1343f95792dd618731f44a4e356873f9e30,build_before_1.py,92,mitmproxy_mitmproxy,results/mitmproxy_mitmproxy_matches.csv,2021-01-04T07:09:35+01:00
00f718e6c0ca82c8a817ec353853b3db733a6a7d,build_before_1.py,92,mitmproxy_mitmproxy,results/mitmproxy_mitmproxy_matches.csv,2021-02-03T18:52:56+01:00
42a1345daf015b345f29e976434c29f4c84175df,build_before_1.py,92,mitmproxy_mitmproxy,results/mitmproxy_mitmproxy_matches.csv,2021-03-05T23:10:38+01:00
f1b55fc817363d0138455478a1b4e5c7bc6c301b,build_before_1.py,92,mitmproxy_mitmproxy,results/mitmproxy_mitmproxy_matches.csv,2021-04-05T10:08:21+02:00
8d8e10672e4027c2fc0ba72b0108b7f2af869ff5,build_before_1.py,92,mitmproxy_mitmproxy,results/mitmproxy_mitmproxy_matches.csv,2021-05-08T22:13:15+02:00
2c5c6cfa5a6e678a8464291cb4f485a259256b18,build_before_1.py,92,mitmproxy_mitmproxy,results/mitmproxy_mitmproxy_matches.csv,2021-06-08T11:22:59+02:00
d4bc25fce9dfcbd1eb04ce21a309c4f1ccb79c22,build_before_1.py,92,mitmproxy_mitmproxy,results/mitmproxy_mitmproxy_matches.csv,2021-07-09T20:15:38+02:00
fb53df0cc19f0be5d8b9edb34cd29ae0c736fe31,build_before_1.py,92,mitmproxy_mitmproxy,results/mitmproxy_mitmproxy_matches.csv,2021-08-09T15:41:05+00:00
e3556fbaadab3c8f62b321a2d9a455b6f51f8806,build_before_1.py,92,mitmproxy_mitmproxy,results/mitmproxy_mitmproxy_matches.csv,2021-09-13T16:34:33+02:00
0ad4a5983e73622d3a25df945084448e86d9c323,build_before_1.py,92,mitmproxy_mitmproxy,results/mitmproxy_mitmproxy_matches.csv,2021-10-18T15:12:35+02:00
39fa242e25ad6d879e7021db188d0d32f4d77115,build_before_1.py,92,mitmproxy_mitmproxy,results/mitmproxy_mitmproxy_matches.csv,2021-11-17T16:53:43+00:00
ace07e7e3c70cd1f099705d6d1989bc999ca7ca9,build_before_1.py,92,mitmproxy_mitmproxy,results/mitmproxy_mitmproxy_matches.csv,2021-12-20T20:18:00+01:00
11c22d8a4a31d84e91a52028616e0573fc2988ed,build_before_1.py,92,mitmproxy_mitmproxy,results/mitmproxy_mitmproxy_matches.csv,2022-01-20T08:46:52+01:00
5cdd2bc6ec9dc7bc3e2154fbf332b71515fc44d2,build_before_1.py,92,mitmproxy_mitmproxy,results/mitmproxy_mitmproxy_matches.csv,2022-02-27T07:58:00+01:00
a63c96ce72850a987f8345d2b6a9b40ff820d85d,build_before_1.py,92,mitmproxy_mitmproxy,results/mitmproxy_mitmproxy_matches.csv,2022-03-29T06:58:31+00:00
1db2a684c257bdad592fc17ccff102fa90ae923e,build_before_1.py,92,mitmproxy_mitmproxy,results/mitmproxy_mitmproxy_matches.csv,2022-04-28T19:16:44+02:00
4771e42b446619ab82f06bcf50a9954b472ab5e6,build_before_1.py,92,mitmproxy_mitmproxy,results/mitmproxy_mitmproxy_matches.csv,2022-05-30T09:53:44+02:00
d94345b2f32aa04ed57dadac99c1ce9724ec15b2,build_before_1.py,92,mitmproxy_mitmproxy,results/mitmproxy_mitmproxy_matches.csv,2022-06-29T11:48:24+02:00
5df703cc42666a2a3fa0d03f8b490b97e320adf9,build_before_1.py,92,mitmproxy_mitmproxy,results/mitmproxy_mitmproxy_matches.csv,2022-07-29T13:42:42+02:00
3865e6f8dd00d43949535f9dcd0164b69622e247,build_before_1.py,92,mitmproxy_mitmproxy,results/mitmproxy_mitmproxy_matches.csv,2022-08-28T08:52:32-05:00
a1631154d722ea4c82dcb72e0c84ad38c6991de5,build_before_1.py,92,mitmproxy_mitmproxy,results/mitmproxy_mitmproxy_matches.csv,2022-10-01T15:58:06+02:00
464650e6774863310bce63ada9dc94d8ddc4b4a8,build_before_1.py,92,mitmproxy_mitmproxy,results/mitmproxy_mitmproxy_matches.csv,2022-10-31T18:10:00+01:00
ef1a03181b4aa564ee7a29875b3db99457e04c36,build_before_1.py,92,mitmproxy_mitmproxy,results/mitmproxy_mitmproxy_matches.csv,2022-12-02T09:42:49+01:00
2a3eca2589ffa3620654483eced02c9bf9dfa0bd,build_before_1.py,92,mitmproxy_mitmproxy,results/mitmproxy_mitmproxy_matches.csv,2023-01-02T22:13:12+01:00
8683f8392cf8c775fc0ccbb2b46eda3fda00c325,build_before_1.py,92,mitmproxy_mitmproxy,results/mitmproxy_mitmproxy_matches.csv,2023-02-01T22:14:05+00:00
262cadab75d377fbe3a79561e27e477757ee142c,build_before_1.py,92,mitmproxy_mitmproxy,results/mitmproxy_mitmproxy_matches.csv,2023-03-05T19:55:24+01:00
19218bfaf264f36274812ebaa5c80dd19174e9b4,build_before_1.py,92,mitmproxy_mitmproxy,results/mitmproxy_mitmproxy_matches.csv,2023-04-22T12:48:24+02:00
e0e46f453ce46a7c9cd30650ae4e394fc73a7dbb,build_before_1.py,92,mitmproxy_mitmproxy,results/mitmproxy_mitmproxy_matches.csv,2023-05-28T16:35:34+00:00
47021baaa1ef3d445e1ab0d0c24a58425ec069a4,build_before_1.py,92,mitmproxy_mitmproxy,results/mitmproxy_mitmproxy_matches.csv,2023-06-30T08:12:55+02:00
47aaec4f746899433b3033a0ecb92b93b61840ca,build_before_1.py,92,mitmproxy_mitmproxy,results/mitmproxy_mitmproxy_matches.csv,2023-08-01T12:13:48+02:00
4f1403224d6bc405578a45937f2357ce502e1b1f,build_before_1.py,92,mitmproxy_mitmproxy,results/mitmproxy_mitmproxy_matches.csv,2023-09-05T15:32:54+02:00
bacbaadb0122c4d9897a3ebd009c24fdfe2ba270,build_before_1.py,92,mitmproxy_mitmproxy,results/mitmproxy_mitmproxy_matches.csv,2023-10-09T13:12:10+00:00
cb0e3287090786fad566feb67ac07b8ef361b2c3,build_before_34.py,92,mitmproxy_mitmproxy,results/mitmproxy_mitmproxy_matches.csv,2010-02-16T17:09:07+13:00
2e7e9f9759bab5253a008cdabe0df42551bae922,build_before_34.py,92,mitmproxy_mitmproxy,results/mitmproxy_mitmproxy_matches.csv,2010-09-06T07:18:11+08:00
2f5de240988db1e5d4f799bd7f66225ad2063841,build_before_34.py,92,mitmproxy_mitmproxy,results/mitmproxy_mitmproxy_matches.csv,2011-01-17T16:14:20+13:00
66349c97836c5885919f9fd2bce75ddd04bfc39a,build_before_34.py,92,mitmproxy_mitmproxy,results/mitmproxy_mitmproxy_matches.csv,2011-02-16T16:43:35+13:00
e22fd74d06bf646e7da95cde8f7238763f081276,build_before_34.py,92,mitmproxy_mitmproxy,results/mitmproxy_mitmproxy_matches.csv,2011-03-18T16:45:31+13:00
f89581be1b2a884fe95b764a25eead280303f595,build_before_34.py,92,mitmproxy_mitmproxy,results/mitmproxy_mitmproxy_matches.csv,2011-05-14T10:44:25+12:00
e56793f01e3faa78c7a449d68772bee89795e92a,build_before_34.py,92,mitmproxy_mitmproxy,results/mitmproxy_mitmproxy_matches.csv,2011-06-20T16:18:55+08:00
5936a48e592b3f45b83dc76feab8bb8b5df81da1,build_before_34.py,92,mitmproxy_mitmproxy,results/mitmproxy_mitmproxy_matches.csv,2011-07-22T11:11:45+12:00
8fbba59e8dbd75c4848b3e96ea931f40a7667dc9,build_before_34.py,92,mitmproxy_mitmproxy,results/mitmproxy_mitmproxy_matches.csv,2011-08-26T17:37:12+12:00
ae79fe166087864b630f77538149d035cfb58f3b,build_before_34.py,92,mitmproxy_mitmproxy,results/mitmproxy_mitmproxy_matches.csv,2011-09-26T00:44:43+03:00
3b246f7e278c485a98a5c3b37a21c82b18fd1fee,build_before_34.py,92,mitmproxy_mitmproxy,results/mitmproxy_mitmproxy_matches.csv,2011-10-26T14:49:15+13:00
965d318164f430a1b1680f205616954aac2faace,build_before_34.py,92,mitmproxy_mitmproxy,results/mitmproxy_mitmproxy_matches.csv,2011-12-28T16:47:30-05:00
4b9ee4c31e25f435ffc4cc1847d92dc51c98dc24,build_before_34.py,92,mitmproxy_mitmproxy,results/mitmproxy_mitmproxy_matches.csv,2012-02-06T09:49:49+13:00
e67dbf61236c479acc77db1fbeb98d1c06ff9a0b,build_before_34.py,92,mitmproxy_mitmproxy,results/mitmproxy_mitmproxy_matches.csv,2012-03-08T23:09:19+01:00
7d90eb65edf58815296f41931dba38d3051a41d7,build_before_34.py,92,mitmproxy_mitmproxy,results/mitmproxy_mitmproxy_matches.csv,2012-04-08T14:40:59+12:00
12b8a43dbe433adb2f713560ef6fd13b83bc13ee,build_before_34.py,92,mitmproxy_mitmproxy,results/mitmproxy_mitmproxy_matches.csv,2012-05-11T09:52:17+12:00
8254187bf316e4cdda32e1be0e07e73bc2446243,build_before_34.py,92,mitmproxy_mitmproxy,results/mitmproxy_mitmproxy_matches.csv,2012-06-10T10:10:46+12:00
04d9ec8c3c32a6e53be9f6f05b3ad69ee5af76e4,build_before_34.py,92,mitmproxy_mitmproxy,results/mitmproxy_mitmproxy_matches.csv,2012-07-10T15:53:53+12:00
1b225f2a55a7d190ef599aac904132cc69d97e7c,build_before_34.py,92,mitmproxy_mitmproxy,results/mitmproxy_mitmproxy_matches.csv,2012-08-10T20:41:26-07:00
54cee9db7f6a03bca3058a4b4722073bb55896d8,build_before_34.py,92,mitmproxy_mitmproxy,results/mitmproxy_mitmproxy_matches.csv,2012-09-14T09:40:13+12:00
c684f7417d75660048351470990818505bfb1d53,build_before_34.py,92,mitmproxy_mitmproxy,results/mitmproxy_mitmproxy_matches.csv,2012-10-24T11:32:53+13:00
626fc3980444b4dc6fd9c53db98b75f767880292,build_before_34.py,92,mitmproxy_mitmproxy,results/mitmproxy_mitmproxy_matches.csv,2012-11-23T15:44:43+13:00
bf8367d6cf3e6b5b1e916453c9cf114194174a1a,build_before_34.py,92,mitmproxy_mitmproxy,results/mitmproxy_mitmproxy_matches.csv,2012-12-26T22:14:39-06:00
e5b125eec8e732112af9884cf3ab35377913303a,build_before_34.py,92,mitmproxy_mitmproxy,results/mitmproxy_mitmproxy_matches.csv,2013-01-26T21:19:35+13:00
25656f488929a7c74d65a1f86cdc3bccbf8ca2c4,build_before_34.py,92,mitmproxy_mitmproxy,results/mitmproxy_mitmproxy_matches.csv,2013-02-27T09:05:05+13:00
ca9c60d2eb801c5902c1d2b890e7f1cb8e64959d,build_before_34.py,92,mitmproxy_mitmproxy,results/mitmproxy_mitmproxy_matches.csv,2013-04-05T11:55:28+13:00
69a40c817935d08878192f87c85408bc10ca8d89,build_before_34.py,92,mitmproxy_mitmproxy,results/mitmproxy_mitmproxy_matches.csv,2013-05-04T17:37:32-07:00
0b5423f6a172fa34b73fce96cbd71cf807871c27,build_before_34.py,92,mitmproxy_mitmproxy,results/mitmproxy_mitmproxy_matches.csv,2013-06-08T15:46:24-07:00
9febc0813f810aa157657b8ff99a833dad48e83a,build_before_34.py,92,mitmproxy_mitmproxy,results/mitmproxy_mitmproxy_matches.csv,2013-07-11T15:07:01-07:00
2da57ecff0e9572e45663dbad1c5f520e57c531f,build_before_34.py,92,mitmproxy_mitmproxy,results/mitmproxy_mitmproxy_matches.csv,2013-08-11T11:47:07+12:00
2956c144d30558141ec43bec798a424974ffa6f1,build_before_34.py,92,mitmproxy_mitmproxy,results/mitmproxy_mitmproxy_matches.csv,2013-09-14T23:47:04+02:00
07e970346f216ddafbd3a43b411fcb4e14426ada,build_before_34.py,92,mitmproxy_mitmproxy,results/mitmproxy_mitmproxy_matches.csv,2013-10-18T08:17:39+13:00
675518f8735c3f70e25bc448c804ac0fd506a43c,build_before_34.py,92,mitmproxy_mitmproxy,results/mitmproxy_mitmproxy_matches.csv,2013-11-18T17:25:52+01:00
359573a764220a3bad94729ff5dce4e94ce2a187,build_before_34.py,92,mitmproxy_mitmproxy,results/mitmproxy_mitmproxy_matches.csv,2013-12-23T16:41:46+13:00
94e530ec4fe4378f89eea44796f31847da52ddf2,build_before_34.py,92,mitmproxy_mitmproxy,results/mitmproxy_mitmproxy_matches.csv,2014-01-22T16:01:31+01:00
7a154e1ae18f12056447ef030b2bb321cfb13111,build_before_34.py,92,mitmproxy_mitmproxy,results/mitmproxy_mitmproxy_matches.csv,2014-02-22T15:00:10+13:00
aab071380adec933efe8eefc657677ecaf2fbf3b,build_before_34.py,92,mitmproxy_mitmproxy,results/mitmproxy_mitmproxy_matches.csv,2014-03-26T00:51:18+01:00
92081eee04ebbdae6443d24b74404c76fd4f17d4,build_before_34.py,92,mitmproxy_mitmproxy,results/mitmproxy_mitmproxy_matches.csv,2014-04-25T19:40:37+02:00
dc071c4ea7c77b640cb733d769f06631dceb8477,build_before_34.py,92,mitmproxy_mitmproxy,results/mitmproxy_mitmproxy_matches.csv,2014-05-28T07:10:10+05:30
4d5d8b65114d061da4f6a41673011ce643c29aab,build_before_34.py,92,mitmproxy_mitmproxy,results/mitmproxy_mitmproxy_matches.csv,2014-06-29T13:10:07+02:00
197dae918388b53fde6f79dcec9613a0ac1d4ba1,build_before_34.py,92,mitmproxy_mitmproxy,results/mitmproxy_mitmproxy_matches.csv,2014-07-29T15:12:13+02:00
66c2e8ff52a0cea908bbb0d6c4db139c5e35d8ef,build_before_34.py,92,mitmproxy_mitmproxy,results/mitmproxy_mitmproxy_matches.csv,2014-08-29T19:18:52+03:00
e2ee41e764bdbafa728eb64af4599722011844eb,build_before_34.py,92,mitmproxy_mitmproxy,results/mitmproxy_mitmproxy_matches.csv,2014-10-01T20:41:58+02:00
2c64b90a3d239c76bca4c334f89d7b53a965d35b,build_before_34.py,92,mitmproxy_mitmproxy,results/mitmproxy_mitmproxy_matches.csv,2014-10-31T11:49:45-07:00
992536c2bc0afa5da81e82cfcd8953663559ff59,build_before_34.py,92,mitmproxy_mitmproxy,results/mitmproxy_mitmproxy_matches.csv,2014-12-01T02:28:03+01:00
67f6f67c48928ca56abfc5395be42b6643a16295,build_before_34.py,92,mitmproxy_mitmproxy,results/mitmproxy_mitmproxy_matches.csv,2014-12-31T18:14:17+13:00
82d8c93261c6efe8314e68a34070ce960f308972,build_before_34.py,92,mitmproxy_mitmproxy,results/mitmproxy_mitmproxy_matches.csv,2015-02-03T15:41:09-03:00
fa8fc64ce0170b029410600af20b25c8160fe5c6,build_before_34.py,92,mitmproxy_mitmproxy,results/mitmproxy_mitmproxy_matches.csv,2015-03-06T02:51:57+08:00
20d3d7e1b85f1886c4920eaf6c86d0b50754fd1b,build_before_34.py,92,mitmproxy_mitmproxy,results/mitmproxy_mitmproxy_matches.csv,2015-04-06T11:28:20+08:00
202ede3c546b3d99acee14f3bcceefd500e53c70,build_before_34.py,92,mitmproxy_mitmproxy,results/mitmproxy_mitmproxy_matches.csv,2015-05-08T10:58:05+03:00
84b4ca6a65b74c66b2303ffd3f8e1c231dd36fde,build_before_34.py,92,mitmproxy_mitmproxy,results/mitmproxy_mitmproxy_matches.csv,2015-06-07T11:06:47-04:00
1ebdda79029a66330983648326e2eef883415e03,build_before_34.py,92,mitmproxy_mitmproxy,results/mitmproxy_mitmproxy_matches.csv,2015-07-08T12:10:03-03:00
476badf45cd085d69b6162cd48983e3cd22cefcc,build_before_34.py,92,mitmproxy_mitmproxy,results/mitmproxy_mitmproxy_matches.csv,2015-08-10T20:36:47+02:00
cf2b2e0cc71b34d851503852544eed3cd5442ca0,build_before_34.py,92,mitmproxy_mitmproxy,results/mitmproxy_mitmproxy_matches.csv,2015-09-10T10:20:11+02:00
22191d63abd9996903936d12ca3e5dcea4f436e2,build_before_34.py,92,mitmproxy_mitmproxy,results/mitmproxy_mitmproxy_matches.csv,2015-10-13T21:09:56-04:00
cd0b9e01be4041275165ab5e90b524ab0b3247f0,build_before_34.py,92,mitmproxy_mitmproxy,results/mitmproxy_mitmproxy_matches.csv,2015-11-13T21:08:39+08:00
c10b614f700055976a5e30e5cfb0142fc6b83843,build_before_34.py,92,mitmproxy_mitmproxy,results/mitmproxy_mitmproxy_matches.csv,2015-12-25T15:56:26+01:00
1b487539b1f3ea183eaed26ae756d0cc7d3ec3ea,build_before_34.py,92,mitmproxy_mitmproxy,results/mitmproxy_mitmproxy_matches.csv,2016-01-25T09:20:44+01:00
7e55a2128714deaa66526360e617beb8076c505b,build_before_34.py,92,mitmproxy_mitmproxy,results/mitmproxy_mitmproxy_matches.csv,2016-02-24T08:29:24+01:00
9f77c80a327e7c409f0971b9d83ff3a67c2da231,build_before_34.py,92,mitmproxy_mitmproxy,results/mitmproxy_mitmproxy_matches.csv,2016-03-25T17:29:42-07:00
acaca765e471114f34aec25e91e00b1760d2aa75,build_before_34.py,92,mitmproxy_mitmproxy,results/mitmproxy_mitmproxy_matches.csv,2016-04-28T15:09:42-07:00
ed415877d48251774012bd6aad4be91e9d558b79,build_before_34.py,92,mitmproxy_mitmproxy,results/mitmproxy_mitmproxy_matches.csv,2016-05-29T11:14:46+12:00
9099529d17b6ed1b70d320f9f47da5d10f5b7ca0,build_before_34.py,92,mitmproxy_mitmproxy,results/mitmproxy_mitmproxy_matches.csv,2016-06-28T00:40:31-07:00
56d04b57401cbdaea771f0b77bbbc5ffc111d5c7,build_before_34.py,92,mitmproxy_mitmproxy,results/mitmproxy_mitmproxy_matches.csv,2016-07-28T07:41:54-07:00
99744cc780a5100ac028bbbf43e8a42e1167047e,build_before_34.py,92,mitmproxy_mitmproxy,results/mitmproxy_mitmproxy_matches.csv,2016-08-29T16:50:14+05:30
d068000f16cb44b7277de04ba20bd1fc62e4a956,build_before_34.py,92,mitmproxy_mitmproxy,results/mitmproxy_mitmproxy_matches.csv,2016-09-28T17:44:48-07:00
2dc3284fbb6cc7218e47174c00ba64bf92a50cdf,build_before_34.py,92,mitmproxy_mitmproxy,results/mitmproxy_mitmproxy_matches.csv,2016-10-29T15:44:48+13:00
34bf3a2496ee82e1142547b95b28a0918a911bff,build_before_34.py,92,mitmproxy_mitmproxy,results/mitmproxy_mitmproxy_matches.csv,2016-11-28T13:29:06+01:00
0929e74b4e82e3ee9ba1d6ddb7a54a68240a4282,build_before_34.py,92,mitmproxy_mitmproxy,results/mitmproxy_mitmproxy_matches.csv,2016-12-28T14:20:53+01:00
356c4987a2a43816c59f5cd070097d2e777b2272,build_before_34.py,92,mitmproxy_mitmproxy,results/mitmproxy_mitmproxy_matches.csv,2017-01-29T11:44:49+13:00
a505221e1ab210d35c91c9126eb6b621637235b3,build_before_34.py,92,mitmproxy_mitmproxy,results/mitmproxy_mitmproxy_matches.csv,2017-03-01T12:46:42+01:00
55ba6ed14db6634598d1dae4a5c3815a459bcffe,build_before_34.py,92,mitmproxy_mitmproxy,results/mitmproxy_mitmproxy_matches.csv,2017-04-02T21:37:38+05:30
822797c7e0588695ecf318b7e7c424eda393405c,build_before_34.py,92,mitmproxy_mitmproxy,results/mitmproxy_mitmproxy_matches.csv,2017-05-03T15:46:56+12:00
465178323f335ef446760854d4f9a46731397dc1,build_before_34.py,92,mitmproxy_mitmproxy,results/mitmproxy_mitmproxy_matches.csv,2017-06-02T13:26:21+02:00
6367dcab8eb83ca073eaf0a38c75f751eb2dc246,build_before_34.py,92,mitmproxy_mitmproxy,results/mitmproxy_mitmproxy_matches.csv,2017-07-04T10:53:23+02:00
b42f5bcb9dd6a8d2609b8351f846a654a1fd65c2,build_before_34.py,92,mitmproxy_mitmproxy,results/mitmproxy_mitmproxy_matches.csv,2017-08-03T18:57:54+08:00
2b4f58eb4416beff3d0a246b8cfb55b5eb8f735b,build_before_34.py,92,mitmproxy_mitmproxy,results/mitmproxy_mitmproxy_matches.csv,2017-09-03T03:06:15+02:00
f62e9882cddaa60ec2598bd0a4ccfadc394cc6a8,build_before_34.py,92,mitmproxy_mitmproxy,results/mitmproxy_mitmproxy_matches.csv,2017-10-06T19:48:36+03:00
4cb96dedd0143cf9b6278d3622457e1e485b3090,build_before_34.py,92,mitmproxy_mitmproxy,results/mitmproxy_mitmproxy_matches.csv,2017-11-06T11:23:16+01:00
aeefcd08a40a8bd886d3bca6eca00ec5ace325ee,build_before_34.py,92,mitmproxy_mitmproxy,results/mitmproxy_mitmproxy_matches.csv,2017-12-10T18:26:24+13:00
cb5f3a54a6dab862f0c0c8572bd1cbdce67a7e15,build_before_34.py,92,mitmproxy_mitmproxy,results/mitmproxy_mitmproxy_matches.csv,2018-01-11T02:56:44+05:30
cda7c8d754f6eb71dd059f2bdfe2805f31b02874,build_before_34.py,92,mitmproxy_mitmproxy,results/mitmproxy_mitmproxy_matches.csv,2018-02-10T12:40:39+01:00
2001184b6c373a2a0ea86a9379f8decf3f7912a5,build_before_34.py,92,mitmproxy_mitmproxy,results/mitmproxy_mitmproxy_matches.csv,2018-03-15T00:29:52+01:00
8609de6f319b41b90398ed1e7184d59bbf31f4d3,build_before_34.py,92,mitmproxy_mitmproxy,results/mitmproxy_mitmproxy_matches.csv,2018-04-14T11:52:02+12:00
3ec3e4bcc994122b0678d56abff70174478b9238,build_before_34.py,92,mitmproxy_mitmproxy,results/mitmproxy_mitmproxy_matches.csv,2018-05-14T16:11:02+12:00
773c9535146991af38f954cb4d3b0ead9d7485c5,build_before_34.py,92,mitmproxy_mitmproxy,results/mitmproxy_mitmproxy_matches.csv,2018-06-13T11:56:14+02:00
7f464b89296881f4d9ec032378c4418e832d17e3,build_before_34.py,92,mitmproxy_mitmproxy,results/mitmproxy_mitmproxy_matches.csv,2018-07-17T14:19:55+02:00
3f14a485d3e6803d6257d947f508f0eabb35fa1c,build_before_34.py,92,mitmproxy_mitmproxy,results/mitmproxy_mitmproxy_matches.csv,2018-08-17T15:19:29+08:00
73577eb607803c50dc73b6d2e6c44560e563c23b,build_before_34.py,92,mitmproxy_mitmproxy,results/mitmproxy_mitmproxy_matches.csv,2018-09-18T20:42:48+02:00
41cef4e9e317f891758d785cad67ad9ae1928a51,build_before_34.py,92,mitmproxy_mitmproxy,results/mitmproxy_mitmproxy_matches.csv,2018-10-19T15:58:53+02:00
39e5ceb6cf8cf3c423e699339e0928a1bdce0696,build_before_34.py,92,mitmproxy_mitmproxy,results/mitmproxy_mitmproxy_matches.csv,2018-12-01T18:23:10+05:30
d6445fa5bac87679ca6830f880524c414c6b81bf,build_before_34.py,92,mitmproxy_mitmproxy,results/mitmproxy_mitmproxy_matches.csv,2019-01-03T07:54:57+02:00
cec8c67465206caa5b4040c5f34050c9ef06b687,build_before_34.py,92,mitmproxy_mitmproxy,results/mitmproxy_mitmproxy_matches.csv,2019-02-03T00:49:53+05:30
fad326a85f524f0b549dea87bceaf6dcb9e8e597,build_before_34.py,92,mitmproxy_mitmproxy,results/mitmproxy_mitmproxy_matches.csv,2019-03-29T15:11:17-07:00
1410bdd9ca4e969d9e7a11c7676a230f705e0564,build_before_34.py,92,mitmproxy_mitmproxy,results/mitmproxy_mitmproxy_matches.csv,2019-05-16T23:21:47-07:00
a4f8457dd3d47f09b57fd0251bd65c38fabdec1e,build_before_34.py,92,mitmproxy_mitmproxy,results/mitmproxy_mitmproxy_matches.csv,2019-06-26T18:39:23+01:00
586f8d2044e18f66b2a8ce531f94b659abfb8a1e,build_before_34.py,92,mitmproxy_mitmproxy,results/mitmproxy_mitmproxy_matches.csv,2019-07-30T20:26:51+08:00
4ce5e1386c7d065f4c4f8b68aa57b0e18d6945ca,build_before_34.py,92,mitmproxy_mitmproxy,results/mitmproxy_mitmproxy_matches.csv,2019-09-03T17:19:50+03:00
fed3d3eb3793412c97cbed1f364cebb64383d12e,build_before_34.py,92,mitmproxy_mitmproxy,results/mitmproxy_mitmproxy_matches.csv,2019-10-04T16:24:19+02:00
1469678b99dcdbd8af5d899f6a8b1036e03ce70f,build_before_34.py,92,mitmproxy_mitmproxy,results/mitmproxy_mitmproxy_matches.csv,2019-11-04T12:26:21+01:00
0b86d65b61ce3402691a7a4a7616e4fd3f9b29aa,build_before_34.py,92,mitmproxy_mitmproxy,results/mitmproxy_mitmproxy_matches.csv,2019-12-05T13:39:44+01:00
d7f43e72ca643ac16e48f58d511cd2a4e6043b88,build_before_34.py,92,mitmproxy_mitmproxy,results/mitmproxy_mitmproxy_matches.csv,2020-01-10T18:10:24+01:00
e25e464acb70c0197dece8e66eaf88db8216b882,build_before_34.py,92,mitmproxy_mitmproxy,results/mitmproxy_mitmproxy_matches.csv,2020-02-12T09:36:39+13:00
fa222dca65b2ae484c5778e10206033d6ed08b79,build_before_34.py,92,mitmproxy_mitmproxy,results/mitmproxy_mitmproxy_matches.csv,2020-03-25T22:02:53+08:00
449bdf92c07f566729832a5c28dd39b743fc9d6f,build_before_34.py,92,mitmproxy_mitmproxy,results/mitmproxy_mitmproxy_matches.csv,2020-04-25T17:39:02+05:30
a15d591a4e2fd304830e4e6651b20970db530e26,build_before_34.py,92,mitmproxy_mitmproxy,results/mitmproxy_mitmproxy_matches.csv,2020-05-29T20:34:30+03:00
285b1f5feff504ed2d0647374ac40861ba1d0f2e,build_before_34.py,92,mitmproxy_mitmproxy,results/mitmproxy_mitmproxy_matches.csv,2020-06-29T17:54:39+05:30
ea9177217208fdf642ffc54f6b1f6507a199350c,build_before_34.py,92,mitmproxy_mitmproxy,results/mitmproxy_mitmproxy_matches.csv,2020-07-30T00:12:00+02:00
8df5e31a1993b9ca0cc93eba7ec545f2b7533cf7,build_before_34.py,92,mitmproxy_mitmproxy,results/mitmproxy_mitmproxy_matches.csv,2020-08-29T01:31:49+02:00
eb71985d26b5559d99b55d47176d3e31e39bb4bb,build_before_34.py,92,mitmproxy_mitmproxy,results/mitmproxy_mitmproxy_matches.csv,2020-09-28T17:22:24+02:00
1fa4ec74194647f1eeab8676ebd60bb5f67bc800,build_before_34.py,92,mitmproxy_mitmproxy,results/mitmproxy_mitmproxy_matches.csv,2020-10-31T10:19:25+01:00
ab767e31f6f50647f554e209684cc60ca45b312f,build_before_34.py,92,mitmproxy_mitmproxy,results/mitmproxy_mitmproxy_matches.csv,2020-12-03T17:44:33+07:00
ed41b1343f95792dd618731f44a4e356873f9e30,build_before_34.py,92,mitmproxy_mitmproxy,results/mitmproxy_mitmproxy_matches.csv,2021-01-04T07:09:35+01:00
00f718e6c0ca82c8a817ec353853b3db733a6a7d,build_before_34.py,92,mitmproxy_mitmproxy,results/mitmproxy_mitmproxy_matches.csv,2021-02-03T18:52:56+01:00
42a1345daf015b345f29e976434c29f4c84175df,build_before_34.py,92,mitmproxy_mitmproxy,results/mitmproxy_mitmproxy_matches.csv,2021-03-05T23:10:38+01:00
f1b55fc817363d0138455478a1b4e5c7bc6c301b,build_before_34.py,92,mitmproxy_mitmproxy,results/mitmproxy_mitmproxy_matches.csv,2021-04-05T10:08:21+02:00
8d8e10672e4027c2fc0ba72b0108b7f2af869ff5,build_before_34.py,92,mitmproxy_mitmproxy,results/mitmproxy_mitmproxy_matches.csv,2021-05-08T22:13:15+02:00
2c5c6cfa5a6e678a8464291cb4f485a259256b18,build_before_34.py,92,mitmproxy_mitmproxy,results/mitmproxy_mitmproxy_matches.csv,2021-06-08T11:22:59+02:00
d4bc25fce9dfcbd1eb04ce21a309c4f1ccb79c22,build_before_34.py,92,mitmproxy_mitmproxy,results/mitmproxy_mitmproxy_matches.csv,2021-07-09T20:15:38+02:00
fb53df0cc19f0be5d8b9edb34cd29ae0c736fe31,build_before_34.py,92,mitmproxy_mitmproxy,results/mitmproxy_mitmproxy_matches.csv,2021-08-09T15:41:05+00:00
e3556fbaadab3c8f62b321a2d9a455b6f51f8806,build_before_34.py,92,mitmproxy_mitmproxy,results/mitmproxy_mitmproxy_matches.csv,2021-09-13T16:34:33+02:00
0ad4a5983e73622d3a25df945084448e86d9c323,build_before_34.py,92,mitmproxy_mitmproxy,results/mitmproxy_mitmproxy_matches.csv,2021-10-18T15:12:35+02:00
39fa242e25ad6d879e7021db188d0d32f4d77115,build_before_34.py,92,mitmproxy_mitmproxy,results/mitmproxy_mitmproxy_matches.csv,2021-11-17T16:53:43+00:00
ace07e7e3c70cd1f099705d6d1989bc999ca7ca9,build_before_34.py,92,mitmproxy_mitmproxy,results/mitmproxy_mitmproxy_matches.csv,2021-12-20T20:18:00+01:00
11c22d8a4a31d84e91a52028616e0573fc2988ed,build_before_34.py,92,mitmproxy_mitmproxy,results/mitmproxy_mitmproxy_matches.csv,2022-01-20T08:46:52+01:00
5cdd2bc6ec9dc7bc3e2154fbf332b71515fc44d2,build_before_34.py,92,mitmproxy_mitmproxy,results/mitmproxy_mitmproxy_matches.csv,2022-02-27T07:58:00+01:00
a63c96ce72850a987f8345d2b6a9b40ff820d85d,build_before_34.py,92,mitmproxy_mitmproxy,results/mitmproxy_mitmproxy_matches.csv,2022-03-29T06:58:31+00:00
1db2a684c257bdad592fc17ccff102fa90ae923e,build_before_34.py,92,mitmproxy_mitmproxy,results/mitmproxy_mitmproxy_matches.csv,2022-04-28T19:16:44+02:00
4771e42b446619ab82f06bcf50a9954b472ab5e6,build_before_34.py,92,mitmproxy_mitmproxy,results/mitmproxy_mitmproxy_matches.csv,2022-05-30T09:53:44+02:00
d94345b2f32aa04ed57dadac99c1ce9724ec15b2,build_before_34.py,92,mitmproxy_mitmproxy,results/mitmproxy_mitmproxy_matches.csv,2022-06-29T11:48:24+02:00
5df703cc42666a2a3fa0d03f8b490b97e320adf9,build_before_34.py,92,mitmproxy_mitmproxy,results/mitmproxy_mitmproxy_matches.csv,2022-07-29T13:42:42+02:00
3865e6f8dd00d43949535f9dcd0164b69622e247,build_before_34.py,92,mitmproxy_mitmproxy,results/mitmproxy_mitmproxy_matches.csv,2022-08-28T08:52:32-05:00
a1631154d722ea4c82dcb72e0c84ad38c6991de5,build_before_34.py,92,mitmproxy_mitmproxy,results/mitmproxy_mitmproxy_matches.csv,2022-10-01T15:58:06+02:00
464650e6774863310bce63ada9dc94d8ddc4b4a8,build_before_34.py,92,mitmproxy_mitmproxy,results/mitmproxy_mitmproxy_matches.csv,2022-10-31T18:10:00+01:00
ef1a03181b4aa564ee7a29875b3db99457e04c36,build_before_34.py,92,mitmproxy_mitmproxy,results/mitmproxy_mitmproxy_matches.csv,2022-12-02T09:42:49+01:00
2a3eca2589ffa3620654483eced02c9bf9dfa0bd,build_before_34.py,92,mitmproxy_mitmproxy,results/mitmproxy_mitmproxy_matches.csv,2023-01-02T22:13:12+01:00
8683f8392cf8c775fc0ccbb2b46eda3fda00c325,build_before_34.py,92,mitmproxy_mitmproxy,results/mitmproxy_mitmproxy_matches.csv,2023-02-01T22:14:05+00:00
262cadab75d377fbe3a79561e27e477757ee142c,build_before_34.py,92,mitmproxy_mitmproxy,results/mitmproxy_mitmproxy_matches.csv,2023-03-05T19:55:24+01:00
19218bfaf264f36274812ebaa5c80dd19174e9b4,build_before_34.py,92,mitmproxy_mitmproxy,results/mitmproxy_mitmproxy_matches.csv,2023-04-22T12:48:24+02:00
e0e46f453ce46a7c9cd30650ae4e394fc73a7dbb,build_before_34.py,92,mitmproxy_mitmproxy,results/mitmproxy_mitmproxy_matches.csv,2023-05-28T16:35:34+00:00
47021baaa1ef3d445e1ab0d0c24a58425ec069a4,build_before_34.py,92,mitmproxy_mitmproxy,results/mitmproxy_mitmproxy_matches.csv,2023-06-30T08:12:55+02:00
47aaec4f746899433b3033a0ecb92b93b61840ca,build_before_34.py,92,mitmproxy_mitmproxy,results/mitmproxy_mitmproxy_matches.csv,2023-08-01T12:13:48+02:00
4f1403224d6bc405578a45937f2357ce502e1b1f,build_before_34.py,92,mitmproxy_mitmproxy,results/mitmproxy_mitmproxy_matches.csv,2023-09-05T15:32:54+02:00
bacbaadb0122c4d9897a3ebd009c24fdfe2ba270,build_before_34.py,92,mitmproxy_mitmproxy,results/mitmproxy_mitmproxy_matches.csv,2023-10-09T13:12:10+00:00
cb0e3287090786fad566feb67ac07b8ef361b2c3,build_new.py,92,mitmproxy_mitmproxy,results/mitmproxy_mitmproxy_matches.csv,2010-02-16T17:09:07+13:00
2e7e9f9759bab5253a008cdabe0df42551bae922,build_new.py,92,mitmproxy_mitmproxy,results/mitmproxy_mitmproxy_matches.csv,2010-09-06T07:18:11+08:00
2f5de240988db1e5d4f799bd7f66225ad2063841,build_new.py,92,mitmproxy_mitmproxy,results/mitmproxy_mitmproxy_matches.csv,2011-01-17T16:14:20+13:00
66349c97836c5885919f9fd2bce75ddd04bfc39a,build_new.py,92,mitmproxy_mitmproxy,results/mitmproxy_mitmproxy_matches.csv,2011-02-16T16:43:35+13:00
e22fd74d06bf646e7da95cde8f7238763f081276,build_new.py,92,mitmproxy_mitmproxy,results/mitmproxy_mitmproxy_matches.csv,2011-03-18T16:45:31+13:00
f89581be1b2a884fe95b764a25eead280303f595,build_new.py,92,mitmproxy_mitmproxy,results/mitmproxy_mitmproxy_matches.csv,2011-05-14T10:44:25+12:00
e56793f01e3faa78c7a449d68772bee89795e92a,build_new.py,92,mitmproxy_mitmproxy,results/mitmproxy_mitmproxy_matches.csv,2011-06-20T16:18:55+08:00
5936a48e592b3f45b83dc76feab8bb8b5df81da1,build_new.py,92,mitmproxy_mitmproxy,results/mitmproxy_mitmproxy_matches.csv,2011-07-22T11:11:45+12:00
8fbba59e8dbd75c4848b3e96ea931f40a7667dc9,build_new.py,92,mitmproxy_mitmproxy,results/mitmproxy_mitmproxy_matches.csv,2011-08-26T17:37:12+12:00
ae79fe166087864b630f77538149d035cfb58f3b,build_new.py,92,mitmproxy_mitmproxy,results/mitmproxy_mitmproxy_matches.csv,2011-09-26T00:44:43+03:00
3b246f7e278c485a98a5c3b37a21c82b18fd1fee,build_new.py,92,mitmproxy_mitmproxy,results/mitmproxy_mitmproxy_matches.csv,2011-10-26T14:49:15+13:00
965d318164f430a1b1680f205616954aac2faace,build_new.py,92,mitmproxy_mitmproxy,results/mitmproxy_mitmproxy_matches.csv,2011-12-28T16:47:30-05:00
4b9ee4c31e25f435ffc4cc1847d92dc51c98dc24,build_new.py,92,mitmproxy_mitmproxy,results/mitmproxy_mitmproxy_matches.csv,2012-02-06T09:49:49+13:00
e67dbf61236c479acc77db1fbeb98d1c06ff9a0b,build_new.py,92,mitmproxy_mitmproxy,results/mitmproxy_mitmproxy_matches.csv,2012-03-08T23:09:19+01:00
7d90eb65edf58815296f41931dba38d3051a41d7,build_new.py,92,mitmproxy_mitmproxy,results/mitmproxy_mitmproxy_matches.csv,2012-04-08T14:40:59+12:00
12b8a43dbe433adb2f713560ef6fd13b83bc13ee,build_new.py,92,mitmproxy_mitmproxy,results/mitmproxy_mitmproxy_matches.csv,2012-05-11T09:52:17+12:00
8254187bf316e4cdda32e1be0e07e73bc2446243,build_new.py,92,mitmproxy_mitmproxy,results/mitmproxy_mitmproxy_matches.csv,2012-06-10T10:10:46+12:00
04d9ec8c3c32a6e53be9f6f05b3ad69ee5af76e4,build_new.py,92,mitmproxy_mitmproxy,results/mitmproxy_mitmproxy_matches.csv,2012-07-10T15:53:53+12:00
1b225f2a55a7d190ef599aac904132cc69d97e7c,build_new.py,92,mitmproxy_mitmproxy,results/mitmproxy_mitmproxy_matches.csv,2012-08-10T20:41:26-07:00
54cee9db7f6a03bca3058a4b4722073bb55896d8,build_new.py,92,mitmproxy_mitmproxy,results/mitmproxy_mitmproxy_matches.csv,2012-09-14T09:40:13+12:00
c684f7417d75660048351470990818505bfb1d53,build_new.py,92,mitmproxy_mitmproxy,results/mitmproxy_mitmproxy_matches.csv,2012-10-24T11:32:53+13:00
626fc3980444b4dc6fd9c53db98b75f767880292,build_new.py,92,mitmproxy_mitmproxy,results/mitmproxy_mitmproxy_matches.csv,2012-11-23T15:44:43+13:00
bf8367d6cf3e6b5b1e916453c9cf114194174a1a,build_new.py,92,mitmproxy_mitmproxy,results/mitmproxy_mitmproxy_matches.csv,2012-12-26T22:14:39-06:00
e5b125eec8e732112af9884cf3ab35377913303a,build_new.py,92,mitmproxy_mitmproxy,results/mitmproxy_mitmproxy_matches.csv,2013-01-26T21:19:35+13:00
25656f488929a7c74d65a1f86cdc3bccbf8ca2c4,build_new.py,92,mitmproxy_mitmproxy,results/mitmproxy_mitmproxy_matches.csv,2013-02-27T09:05:05+13:00
ca9c60d2eb801c5902c1d2b890e7f1cb8e64959d,build_new.py,92,mitmproxy_mitmproxy,results/mitmproxy_mitmproxy_matches.csv,2013-04-05T11:55:28+13:00
69a40c817935d08878192f87c85408bc10ca8d89,build_new.py,92,mitmproxy_mitmproxy,results/mitmproxy_mitmproxy_matches.csv,2013-05-04T17:37:32-07:00
0b5423f6a172fa34b73fce96cbd71cf807871c27,build_new.py,92,mitmproxy_mitmproxy,results/mitmproxy_mitmproxy_matches.csv,2013-06-08T15:46:24-07:00
9febc0813f810aa157657b8ff99a833dad48e83a,build_new.py,92,mitmproxy_mitmproxy,results/mitmproxy_mitmproxy_matches.csv,2013-07-11T15:07:01-07:00
2da57ecff0e9572e45663dbad1c5f520e57c531f,build_new.py,92,mitmproxy_mitmproxy,results/mitmproxy_mitmproxy_matches.csv,2013-08-11T11:47:07+12:00
2956c144d30558141ec43bec798a424974ffa6f1,build_new.py,92,mitmproxy_mitmproxy,results/mitmproxy_mitmproxy_matches.csv,2013-09-14T23:47:04+02:00
07e970346f216ddafbd3a43b411fcb4e14426ada,build_new.py,92,mitmproxy_mitmproxy,results/mitmproxy_mitmproxy_matches.csv,2013-10-18T08:17:39+13:00
675518f8735c3f70e25bc448c804ac0fd506a43c,build_new.py,92,mitmproxy_mitmproxy,results/mitmproxy_mitmproxy_matches.csv,2013-11-18T17:25:52+01:00
359573a764220a3bad94729ff5dce4e94ce2a187,build_new.py,92,mitmproxy_mitmproxy,results/mitmproxy_mitmproxy_matches.csv,2013-12-23T16:41:46+13:00
94e530ec4fe4378f89eea44796f31847da52ddf2,build_new.py,92,mitmproxy_mitmproxy,results/mitmproxy_mitmproxy_matches.csv,2014-01-22T16:01:31+01:00
7a154e1ae18f12056447ef030b2bb321cfb13111,build_new.py,92,mitmproxy_mitmproxy,results/mitmproxy_mitmproxy_matches.csv,2014-02-22T15:00:10+13:00
aab071380adec933efe8eefc657677ecaf2fbf3b,build_new.py,92,mitmproxy_mitmproxy,results/mitmproxy_mitmproxy_matches.csv,2014-03-26T00:51:18+01:00
92081eee04ebbdae6443d24b74404c76fd4f17d4,build_new.py,92,mitmproxy_mitmproxy,results/mitmproxy_mitmproxy_matches.csv,2014-04-25T19:40:37+02:00
dc071c4ea7c77b640cb733d769f06631dceb8477,build_new.py,92,mitmproxy_mitmproxy,results/mitmproxy_mitmproxy_matches.csv,2014-05-28T07:10:10+05:30
4d5d8b65114d061da4f6a41673011ce643c29aab,build_new.py,92,mitmproxy_mitmproxy,results/mitmproxy_mitmproxy_matches.csv,2014-06-29T13:10:07+02:00
197dae918388b53fde6f79dcec9613a0ac1d4ba1,build_new.py,92,mitmproxy_mitmproxy,results/mitmproxy_mitmproxy_matches.csv,2014-07-29T15:12:13+02:00
66c2e8ff52a0cea908bbb0d6c4db139c5e35d8ef,build_new.py,92,mitmproxy_mitmproxy,results/mitmproxy_mitmproxy_matches.csv,2014-08-29T19:18:52+03:00
e2ee41e764bdbafa728eb64af4599722011844eb,build_new.py,92,mitmproxy_mitmproxy,results/mitmproxy_mitmproxy_matches.csv,2014-10-01T20:41:58+02:00
2c64b90a3d239c76bca4c334f89d7b53a965d35b,build_new.py,92,mitmproxy_mitmproxy,results/mitmproxy_mitmproxy_matches.csv,2014-10-31T11:49:45-07:00
992536c2bc0afa5da81e82cfcd8953663559ff59,build_new.py,92,mitmproxy_mitmproxy,results/mitmproxy_mitmproxy_matches.csv,2014-12-01T02:28:03+01:00
67f6f67c48928ca56abfc5395be42b6643a16295,build_new.py,92,mitmproxy_mitmproxy,results/mitmproxy_mitmproxy_matches.csv,2014-12-31T18:14:17+13:00
82d8c93261c6efe8314e68a34070ce960f308972,build_new.py,92,mitmproxy_mitmproxy,results/mitmproxy_mitmproxy_matches.csv,2015-02-03T15:41:09-03:00
fa8fc64ce0170b029410600af20b25c8160fe5c6,build_new.py,92,mitmproxy_mitmproxy,results/mitmproxy_mitmproxy_matches.csv,2015-03-06T02:51:57+08:00
20d3d7e1b85f1886c4920eaf6c86d0b50754fd1b,build_new.py,92,mitmproxy_mitmproxy,results/mitmproxy_mitmproxy_matches.csv,2015-04-06T11:28:20+08:00
202ede3c546b3d99acee14f3bcceefd500e53c70,build_new.py,92,mitmproxy_mitmproxy,results/mitmproxy_mitmproxy_matches.csv,2015-05-08T10:58:05+03:00
84b4ca6a65b74c66b2303ffd3f8e1c231dd36fde,build_new.py,92,mitmproxy_mitmproxy,results/mitmproxy_mitmproxy_matches.csv,2015-06-07T11:06:47-04:00
1ebdda79029a66330983648326e2eef883415e03,build_new.py,92,mitmproxy_mitmproxy,results/mitmproxy_mitmproxy_matches.csv,2015-07-08T12:10:03-03:00
476badf45cd085d69b6162cd48983e3cd22cefcc,build_new.py,92,mitmproxy_mitmproxy,results/mitmproxy_mitmproxy_matches.csv,2015-08-10T20:36:47+02:00
cf2b2e0cc71b34d851503852544eed3cd5442ca0,build_new.py,92,mitmproxy_mitmproxy,results/mitmproxy_mitmproxy_matches.csv,2015-09-10T10:20:11+02:00
22191d63abd9996903936d12ca3e5dcea4f436e2,build_new.py,92,mitmproxy_mitmproxy,results/mitmproxy_mitmproxy_matches.csv,2015-10-13T21:09:56-04:00
cd0b9e01be4041275165ab5e90b524ab0b3247f0,build_new.py,92,mitmproxy_mitmproxy,results/mitmproxy_mitmproxy_matches.csv,2015-11-13T21:08:39+08:00
c10b614f700055976a5e30e5cfb0142fc6b83843,build_new.py,92,mitmproxy_mitmproxy,results/mitmproxy_mitmproxy_matches.csv,2015-12-25T15:56:26+01:00
1b487539b1f3ea183eaed26ae756d0cc7d3ec3ea,build_new.py,92,mitmproxy_mitmproxy,results/mitmproxy_mitmproxy_matches.csv,2016-01-25T09:20:44+01:00
7e55a2128714deaa66526360e617beb8076c505b,build_new.py,92,mitmproxy_mitmproxy,results/mitmproxy_mitmproxy_matches.csv,2016-02-24T08:29:24+01:00
9f77c80a327e7c409f0971b9d83ff3a67c2da231,build_new.py,92,mitmproxy_mitmproxy,results/mitmproxy_mitmproxy_matches.csv,2016-03-25T17:29:42-07:00
acaca765e471114f34aec25e91e00b1760d2aa75,build_new.py,92,mitmproxy_mitmproxy,results/mitmproxy_mitmproxy_matches.csv,2016-04-28T15:09:42-07:00
ed415877d48251774012bd6aad4be91e9d558b79,build_new.py,92,mitmproxy_mitmproxy,results/mitmproxy_mitmproxy_matches.csv,2016-05-29T11:14:46+12:00
9099529d17b6ed1b70d320f9f47da5d10f5b7ca0,build_new.py,92,mitmproxy_mitmproxy,results/mitmproxy_mitmproxy_matches.csv,2016-06-28T00:40:31-07:00
56d04b57401cbdaea771f0b77bbbc5ffc111d5c7,build_new.py,92,mitmproxy_mitmproxy,results/mitmproxy_mitmproxy_matches.csv,2016-07-28T07:41:54-07:00
99744cc780a5100ac028bbbf43e8a42e1167047e,build_new.py,92,mitmproxy_mitmproxy,results/mitmproxy_mitmproxy_matches.csv,2016-08-29T16:50:14+05:30
d068000f16cb44b7277de04ba20bd1fc62e4a956,build_new.py,92,mitmproxy_mitmproxy,results/mitmproxy_mitmproxy_matches.csv,2016-09-28T17:44:48-07:00
2dc3284fbb6cc7218e47174c00ba64bf92a50cdf,build_new.py,92,mitmproxy_mitmproxy,results/mitmproxy_mitmproxy_matches.csv,2016-10-29T15:44:48+13:00
34bf3a2496ee82e1142547b95b28a0918a911bff,build_new.py,92,mitmproxy_mitmproxy,results/mitmproxy_mitmproxy_matches.csv,2016-11-28T13:29:06+01:00
0929e74b4e82e3ee9ba1d6ddb7a54a68240a4282,build_new.py,92,mitmproxy_mitmproxy,results/mitmproxy_mitmproxy_matches.csv,2016-12-28T14:20:53+01:00
356c4987a2a43816c59f5cd070097d2e777b2272,build_new.py,92,mitmproxy_mitmproxy,results/mitmproxy_mitmproxy_matches.csv,2017-01-29T11:44:49+13:00
a505221e1ab210d35c91c9126eb6b621637235b3,build_new.py,92,mitmproxy_mitmproxy,results/mitmproxy_mitmproxy_matches.csv,2017-03-01T12:46:42+01:00
55ba6ed14db6634598d1dae4a5c3815a459bcffe,build_new.py,92,mitmproxy_mitmproxy,results/mitmproxy_mitmproxy_matches.csv,2017-04-02T21:37:38+05:30
822797c7e0588695ecf318b7e7c424eda393405c,build_new.py,92,mitmproxy_mitmproxy,results/mitmproxy_mitmproxy_matches.csv,2017-05-03T15:46:56+12:00
465178323f335ef446760854d4f9a46731397dc1,build_new.py,92,mitmproxy_mitmproxy,results/mitmproxy_mitmproxy_matches.csv,2017-06-02T13:26:21+02:00
6367dcab8eb83ca073eaf0a38c75f751eb2dc246,build_new.py,92,mitmproxy_mitmproxy,results/mitmproxy_mitmproxy_matches.csv,2017-07-04T10:53:23+02:00
b42f5bcb9dd6a8d2609b8351f846a654a1fd65c2,build_new.py,92,mitmproxy_mitmproxy,results/mitmproxy_mitmproxy_matches.csv,2017-08-03T18:57:54+08:00
2b4f58eb4416beff3d0a246b8cfb55b5eb8f735b,build_new.py,92,mitmproxy_mitmproxy,results/mitmproxy_mitmproxy_matches.csv,2017-09-03T03:06:15+02:00
f62e9882cddaa60ec2598bd0a4ccfadc394cc6a8,build_new.py,92,mitmproxy_mitmproxy,results/mitmproxy_mitmproxy_matches.csv,2017-10-06T19:48:36+03:00
4cb96dedd0143cf9b6278d3622457e1e485b3090,build_new.py,92,mitmproxy_mitmproxy,results/mitmproxy_mitmproxy_matches.csv,2017-11-06T11:23:16+01:00
aeefcd08a40a8bd886d3bca6eca00ec5ace325ee,build_new.py,92,mitmproxy_mitmproxy,results/mitmproxy_mitmproxy_matches.csv,2017-12-10T18:26:24+13:00
cb5f3a54a6dab862f0c0c8572bd1cbdce67a7e15,build_new.py,92,mitmproxy_mitmproxy,results/mitmproxy_mitmproxy_matches.csv,2018-01-11T02:56:44+05:30
cda7c8d754f6eb71dd059f2bdfe2805f31b02874,build_new.py,92,mitmproxy_mitmproxy,results/mitmproxy_mitmproxy_matches.csv,2018-02-10T12:40:39+01:00
2001184b6c373a2a0ea86a9379f8decf3f7912a5,build_new.py,92,mitmproxy_mitmproxy,results/mitmproxy_mitmproxy_matches.csv,2018-03-15T00:29:52+01:00
8609de6f319b41b90398ed1e7184d59bbf31f4d3,build_new.py,92,mitmproxy_mitmproxy,results/mitmproxy_mitmproxy_matches.csv,2018-04-14T11:52:02+12:00
3ec3e4bcc994122b0678d56abff70174478b9238,build_new.py,92,mitmproxy_mitmproxy,results/mitmproxy_mitmproxy_matches.csv,2018-05-14T16:11:02+12:00
773c9535146991af38f954cb4d3b0ead9d7485c5,build_new.py,92,mitmproxy_mitmproxy,results/mitmproxy_mitmproxy_matches.csv,2018-06-13T11:56:14+02:00
7f464b89296881f4d9ec032378c4418e832d17e3,build_new.py,92,mitmproxy_mitmproxy,results/mitmproxy_mitmproxy_matches.csv,2018-07-17T14:19:55+02:00
3f14a485d3e6803d6257d947f508f0eabb35fa1c,build_new.py,92,mitmproxy_mitmproxy,results/mitmproxy_mitmproxy_matches.csv,2018-08-17T15:19:29+08:00
73577eb607803c50dc73b6d2e6c44560e563c23b,build_new.py,92,mitmproxy_mitmproxy,results/mitmproxy_mitmproxy_matches.csv,2018-09-18T20:42:48+02:00
41cef4e9e317f891758d785cad67ad9ae1928a51,build_new.py,92,mitmproxy_mitmproxy,results/mitmproxy_mitmproxy_matches.csv,2018-10-19T15:58:53+02:00
39e5ceb6cf8cf3c423e699339e0928a1bdce0696,build_new.py,92,mitmproxy_mitmproxy,results/mitmproxy_mitmproxy_matches.csv,2018-12-01T18:23:10+05:30
d6445fa5bac87679ca6830f880524c414c6b81bf,build_new.py,92,mitmproxy_mitmproxy,results/mitmproxy_mitmproxy_matches.csv,2019-01-03T07:54:57+02:00
cec8c67465206caa5b4040c5f34050c9ef06b687,build_new.py,92,mitmproxy_mitmproxy,results/mitmproxy_mitmproxy_matches.csv,2019-02-03T00:49:53+05:30
fad326a85f524f0b549dea87bceaf6dcb9e8e597,build_new.py,92,mitmproxy_mitmproxy,results/mitmproxy_mitmproxy_matches.csv,2019-03-29T15:11:17-07:00
1410bdd9ca4e969d9e7a11c7676a230f705e0564,build_new.py,92,mitmproxy_mitmproxy,results/mitmproxy_mitmproxy_matches.csv,2019-05-16T23:21:47-07:00
a4f8457dd3d47f09b57fd0251bd65c38fabdec1e,build_new.py,92,mitmproxy_mitmproxy,results/mitmproxy_mitmproxy_matches.csv,2019-06-26T18:39:23+01:00
586f8d2044e18f66b2a8ce531f94b659abfb8a1e,build_new.py,92,mitmproxy_mitmproxy,results/mitmproxy_mitmproxy_matches.csv,2019-07-30T20:26:51+08:00
4ce5e1386c7d065f4c4f8b68aa57b0e18d6945ca,build_new.py,92,mitmproxy_mitmproxy,results/mitmproxy_mitmproxy_matches.csv,2019-09-03T17:19:50+03:00
fed3d3eb3793412c97cbed1f364cebb64383d12e,build_new.py,92,mitmproxy_mitmproxy,results/mitmproxy_mitmproxy_matches.csv,2019-10-04T16:24:19+02:00
1469678b99dcdbd8af5d899f6a8b1036e03ce70f,build_new.py,92,mitmproxy_mitmproxy,results/mitmproxy_mitmproxy_matches.csv,2019-11-04T12:26:21+01:00
0b86d65b61ce3402691a7a4a7616e4fd3f9b29aa,build_new.py,92,mitmproxy_mitmproxy,results/mitmproxy_mitmproxy_matches.csv,2019-12-05T13:39:44+01:00
d7f43e72ca643ac16e48f58d511cd2a4e6043b88,build_new.py,92,mitmproxy_mitmproxy,results/mitmproxy_mitmproxy_matches.csv,2020-01-10T18:10:24+01:00
e25e464acb70c0197dece8e66eaf88db8216b882,build_new.py,92,mitmproxy_mitmproxy,results/mitmproxy_mitmproxy_matches.csv,2020-02-12T09:36:39+13:00
fa222dca65b2ae484c5778e10206033d6ed08b79,build_new.py,92,mitmproxy_mitmproxy,results/mitmproxy_mitmproxy_matches.csv,2020-03-25T22:02:53+08:00
449bdf92c07f566729832a5c28dd39b743fc9d6f,build_new.py,92,mitmproxy_mitmproxy,results/mitmproxy_mitmproxy_matches.csv,2020-04-25T17:39:02+05:30
a15d591a4e2fd304830e4e6651b20970db530e26,build_new.py,92,mitmproxy_mitmproxy,results/mitmproxy_mitmproxy_matches.csv,2020-05-29T20:34:30+03:00
285b1f5feff504ed2d0647374ac40861ba1d0f2e,build_new.py,92,mitmproxy_mitmproxy,results/mitmproxy_mitmproxy_matches.csv,2020-06-29T17:54:39+05:30
ea9177217208fdf642ffc54f6b1f6507a199350c,build_new.py,92,mitmproxy_mitmproxy,results/mitmproxy_mitmproxy_matches.csv,2020-07-30T00:12:00+02:00
8df5e31a1993b9ca0cc93eba7ec545f2b7533cf7,build_new.py,92,mitmproxy_mitmproxy,results/mitmproxy_mitmproxy_matches.csv,2020-08-29T01:31:49+02:00
eb71985d26b5559d99b55d47176d3e31e39bb4bb,build_new.py,92,mitmproxy_mitmproxy,results/mitmproxy_mitmproxy_matches.csv,2020-09-28T17:22:24+02:00
1fa4ec74194647f1eeab8676ebd60bb5f67bc800,build_new.py,92,mitmproxy_mitmproxy,results/mitmproxy_mitmproxy_matches.csv,2020-10-31T10:19:25+01:00
ab767e31f6f50647f554e209684cc60ca45b312f,build_new.py,92,mitmproxy_mitmproxy,results/mitmproxy_mitmproxy_matches.csv,2020-12-03T17:44:33+07:00
ed41b1343f95792dd618731f44a4e356873f9e30,build_new.py,92,mitmproxy_mitmproxy,results/mitmproxy_mitmproxy_matches.csv,2021-01-04T07:09:35+01:00
00f718e6c0ca82c8a817ec353853b3db733a6a7d,build_new.py,92,mitmproxy_mitmproxy,results/mitmproxy_mitmproxy_matches.csv,2021-02-03T18:52:56+01:00
42a1345daf015b345f29e976434c29f4c84175df,build_new.py,92,mitmproxy_mitmproxy,results/mitmproxy_mitmproxy_matches.csv,2021-03-05T23:10:38+01:00
f1b55fc817363d0138455478a1b4e5c7bc6c301b,build_new.py,92,mitmproxy_mitmproxy,results/mitmproxy_mitmproxy_matches.csv,2021-04-05T10:08:21+02:00
8d8e10672e4027c2fc0ba72b0108b7f2af869ff5,build_new.py,92,mitmproxy_mitmproxy,results/mitmproxy_mitmproxy_matches.csv,2021-05-08T22:13:15+02:00
2c5c6cfa5a6e678a8464291cb4f485a259256b18,build_new.py,92,mitmproxy_mitmproxy,results/mitmproxy_mitmproxy_matches.csv,2021-06-08T11:22:59+02:00
d4bc25fce9dfcbd1eb04ce21a309c4f1ccb79c22,build_new.py,92,mitmproxy_mitmproxy,results/mitmproxy_mitmproxy_matches.csv,2021-07-09T20:15:38+02:00
fb53df0cc19f0be5d8b9edb34cd29ae0c736fe31,build_new.py,92,mitmproxy_mitmproxy,results/mitmproxy_mitmproxy_matches.csv,2021-08-09T15:41:05+00:00
e3556fbaadab3c8f62b321a2d9a455b6f51f8806,build_new.py,92,mitmproxy_mitmproxy,results/mitmproxy_mitmproxy_matches.csv,2021-09-13T16:34:33+02:00
0ad4a5983e73622d3a25df945084448e86d9c323,build_new.py,92,mitmproxy_mitmproxy,results/mitmproxy_mitmproxy_matches.csv,2021-10-18T15:12:35+02:00
39fa242e25ad6d879e7021db188d0d32f4d77115,build_new.py,92,mitmproxy_mitmproxy,results/mitmproxy_mitmproxy_matches.csv,2021-11-17T16:53:43+00:00
ace07e7e3c70cd1f099705d6d1989bc999ca7ca9,build_new.py,92,mitmproxy_mitmproxy,results/mitmproxy_mitmproxy_matches.csv,2021-12-20T20:18:00+01:00
11c22d8a4a31d84e91a52028616e0573fc2988ed,build_new.py,92,mitmproxy_mitmproxy,results/mitmproxy_mitmproxy_matches.csv,2022-01-20T08:46:52+01:00
5cdd2bc6ec9dc7bc3e2154fbf332b71515fc44d2,build_new.py,92,mitmproxy_mitmproxy,results/mitmproxy_mitmproxy_matches.csv,2022-02-27T07:58:00+01:00
a63c96ce72850a987f8345d2b6a9b40ff820d85d,build_new.py,92,mitmproxy_mitmproxy,results/mitmproxy_mitmproxy_matches.csv,2022-03-29T06:58:31+00:00
1db2a684c257bdad592fc17ccff102fa90ae923e,build_new.py,92,mitmproxy_mitmproxy,results/mitmproxy_mitmproxy_matches.csv,2022-04-28T19:16:44+02:00
4771e42b446619ab82f06bcf50a9954b472ab5e6,build_new.py,92,mitmproxy_mitmproxy,results/mitmproxy_mitmproxy_matches.csv,2022-05-30T09:53:44+02:00
d94345b2f32aa04ed57dadac99c1ce9724ec15b2,build_new.py,92,mitmproxy_mitmproxy,results/mitmproxy_mitmproxy_matches.csv,2022-06-29T11:48:24+02:00
5df703cc42666a2a3fa0d03f8b490b97e320adf9,build_new.py,92,mitmproxy_mitmproxy,results/mitmproxy_mitmproxy_matches.csv,2022-07-29T13:42:42+02:00
3865e6f8dd00d43949535f9dcd0164b69622e247,build_new.py,92,mitmproxy_mitmproxy,results/mitmproxy_mitmproxy_matches.csv,2022-08-28T08:52:32-05:00
a1631154d722ea4c82dcb72e0c84ad38c6991de5,build_new.py,92,mitmproxy_mitmproxy,results/mitmproxy_mitmproxy_matches.csv,2022-10-01T15:58:06+02:00
464650e6774863310bce63ada9dc94d8ddc4b4a8,build_new.py,92,mitmproxy_mitmproxy,results/mitmproxy_mitmproxy_matches.csv,2022-10-31T18:10:00+01:00
ef1a03181b4aa564ee7a29875b3db99457e04c36,build_new.py,92,mitmproxy_mitmproxy,results/mitmproxy_mitmproxy_matches.csv,2022-12-02T09:42:49+01:00
2a3eca2589ffa3620654483eced02c9bf9dfa0bd,build_new.py,92,mitmproxy_mitmproxy,results/mitmproxy_mitmproxy_matches.csv,2023-01-02T22:13:12+01:00
8683f8392cf8c775fc0ccbb2b46eda3fda00c325,build_new.py,92,mitmproxy_mitmproxy,results/mitmproxy_mitmproxy_matches.csv,2023-02-01T22:14:05+00:00
262cadab75d377fbe3a79561e27e477757ee142c,build_new.py,92,mitmproxy_mitmproxy,results/mitmproxy_mitmproxy_matches.csv,2023-03-05T19:55:24+01:00
19218bfaf264f36274812ebaa5c80dd19174e9b4,build_new.py,92,mitmproxy_mitmproxy,results/mitmproxy_mitmproxy_matches.csv,2023-04-22T12:48:24+02:00
e0e46f453ce46a7c9cd30650ae4e394fc73a7dbb,build_new.py,92,mitmproxy_mitmproxy,results/mitmproxy_mitmproxy_matches.csv,2023-05-28T16:35:34+00:00
47021baaa1ef3d445e1ab0d0c24a58425ec069a4,build_new.py,92,mitmproxy_mitmproxy,results/mitmproxy_mitmproxy_matches.csv,2023-06-30T08:12:55+02:00
47aaec4f746899433b3033a0ecb92b93b61840ca,build_new.py,92,mitmproxy_mitmproxy,results/mitmproxy_mitmproxy_matches.csv,2023-08-01T12:13:48+02:00
4f1403224d6bc405578a45937f2357ce502e1b1f,build_new.py,92,mitmproxy_mitmproxy,results/mitmproxy_mitmproxy_matches.csv,2023-09-05T15:32:54+02:00
bacbaadb0122c4d9897a3ebd009c24fdfe2ba270,build_new.py,92,mitmproxy_mitmproxy,results/mitmproxy_mitmproxy_matches.csv,2023-10-09T13:12:10+00:00
cb0e3287090786fad566feb67ac07b8ef361b2c3,build_old.py,92,mitmproxy_mitmproxy,results/mitmproxy_mitmproxy_matches.csv,2010-02-16T17:09:07+13:00
cb0e3287090786fad566feb67ac07b8ef361b2c3,build_old.py,102,mitmproxy_mitmproxy,results/mitmproxy_mitmproxy_matches.csv,2010-02-16T17:09:07+13:00
2e7e9f9759bab5253a008cdabe0df42551bae922,build_old.py,92,mitmproxy_mitmproxy,results/mitmproxy_mitmproxy_matches.csv,2010-09-06T07:18:11+08:00
2e7e9f9759bab5253a008cdabe0df42551bae922,build_old.py,102,mitmproxy_mitmproxy,results/mitmproxy_mitmproxy_matches.csv,2010-09-06T07:18:11+08:00
2f5de240988db1e5d4f799bd7f66225ad2063841,build_old.py,92,mitmproxy_mitmproxy,results/mitmproxy_mitmproxy_matches.csv,2011-01-17T16:14:20+13:00
2f5de240988db1e5d4f799bd7f66225ad2063841,build_old.py,102,mitmproxy_mitmproxy,results/mitmproxy_mitmproxy_matches.csv,2011-01-17T16:14:20+13:00
66349c97836c5885919f9fd2bce75ddd04bfc39a,build_old.py,92,mitmproxy_mitmproxy,results/mitmproxy_mitmproxy_matches.csv,2011-02-16T16:43:35+13:00
66349c97836c5885919f9fd2bce75ddd04bfc39a,build_old.py,102,mitmproxy_mitmproxy,results/mitmproxy_mitmproxy_matches.csv,2011-02-16T16:43:35+13:00
e22fd74d06bf646e7da95cde8f7238763f081276,build_old.py,92,mitmproxy_mitmproxy,results/mitmproxy_mitmproxy_matches.csv,2011-03-18T16:45:31+13:00
e22fd74d06bf646e7da95cde8f7238763f081276,build_old.py,102,mitmproxy_mitmproxy,results/mitmproxy_mitmproxy_matches.csv,2011-03-18T16:45:31+13:00
f89581be1b2a884fe95b764a25eead280303f595,build_old.py,92,mitmproxy_mitmproxy,results/mitmproxy_mitmproxy_matches.csv,2011-05-14T10:44:25+12:00
f89581be1b2a884fe95b764a25eead280303f595,build_old.py,102,mitmproxy_mitmproxy,results/mitmproxy_mitmproxy_matches.csv,2011-05-14T10:44:25+12:00
e56793f01e3faa78c7a449d68772bee89795e92a,build_old.py,92,mitmproxy_mitmproxy,results/mitmproxy_mitmproxy_matches.csv,2011-06-20T16:18:55+08:00
e56793f01e3faa78c7a449d68772bee89795e92a,build_old.py,102,mitmproxy_mitmproxy,results/mitmproxy_mitmproxy_matches.csv,2011-06-20T16:18:55+08:00
5936a48e592b3f45b83dc76feab8bb8b5df81da1,build_old.py,92,mitmproxy_mitmproxy,results/mitmproxy_mitmproxy_matches.csv,2011-07-22T11:11:45+12:00
5936a48e592b3f45b83dc76feab8bb8b5df81da1,build_old.py,102,mitmproxy_mitmproxy,results/mitmproxy_mitmproxy_matches.csv,2011-07-22T11:11:45+12:00
8fbba59e8dbd75c4848b3e96ea931f40a7667dc9,build_old.py,92,mitmproxy_mitmproxy,results/mitmproxy_mitmproxy_matches.csv,2011-08-26T17:37:12+12:00
8fbba59e8dbd75c4848b3e96ea931f40a7667dc9,build_old.py,102,mitmproxy_mitmproxy,results/mitmproxy_mitmproxy_matches.csv,2011-08-26T17:37:12+12:00
ae79fe166087864b630f77538149d035cfb58f3b,build_old.py,92,mitmproxy_mitmproxy,results/mitmproxy_mitmproxy_matches.csv,2011-09-26T00:44:43+03:00
ae79fe166087864b630f77538149d035cfb58f3b,build_old.py,102,mitmproxy_mitmproxy,results/mitmproxy_mitmproxy_matches.csv,2011-09-26T00:44:43+03:00
3b246f7e278c485a98a5c3b37a21c82b18fd1fee,build_old.py,92,mitmproxy_mitmproxy,results/mitmproxy_mitmproxy_matches.csv,2011-10-26T14:49:15+13:00
3b246f7e278c485a98a5c3b37a21c82b18fd1fee,build_old.py,102,mitmproxy_mitmproxy,results/mitmproxy_mitmproxy_matches.csv,2011-10-26T14:49:15+13:00
965d318164f430a1b1680f205616954aac2faace,build_old.py,92,mitmproxy_mitmproxy,results/mitmproxy_mitmproxy_matches.csv,2011-12-28T16:47:30-05:00
965d318164f430a1b1680f205616954aac2faace,build_old.py,102,mitmproxy_mitmproxy,results/mitmproxy_mitmproxy_matches.csv,2011-12-28T16:47:30-05:00
4b9ee4c31e25f435ffc4cc1847d92dc51c98dc24,build_old.py,92,mitmproxy_mitmproxy,results/mitmproxy_mitmproxy_matches.csv,2012-02-06T09:49:49+13:00
4b9ee4c31e25f435ffc4cc1847d92dc51c98dc24,build_old.py,102,mitmproxy_mitmproxy,results/mitmproxy_mitmproxy_matches.csv,2012-02-06T09:49:49+13:00
e67dbf61236c479acc77db1fbeb98d1c06ff9a0b,build_old.py,92,mitmproxy_mitmproxy,results/mitmproxy_mitmproxy_matches.csv,2012-03-08T23:09:19+01:00
e67dbf61236c479acc77db1fbeb98d1c06ff9a0b,build_old.py,102,mitmproxy_mitmproxy,results/mitmproxy_mitmproxy_matches.csv,2012-03-08T23:09:19+01:00
7d90eb65edf58815296f41931dba38d3051a41d7,build_old.py,92,mitmproxy_mitmproxy,results/mitmproxy_mitmproxy_matches.csv,2012-04-08T14:40:59+12:00
7d90eb65edf58815296f41931dba38d3051a41d7,build_old.py,102,mitmproxy_mitmproxy,results/mitmproxy_mitmproxy_matches.csv,2012-04-08T14:40:59+12:00
12b8a43dbe433adb2f713560ef6fd13b83bc13ee,build_old.py,92,mitmproxy_mitmproxy,results/mitmproxy_mitmproxy_matches.csv,2012-05-11T09:52:17+12:00
12b8a43dbe433adb2f713560ef6fd13b83bc13ee,build_old.py,102,mitmproxy_mitmproxy,results/mitmproxy_mitmproxy_matches.csv,2012-05-11T09:52:17+12:00
8254187bf316e4cdda32e1be0e07e73bc2446243,build_old.py,92,mitmproxy_mitmproxy,results/mitmproxy_mitmproxy_matches.csv,2012-06-10T10:10:46+12:00
8254187bf316e4cdda32e1be0e07e73bc2446243,build_old.py,102,mitmproxy_mitmproxy,results/mitmproxy_mitmproxy_matches.csv,2012-06-10T10:10:46+12:00
04d9ec8c3c32a6e53be9f6f05b3ad69ee5af76e4,build_old.py,92,mitmproxy_mitmproxy,results/mitmproxy_mitmproxy_matches.csv,2012-07-10T15:53:53+12:00
04d9ec8c3c32a6e53be9f6f05b3ad69ee5af76e4,build_old.py,102,mitmproxy_mitmproxy,results/mitmproxy_mitmproxy_matches.csv,2012-07-10T15:53:53+12:00
1b225f2a55a7d190ef599aac904132cc69d97e7c,build_old.py,92,mitmproxy_mitmproxy,results/mitmproxy_mitmproxy_matches.csv,2012-08-10T20:41:26-07:00
1b225f2a55a7d190ef599aac904132cc69d97e7c,build_old.py,102,mitmproxy_mitmproxy,results/mitmproxy_mitmproxy_matches.csv,2012-08-10T20:41:26-07:00
54cee9db7f6a03bca3058a4b4722073bb55896d8,build_old.py,92,mitmproxy_mitmproxy,results/mitmproxy_mitmproxy_matches.csv,2012-09-14T09:40:13+12:00
54cee9db7f6a03bca3058a4b4722073bb55896d8,build_old.py,102,mitmproxy_mitmproxy,results/mitmproxy_mitmproxy_matches.csv,2012-09-14T09:40:13+12:00
c684f7417d75660048351470990818505bfb1d53,build_old.py,92,mitmproxy_mitmproxy,results/mitmproxy_mitmproxy_matches.csv,2012-10-24T11:32:53+13:00
c684f7417d75660048351470990818505bfb1d53,build_old.py,102,mitmproxy_mitmproxy,results/mitmproxy_mitmproxy_matches.csv,2012-10-24T11:32:53+13:00
626fc3980444b4dc6fd9c53db98b75f767880292,build_old.py,92,mitmproxy_mitmproxy,results/mitmproxy_mitmproxy_matches.csv,2012-11-23T15:44:43+13:00
626fc3980444b4dc6fd9c53db98b75f767880292,build_old.py,102,mitmproxy_mitmproxy,results/mitmproxy_mitmproxy_matches.csv,2012-11-23T15:44:43+13:00
bf8367d6cf3e6b5b1e916453c9cf114194174a1a,build_old.py,92,mitmproxy_mitmproxy,results/mitmproxy_mitmproxy_matches.csv,2012-12-26T22:14:39-06:00
bf8367d6cf3e6b5b1e916453c9cf114194174a1a,build_old.py,102,mitmproxy_mitmproxy,results/mitmproxy_mitmproxy_matches.csv,2012-12-26T22:14:39-06:00
e5b125eec8e732112af9884cf3ab35377913303a,build_old.py,92,mitmproxy_mitmproxy,results/mitmproxy_mitmproxy_matches.csv,2013-01-26T21:19:35+13:00
e5b125eec8e732112af9884cf3ab35377913303a,build_old.py,102,mitmproxy_mitmproxy,results/mitmproxy_mitmproxy_matches.csv,2013-01-26T21:19:35+13:00
25656f488929a7c74d65a1f86cdc3bccbf8ca2c4,build_old.py,92,mitmproxy_mitmproxy,results/mitmproxy_mitmproxy_matches.csv,2013-02-27T09:05:05+13:00
25656f488929a7c74d65a1f86cdc3bccbf8ca2c4,build_old.py,102,mitmproxy_mitmproxy,results/mitmproxy_mitmproxy_matches.csv,2013-02-27T09:05:05+13:00
ca9c60d2eb801c5902c1d2b890e7f1cb8e64959d,build_old.py,92,mitmproxy_mitmproxy,results/mitmproxy_mitmproxy_matches.csv,2013-04-05T11:55:28+13:00
ca9c60d2eb801c5902c1d2b890e7f1cb8e64959d,build_old.py,102,mitmproxy_mitmproxy,results/mitmproxy_mitmproxy_matches.csv,2013-04-05T11:55:28+13:00
69a40c817935d08878192f87c85408bc10ca8d89,build_old.py,92,mitmproxy_mitmproxy,results/mitmproxy_mitmproxy_matches.csv,2013-05-04T17:37:32-07:00
69a40c817935d08878192f87c85408bc10ca8d89,build_old.py,102,mitmproxy_mitmproxy,results/mitmproxy_mitmproxy_matches.csv,2013-05-04T17:37:32-07:00
0b5423f6a172fa34b73fce96cbd71cf807871c27,build_old.py,92,mitmproxy_mitmproxy,results/mitmproxy_mitmproxy_matches.csv,2013-06-08T15:46:24-07:00
0b5423f6a172fa34b73fce96cbd71cf807871c27,build_old.py,102,mitmproxy_mitmproxy,results/mitmproxy_mitmproxy_matches.csv,2013-06-08T15:46:24-07:00
9febc0813f810aa157657b8ff99a833dad48e83a,build_old.py,92,mitmproxy_mitmproxy,results/mitmproxy_mitmproxy_matches.csv,2013-07-11T15:07:01-07:00
9febc0813f810aa157657b8ff99a833dad48e83a,build_old.py,102,mitmproxy_mitmproxy,results/mitmproxy_mitmproxy_matches.csv,2013-07-11T15:07:01-07:00
2da57ecff0e9572e45663dbad1c5f520e57c531f,build_old.py,92,mitmproxy_mitmproxy,results/mitmproxy_mitmproxy_matches.csv,2013-08-11T11:47:07+12:00
2da57ecff0e9572e45663dbad1c5f520e57c531f,build_old.py,102,mitmproxy_mitmproxy,results/mitmproxy_mitmproxy_matches.csv,2013-08-11T11:47:07+12:00
2956c144d30558141ec43bec798a424974ffa6f1,build_old.py,92,mitmproxy_mitmproxy,results/mitmproxy_mitmproxy_matches.csv,2013-09-14T23:47:04+02:00
2956c144d30558141ec43bec798a424974ffa6f1,build_old.py,102,mitmproxy_mitmproxy,results/mitmproxy_mitmproxy_matches.csv,2013-09-14T23:47:04+02:00
07e970346f216ddafbd3a43b411fcb4e14426ada,build_old.py,92,mitmproxy_mitmproxy,results/mitmproxy_mitmproxy_matches.csv,2013-10-18T08:17:39+13:00
07e970346f216ddafbd3a43b411fcb4e14426ada,build_old.py,102,mitmproxy_mitmproxy,results/mitmproxy_mitmproxy_matches.csv,2013-10-18T08:17:39+13:00
675518f8735c3f70e25bc448c804ac0fd506a43c,build_old.py,92,mitmproxy_mitmproxy,results/mitmproxy_mitmproxy_matches.csv,2013-11-18T17:25:52+01:00
675518f8735c3f70e25bc448c804ac0fd506a43c,build_old.py,102,mitmproxy_mitmproxy,results/mitmproxy_mitmproxy_matches.csv,2013-11-18T17:25:52+01:00
359573a764220a3bad94729ff5dce4e94ce2a187,build_old.py,92,mitmproxy_mitmproxy,results/mitmproxy_mitmproxy_matches.csv,2013-12-23T16:41:46+13:00
359573a764220a3bad94729ff5dce4e94ce2a187,build_old.py,102,mitmproxy_mitmproxy,results/mitmproxy_mitmproxy_matches.csv,2013-12-23T16:41:46+13:00
94e530ec4fe4378f89eea44796f31847da52ddf2,build_old.py,92,mitmproxy_mitmproxy,results/mitmproxy_mitmproxy_matches.csv,2014-01-22T16:01:31+01:00
94e530ec4fe4378f89eea44796f31847da52ddf2,build_old.py,102,mitmproxy_mitmproxy,results/mitmproxy_mitmproxy_matches.csv,2014-01-22T16:01:31+01:00
7a154e1ae18f12056447ef030b2bb321cfb13111,build_old.py,92,mitmproxy_mitmproxy,results/mitmproxy_mitmproxy_matches.csv,2014-02-22T15:00:10+13:00
7a154e1ae18f12056447ef030b2bb321cfb13111,build_old.py,102,mitmproxy_mitmproxy,results/mitmproxy_mitmproxy_matches.csv,2014-02-22T15:00:10+13:00
aab071380adec933efe8eefc657677ecaf2fbf3b,build_old.py,92,mitmproxy_mitmproxy,results/mitmproxy_mitmproxy_matches.csv,2014-03-26T00:51:18+01:00
aab071380adec933efe8eefc657677ecaf2fbf3b,build_old.py,102,mitmproxy_mitmproxy,results/mitmproxy_mitmproxy_matches.csv,2014-03-26T00:51:18+01:00
92081eee04ebbdae6443d24b74404c76fd4f17d4,build_old.py,92,mitmproxy_mitmproxy,results/mitmproxy_mitmproxy_matches.csv,2014-04-25T19:40:37+02:00
92081eee04ebbdae6443d24b74404c76fd4f17d4,build_old.py,102,mitmproxy_mitmproxy,results/mitmproxy_mitmproxy_matches.csv,2014-04-25T19:40:37+02:00
dc071c4ea7c77b640cb733d769f06631dceb8477,build_old.py,92,mitmproxy_mitmproxy,results/mitmproxy_mitmproxy_matches.csv,2014-05-28T07:10:10+05:30
dc071c4ea7c77b640cb733d769f06631dceb8477,build_old.py,102,mitmproxy_mitmproxy,results/mitmproxy_mitmproxy_matches.csv,2014-05-28T07:10:10+05:30
4d5d8b65114d061da4f6a41673011ce643c29aab,build_old.py,92,mitmproxy_mitmproxy,results/mitmproxy_mitmproxy_matches.csv,2014-06-29T13:10:07+02:00
4d5d8b65114d061da4f6a41673011ce643c29aab,build_old.py,102,mitmproxy_mitmproxy,results/mitmproxy_mitmproxy_matches.csv,2014-06-29T13:10:07+02:00
197dae918388b53fde6f79dcec9613a0ac1d4ba1,build_old.py,92,mitmproxy_mitmproxy,results/mitmproxy_mitmproxy_matches.csv,2014-07-29T15:12:13+02:00
197dae918388b53fde6f79dcec9613a0ac1d4ba1,build_old.py,102,mitmproxy_mitmproxy,results/mitmproxy_mitmproxy_matches.csv,2014-07-29T15:12:13+02:00
66c2e8ff52a0cea908bbb0d6c4db139c5e35d8ef,build_old.py,92,mitmproxy_mitmproxy,results/mitmproxy_mitmproxy_matches.csv,2014-08-29T19:18:52+03:00
66c2e8ff52a0cea908bbb0d6c4db139c5e35d8ef,build_old.py,102,mitmproxy_mitmproxy,results/mitmproxy_mitmproxy_matches.csv,2014-08-29T19:18:52+03:00
e2ee41e764bdbafa728eb64af4599722011844eb,build_old.py,92,mitmproxy_mitmproxy,results/mitmproxy_mitmproxy_matches.csv,2014-10-01T20:41:58+02:00
e2ee41e764bdbafa728eb64af4599722011844eb,build_old.py,102,mitmproxy_mitmproxy,results/mitmproxy_mitmproxy_matches.csv,2014-10-01T20:41:58+02:00
2c64b90a3d239c76bca4c334f89d7b53a965d35b,build_old.py,92,mitmproxy_mitmproxy,results/mitmproxy_mitmproxy_matches.csv,2014-10-31T11:49:45-07:00
2c64b90a3d239c76bca4c334f89d7b53a965d35b,build_old.py,102,mitmproxy_mitmproxy,results/mitmproxy_mitmproxy_matches.csv,2014-10-31T11:49:45-07:00
992536c2bc0afa5da81e82cfcd8953663559ff59,build_old.py,92,mitmproxy_mitmproxy,results/mitmproxy_mitmproxy_matches.csv,2014-12-01T02:28:03+01:00
992536c2bc0afa5da81e82cfcd8953663559ff59,build_old.py,102,mitmproxy_mitmproxy,results/mitmproxy_mitmproxy_matches.csv,2014-12-01T02:28:03+01:00
67f6f67c48928ca56abfc5395be42b6643a16295,build_old.py,92,mitmproxy_mitmproxy,results/mitmproxy_mitmproxy_matches.csv,2014-12-31T18:14:17+13:00
67f6f67c48928ca56abfc5395be42b6643a16295,build_old.py,102,mitmproxy_mitmproxy,results/mitmproxy_mitmproxy_matches.csv,2014-12-31T18:14:17+13:00
82d8c93261c6efe8314e68a34070ce960f308972,build_old.py,92,mitmproxy_mitmproxy,results/mitmproxy_mitmproxy_matches.csv,2015-02-03T15:41:09-03:00
82d8c93261c6efe8314e68a34070ce960f308972,build_old.py,102,mitmproxy_mitmproxy,results/mitmproxy_mitmproxy_matches.csv,2015-02-03T15:41:09-03:00
fa8fc64ce0170b029410600af20b25c8160fe5c6,build_old.py,92,mitmproxy_mitmproxy,results/mitmproxy_mitmproxy_matches.csv,2015-03-06T02:51:57+08:00
fa8fc64ce0170b029410600af20b25c8160fe5c6,build_old.py,102,mitmproxy_mitmproxy,results/mitmproxy_mitmproxy_matches.csv,2015-03-06T02:51:57+08:00
20d3d7e1b85f1886c4920eaf6c86d0b50754fd1b,build_old.py,92,mitmproxy_mitmproxy,results/mitmproxy_mitmproxy_matches.csv,2015-04-06T11:28:20+08:00
20d3d7e1b85f1886c4920eaf6c86d0b50754fd1b,build_old.py,102,mitmproxy_mitmproxy,results/mitmproxy_mitmproxy_matches.csv,2015-04-06T11:28:20+08:00
202ede3c546b3d99acee14f3bcceefd500e53c70,build_old.py,92,mitmproxy_mitmproxy,results/mitmproxy_mitmproxy_matches.csv,2015-05-08T10:58:05+03:00
202ede3c546b3d99acee14f3bcceefd500e53c70,build_old.py,102,mitmproxy_mitmproxy,results/mitmproxy_mitmproxy_matches.csv,2015-05-08T10:58:05+03:00
84b4ca6a65b74c66b2303ffd3f8e1c231dd36fde,build_old.py,92,mitmproxy_mitmproxy,results/mitmproxy_mitmproxy_matches.csv,2015-06-07T11:06:47-04:00
84b4ca6a65b74c66b2303ffd3f8e1c231dd36fde,build_old.py,102,mitmproxy_mitmproxy,results/mitmproxy_mitmproxy_matches.csv,2015-06-07T11:06:47-04:00
1ebdda79029a66330983648326e2eef883415e03,build_old.py,92,mitmproxy_mitmproxy,results/mitmproxy_mitmproxy_matches.csv,2015-07-08T12:10:03-03:00
1ebdda79029a66330983648326e2eef883415e03,build_old.py,102,mitmproxy_mitmproxy,results/mitmproxy_mitmproxy_matches.csv,2015-07-08T12:10:03-03:00
476badf45cd085d69b6162cd48983e3cd22cefcc,build_old.py,92,mitmproxy_mitmproxy,results/mitmproxy_mitmproxy_matches.csv,2015-08-10T20:36:47+02:00
476badf45cd085d69b6162cd48983e3cd22cefcc,build_old.py,102,mitmproxy_mitmproxy,results/mitmproxy_mitmproxy_matches.csv,2015-08-10T20:36:47+02:00
cf2b2e0cc71b34d851503852544eed3cd5442ca0,build_old.py,92,mitmproxy_mitmproxy,results/mitmproxy_mitmproxy_matches.csv,2015-09-10T10:20:11+02:00
cf2b2e0cc71b34d851503852544eed3cd5442ca0,build_old.py,102,mitmproxy_mitmproxy,results/mitmproxy_mitmproxy_matches.csv,2015-09-10T10:20:11+02:00
22191d63abd9996903936d12ca3e5dcea4f436e2,build_old.py,92,mitmproxy_mitmproxy,results/mitmproxy_mitmproxy_matches.csv,2015-10-13T21:09:56-04:00
22191d63abd9996903936d12ca3e5dcea4f436e2,build_old.py,102,mitmproxy_mitmproxy,results/mitmproxy_mitmproxy_matches.csv,2015-10-13T21:09:56-04:00
cd0b9e01be4041275165ab5e90b524ab0b3247f0,build_old.py,92,mitmproxy_mitmproxy,results/mitmproxy_mitmproxy_matches.csv,2015-11-13T21:08:39+08:00
cd0b9e01be4041275165ab5e90b524ab0b3247f0,build_old.py,102,mitmproxy_mitmproxy,results/mitmproxy_mitmproxy_matches.csv,2015-11-13T21:08:39+08:00
c10b614f700055976a5e30e5cfb0142fc6b83843,build_old.py,92,mitmproxy_mitmproxy,results/mitmproxy_mitmproxy_matches.csv,2015-12-25T15:56:26+01:00
c10b614f700055976a5e30e5cfb0142fc6b83843,build_old.py,102,mitmproxy_mitmproxy,results/mitmproxy_mitmproxy_matches.csv,2015-12-25T15:56:26+01:00
1b487539b1f3ea183eaed26ae756d0cc7d3ec3ea,build_old.py,92,mitmproxy_mitmproxy,results/mitmproxy_mitmproxy_matches.csv,2016-01-25T09:20:44+01:00
1b487539b1f3ea183eaed26ae756d0cc7d3ec3ea,build_old.py,102,mitmproxy_mitmproxy,results/mitmproxy_mitmproxy_matches.csv,2016-01-25T09:20:44+01:00
7e55a2128714deaa66526360e617beb8076c505b,build_old.py,92,mitmproxy_mitmproxy,results/mitmproxy_mitmproxy_matches.csv,2016-02-24T08:29:24+01:00
7e55a2128714deaa66526360e617beb8076c505b,build_old.py,102,mitmproxy_mitmproxy,results/mitmproxy_mitmproxy_matches.csv,2016-02-24T08:29:24+01:00
9f77c80a327e7c409f0971b9d83ff3a67c2da231,build_old.py,92,mitmproxy_mitmproxy,results/mitmproxy_mitmproxy_matches.csv,2016-03-25T17:29:42-07:00
9f77c80a327e7c409f0971b9d83ff3a67c2da231,build_old.py,102,mitmproxy_mitmproxy,results/mitmproxy_mitmproxy_matches.csv,2016-03-25T17:29:42-07:00
acaca765e471114f34aec25e91e00b1760d2aa75,build_old.py,92,mitmproxy_mitmproxy,results/mitmproxy_mitmproxy_matches.csv,2016-04-28T15:09:42-07:00
acaca765e471114f34aec25e91e00b1760d2aa75,build_old.py,102,mitmproxy_mitmproxy,results/mitmproxy_mitmproxy_matches.csv,2016-04-28T15:09:42-07:00
ed415877d48251774012bd6aad4be91e9d558b79,build_old.py,92,mitmproxy_mitmproxy,results/mitmproxy_mitmproxy_matches.csv,2016-05-29T11:14:46+12:00
ed415877d48251774012bd6aad4be91e9d558b79,build_old.py,102,mitmproxy_mitmproxy,results/mitmproxy_mitmproxy_matches.csv,2016-05-29T11:14:46+12:00
9099529d17b6ed1b70d320f9f47da5d10f5b7ca0,build_old.py,92,mitmproxy_mitmproxy,results/mitmproxy_mitmproxy_matches.csv,2016-06-28T00:40:31-07:00
9099529d17b6ed1b70d320f9f47da5d10f5b7ca0,build_old.py,102,mitmproxy_mitmproxy,results/mitmproxy_mitmproxy_matches.csv,2016-06-28T00:40:31-07:00
56d04b57401cbdaea771f0b77bbbc5ffc111d5c7,build_old.py,92,mitmproxy_mitmproxy,results/mitmproxy_mitmproxy_matches.csv,2016-07-28T07:41:54-07:00
56d04b57401cbdaea771f0b77bbbc5ffc111d5c7,build_old.py,102,mitmproxy_mitmproxy,results/mitmproxy_mitmproxy_matches.csv,2016-07-28T07:41:54-07:00
99744cc780a5100ac028bbbf43e8a42e1167047e,build_old.py,92,mitmproxy_mitmproxy,results/mitmproxy_mitmproxy_matches.csv,2016-08-29T16:50:14+05:30
99744cc780a5100ac028bbbf43e8a42e1167047e,build_old.py,102,mitmproxy_mitmproxy,results/mitmproxy_mitmproxy_matches.csv,2016-08-29T16:50:14+05:30
d068000f16cb44b7277de04ba20bd1fc62e4a956,build_old.py,92,mitmproxy_mitmproxy,results/mitmproxy_mitmproxy_matches.csv,2016-09-28T17:44:48-07:00
d068000f16cb44b7277de04ba20bd1fc62e4a956,build_old.py,102,mitmproxy_mitmproxy,results/mitmproxy_mitmproxy_matches.csv,2016-09-28T17:44:48-07:00
2dc3284fbb6cc7218e47174c00ba64bf92a50cdf,build_old.py,92,mitmproxy_mitmproxy,results/mitmproxy_mitmproxy_matches.csv,2016-10-29T15:44:48+13:00
2dc3284fbb6cc7218e47174c00ba64bf92a50cdf,build_old.py,102,mitmproxy_mitmproxy,results/mitmproxy_mitmproxy_matches.csv,2016-10-29T15:44:48+13:00
34bf3a2496ee82e1142547b95b28a0918a911bff,build_old.py,92,mitmproxy_mitmproxy,results/mitmproxy_mitmproxy_matches.csv,2016-11-28T13:29:06+01:00
34bf3a2496ee82e1142547b95b28a0918a911bff,build_old.py,102,mitmproxy_mitmproxy,results/mitmproxy_mitmproxy_matches.csv,2016-11-28T13:29:06+01:00
0929e74b4e82e3ee9ba1d6ddb7a54a68240a4282,build_old.py,92,mitmproxy_mitmproxy,results/mitmproxy_mitmproxy_matches.csv,2016-12-28T14:20:53+01:00
0929e74b4e82e3ee9ba1d6ddb7a54a68240a4282,build_old.py,102,mitmproxy_mitmproxy,results/mitmproxy_mitmproxy_matches.csv,2016-12-28T14:20:53+01:00
356c4987a2a43816c59f5cd070097d2e777b2272,build_old.py,92,mitmproxy_mitmproxy,results/mitmproxy_mitmproxy_matches.csv,2017-01-29T11:44:49+13:00
356c4987a2a43816c59f5cd070097d2e777b2272,build_old.py,102,mitmproxy_mitmproxy,results/mitmproxy_mitmproxy_matches.csv,2017-01-29T11:44:49+13:00
a505221e1ab210d35c91c9126eb6b621637235b3,build_old.py,92,mitmproxy_mitmproxy,results/mitmproxy_mitmproxy_matches.csv,2017-03-01T12:46:42+01:00
a505221e1ab210d35c91c9126eb6b621637235b3,build_old.py,102,mitmproxy_mitmproxy,results/mitmproxy_mitmproxy_matches.csv,2017-03-01T12:46:42+01:00
55ba6ed14db6634598d1dae4a5c3815a459bcffe,build_old.py,92,mitmproxy_mitmproxy,results/mitmproxy_mitmproxy_matches.csv,2017-04-02T21:37:38+05:30
55ba6ed14db6634598d1dae4a5c3815a459bcffe,build_old.py,102,mitmproxy_mitmproxy,results/mitmproxy_mitmproxy_matches.csv,2017-04-02T21:37:38+05:30
822797c7e0588695ecf318b7e7c424eda393405c,build_old.py,92,mitmproxy_mitmproxy,results/mitmproxy_mitmproxy_matches.csv,2017-05-03T15:46:56+12:00
822797c7e0588695ecf318b7e7c424eda393405c,build_old.py,102,mitmproxy_mitmproxy,results/mitmproxy_mitmproxy_matches.csv,2017-05-03T15:46:56+12:00
465178323f335ef446760854d4f9a46731397dc1,build_old.py,92,mitmproxy_mitmproxy,results/mitmproxy_mitmproxy_matches.csv,2017-06-02T13:26:21+02:00
465178323f335ef446760854d4f9a46731397dc1,build_old.py,102,mitmproxy_mitmproxy,results/mitmproxy_mitmproxy_matches.csv,2017-06-02T13:26:21+02:00
6367dcab8eb83ca073eaf0a38c75f751eb2dc246,build_old.py,92,mitmproxy_mitmproxy,results/mitmproxy_mitmproxy_matches.csv,2017-07-04T10:53:23+02:00
6367dcab8eb83ca073eaf0a38c75f751eb2dc246,build_old.py,102,mitmproxy_mitmproxy,results/mitmproxy_mitmproxy_matches.csv,2017-07-04T10:53:23+02:00
b42f5bcb9dd6a8d2609b8351f846a654a1fd65c2,build_old.py,92,mitmproxy_mitmproxy,results/mitmproxy_mitmproxy_matches.csv,2017-08-03T18:57:54+08:00
b42f5bcb9dd6a8d2609b8351f846a654a1fd65c2,build_old.py,102,mitmproxy_mitmproxy,results/mitmproxy_mitmproxy_matches.csv,2017-08-03T18:57:54+08:00
2b4f58eb4416beff3d0a246b8cfb55b5eb8f735b,build_old.py,92,mitmproxy_mitmproxy,results/mitmproxy_mitmproxy_matches.csv,2017-09-03T03:06:15+02:00
2b4f58eb4416beff3d0a246b8cfb55b5eb8f735b,build_old.py,102,mitmproxy_mitmproxy,results/mitmproxy_mitmproxy_matches.csv,2017-09-03T03:06:15+02:00
f62e9882cddaa60ec2598bd0a4ccfadc394cc6a8,build_old.py,92,mitmproxy_mitmproxy,results/mitmproxy_mitmproxy_matches.csv,2017-10-06T19:48:36+03:00
f62e9882cddaa60ec2598bd0a4ccfadc394cc6a8,build_old.py,102,mitmproxy_mitmproxy,results/mitmproxy_mitmproxy_matches.csv,2017-10-06T19:48:36+03:00
4cb96dedd0143cf9b6278d3622457e1e485b3090,build_old.py,92,mitmproxy_mitmproxy,results/mitmproxy_mitmproxy_matches.csv,2017-11-06T11:23:16+01:00
4cb96dedd0143cf9b6278d3622457e1e485b3090,build_old.py,102,mitmproxy_mitmproxy,results/mitmproxy_mitmproxy_matches.csv,2017-11-06T11:23:16+01:00
aeefcd08a40a8bd886d3bca6eca00ec5ace325ee,build_old.py,92,mitmproxy_mitmproxy,results/mitmproxy_mitmproxy_matches.csv,2017-12-10T18:26:24+13:00
aeefcd08a40a8bd886d3bca6eca00ec5ace325ee,build_old.py,102,mitmproxy_mitmproxy,results/mitmproxy_mitmproxy_matches.csv,2017-12-10T18:26:24+13:00
cb5f3a54a6dab862f0c0c8572bd1cbdce67a7e15,build_old.py,92,mitmproxy_mitmproxy,results/mitmproxy_mitmproxy_matches.csv,2018-01-11T02:56:44+05:30
cb5f3a54a6dab862f0c0c8572bd1cbdce67a7e15,build_old.py,102,mitmproxy_mitmproxy,results/mitmproxy_mitmproxy_matches.csv,2018-01-11T02:56:44+05:30
cda7c8d754f6eb71dd059f2bdfe2805f31b02874,build_old.py,92,mitmproxy_mitmproxy,results/mitmproxy_mitmproxy_matches.csv,2018-02-10T12:40:39+01:00
cda7c8d754f6eb71dd059f2bdfe2805f31b02874,build_old.py,102,mitmproxy_mitmproxy,results/mitmproxy_mitmproxy_matches.csv,2018-02-10T12:40:39+01:00
2001184b6c373a2a0ea86a9379f8decf3f7912a5,build_old.py,92,mitmproxy_mitmproxy,results/mitmproxy_mitmproxy_matches.csv,2018-03-15T00:29:52+01:00
2001184b6c373a2a0ea86a9379f8decf3f7912a5,build_old.py,102,mitmproxy_mitmproxy,results/mitmproxy_mitmproxy_matches.csv,2018-03-15T00:29:52+01:00
8609de6f319b41b90398ed1e7184d59bbf31f4d3,build_old.py,92,mitmproxy_mitmproxy,results/mitmproxy_mitmproxy_matches.csv,2018-04-14T11:52:02+12:00
8609de6f319b41b90398ed1e7184d59bbf31f4d3,build_old.py,102,mitmproxy_mitmproxy,results/mitmproxy_mitmproxy_matches.csv,2018-04-14T11:52:02+12:00
3ec3e4bcc994122b0678d56abff70174478b9238,build_old.py,92,mitmproxy_mitmproxy,results/mitmproxy_mitmproxy_matches.csv,2018-05-14T16:11:02+12:00
3ec3e4bcc994122b0678d56abff70174478b9238,build_old.py,102,mitmproxy_mitmproxy,results/mitmproxy_mitmproxy_matches.csv,2018-05-14T16:11:02+12:00
773c9535146991af38f954cb4d3b0ead9d7485c5,build_old.py,92,mitmproxy_mitmproxy,results/mitmproxy_mitmproxy_matches.csv,2018-06-13T11:56:14+02:00
773c9535146991af38f954cb4d3b0ead9d7485c5,build_old.py,102,mitmproxy_mitmproxy,results/mitmproxy_mitmproxy_matches.csv,2018-06-13T11:56:14+02:00
7f464b89296881f4d9ec032378c4418e832d17e3,build_old.py,92,mitmproxy_mitmproxy,results/mitmproxy_mitmproxy_matches.csv,2018-07-17T14:19:55+02:00
7f464b89296881f4d9ec032378c4418e832d17e3,build_old.py,102,mitmproxy_mitmproxy,results/mitmproxy_mitmproxy_matches.csv,2018-07-17T14:19:55+02:00
3f14a485d3e6803d6257d947f508f0eabb35fa1c,build_old.py,92,mitmproxy_mitmproxy,results/mitmproxy_mitmproxy_matches.csv,2018-08-17T15:19:29+08:00
3f14a485d3e6803d6257d947f508f0eabb35fa1c,build_old.py,102,mitmproxy_mitmproxy,results/mitmproxy_mitmproxy_matches.csv,2018-08-17T15:19:29+08:00
73577eb607803c50dc73b6d2e6c44560e563c23b,build_old.py,92,mitmproxy_mitmproxy,results/mitmproxy_mitmproxy_matches.csv,2018-09-18T20:42:48+02:00
73577eb607803c50dc73b6d2e6c44560e563c23b,build_old.py,102,mitmproxy_mitmproxy,results/mitmproxy_mitmproxy_matches.csv,2018-09-18T20:42:48+02:00
41cef4e9e317f891758d785cad67ad9ae1928a51,build_old.py,92,mitmproxy_mitmproxy,results/mitmproxy_mitmproxy_matches.csv,2018-10-19T15:58:53+02:00
41cef4e9e317f891758d785cad67ad9ae1928a51,build_old.py,102,mitmproxy_mitmproxy,results/mitmproxy_mitmproxy_matches.csv,2018-10-19T15:58:53+02:00
39e5ceb6cf8cf3c423e699339e0928a1bdce0696,build_old.py,92,mitmproxy_mitmproxy,results/mitmproxy_mitmproxy_matches.csv,2018-12-01T18:23:10+05:30
39e5ceb6cf8cf3c423e699339e0928a1bdce0696,build_old.py,102,mitmproxy_mitmproxy,results/mitmproxy_mitmproxy_matches.csv,2018-12-01T18:23:10+05:30
d6445fa5bac87679ca6830f880524c414c6b81bf,build_old.py,92,mitmproxy_mitmproxy,results/mitmproxy_mitmproxy_matches.csv,2019-01-03T07:54:57+02:00
d6445fa5bac87679ca6830f880524c414c6b81bf,build_old.py,102,mitmproxy_mitmproxy,results/mitmproxy_mitmproxy_matches.csv,2019-01-03T07:54:57+02:00
cec8c67465206caa5b4040c5f34050c9ef06b687,build_old.py,92,mitmproxy_mitmproxy,results/mitmproxy_mitmproxy_matches.csv,2019-02-03T00:49:53+05:30
cec8c67465206caa5b4040c5f34050c9ef06b687,build_old.py,102,mitmproxy_mitmproxy,results/mitmproxy_mitmproxy_matches.csv,2019-02-03T00:49:53+05:30
fad326a85f524f0b549dea87bceaf6dcb9e8e597,build_old.py,92,mitmproxy_mitmproxy,results/mitmproxy_mitmproxy_matches.csv,2019-03-29T15:11:17-07:00
fad326a85f524f0b549dea87bceaf6dcb9e8e597,build_old.py,102,mitmproxy_mitmproxy,results/mitmproxy_mitmproxy_matches.csv,2019-03-29T15:11:17-07:00
1410bdd9ca4e969d9e7a11c7676a230f705e0564,build_old.py,92,mitmproxy_mitmproxy,results/mitmproxy_mitmproxy_matches.csv,2019-05-16T23:21:47-07:00
1410bdd9ca4e969d9e7a11c7676a230f705e0564,build_old.py,102,mitmproxy_mitmproxy,results/mitmproxy_mitmproxy_matches.csv,2019-05-16T23:21:47-07:00
a4f8457dd3d47f09b57fd0251bd65c38fabdec1e,build_old.py,92,mitmproxy_mitmproxy,results/mitmproxy_mitmproxy_matches.csv,2019-06-26T18:39:23+01:00
a4f8457dd3d47f09b57fd0251bd65c38fabdec1e,build_old.py,102,mitmproxy_mitmproxy,results/mitmproxy_mitmproxy_matches.csv,2019-06-26T18:39:23+01:00
586f8d2044e18f66b2a8ce531f94b659abfb8a1e,build_old.py,92,mitmproxy_mitmproxy,results/mitmproxy_mitmproxy_matches.csv,2019-07-30T20:26:51+08:00
586f8d2044e18f66b2a8ce531f94b659abfb8a1e,build_old.py,102,mitmproxy_mitmproxy,results/mitmproxy_mitmproxy_matches.csv,2019-07-30T20:26:51+08:00
4ce5e1386c7d065f4c4f8b68aa57b0e18d6945ca,build_old.py,92,mitmproxy_mitmproxy,results/mitmproxy_mitmproxy_matches.csv,2019-09-03T17:19:50+03:00
4ce5e1386c7d065f4c4f8b68aa57b0e18d6945ca,build_old.py,102,mitmproxy_mitmproxy,results/mitmproxy_mitmproxy_matches.csv,2019-09-03T17:19:50+03:00
fed3d3eb3793412c97cbed1f364cebb64383d12e,build_old.py,92,mitmproxy_mitmproxy,results/mitmproxy_mitmproxy_matches.csv,2019-10-04T16:24:19+02:00
fed3d3eb3793412c97cbed1f364cebb64383d12e,build_old.py,102,mitmproxy_mitmproxy,results/mitmproxy_mitmproxy_matches.csv,2019-10-04T16:24:19+02:00
1469678b99dcdbd8af5d899f6a8b1036e03ce70f,build_old.py,92,mitmproxy_mitmproxy,results/mitmproxy_mitmproxy_matches.csv,2019-11-04T12:26:21+01:00
1469678b99dcdbd8af5d899f6a8b1036e03ce70f,build_old.py,102,mitmproxy_mitmproxy,results/mitmproxy_mitmproxy_matches.csv,2019-11-04T12:26:21+01:00
0b86d65b61ce3402691a7a4a7616e4fd3f9b29aa,build_old.py,92,mitmproxy_mitmproxy,results/mitmproxy_mitmproxy_matches.csv,2019-12-05T13:39:44+01:00
0b86d65b61ce3402691a7a4a7616e4fd3f9b29aa,build_old.py,102,mitmproxy_mitmproxy,results/mitmproxy_mitmproxy_matches.csv,2019-12-05T13:39:44+01:00
d7f43e72ca643ac16e48f58d511cd2a4e6043b88,build_old.py,92,mitmproxy_mitmproxy,results/mitmproxy_mitmproxy_matches.csv,2020-01-10T18:10:24+01:00
d7f43e72ca643ac16e48f58d511cd2a4e6043b88,build_old.py,102,mitmproxy_mitmproxy,results/mitmproxy_mitmproxy_matches.csv,2020-01-10T18:10:24+01:00
e25e464acb70c0197dece8e66eaf88db8216b882,build_old.py,92,mitmproxy_mitmproxy,results/mitmproxy_mitmproxy_matches.csv,2020-02-12T09:36:39+13:00
e25e464acb70c0197dece8e66eaf88db8216b882,build_old.py,102,mitmproxy_mitmproxy,results/mitmproxy_mitmproxy_matches.csv,2020-02-12T09:36:39+13:00
fa222dca65b2ae484c5778e10206033d6ed08b79,build_old.py,92,mitmproxy_mitmproxy,results/mitmproxy_mitmproxy_matches.csv,2020-03-25T22:02:53+08:00
fa222dca65b2ae484c5778e10206033d6ed08b79,build_old.py,102,mitmproxy_mitmproxy,results/mitmproxy_mitmproxy_matches.csv,2020-03-25T22:02:53+08:00
449bdf92c07f566729832a5c28dd39b743fc9d6f,build_old.py,92,mitmproxy_mitmproxy,results/mitmproxy_mitmproxy_matches.csv,2020-04-25T17:39:02+05:30
449bdf92c07f566729832a5c28dd39b743fc9d6f,build_old.py,102,mitmproxy_mitmproxy,results/mitmproxy_mitmproxy_matches.csv,2020-04-25T17:39:02+05:30
a15d591a4e2fd304830e4e6651b20970db530e26,build_old.py,92,mitmproxy_mitmproxy,results/mitmproxy_mitmproxy_matches.csv,2020-05-29T20:34:30+03:00
a15d591a4e2fd304830e4e6651b20970db530e26,build_old.py,102,mitmproxy_mitmproxy,results/mitmproxy_mitmproxy_matches.csv,2020-05-29T20:34:30+03:00
285b1f5feff504ed2d0647374ac40861ba1d0f2e,build_old.py,92,mitmproxy_mitmproxy,results/mitmproxy_mitmproxy_matches.csv,2020-06-29T17:54:39+05:30
285b1f5feff504ed2d0647374ac40861ba1d0f2e,build_old.py,102,mitmproxy_mitmproxy,results/mitmproxy_mitmproxy_matches.csv,2020-06-29T17:54:39+05:30
ea9177217208fdf642ffc54f6b1f6507a199350c,build_old.py,92,mitmproxy_mitmproxy,results/mitmproxy_mitmproxy_matches.csv,2020-07-30T00:12:00+02:00
ea9177217208fdf642ffc54f6b1f6507a199350c,build_old.py,102,mitmproxy_mitmproxy,results/mitmproxy_mitmproxy_matches.csv,2020-07-30T00:12:00+02:00
8df5e31a1993b9ca0cc93eba7ec545f2b7533cf7,build_old.py,92,mitmproxy_mitmproxy,results/mitmproxy_mitmproxy_matches.csv,2020-08-29T01:31:49+02:00
8df5e31a1993b9ca0cc93eba7ec545f2b7533cf7,build_old.py,102,mitmproxy_mitmproxy,results/mitmproxy_mitmproxy_matches.csv,2020-08-29T01:31:49+02:00
eb71985d26b5559d99b55d47176d3e31e39bb4bb,build_old.py,92,mitmproxy_mitmproxy,results/mitmproxy_mitmproxy_matches.csv,2020-09-28T17:22:24+02:00
eb71985d26b5559d99b55d47176d3e31e39bb4bb,build_old.py,102,mitmproxy_mitmproxy,results/mitmproxy_mitmproxy_matches.csv,2020-09-28T17:22:24+02:00
1fa4ec74194647f1eeab8676ebd60bb5f67bc800,build_old.py,92,mitmproxy_mitmproxy,results/mitmproxy_mitmproxy_matches.csv,2020-10-31T10:19:25+01:00
1fa4ec74194647f1eeab8676ebd60bb5f67bc800,build_old.py,102,mitmproxy_mitmproxy,results/mitmproxy_mitmproxy_matches.csv,2020-10-31T10:19:25+01:00
ab767e31f6f50647f554e209684cc60ca45b312f,build_old.py,92,mitmproxy_mitmproxy,results/mitmproxy_mitmproxy_matches.csv,2020-12-03T17:44:33+07:00
ab767e31f6f50647f554e209684cc60ca45b312f,build_old.py,102,mitmproxy_mitmproxy,results/mitmproxy_mitmproxy_matches.csv,2020-12-03T17:44:33+07:00
ed41b1343f95792dd618731f44a4e356873f9e30,build_old.py,92,mitmproxy_mitmproxy,results/mitmproxy_mitmproxy_matches.csv,2021-01-04T07:09:35+01:00
ed41b1343f95792dd618731f44a4e356873f9e30,build_old.py,102,mitmproxy_mitmproxy,results/mitmproxy_mitmproxy_matches.csv,2021-01-04T07:09:35+01:00
00f718e6c0ca82c8a817ec353853b3db733a6a7d,build_old.py,92,mitmproxy_mitmproxy,results/mitmproxy_mitmproxy_matches.csv,2021-02-03T18:52:56+01:00
00f718e6c0ca82c8a817ec353853b3db733a6a7d,build_old.py,102,mitmproxy_mitmproxy,results/mitmproxy_mitmproxy_matches.csv,2021-02-03T18:52:56+01:00
42a1345daf015b345f29e976434c29f4c84175df,build_old.py,92,mitmproxy_mitmproxy,results/mitmproxy_mitmproxy_matches.csv,2021-03-05T23:10:38+01:00
42a1345daf015b345f29e976434c29f4c84175df,build_old.py,102,mitmproxy_mitmproxy,results/mitmproxy_mitmproxy_matches.csv,2021-03-05T23:10:38+01:00
f1b55fc817363d0138455478a1b4e5c7bc6c301b,build_old.py,92,mitmproxy_mitmproxy,results/mitmproxy_mitmproxy_matches.csv,2021-04-05T10:08:21+02:00
f1b55fc817363d0138455478a1b4e5c7bc6c301b,build_old.py,102,mitmproxy_mitmproxy,results/mitmproxy_mitmproxy_matches.csv,2021-04-05T10:08:21+02:00
8d8e10672e4027c2fc0ba72b0108b7f2af869ff5,build_old.py,92,mitmproxy_mitmproxy,results/mitmproxy_mitmproxy_matches.csv,2021-05-08T22:13:15+02:00
8d8e10672e4027c2fc0ba72b0108b7f2af869ff5,build_old.py,102,mitmproxy_mitmproxy,results/mitmproxy_mitmproxy_matches.csv,2021-05-08T22:13:15+02:00
2c5c6cfa5a6e678a8464291cb4f485a259256b18,build_old.py,92,mitmproxy_mitmproxy,results/mitmproxy_mitmproxy_matches.csv,2021-06-08T11:22:59+02:00
2c5c6cfa5a6e678a8464291cb4f485a259256b18,build_old.py,102,mitmproxy_mitmproxy,results/mitmproxy_mitmproxy_matches.csv,2021-06-08T11:22:59+02:00
d4bc25fce9dfcbd1eb04ce21a309c4f1ccb79c22,build_old.py,92,mitmproxy_mitmproxy,results/mitmproxy_mitmproxy_matches.csv,2021-07-09T20:15:38+02:00
d4bc25fce9dfcbd1eb04ce21a309c4f1ccb79c22,build_old.py,102,mitmproxy_mitmproxy,results/mitmproxy_mitmproxy_matches.csv,2021-07-09T20:15:38+02:00
fb53df0cc19f0be5d8b9edb34cd29ae0c736fe31,build_old.py,92,mitmproxy_mitmproxy,results/mitmproxy_mitmproxy_matches.csv,2021-08-09T15:41:05+00:00
fb53df0cc19f0be5d8b9edb34cd29ae0c736fe31,build_old.py,102,mitmproxy_mitmproxy,results/mitmproxy_mitmproxy_matches.csv,2021-08-09T15:41:05+00:00
e3556fbaadab3c8f62b321a2d9a455b6f51f8806,build_old.py,92,mitmproxy_mitmproxy,results/mitmproxy_mitmproxy_matches.csv,2021-09-13T16:34:33+02:00
e3556fbaadab3c8f62b321a2d9a455b6f51f8806,build_old.py,102,mitmproxy_mitmproxy,results/mitmproxy_mitmproxy_matches.csv,2021-09-13T16:34:33+02:00
0ad4a5983e73622d3a25df945084448e86d9c323,build_old.py,92,mitmproxy_mitmproxy,results/mitmproxy_mitmproxy_matches.csv,2021-10-18T15:12:35+02:00
0ad4a5983e73622d3a25df945084448e86d9c323,build_old.py,102,mitmproxy_mitmproxy,results/mitmproxy_mitmproxy_matches.csv,2021-10-18T15:12:35+02:00
39fa242e25ad6d879e7021db188d0d32f4d77115,build_old.py,92,mitmproxy_mitmproxy,results/mitmproxy_mitmproxy_matches.csv,2021-11-17T16:53:43+00:00
39fa242e25ad6d879e7021db188d0d32f4d77115,build_old.py,102,mitmproxy_mitmproxy,results/mitmproxy_mitmproxy_matches.csv,2021-11-17T16:53:43+00:00
ace07e7e3c70cd1f099705d6d1989bc999ca7ca9,build_old.py,92,mitmproxy_mitmproxy,results/mitmproxy_mitmproxy_matches.csv,2021-12-20T20:18:00+01:00
ace07e7e3c70cd1f099705d6d1989bc999ca7ca9,build_old.py,102,mitmproxy_mitmproxy,results/mitmproxy_mitmproxy_matches.csv,2021-12-20T20:18:00+01:00
11c22d8a4a31d84e91a52028616e0573fc2988ed,build_old.py,92,mitmproxy_mitmproxy,results/mitmproxy_mitmproxy_matches.csv,2022-01-20T08:46:52+01:00
11c22d8a4a31d84e91a52028616e0573fc2988ed,build_old.py,102,mitmproxy_mitmproxy,results/mitmproxy_mitmproxy_matches.csv,2022-01-20T08:46:52+01:00
5cdd2bc6ec9dc7bc3e2154fbf332b71515fc44d2,build_old.py,92,mitmproxy_mitmproxy,results/mitmproxy_mitmproxy_matches.csv,2022-02-27T07:58:00+01:00
5cdd2bc6ec9dc7bc3e2154fbf332b71515fc44d2,build_old.py,102,mitmproxy_mitmproxy,results/mitmproxy_mitmproxy_matches.csv,2022-02-27T07:58:00+01:00
a63c96ce72850a987f8345d2b6a9b40ff820d85d,build_old.py,92,mitmproxy_mitmproxy,results/mitmproxy_mitmproxy_matches.csv,2022-03-29T06:58:31+00:00
a63c96ce72850a987f8345d2b6a9b40ff820d85d,build_old.py,102,mitmproxy_mitmproxy,results/mitmproxy_mitmproxy_matches.csv,2022-03-29T06:58:31+00:00
1db2a684c257bdad592fc17ccff102fa90ae923e,build_old.py,92,mitmproxy_mitmproxy,results/mitmproxy_mitmproxy_matches.csv,2022-04-28T19:16:44+02:00
1db2a684c257bdad592fc17ccff102fa90ae923e,build_old.py,102,mitmproxy_mitmproxy,results/mitmproxy_mitmproxy_matches.csv,2022-04-28T19:16:44+02:00
4771e42b446619ab82f06bcf50a9954b472ab5e6,build_old.py,92,mitmproxy_mitmproxy,results/mitmproxy_mitmproxy_matches.csv,2022-05-30T09:53:44+02:00
4771e42b446619ab82f06bcf50a9954b472ab5e6,build_old.py,102,mitmproxy_mitmproxy,results/mitmproxy_mitmproxy_matches.csv,2022-05-30T09:53:44+02:00
d94345b2f32aa04ed57dadac99c1ce9724ec15b2,build_old.py,92,mitmproxy_mitmproxy,results/mitmproxy_mitmproxy_matches.csv,2022-06-29T11:48:24+02:00
d94345b2f32aa04ed57dadac99c1ce9724ec15b2,build_old.py,102,mitmproxy_mitmproxy,results/mitmproxy_mitmproxy_matches.csv,2022-06-29T11:48:24+02:00
5df703cc42666a2a3fa0d03f8b490b97e320adf9,build_old.py,92,mitmproxy_mitmproxy,results/mitmproxy_mitmproxy_matches.csv,2022-07-29T13:42:42+02:00
5df703cc42666a2a3fa0d03f8b490b97e320adf9,build_old.py,102,mitmproxy_mitmproxy,results/mitmproxy_mitmproxy_matches.csv,2022-07-29T13:42:42+02:00
3865e6f8dd00d43949535f9dcd0164b69622e247,build_old.py,92,mitmproxy_mitmproxy,results/mitmproxy_mitmproxy_matches.csv,2022-08-28T08:52:32-05:00
3865e6f8dd00d43949535f9dcd0164b69622e247,build_old.py,102,mitmproxy_mitmproxy,results/mitmproxy_mitmproxy_matches.csv,2022-08-28T08:52:32-05:00
a1631154d722ea4c82dcb72e0c84ad38c6991de5,build_old.py,92,mitmproxy_mitmproxy,results/mitmproxy_mitmproxy_matches.csv,2022-10-01T15:58:06+02:00
a1631154d722ea4c82dcb72e0c84ad38c6991de5,build_old.py,102,mitmproxy_mitmproxy,results/mitmproxy_mitmproxy_matches.csv,2022-10-01T15:58:06+02:00
464650e6774863310bce63ada9dc94d8ddc4b4a8,build_old.py,92,mitmproxy_mitmproxy,results/mitmproxy_mitmproxy_matches.csv,2022-10-31T18:10:00+01:00
464650e6774863310bce63ada9dc94d8ddc4b4a8,build_old.py,102,mitmproxy_mitmproxy,results/mitmproxy_mitmproxy_matches.csv,2022-10-31T18:10:00+01:00
ef1a03181b4aa564ee7a29875b3db99457e04c36,build_old.py,92,mitmproxy_mitmproxy,results/mitmproxy_mitmproxy_matches.csv,2022-12-02T09:42:49+01:00
ef1a03181b4aa564ee7a29875b3db99457e04c36,build_old.py,102,mitmproxy_mitmproxy,results/mitmproxy_mitmproxy_matches.csv,2022-12-02T09:42:49+01:00
2a3eca2589ffa3620654483eced02c9bf9dfa0bd,build_old.py,92,mitmproxy_mitmproxy,results/mitmproxy_mitmproxy_matches.csv,2023-01-02T22:13:12+01:00
2a3eca2589ffa3620654483eced02c9bf9dfa0bd,build_old.py,102,mitmproxy_mitmproxy,results/mitmproxy_mitmproxy_matches.csv,2023-01-02T22:13:12+01:00
8683f8392cf8c775fc0ccbb2b46eda3fda00c325,build_old.py,92,mitmproxy_mitmproxy,results/mitmproxy_mitmproxy_matches.csv,2023-02-01T22:14:05+00:00
8683f8392cf8c775fc0ccbb2b46eda3fda00c325,build_old.py,102,mitmproxy_mitmproxy,results/mitmproxy_mitmproxy_matches.csv,2023-02-01T22:14:05+00:00
262cadab75d377fbe3a79561e27e477757ee142c,build_old.py,92,mitmproxy_mitmproxy,results/mitmproxy_mitmproxy_matches.csv,2023-03-05T19:55:24+01:00
262cadab75d377fbe3a79561e27e477757ee142c,build_old.py,102,mitmproxy_mitmproxy,results/mitmproxy_mitmproxy_matches.csv,2023-03-05T19:55:24+01:00
19218bfaf264f36274812ebaa5c80dd19174e9b4,build_old.py,92,mitmproxy_mitmproxy,results/mitmproxy_mitmproxy_matches.csv,2023-04-22T12:48:24+02:00
19218bfaf264f36274812ebaa5c80dd19174e9b4,build_old.py,102,mitmproxy_mitmproxy,results/mitmproxy_mitmproxy_matches.csv,2023-04-22T12:48:24+02:00
e0e46f453ce46a7c9cd30650ae4e394fc73a7dbb,build_old.py,92,mitmproxy_mitmproxy,results/mitmproxy_mitmproxy_matches.csv,2023-05-28T16:35:34+00:00
e0e46f453ce46a7c9cd30650ae4e394fc73a7dbb,build_old.py,102,mitmproxy_mitmproxy,results/mitmproxy_mitmproxy_matches.csv,2023-05-28T16:35:34+00:00
47021baaa1ef3d445e1ab0d0c24a58425ec069a4,build_old.py,92,mitmproxy_mitmproxy,results/mitmproxy_mitmproxy_matches.csv,2023-06-30T08:12:55+02:00
47021baaa1ef3d445e1ab0d0c24a58425ec069a4,build_old.py,102,mitmproxy_mitmproxy,results/mitmproxy_mitmproxy_matches.csv,2023-06-30T08:12:55+02:00
47aaec4f746899433b3033a0ecb92b93b61840ca,build_old.py,92,mitmproxy_mitmproxy,results/mitmproxy_mitmproxy_matches.csv,2023-08-01T12:13:48+02:00
47aaec4f746899433b3033a0ecb92b93b61840ca,build_old.py,102,mitmproxy_mitmproxy,results/mitmproxy_mitmproxy_matches.csv,2023-08-01T12:13:48+02:00
4f1403224d6bc405578a45937f2357ce502e1b1f,build_old.py,92,mitmproxy_mitmproxy,results/mitmproxy_mitmproxy_matches.csv,2023-09-05T15:32:54+02:00
4f1403224d6bc405578a45937f2357ce502e1b1f,build_old.py,102,mitmproxy_mitmproxy,results/mitmproxy_mitmproxy_matches.csv,2023-09-05T15:32:54+02:00
bacbaadb0122c4d9897a3ebd009c24fdfe2ba270,build_old.py,92,mitmproxy_mitmproxy,results/mitmproxy_mitmproxy_matches.csv,2023-10-09T13:12:10+00:00
bacbaadb0122c4d9897a3ebd009c24fdfe2ba270,build_old.py,102,mitmproxy_mitmproxy,results/mitmproxy_mitmproxy_matches.csv,2023-10-09T13:12:10+00:00
19218bfaf264f36274812ebaa5c80dd19174e9b4,mitmproxy/addons/next_layer.py,254,mitmproxy_mitmproxy,results/mitmproxy_mitmproxy_matches.csv,2023-04-22T12:48:24+02:00
19218bfaf264f36274812ebaa5c80dd19174e9b4,mitmproxy/addons/next_layer.py,288,mitmproxy_mitmproxy,results/mitmproxy_mitmproxy_matches.csv,2023-04-22T12:48:24+02:00
e0e46f453ce46a7c9cd30650ae4e394fc73a7dbb,mitmproxy/addons/next_layer.py,254,mitmproxy_mitmproxy,results/mitmproxy_mitmproxy_matches.csv,2023-05-28T16:35:34+00:00
e0e46f453ce46a7c9cd30650ae4e394fc73a7dbb,mitmproxy/addons/next_layer.py,288,mitmproxy_mitmproxy,results/mitmproxy_mitmproxy_matches.csv,2023-05-28T16:35:34+00:00
47021baaa1ef3d445e1ab0d0c24a58425ec069a4,mitmproxy/addons/next_layer.py,254,mitmproxy_mitmproxy,results/mitmproxy_mitmproxy_matches.csv,2023-06-30T08:12:55+02:00
47021baaa1ef3d445e1ab0d0c24a58425ec069a4,mitmproxy/addons/next_layer.py,288,mitmproxy_mitmproxy,results/mitmproxy_mitmproxy_matches.csv,2023-06-30T08:12:55+02:00
47aaec4f746899433b3033a0ecb92b93b61840ca,mitmproxy/addons/next_layer.py,254,mitmproxy_mitmproxy,results/mitmproxy_mitmproxy_matches.csv,2023-08-01T12:13:48+02:00
47aaec4f746899433b3033a0ecb92b93b61840ca,mitmproxy/addons/next_layer.py,288,mitmproxy_mitmproxy,results/mitmproxy_mitmproxy_matches.csv,2023-08-01T12:13:48+02:00
4f1403224d6bc405578a45937f2357ce502e1b1f,mitmproxy/addons/next_layer.py,254,mitmproxy_mitmproxy,results/mitmproxy_mitmproxy_matches.csv,2023-09-05T15:32:54+02:00
4f1403224d6bc405578a45937f2357ce502e1b1f,mitmproxy/addons/next_layer.py,288,mitmproxy_mitmproxy,results/mitmproxy_mitmproxy_matches.csv,2023-09-05T15:32:54+02:00
bacbaadb0122c4d9897a3ebd009c24fdfe2ba270,mitmproxy/addons/next_layer.py,254,mitmproxy_mitmproxy,results/mitmproxy_mitmproxy_matches.csv,2023-10-09T13:12:10+00:00
bacbaadb0122c4d9897a3ebd009c24fdfe2ba270,mitmproxy/addons/next_layer.py,288,mitmproxy_mitmproxy,results/mitmproxy_mitmproxy_matches.csv,2023-10-09T13:12:10+00:00
47aaec4f746899433b3033a0ecb92b93b61840ca,mitmproxy/addons/readhar.py,113,mitmproxy_mitmproxy,results/mitmproxy_mitmproxy_matches.csv,2023-08-01T12:13:48+02:00
47aaec4f746899433b3033a0ecb92b93b61840ca,mitmproxy/addons/readhar.py,122,mitmproxy_mitmproxy,results/mitmproxy_mitmproxy_matches.csv,2023-08-01T12:13:48+02:00
4f1403224d6bc405578a45937f2357ce502e1b1f,mitmproxy/addons/readhar.py,113,mitmproxy_mitmproxy,results/mitmproxy_mitmproxy_matches.csv,2023-09-05T15:32:54+02:00
4f1403224d6bc405578a45937f2357ce502e1b1f,mitmproxy/addons/readhar.py,122,mitmproxy_mitmproxy,results/mitmproxy_mitmproxy_matches.csv,2023-09-05T15:32:54+02:00
bacbaadb0122c4d9897a3ebd009c24fdfe2ba270,mitmproxy/io/har.py,107,mitmproxy_mitmproxy,results/mitmproxy_mitmproxy_matches.csv,2023-10-09T13:12:10+00:00
bacbaadb0122c4d9897a3ebd009c24fdfe2ba270,mitmproxy/io/har.py,116,mitmproxy_mitmproxy,results/mitmproxy_mitmproxy_matches.csv,2023-10-09T13:12:10+00:00
262cadab75d377fbe3a79561e27e477757ee142c,mitmproxy/net/tls.py,236,mitmproxy_mitmproxy,results/mitmproxy_mitmproxy_matches.csv,2023-03-05T19:55:24+01:00
262cadab75d377fbe3a79561e27e477757ee142c,mitmproxy/net/tls.py,257,mitmproxy_mitmproxy,results/mitmproxy_mitmproxy_matches.csv,2023-03-05T19:55:24+01:00
19218bfaf264f36274812ebaa5c80dd19174e9b4,mitmproxy/proxy/layers/modes.py,75,mitmproxy_mitmproxy,results/mitmproxy_mitmproxy_matches.csv,2023-04-22T12:48:24+02:00
e0e46f453ce46a7c9cd30650ae4e394fc73a7dbb,mitmproxy/proxy/layers/modes.py,75,mitmproxy_mitmproxy,results/mitmproxy_mitmproxy_matches.csv,2023-05-28T16:35:34+00:00
47021baaa1ef3d445e1ab0d0c24a58425ec069a4,mitmproxy/proxy/layers/modes.py,75,mitmproxy_mitmproxy,results/mitmproxy_mitmproxy_matches.csv,2023-06-30T08:12:55+02:00
47aaec4f746899433b3033a0ecb92b93b61840ca,mitmproxy/proxy/layers/modes.py,75,mitmproxy_mitmproxy,results/mitmproxy_mitmproxy_matches.csv,2023-08-01T12:13:48+02:00
4f1403224d6bc405578a45937f2357ce502e1b1f,mitmproxy/proxy/layers/modes.py,75,mitmproxy_mitmproxy,results/mitmproxy_mitmproxy_matches.csv,2023-09-05T15:32:54+02:00
bacbaadb0122c4d9897a3ebd009c24fdfe2ba270,mitmproxy/proxy/layers/modes.py,75,mitmproxy_mitmproxy,results/mitmproxy_mitmproxy_matches.csv,2023-10-09T13:12:10+00:00
5df703cc42666a2a3fa0d03f8b490b97e320adf9,release/build.py,92,mitmproxy_mitmproxy,results/mitmproxy_mitmproxy_matches.csv,2022-07-29T13:42:42+02:00
cfa94c3dd2e3adfaae7e28c852ad6d6f2574cfd3,src/mopidy/internal/path.py,42,mopidy_mopidy,results/mopidy_mopidy_matches.csv,2024-07-07T01:14:59+02:00
1cfd46502dabcca89385948064e85894d1d0515b,src/mopidy/internal/path.py,42,mopidy_mopidy,results/mopidy_mopidy_matches.csv,2024-09-14T17:29:50+02:00
4e7cced0956469c69db14319f5cfc862554ec06f,src/mopidy/internal/path.py,43,mopidy_mopidy,results/mopidy_mopidy_matches.csv,2024-10-15T23:45:42+02:00
d89a79e9f4bde82c04ab43227968003ce74dd5b6,src/mopidy/internal/path.py,43,mopidy_mopidy,results/mopidy_mopidy_matches.csv,2024-12-04T23:03:31+01:00
a244a911d529270feeda4a81fc048d6920a4eafa,kitsune/community/views.py,115,mozilla_kitsune,results/mozilla_kitsune_matches.csv,2023-05-01T12:28:28+03:00
9ffb829a990cb53b7e34e0735e3ffa51bbb14d97,kitsune/community/views.py,115,mozilla_kitsune,results/mozilla_kitsune_matches.csv,2023-05-31T08:46:32-07:00
f4e8abe2cb33e72daed5e43a91775dc1ec47f763,kitsune/community/views.py,115,mozilla_kitsune,results/mozilla_kitsune_matches.csv,2023-06-30T09:43:38-07:00
94710f653eefbd48820717831bab9baa4c62fc81,kitsune/community/views.py,115,mozilla_kitsune,results/mozilla_kitsune_matches.csv,2023-07-31T07:32:15-07:00
02ec5146204adbf149ed425dc5c9553b01897a2e,kitsune/community/views.py,115,mozilla_kitsune,results/mozilla_kitsune_matches.csv,2023-08-30T08:58:18-07:00
4726ede37bf4d4fe8c7f979147246030062f205f,kitsune/community/views.py,115,mozilla_kitsune,results/mozilla_kitsune_matches.csv,2023-10-03T02:49:56+00:00
9403ad180f055e9e0532085645061c12fc777be7,kitsune/community/views.py,115,mozilla_kitsune,results/mozilla_kitsune_matches.csv,2023-11-02T12:19:45+02:00
11c1284e2c2f79fe83feae1f383b99b2cc08ccc2,kitsune/community/views.py,115,mozilla_kitsune,results/mozilla_kitsune_matches.csv,2023-12-02T21:34:57-08:00
4853c52c6bc0f7d1e4863b5b5bea14c202c8f303,kitsune/community/views.py,115,mozilla_kitsune,results/mozilla_kitsune_matches.csv,2024-01-03T08:55:08-05:00
5deed9ffda3c109c3d05eab9635408ad48e3ac46,kitsune/community/views.py,115,mozilla_kitsune,results/mozilla_kitsune_matches.csv,2024-02-02T11:45:08-08:00
c629cf7d2dc2332fe10116db8dfea3c16f43fcda,kitsune/community/views.py,115,mozilla_kitsune,results/mozilla_kitsune_matches.csv,2024-03-05T13:54:21+02:00
9b1fc5bab0f3a8f59595321f423609b1336ed0c0,kitsune/community/views.py,115,mozilla_kitsune,results/mozilla_kitsune_matches.csv,2024-04-04T14:20:02+03:00
cc64429e17bb7dfb5e2b043ae7e4fede78de746a,kitsune/community/views.py,115,mozilla_kitsune,results/mozilla_kitsune_matches.csv,2024-05-04T15:38:42+02:00
889d1c8e433db4b8c8f6fb73e3e48a40a7ca2f76,kitsune/community/views.py,115,mozilla_kitsune,results/mozilla_kitsune_matches.csv,2024-06-03T19:52:53+03:00
25b007afc18f040dce413c5fd1df25d1462dddf9,kitsune/community/views.py,115,mozilla_kitsune,results/mozilla_kitsune_matches.csv,2024-07-04T13:08:16+03:00
464f34d24e0a493b2d5b2007c46aaef1d6c77685,kitsune/community/views.py,115,mozilla_kitsune,results/mozilla_kitsune_matches.csv,2024-08-05T12:11:35+03:00
6f8798e249fe026218446a4976528fe92fcb7d11,kitsune/community/views.py,115,mozilla_kitsune,results/mozilla_kitsune_matches.csv,2024-09-04T12:15:56+03:00
1219f6ac2505df32b80bcd31d6987ce110952e3e,kitsune/community/views.py,115,mozilla_kitsune,results/mozilla_kitsune_matches.csv,2024-10-07T15:11:55+03:00
1a79af0eae6138e03c1a0669ad0af730634abd41,kitsune/community/views.py,115,mozilla_kitsune,results/mozilla_kitsune_matches.csv,2024-11-06T15:32:50+02:00
2b2da8deabcf6be941f39ea2c5b07d0ce33a780d,kitsune/community/views.py,115,mozilla_kitsune,results/mozilla_kitsune_matches.csv,2024-12-06T17:25:36+02:00
1a79af0eae6138e03c1a0669ad0af730634abd41,kitsune/products/migrations/0001_squashed_0020_remove_sumoplaceholderpage_page_ptr_and_more.py,1284,mozilla_kitsune,results/mozilla_kitsune_matches.csv,2024-11-06T15:32:50+02:00
2b2da8deabcf6be941f39ea2c5b07d0ce33a780d,kitsune/products/migrations/0001_squashed_0020_remove_sumoplaceholderpage_page_ptr_and_more.py,1432,mozilla_kitsune,results/mozilla_kitsune_matches.csv,2024-12-06T17:25:36+02:00
25b007afc18f040dce413c5fd1df25d1462dddf9,kitsune/products/migrations/0010_auto_20240624_0616.py,95,mozilla_kitsune,results/mozilla_kitsune_matches.csv,2024-07-04T13:08:16+03:00
464f34d24e0a493b2d5b2007c46aaef1d6c77685,kitsune/products/migrations/0010_auto_20240624_0616.py,95,mozilla_kitsune,results/mozilla_kitsune_matches.csv,2024-08-05T12:11:35+03:00
6f8798e249fe026218446a4976528fe92fcb7d11,kitsune/products/migrations/0010_auto_20240624_0616.py,93,mozilla_kitsune,results/mozilla_kitsune_matches.csv,2024-09-04T12:15:56+03:00
1219f6ac2505df32b80bcd31d6987ce110952e3e,kitsune/products/migrations/0010_auto_20240624_0616.py,93,mozilla_kitsune,results/mozilla_kitsune_matches.csv,2024-10-07T15:11:55+03:00
6f8798e249fe026218446a4976528fe92fcb7d11,kitsune/questions/migrations/0015_auto_20240802_0524.py,23,mozilla_kitsune,results/mozilla_kitsune_matches.csv,2024-09-04T12:15:56+03:00
1219f6ac2505df32b80bcd31d6987ce110952e3e,kitsune/questions/migrations/0015_auto_20240802_0524.py,23,mozilla_kitsune,results/mozilla_kitsune_matches.csv,2024-10-07T15:11:55+03:00
1a79af0eae6138e03c1a0669ad0af730634abd41,kitsune/questions/migrations/0015_auto_20240802_0524.py,23,mozilla_kitsune,results/mozilla_kitsune_matches.csv,2024-11-06T15:32:50+02:00
2b2da8deabcf6be941f39ea2c5b07d0ce33a780d,kitsune/questions/migrations/0015_auto_20240802_0524.py,23,mozilla_kitsune,results/mozilla_kitsune_matches.csv,2024-12-06T17:25:36+02:00
a244a911d529270feeda4a81fc048d6920a4eafa,kitsune/questions/views.py,165,mozilla_kitsune,results/mozilla_kitsune_matches.csv,2023-05-01T12:28:28+03:00
9ffb829a990cb53b7e34e0735e3ffa51bbb14d97,kitsune/questions/views.py,165,mozilla_kitsune,results/mozilla_kitsune_matches.csv,2023-05-31T08:46:32-07:00
f4e8abe2cb33e72daed5e43a91775dc1ec47f763,kitsune/questions/views.py,165,mozilla_kitsune,results/mozilla_kitsune_matches.csv,2023-06-30T09:43:38-07:00
94710f653eefbd48820717831bab9baa4c62fc81,kitsune/questions/views.py,165,mozilla_kitsune,results/mozilla_kitsune_matches.csv,2023-07-31T07:32:15-07:00
02ec5146204adbf149ed425dc5c9553b01897a2e,kitsune/questions/views.py,165,mozilla_kitsune,results/mozilla_kitsune_matches.csv,2023-08-30T08:58:18-07:00
4726ede37bf4d4fe8c7f979147246030062f205f,kitsune/questions/views.py,165,mozilla_kitsune,results/mozilla_kitsune_matches.csv,2023-10-03T02:49:56+00:00
9403ad180f055e9e0532085645061c12fc777be7,kitsune/questions/views.py,173,mozilla_kitsune,results/mozilla_kitsune_matches.csv,2023-11-02T12:19:45+02:00
11c1284e2c2f79fe83feae1f383b99b2cc08ccc2,kitsune/questions/views.py,174,mozilla_kitsune,results/mozilla_kitsune_matches.csv,2023-12-02T21:34:57-08:00
4853c52c6bc0f7d1e4863b5b5bea14c202c8f303,kitsune/questions/views.py,174,mozilla_kitsune,results/mozilla_kitsune_matches.csv,2024-01-03T08:55:08-05:00
5deed9ffda3c109c3d05eab9635408ad48e3ac46,kitsune/questions/views.py,174,mozilla_kitsune,results/mozilla_kitsune_matches.csv,2024-02-02T11:45:08-08:00
c629cf7d2dc2332fe10116db8dfea3c16f43fcda,kitsune/questions/views.py,174,mozilla_kitsune,results/mozilla_kitsune_matches.csv,2024-03-05T13:54:21+02:00
9b1fc5bab0f3a8f59595321f423609b1336ed0c0,kitsune/questions/views.py,174,mozilla_kitsune,results/mozilla_kitsune_matches.csv,2024-04-04T14:20:02+03:00
cc64429e17bb7dfb5e2b043ae7e4fede78de746a,kitsune/questions/views.py,174,mozilla_kitsune,results/mozilla_kitsune_matches.csv,2024-05-04T15:38:42+02:00
889d1c8e433db4b8c8f6fb73e3e48a40a7ca2f76,kitsune/questions/views.py,174,mozilla_kitsune,results/mozilla_kitsune_matches.csv,2024-06-03T19:52:53+03:00
25b007afc18f040dce413c5fd1df25d1462dddf9,kitsune/questions/views.py,185,mozilla_kitsune,results/mozilla_kitsune_matches.csv,2024-07-04T13:08:16+03:00
464f34d24e0a493b2d5b2007c46aaef1d6c77685,kitsune/questions/views.py,182,mozilla_kitsune,results/mozilla_kitsune_matches.csv,2024-08-05T12:11:35+03:00
6f8798e249fe026218446a4976528fe92fcb7d11,kitsune/questions/views.py,186,mozilla_kitsune,results/mozilla_kitsune_matches.csv,2024-09-04T12:15:56+03:00
6f8798e249fe026218446a4976528fe92fcb7d11,kitsune/questions/views.py,500,mozilla_kitsune,results/mozilla_kitsune_matches.csv,2024-09-04T12:15:56+03:00
1219f6ac2505df32b80bcd31d6987ce110952e3e,kitsune/questions/views.py,186,mozilla_kitsune,results/mozilla_kitsune_matches.csv,2024-10-07T15:11:55+03:00
1219f6ac2505df32b80bcd31d6987ce110952e3e,kitsune/questions/views.py,500,mozilla_kitsune,results/mozilla_kitsune_matches.csv,2024-10-07T15:11:55+03:00
1a79af0eae6138e03c1a0669ad0af730634abd41,kitsune/questions/views.py,189,mozilla_kitsune,results/mozilla_kitsune_matches.csv,2024-11-06T15:32:50+02:00
1a79af0eae6138e03c1a0669ad0af730634abd41,kitsune/questions/views.py,503,mozilla_kitsune,results/mozilla_kitsune_matches.csv,2024-11-06T15:32:50+02:00
2b2da8deabcf6be941f39ea2c5b07d0ce33a780d,kitsune/questions/views.py,192,mozilla_kitsune,results/mozilla_kitsune_matches.csv,2024-12-06T17:25:36+02:00
2b2da8deabcf6be941f39ea2c5b07d0ce33a780d,kitsune/questions/views.py,513,mozilla_kitsune,results/mozilla_kitsune_matches.csv,2024-12-06T17:25:36+02:00
94710f653eefbd48820717831bab9baa4c62fc81,kitsune/sumo/parser.py,464,mozilla_kitsune,results/mozilla_kitsune_matches.csv,2023-07-31T07:32:15-07:00
02ec5146204adbf149ed425dc5c9553b01897a2e,kitsune/sumo/parser.py,464,mozilla_kitsune,results/mozilla_kitsune_matches.csv,2023-08-30T08:58:18-07:00
4726ede37bf4d4fe8c7f979147246030062f205f,kitsune/sumo/parser.py,464,mozilla_kitsune,results/mozilla_kitsune_matches.csv,2023-10-03T02:49:56+00:00
9403ad180f055e9e0532085645061c12fc777be7,kitsune/sumo/parser.py,464,mozilla_kitsune,results/mozilla_kitsune_matches.csv,2023-11-02T12:19:45+02:00
11c1284e2c2f79fe83feae1f383b99b2cc08ccc2,kitsune/sumo/parser.py,464,mozilla_kitsune,results/mozilla_kitsune_matches.csv,2023-12-02T21:34:57-08:00
4853c52c6bc0f7d1e4863b5b5bea14c202c8f303,kitsune/sumo/parser.py,464,mozilla_kitsune,results/mozilla_kitsune_matches.csv,2024-01-03T08:55:08-05:00
5deed9ffda3c109c3d05eab9635408ad48e3ac46,kitsune/sumo/parser.py,464,mozilla_kitsune,results/mozilla_kitsune_matches.csv,2024-02-02T11:45:08-08:00
c629cf7d2dc2332fe10116db8dfea3c16f43fcda,kitsune/sumo/parser.py,464,mozilla_kitsune,results/mozilla_kitsune_matches.csv,2024-03-05T13:54:21+02:00
9b1fc5bab0f3a8f59595321f423609b1336ed0c0,kitsune/sumo/parser.py,464,mozilla_kitsune,results/mozilla_kitsune_matches.csv,2024-04-04T14:20:02+03:00
cc64429e17bb7dfb5e2b043ae7e4fede78de746a,kitsune/sumo/parser.py,464,mozilla_kitsune,results/mozilla_kitsune_matches.csv,2024-05-04T15:38:42+02:00
889d1c8e433db4b8c8f6fb73e3e48a40a7ca2f76,kitsune/sumo/parser.py,464,mozilla_kitsune,results/mozilla_kitsune_matches.csv,2024-06-03T19:52:53+03:00
25b007afc18f040dce413c5fd1df25d1462dddf9,kitsune/sumo/parser.py,464,mozilla_kitsune,results/mozilla_kitsune_matches.csv,2024-07-04T13:08:16+03:00
464f34d24e0a493b2d5b2007c46aaef1d6c77685,kitsune/sumo/parser.py,464,mozilla_kitsune,results/mozilla_kitsune_matches.csv,2024-08-05T12:11:35+03:00
6f8798e249fe026218446a4976528fe92fcb7d11,kitsune/sumo/parser.py,464,mozilla_kitsune,results/mozilla_kitsune_matches.csv,2024-09-04T12:15:56+03:00
1219f6ac2505df32b80bcd31d6987ce110952e3e,kitsune/sumo/parser.py,466,mozilla_kitsune,results/mozilla_kitsune_matches.csv,2024-10-07T15:11:55+03:00
1a79af0eae6138e03c1a0669ad0af730634abd41,kitsune/sumo/parser.py,466,mozilla_kitsune,results/mozilla_kitsune_matches.csv,2024-11-06T15:32:50+02:00
2b2da8deabcf6be941f39ea2c5b07d0ce33a780d,kitsune/sumo/parser.py,466,mozilla_kitsune,results/mozilla_kitsune_matches.csv,2024-12-06T17:25:36+02:00
053668e849bb369973cf265b7e8f38e66ef70138,nixops/util.py,157,nixos_nixops,results/nixos_nixops_matches.csv,2023-12-17T12:34:18+01:00
0d8e2d568c5d9e9e4601a900cc7df37604e46c87,nixops/util.py,157,nixos_nixops,results/nixos_nixops_matches.csv,2024-02-19T00:23:55+01:00
38f21debbc13f6880114715ec14556acaf6aa3c1,nixops/util.py,157,nixos_nixops,results/nixos_nixops_matches.csv,2024-04-01T17:47:36+02:00
224c6ff2c3a93779d994fe9a6dcdc2b5a3dc4ad6,pandas/core/computation/parsing.py,214,pandas-dev_pandas,results/pandas-dev_pandas_matches.csv,2024-08-23T14:41:05-07:00
2cdb97e2f806d83965c7dee8fb5fcf164a340379,pandas/core/computation/parsing.py,214,pandas-dev_pandas,results/pandas-dev_pandas_matches.csv,2024-09-23T20:51:39-04:00
6d4ba801893a76cdd22da3e373ce7986ac98cda1,pandas/core/computation/parsing.py,214,pandas-dev_pandas,results/pandas-dev_pandas_matches.csv,2024-10-26T14:30:21-04:00
a2ceb52a9b3f8a3bb1ec6ad9729acca3ff1f6707,pandas/core/computation/parsing.py,214,pandas-dev_pandas,results/pandas-dev_pandas_matches.csv,2024-11-25T10:36:08-08:00
59b3a1a1a770ff1bd8311e7c1f1d4b1f918dcd4c,pandas/core/computation/parsing.py,214,pandas-dev_pandas,results/pandas-dev_pandas_matches.csv,2024-12-27T09:21:12-05:00
2faf9e7bb5f191633afa060019e4c2bd10cc7968,payu/models/cesm_cmeps.py,238,payu-org_payu,results/payu-org_payu_matches.csv,2024-10-14T15:44:12+11:00
2d4d016fd1d2267346ae472a125a95206a32da1a,payu/models/cesm_cmeps.py,238,payu-org_payu,results/payu-org_payu_matches.csv,2024-11-18T12:09:22+11:00
6b6c75c073a5cff56d872252b8eb08512162ca57,testing/data/python310.py,3,pycqa_pycodestyle,results/pycqa_pycodestyle_matches.csv,2023-09-19T12:02:04+00:00
6b6c75c073a5cff56d872252b8eb08512162ca57,testing/data/python310.py,12,pycqa_pycodestyle,results/pycqa_pycodestyle_matches.csv,2023-09-19T12:02:04+00:00
75ad6a95fdb920559a3112b35dc8391938216897,testing/data/python310.py,3,pycqa_pycodestyle,results/pycqa_pycodestyle_matches.csv,2023-11-21T11:35:32+01:00
75ad6a95fdb920559a3112b35dc8391938216897,testing/data/python310.py,12,pycqa_pycodestyle,results/pycqa_pycodestyle_matches.csv,2023-11-21T11:35:32+01:00
9dc066bc792ef2b58e87ef2fd5b5e0203c520c30,testing/data/python310.py,3,pycqa_pycodestyle,results/pycqa_pycodestyle_matches.csv,2023-12-27T00:07:24-05:00
9dc066bc792ef2b58e87ef2fd5b5e0203c520c30,testing/data/python310.py,12,pycqa_pycodestyle,results/pycqa_pycodestyle_matches.csv,2023-12-27T00:07:24-05:00
2a612c15c24afaf09fe585fcb5038a3cac54c3f5,testing/data/python310.py,3,pycqa_pycodestyle,results/pycqa_pycodestyle_matches.csv,2024-02-06T22:24:25+02:00
2a612c15c24afaf09fe585fcb5038a3cac54c3f5,testing/data/python310.py,12,pycqa_pycodestyle,results/pycqa_pycodestyle_matches.csv,2024-02-06T22:24:25+02:00
72668f67e94d58e69914dd4b139907956ef79575,testing/data/python310.py,3,pycqa_pycodestyle,results/pycqa_pycodestyle_matches.csv,2024-03-17T11:09:37-04:00
72668f67e94d58e69914dd4b139907956ef79575,testing/data/python310.py,12,pycqa_pycodestyle,results/pycqa_pycodestyle_matches.csv,2024-03-17T11:09:37-04:00
04f579dd76aa0294db65c3dbbbd110c80609137e,testing/data/python310.py,3,pycqa_pycodestyle,results/pycqa_pycodestyle_matches.csv,2024-04-08T23:37:50+00:00
04f579dd76aa0294db65c3dbbbd110c80609137e,testing/data/python310.py,12,pycqa_pycodestyle,results/pycqa_pycodestyle_matches.csv,2024-04-08T23:37:50+00:00
53591a50faf21c27d9ffaeda75dd869fbec19a20,testing/data/python310.py,3,pycqa_pycodestyle,results/pycqa_pycodestyle_matches.csv,2024-06-03T23:13:12+00:00
53591a50faf21c27d9ffaeda75dd869fbec19a20,testing/data/python310.py,12,pycqa_pycodestyle,results/pycqa_pycodestyle_matches.csv,2024-06-03T23:13:12+00:00
28aeabb3cbd13154ce0171c2c2d2c02ff577493c,testing/data/python310.py,3,pycqa_pycodestyle,results/pycqa_pycodestyle_matches.csv,2024-07-29T23:25:52+00:00
28aeabb3cbd13154ce0171c2c2d2c02ff577493c,testing/data/python310.py,12,pycqa_pycodestyle,results/pycqa_pycodestyle_matches.csv,2024-07-29T23:25:52+00:00
6a19e1ff9357e8e02c07b22050dfb99dc048f770,testing/data/python310.py,3,pycqa_pycodestyle,results/pycqa_pycodestyle_matches.csv,2024-10-08T01:47:21+00:00
6a19e1ff9357e8e02c07b22050dfb99dc048f770,testing/data/python310.py,12,pycqa_pycodestyle,results/pycqa_pycodestyle_matches.csv,2024-10-08T01:47:21+00:00
bf4c16d2891150d0d43df3a6e9f7f5b6361544ca,testing/data/python310.py,3,pycqa_pycodestyle,results/pycqa_pycodestyle_matches.csv,2024-12-24T00:26:08+00:00
bf4c16d2891150d0d43df3a6e9f7f5b6361544ca,testing/data/python310.py,12,pycqa_pycodestyle,results/pycqa_pycodestyle_matches.csv,2024-12-24T00:26:08+00:00
e2ebb356246615e1749a5366592e4523bb8752ec,testsuite/python310.py,3,pycqa_pycodestyle,results/pycqa_pycodestyle_matches.csv,2021-05-02T18:42:29+02:00
52ac6c6f97e778b4716ea28959940b97148e7ae0,testsuite/python310.py,3,pycqa_pycodestyle,results/pycqa_pycodestyle_matches.csv,2021-10-13T15:02:19+02:00
52ac6c6f97e778b4716ea28959940b97148e7ae0,testsuite/python310.py,12,pycqa_pycodestyle,results/pycqa_pycodestyle_matches.csv,2021-10-13T15:02:19+02:00
327c3697d3a46699441238a092e500959f9b323b,testsuite/python310.py,3,pycqa_pycodestyle,results/pycqa_pycodestyle_matches.csv,2021-11-22T21:47:42+00:00
327c3697d3a46699441238a092e500959f9b323b,testsuite/python310.py,12,pycqa_pycodestyle,results/pycqa_pycodestyle_matches.csv,2021-11-22T21:47:42+00:00
302d1ddb383eac42d27d18ee3d69d312c90f2569,testsuite/python310.py,3,pycqa_pycodestyle,results/pycqa_pycodestyle_matches.csv,2021-12-26T18:00:05-05:00
302d1ddb383eac42d27d18ee3d69d312c90f2569,testsuite/python310.py,12,pycqa_pycodestyle,results/pycqa_pycodestyle_matches.csv,2021-12-26T18:00:05-05:00
a6c3f2f86dab22debd1b1b8cf8842ae9d6aec7a0,testsuite/python310.py,3,pycqa_pycodestyle,results/pycqa_pycodestyle_matches.csv,2022-01-27T11:34:08-05:00
a6c3f2f86dab22debd1b1b8cf8842ae9d6aec7a0,testsuite/python310.py,12,pycqa_pycodestyle,results/pycqa_pycodestyle_matches.csv,2022-01-27T11:34:08-05:00
49a2f88c96af5c94f5e9aa2c02411ef44fc8a4ff,testsuite/python310.py,3,pycqa_pycodestyle,results/pycqa_pycodestyle_matches.csv,2022-03-15T00:44:07+00:00
49a2f88c96af5c94f5e9aa2c02411ef44fc8a4ff,testsuite/python310.py,12,pycqa_pycodestyle,results/pycqa_pycodestyle_matches.csv,2022-03-15T00:44:07+00:00
52513b30195fe0d985a64e972c1218489cae7042,testsuite/python310.py,3,pycqa_pycodestyle,results/pycqa_pycodestyle_matches.csv,2022-04-17T00:12:03+02:00
52513b30195fe0d985a64e972c1218489cae7042,testsuite/python310.py,12,pycqa_pycodestyle,results/pycqa_pycodestyle_matches.csv,2022-04-17T00:12:03+02:00
e72afc551f1fa178cb753e1ec164803655ba5692,testsuite/python310.py,3,pycqa_pycodestyle,results/pycqa_pycodestyle_matches.csv,2022-05-16T20:43:36-04:00
e72afc551f1fa178cb753e1ec164803655ba5692,testsuite/python310.py,12,pycqa_pycodestyle,results/pycqa_pycodestyle_matches.csv,2022-05-16T20:43:36-04:00
856115397248db361a430ae3d6065342288248d1,testsuite/python310.py,3,pycqa_pycodestyle,results/pycqa_pycodestyle_matches.csv,2022-07-05T00:17:46+00:00
856115397248db361a430ae3d6065342288248d1,testsuite/python310.py,12,pycqa_pycodestyle,results/pycqa_pycodestyle_matches.csv,2022-07-05T00:17:46+00:00
776a71cb39beccf989fa2c92f5e14094ee8ad182,testsuite/python310.py,3,pycqa_pycodestyle,results/pycqa_pycodestyle_matches.csv,2022-08-09T00:39:28+00:00
776a71cb39beccf989fa2c92f5e14094ee8ad182,testsuite/python310.py,12,pycqa_pycodestyle,results/pycqa_pycodestyle_matches.csv,2022-08-09T00:39:28+00:00
b88a4c348ea88fd6489cbdc2f68ca05fcd644004,testsuite/python310.py,3,pycqa_pycodestyle,results/pycqa_pycodestyle_matches.csv,2022-09-20T00:55:15+00:00
b88a4c348ea88fd6489cbdc2f68ca05fcd644004,testsuite/python310.py,12,pycqa_pycodestyle,results/pycqa_pycodestyle_matches.csv,2022-09-20T00:55:15+00:00
8b6d8471f3530ac94969bdbf18adb29c523f962d,testsuite/python310.py,3,pycqa_pycodestyle,results/pycqa_pycodestyle_matches.csv,2022-10-30T11:10:29-07:00
8b6d8471f3530ac94969bdbf18adb29c523f962d,testsuite/python310.py,12,pycqa_pycodestyle,results/pycqa_pycodestyle_matches.csv,2022-10-30T11:10:29-07:00
9c7d93f7cf9445ed0d8f62e29989b60fed408bec,testsuite/python310.py,3,pycqa_pycodestyle,results/pycqa_pycodestyle_matches.csv,2022-12-06T02:22:42+00:00
9c7d93f7cf9445ed0d8f62e29989b60fed408bec,testsuite/python310.py,12,pycqa_pycodestyle,results/pycqa_pycodestyle_matches.csv,2022-12-06T02:22:42+00:00
f43be155bda895d2cc0a9369c0b8c816ba123c9c,testsuite/python310.py,3,pycqa_pycodestyle,results/pycqa_pycodestyle_matches.csv,2023-04-25T07:14:02+00:00
f43be155bda895d2cc0a9369c0b8c816ba123c9c,testsuite/python310.py,12,pycqa_pycodestyle,results/pycqa_pycodestyle_matches.csv,2023-04-25T07:14:02+00:00
18cf7a27bca5af03bff67f22759867dd6f1372c8,testsuite/python310.py,3,pycqa_pycodestyle,results/pycqa_pycodestyle_matches.csv,2023-06-12T20:16:42-04:00
18cf7a27bca5af03bff67f22759867dd6f1372c8,testsuite/python310.py,12,pycqa_pycodestyle,results/pycqa_pycodestyle_matches.csv,2023-06-12T20:16:42-04:00
2326e168e0a667fd847f2a06f9a303131e081b60,testsuite/python310.py,3,pycqa_pycodestyle,results/pycqa_pycodestyle_matches.csv,2023-07-15T12:11:38-04:00
2326e168e0a667fd847f2a06f9a303131e081b60,testsuite/python310.py,12,pycqa_pycodestyle,results/pycqa_pycodestyle_matches.csv,2023-07-15T12:11:38-04:00
527ca0abff1b63c0d10b2a8046597988a04f1e12,scipy/_lib/tests/test_warnings.py,44,scipy_scipy,results/scipy_scipy_matches.csv,2024-04-30T15:53:47-07:00
335f5fe5704d049abab7767caaf9449f23e4e576,scipy/_lib/tests/test_warnings.py,44,scipy_scipy,results/scipy_scipy_matches.csv,2024-05-31T07:13:17+08:00
c6b7723efc77358401bdf4f2cbf5cc22e7d6a334,scipy/_lib/tests/test_warnings.py,44,scipy_scipy,results/scipy_scipy_matches.csv,2024-06-29T17:31:30-06:00
95fe3c723477bd71550e9ee87aa180e28210971b,scipy/_lib/tests/test_warnings.py,44,scipy_scipy,results/scipy_scipy_matches.csv,2024-07-29T23:28:34-06:00
f5d91d51489875974cc73f8859106f1f198f1bcc,scipy/_lib/tests/test_warnings.py,44,scipy_scipy,results/scipy_scipy_matches.csv,2024-08-29T09:16:06+01:00
ca5bfe8c96c9fa5b776c5675fab000e955e625f9,scipy/_lib/tests/test_warnings.py,44,scipy_scipy,results/scipy_scipy_matches.csv,2024-09-28T10:15:17+01:00
7709038a23152e6333fa3ef2c1fbe2c10d4181a4,scipy/_lib/tests/test_warnings.py,44,scipy_scipy,results/scipy_scipy_matches.csv,2024-10-28T10:17:42-04:00
fd24a7a847e48ac5af2ba92ebdce00b8a27e798e,scipy/_lib/tests/test_warnings.py,44,scipy_scipy,results/scipy_scipy_matches.csv,2024-11-27T09:39:06-07:00
9220a7aec40f5c08ab6844798c815c00419d248e,scipy/_lib/tests/test_warnings.py,44,scipy_scipy,results/scipy_scipy_matches.csv,2024-12-27T10:59:58-06:00
fd24a7a847e48ac5af2ba92ebdce00b8a27e798e,scipy/integrate/_lebedev.py,105,scipy_scipy,results/scipy_scipy_matches.csv,2024-11-27T09:39:06-07:00
fd24a7a847e48ac5af2ba92ebdce00b8a27e798e,scipy/integrate/_lebedev.py,4718,scipy_scipy,results/scipy_scipy_matches.csv,2024-11-27T09:39:06-07:00
9220a7aec40f5c08ab6844798c815c00419d248e,scipy/integrate/_lebedev.py,105,scipy_scipy,results/scipy_scipy_matches.csv,2024-12-27T10:59:58-06:00
9220a7aec40f5c08ab6844798c815c00419d248e,scipy/integrate/_lebedev.py,4718,scipy_scipy,results/scipy_scipy_matches.csv,2024-12-27T10:59:58-06:00
f30f43f28b2b4ec4b2b6bb83a0211c9fe492311b,tests/skip_control_match.py,6,shedskin_shedskin,results/shedskin_shedskin_matches.csv,2023-01-06T08:49:10+00:00
9cef8eb6adad1fba21eb633c87d52e704e1b45c0,tests/skip_control_match/test_control_match.py,6,shedskin_shedskin,results/shedskin_shedskin_matches.csv,2023-02-06T02:30:41-05:00
0aa13049788c13284240e07e2ed14261e3e07f4c,tests/skip_control_match/test_control_match.py,6,shedskin_shedskin,results/shedskin_shedskin_matches.csv,2023-03-08T16:26:59+00:00
2fc70891f46c6179ccc1cea6584091373ee49af3,tests/skip_control_match/test_control_match.py,6,shedskin_shedskin,results/shedskin_shedskin_matches.csv,2023-05-16T10:04:14+02:00
063829d7ac5681cea0e1f47ebc4b8e17b5b23894,tests/skip_control_match/test_control_match.py,6,shedskin_shedskin,results/shedskin_shedskin_matches.csv,2023-09-06T18:10:17+02:00
ab7957a8ac73acb0e3f0b4fb787024e890475967,tests/skip_control_match/test_control_match.py,6,shedskin_shedskin,results/shedskin_shedskin_matches.csv,2023-10-24T22:06:38+02:00
ade3e7682bff41625015288d1db87d9624ffed12,tests/skip_control_match/test_control_match.py,6,shedskin_shedskin,results/shedskin_shedskin_matches.csv,2023-11-24T10:49:33+01:00
479416716438deed310f8e5081055c6736cf7b80,tests/skip_control_match/test_control_match.py,6,shedskin_shedskin,results/shedskin_shedskin_matches.csv,2023-12-24T10:59:36+01:00
c91681d18fbbb4b2af51608ac3becc69fb867b7b,tests/skip_control_match/test_control_match.py,6,shedskin_shedskin,results/shedskin_shedskin_matches.csv,2024-02-14T10:09:50+01:00
505147c933fcba46723f80f5e73cdec29e073d53,tests/skip_control_match/test_control_match.py,6,shedskin_shedskin,results/shedskin_shedskin_matches.csv,2024-03-30T12:43:05+03:00
3af8539d743c68d40806710a529ca5866a27ef03,tests/skip_control_match/test_control_match.py,6,shedskin_shedskin,results/shedskin_shedskin_matches.csv,2024-05-27T12:07:03-07:00
dea0169381144e9b7a87b11a5775ee5c9de193b5,tests/skip_control_match/test_control_match.py,6,shedskin_shedskin,results/shedskin_shedskin_matches.csv,2024-06-27T08:01:24+02:00
775584e131b8ee5297369a06fa1f3fa903725b8b,tests/skip_control_match/test_control_match.py,6,shedskin_shedskin,results/shedskin_shedskin_matches.csv,2024-07-29T10:59:44+02:00
d3d870c59adf97f88a108164932ffb9f452c3fb0,tests/skip_control_match/test_control_match.py,6,shedskin_shedskin,results/shedskin_shedskin_matches.csv,2024-08-31T12:27:33+02:00
ef0e83ac9a85ad7ab2dde0ad53b6775e0d5bdc44,tests/skip_control_match/test_control_match.py,6,shedskin_shedskin,results/shedskin_shedskin_matches.csv,2024-10-12T21:07:25+03:00
4ee7061f23b9ec065a631318406316490bfd235c,tests/skip_control_match/test_control_match.py,6,shedskin_shedskin,results/shedskin_shedskin_matches.csv,2024-11-11T20:09:08+01:00
