project,date,commit_hash,files,statements,async_list_comprehensions_files_percentage,async_set_comprehensions_files_percentage,async_dict_comprehensions_files_percentage,async_generator_expressions_files_percentage,matrix_multiplication_files_percentage,async_def_files_percentage,await_expressions_files_percentage,async_for_files_percentage,async_with_files_percentage,fstring_files_percentage,except_star_files_percentage,pattern_match_files_percentage,pattern_as_files_percentage,pattern_or_files_percentage,pattern_sequence_files_percentage,pattern_mapping_files_percentage,pattern_class_files_percentage,pattern_value_files_percentage,pattern_singleton_files_percentage,pattern_star_files_percentage,assign_unpack_files_percentage,list_unpack_files_percentage,tuple_unpack_files_percentage,set_unpack_files_percentage,dict_unpack_files_percentage,call_kwargs_unpack_files_percentage,call_args_unpack_files_percentage,nonlocal_files_percentage,function_args_annotation_files_percentage,function_return_annotation_files_percentage,kw_defaults_files_percentage,kw_args_files_percentage,type_vars_bounds_files_percentage,type_vars_constraints_files_percentage,type_param_spec_files_percentage,type_var_tuple_files_percentage,yield_from_files_percentage,assignment_expression_files_percentage,suppressing_exception_context_files_percentage,variable_annotation_files_percentage
4am-robotics_cob_command_tools,2024-12-31,1f4f470157bf739be96cd611efa7dd4c3f4b5447,44.0,4744.0,0.0,0.0,0.0,0.0,0.0,0.0,0.0,0.0,0.0,0.0,0.0,0.0,0.0,0.0,0.0,0.0,0.0,0.0,0.0,0.0,0.0,0.0,0.0,0.0,0.0,0.0,0.0,0.0,0.0,0.0,0.0,0.0,0.0,0.0,0.0,0.0,0.0,0.0,0.0,0.0
GothenburgBitFactory_bugwarrior,2024-12-31,3ca4c5bb25e289359ba132fd84363592a2648536,74.0,6431.0,0.0,0.0,0.0,0.0,0.0,0.0,0.0,0.0,0.0,40.54054054054054,0.0,0.0,0.0,0.0,0.0,0.0,0.0,0.0,0.0,0.0,0.0,0.0,0.0,0.0,2.7027027027027026,1.3513513513513513,0.0,0.0,10.81081081081081,10.81081081081081,1.3513513513513513,1.3513513513513513,0.0,0.0,0.0,0.0,9.45945945945946,0.0,0.0,39.189189189189186
MarketSquare_Rammbock,2024-12-31,a55c760d2f07e90478093eeafcc3e907cb6c174e,44.0,3503.0,0.0,0.0,0.0,0.0,0.0,0.0,0.0,0.0,0.0,0.0,0.0,0.0,0.0,0.0,0.0,0.0,0.0,0.0,0.0,0.0,0.0,0.0,0.0,0.0,0.0,0.0,0.0,0.0,0.0,0.0,0.0,0.0,0.0,0.0,0.0,0.0,0.0,0.0,0.0,0.0
acoustid_acoustid-server,2024-12-31,a3349bafd92e834ae9a584fd480e6e690e9be736,89.0,5569.0,0.0,0.0,0.0,0.0,0.0,0.0,0.0,0.0,0.0,6.741573033707865,0.0,0.0,0.0,0.0,0.0,0.0,0.0,0.0,0.0,0.0,0.0,0.0,0.0,0.0,0.0,0.0,0.0,0.0,20.224719101123593,22.47191011235955,0.0,0.0,0.0,0.0,0.0,0.0,0.0,0.0,0.0,4.49438202247191
agateau_yokadi,2024-12-31,6253a763c7fc5324a85b9005fa21521725aaf32d,70.0,4856.0,0.0,0.0,0.0,0.0,0.0,0.0,0.0,0.0,0.0,4.285714285714286,0.0,0.0,0.0,0.0,0.0,0.0,0.0,0.0,0.0,0.0,0.0,0.0,0.0,0.0,0.0,0.0,0.0,0.0,0.0,0.0,0.0,0.0,0.0,0.0,0.0,0.0,0.0,0.0,0.0,0.0
ajenti_ajenti,2024-12-31,1b339a2013d5d31d6c340afb698cb3f649802abc,134.0,6170.0,0.0,0.0,0.0,0.0,0.0,0.0,0.0,0.0,0.0,41.04477611940299,0.0,0.0,0.0,0.0,0.0,0.0,0.0,0.0,0.0,0.0,0.0,0.0,0.0,0.0,0.0,0.0,0.0,0.0,0.0,0.0,0.7462686567164178,0.7462686567164178,0.0,0.0,0.0,0.0,0.0,0.0,0.0,0.7462686567164178
akvo_akvo-rsr,2024-12-31,ec1a23a532e5c33a18149aa4843af20f0f999d9f,947.0,39964.0,0.0,0.0,0.0,0.0,0.0,0.0,0.0,0.0,0.0,8.025343189017951,0.0,0.0,0.0,0.0,0.0,0.0,0.0,0.0,0.0,0.0,0.10559662090813093,0.0,0.0,0.0,0.31678986272439286,0.0,0.0,0.0,8.658922914466736,6.019007391763464,0.10559662090813093,0.10559662090813093,0.0,0.0,0.0,0.0,0.10559662090813093,0.9503695881731784,0.0,3.062302006335797
andreasvc_disco-dop,2024-12-31,dc7cc3ec42f9a247b115e4e192c54b29a405a410,28.0,10954.0,0.0,0.0,0.0,0.0,0.0,0.0,0.0,0.0,0.0,0.0,0.0,0.0,0.0,0.0,0.0,0.0,0.0,0.0,0.0,0.0,0.0,0.0,0.0,0.0,0.0,0.0,0.0,0.0,0.0,0.0,3.571428571428571,3.571428571428571,0.0,0.0,0.0,0.0,10.714285714285714,0.0,0.0,0.0
aosp-mirror_tools_repo,2024-12-31,cf411b3f03c3bd6001701136be5a874a85f1dc91,74.0,12950.0,0.0,0.0,0.0,0.0,0.0,0.0,0.0,0.0,0.0,58.108108108108105,0.0,0.0,0.0,0.0,0.0,0.0,0.0,0.0,0.0,0.0,0.0,1.3513513513513513,0.0,0.0,0.0,0.0,0.0,1.3513513513513513,16.216216216216218,12.162162162162163,5.405405405405405,5.405405405405405,0.0,0.0,0.0,0.0,4.054054054054054,0.0,0.0,8.108108108108109
apache_libcloud,2024-12-31,44e923662205f2a2413fadb23715dc2934bff625,597.0,93045.0,0.0,0.0,0.0,0.0,0.0,0.16750418760469013,0.16750418760469013,0.0,0.0,1.0050251256281406,0.0,0.0,0.0,0.0,0.0,0.0,0.0,0.0,0.0,0.0,0.0,0.16750418760469013,0.0,0.0,0.16750418760469013,0.0,0.0,0.5025125628140703,3.015075376884422,2.3450586264656614,0.0,0.0,0.0,0.0,0.0,0.0,1.340033500837521,0.0,0.0,0.16750418760469013
aplpy_aplpy,2024-12-31,61fced33ab0324f3349a8d292658d4b65e7693be,43.0,3258.0,0.0,0.0,0.0,0.0,0.0,0.0,0.0,0.0,0.0,0.0,0.0,0.0,0.0,0.0,0.0,0.0,0.0,0.0,0.0,0.0,0.0,0.0,0.0,0.0,0.0,0.0,0.0,0.0,0.0,0.0,0.0,0.0,0.0,0.0,0.0,0.0,0.0,0.0,0.0,0.0
arelle_arelle,2024-12-31,c423e21242d78366179cd7d49d216144d6f28ef5,407.0,78608.0,0.0,0.0,0.0,0.0,0.0,0.0,0.0,0.0,0.0,20.884520884520885,0.0,0.0,0.0,0.0,0.0,0.0,0.0,0.0,0.0,0.0,0.0,2.457002457002457,0.7371007371007371,0.0,0.0,0.0,0.0,0.0,32.186732186732186,34.3980343980344,0.2457002457002457,0.2457002457002457,0.0,0.0,0.0,0.0,0.4914004914004914,2.9484029484029484,0.0,24.57002457002457
aspp_pelita,2024-12-31,d90818ef567b6ecc52c0fb4bf4ade4d090dcf110,69.0,7305.0,0.0,0.0,0.0,0.0,0.0,0.0,0.0,0.0,0.0,33.33333333333333,0.0,0.0,0.0,0.0,0.0,0.0,0.0,0.0,0.0,0.0,0.0,4.3478260869565215,0.0,0.0,1.4492753623188406,0.0,1.4492753623188406,0.0,7.246376811594203,5.797101449275362,11.594202898550725,11.594202898550725,0.0,0.0,0.0,0.0,0.0,2.898550724637681,4.3478260869565215,1.4492753623188406
astropy_astropy,2024-12-31,19fd077df3561a8fcd90f432b409de20ad6f902d,820.0,165583.0,0.0,0.0,0.0,0.0,2.5609756097560976,0.0,0.0,0.0,0.0,47.3170731707317,0.0,0.3658536585365854,0.3658536585365854,0.24390243902439024,0.3658536585365854,0.0,0.0,0.24390243902439024,0.0,0.24390243902439024,0.6097560975609756,0.6097560975609756,1.4634146341463417,0.0,1.097560975609756,0.6097560975609756,1.2195121951219512,0.12195121951219512,10.731707317073171,10.609756097560975,10.731707317073171,10.731707317073171,0.0,0.0,0.0,0.0,1.5853658536585367,4.024390243902439,2.073170731707317,7.560975609756097
astropy_photutils,2024-12-31,f7d8a3e8a51a365f3c942bdf0f4ed09dae342200,158.0,20992.0,0.0,0.0,0.0,0.0,0.6329113924050633,0.0,0.0,0.0,0.0,28.48101265822785,0.0,0.0,0.0,0.0,0.0,0.0,0.0,0.0,0.0,0.0,0.0,2.5316455696202533,0.6329113924050633,0.0,0.0,0.0,0.0,0.0,0.6329113924050633,0.6329113924050633,20.253164556962027,20.253164556962027,0.0,0.0,0.0,0.0,0.6329113924050633,0.6329113924050633,0.0,0.6329113924050633
astropy_specutils,2024-12-31,248f86e8e58502af256df9874d8bb3455240e307,89.0,9987.0,0.0,0.0,0.0,0.0,0.0,0.0,0.0,0.0,0.0,21.34831460674157,0.0,0.0,0.0,0.0,0.0,0.0,0.0,0.0,0.0,0.0,0.0,0.0,0.0,0.0,0.0,0.0,0.0,0.0,2.247191011235955,0.0,5.617977528089887,5.617977528089887,0.0,0.0,0.0,0.0,0.0,0.0,0.0,0.0
baliga-lab_cmonkey2,2024-12-31,aeabf13ae133cb72d8fe0861b8cac0afcf1beb55,79.0,8283.0,0.0,0.0,0.0,0.0,0.0,0.0,0.0,0.0,0.0,0.0,0.0,0.0,0.0,0.0,0.0,0.0,0.0,0.0,0.0,0.0,0.0,0.0,0.0,0.0,0.0,0.0,0.0,0.0,0.0,0.0,0.0,0.0,0.0,0.0,0.0,0.0,0.0,0.0,0.0,0.0
batiste_django-page-cms,2024-12-31,f19e42e2bda51581a1aa8a46377efa17524619c8,71.0,4482.0,0.0,0.0,0.0,0.0,0.0,0.0,0.0,0.0,0.0,0.0,0.0,0.0,0.0,0.0,0.0,0.0,0.0,0.0,0.0,0.0,0.0,0.0,0.0,0.0,0.0,0.0,0.0,0.0,0.0,0.0,0.0,0.0,0.0,0.0,0.0,0.0,0.0,0.0,0.0,0.0
beaker-project_beaker,2024-12-31,11cf7b7b0b3d8c7da90516ce2e74be509b1c2d00,469.0,45488.0,0.0,0.0,0.0,0.0,0.0,0.0,0.0,0.0,0.0,0.0,0.0,0.0,0.0,0.0,0.0,0.0,0.0,0.0,0.0,0.0,0.0,0.0,0.0,0.0,0.0,0.0,0.0,0.0,0.0,0.0,0.0,0.0,0.0,0.0,0.0,0.0,0.0,0.0,0.0,0.0
becksteinlab_gromacswrapper,2024-12-31,ab886374d192987973d37fc950bfe341b6ae8633,48.0,5516.0,0.0,0.0,0.0,0.0,0.0,0.0,0.0,0.0,0.0,4.166666666666666,0.0,0.0,0.0,0.0,0.0,0.0,0.0,0.0,0.0,0.0,0.0,0.0,0.0,0.0,0.0,0.0,0.0,0.0,0.0,0.0,0.0,0.0,0.0,0.0,0.0,0.0,0.0,0.0,0.0,0.0
beetbox_beets,2024-12-31,af41eef77604fb071bcf998e5ff35a99c89e71cf,179.0,30900.0,0.0,0.0,0.0,0.0,0.0,0.0,0.0,0.0,0.0,39.66480446927375,0.0,0.0,0.0,0.0,0.0,0.0,0.0,0.0,0.0,0.0,0.0,0.5586592178770949,0.0,0.0,1.1173184357541899,0.0,0.0,0.0,14.52513966480447,12.849162011173185,0.0,0.0,0.0,0.0,0.0,0.0,3.35195530726257,2.2346368715083798,0.0,11.1731843575419
behave_behave,2024-12-31,8aa63aac16d2992df4e3eb6895d84017b888319d,213.0,20267.0,0.0,0.0,0.0,0.0,0.0,1.4084507042253522,1.4084507042253522,0.0,0.0,1.4084507042253522,0.0,0.0,0.0,0.0,0.0,0.0,0.0,0.0,0.0,0.0,0.0,0.0,0.0,0.0,0.0,0.0,0.0,0.4694835680751174,2.8169014084507045,1.4084507042253522,0.0,0.0,0.0,0.0,0.0,0.0,1.4084507042253522,0.0,0.0,0.0
benadida_helios-server,2024-12-31,39c8902472df206ad1f075ce6255a5d4382009e2,79.0,6629.0,0.0,0.0,0.0,0.0,0.0,0.0,0.0,0.0,0.0,3.79746835443038,0.0,0.0,0.0,0.0,0.0,0.0,0.0,0.0,0.0,0.0,0.0,0.0,0.0,0.0,0.0,0.0,0.0,0.0,0.0,0.0,0.0,0.0,0.0,0.0,0.0,0.0,0.0,0.0,0.0,0.0
benoitc_gunicorn,2024-12-31,bacbf8aa5152b94e44aa5d2a94aeaf0318a85248,188.0,7497.0,0.0,0.0,0.0,0.0,0.0,0.0,0.0,0.0,0.0,0.0,0.0,0.0,0.0,0.0,0.0,0.0,0.0,0.0,0.0,0.0,0.5319148936170213,0.0,0.0,0.0,0.0,0.0,0.0,0.0,0.0,0.0,0.0,0.0,0.0,0.0,0.0,0.0,0.0,0.0,0.5319148936170213,0.0
bikalims_bika.lims,2024-12-31,e03e46fc4818ebf1405b2c982dd69b782835471a,493.0,40543.0,0.0,0.0,0.0,0.0,0.0,0.0,0.0,0.0,0.0,0.0,0.0,0.0,0.0,0.0,0.0,0.0,0.0,0.0,0.0,0.0,0.0,0.0,0.0,0.0,0.0,0.0,0.0,0.0,0.0,0.0,0.0,0.0,0.0,0.0,0.0,0.0,0.0,0.0,0.0,0.0
biopython_biopython,2024-12-31,0f9f60b43db40efa247b2781812890e00c18b039,534.0,190487.0,0.0,0.0,0.0,0.0,0.18726591760299627,0.0,0.0,0.0,0.0,47.00374531835206,0.0,0.0,0.0,0.0,0.0,0.0,0.0,0.0,0.0,0.0,0.18726591760299627,0.0,0.18726591760299627,0.0,0.37453183520599254,0.0,0.0,0.0,5.992509363295881,6.5543071161048685,0.5617977528089888,0.5617977528089888,0.0,0.0,0.0,0.0,4.49438202247191,0.0,25.842696629213485,4.307116104868914
bottlepy_bottle,2024-12-31,a8dfef301dec35f13e7578306002c40796651629,29.0,5949.0,0.0,0.0,0.0,0.0,0.0,0.0,0.0,0.0,0.0,0.0,0.0,0.0,0.0,0.0,0.0,0.0,0.0,0.0,0.0,0.0,0.0,0.0,0.0,0.0,0.0,0.0,0.0,0.0,0.0,0.0,0.0,0.0,0.0,0.0,0.0,0.0,0.0,0.0,0.0,0.0
braintree_braintree_python,2024-12-31,6aa90054128542b22d7b449b76fea52c4405c128,281.0,15948.0,0.0,0.0,0.0,0.0,0.0,0.0,0.0,0.0,0.0,0.0,0.0,0.0,0.0,0.0,0.0,0.0,0.0,0.0,0.0,0.0,0.0,0.0,0.0,0.0,0.3558718861209964,0.0,0.0,0.0,0.0,0.0,0.0,0.0,0.0,0.0,0.0,0.0,0.0,0.0,0.0,0.0
breathe-doc_breathe,2024-12-31,ea348fea641dd03bea518318873b320767409ef9,32.0,9868.0,0.0,0.0,0.0,0.0,0.0,0.0,0.0,0.0,0.0,12.5,0.0,0.0,0.0,0.0,0.0,0.0,0.0,0.0,0.0,0.0,0.0,3.125,0.0,0.0,0.0,0.0,0.0,0.0,46.875,46.875,3.125,3.125,0.0,0.0,0.0,0.0,0.0,0.0,0.0,28.125
bruvellu_cifonauta,2024-12-31,cb885a1ddccceb58361a015b99b12e7b5e8804b1,323.0,7701.0,0.0,0.0,0.0,0.0,0.0,0.0,0.0,0.0,0.0,6.5015479876160995,0.0,0.0,0.0,0.0,0.0,0.0,0.0,0.0,0.0,0.0,0.0,0.0,0.0,0.0,0.30959752321981426,0.0,0.0,0.0,0.30959752321981426,0.0,0.0,0.0,0.0,0.0,0.0,0.0,0.0,0.0,0.0,0.0
buildbot_buildbot,2024-12-31,ff8f023a57ddb48d1d2eef915dca1462e68ee647,845.0,102423.0,0.0,0.0,0.0,0.0,0.0,5.562130177514793,5.562130177514793,0.4733727810650888,0.35502958579881655,45.0887573964497,0.0,0.0,0.0,0.0,0.0,0.0,0.0,0.0,0.0,0.0,0.0,6.390532544378698,1.301775147928994,0.0,1.301775147928994,0.1183431952662722,0.0,0.1183431952662722,12.89940828402367,9.822485207100591,0.8284023668639053,0.8284023668639053,0.0,0.0,0.0,0.0,1.0650887573964496,0.4733727810650888,0.0,19.40828402366864
bumps_bumps,2024-12-31,98690ef57f2dc1ca989aee56223427c5a9dae7d8,183.0,20047.0,0.0,0.0,0.0,0.0,0.0,4.371584699453552,3.825136612021858,0.0,0.546448087431694,7.103825136612022,0.0,0.0,0.0,0.0,0.0,0.0,0.0,0.0,0.0,0.0,0.0,0.0,0.0,0.0,0.0,0.0,0.0,0.0,10.92896174863388,4.371584699453552,0.0,0.0,0.0,0.0,0.0,0.0,0.0,0.0,0.0,7.103825136612022
burnash_gspread,2024-12-31,46f11e0a717fefd7197dc19c7f5f1db083f28928,16.0,3471.0,0.0,0.0,0.0,0.0,0.0,0.0,0.0,0.0,0.0,25.0,0.0,0.0,0.0,0.0,0.0,0.0,0.0,0.0,0.0,0.0,0.0,0.0,0.0,0.0,0.0,0.0,0.0,0.0,81.25,81.25,6.25,6.25,0.0,0.0,0.0,0.0,6.25,0.0,0.0,62.5
camptocamp_c2cgeoportal,2024-12-31,42632e96377a04665556aa623daf81f9760c92bd,269.0,20281.0,0.0,0.0,0.0,0.0,0.0,1.858736059479554,1.858736059479554,0.0,0.0,44.237918215613384,0.0,0.0,0.0,0.0,0.0,0.0,0.0,0.0,0.0,0.0,0.0,1.486988847583643,0.37174721189591076,0.0,2.6022304832713754,0.0,0.0,0.0,37.174721189591075,65.4275092936803,0.0,0.0,0.0,0.0,0.0,0.0,0.0,0.0,0.37174721189591076,14.869888475836431
camptocamp_tilecloud,2024-12-31,262bc7b29a134f8ca788c1412f6fbb6677d56322,82.0,3451.0,0.0,0.0,0.0,0.0,0.0,0.0,0.0,0.0,0.0,25.609756097560975,0.0,0.0,0.0,0.0,0.0,0.0,0.0,0.0,0.0,0.0,0.0,0.0,0.0,0.0,0.0,0.0,0.0,0.0,62.19512195121951,81.70731707317073,0.0,0.0,0.0,0.0,0.0,0.0,0.0,0.0,0.0,13.414634146341465
canonical_ubuntu-drivers-common,2024-12-31,ec21c55dfba41cdcf9985946effbd3dd7986e1ca,15.0,6014.0,0.0,0.0,0.0,0.0,0.0,0.0,0.0,0.0,0.0,0.0,0.0,0.0,0.0,0.0,0.0,0.0,0.0,0.0,0.0,0.0,0.0,0.0,0.0,0.0,0.0,0.0,0.0,0.0,0.0,0.0,0.0,0.0,0.0,0.0,0.0,0.0,0.0,0.0,0.0,0.0
carlfk_veyepar,2024-12-31,d95e6b033a28c282ff73b09463408c046c9807d1,146.0,12842.0,0.0,0.0,0.0,0.0,0.0,0.0,0.0,0.0,0.0,15.068493150684931,0.0,0.0,0.0,0.0,0.0,0.0,0.0,0.0,0.0,0.0,0.0,0.0,0.0,0.0,0.0,0.0,0.0,0.0,0.0,0.0,0.0,0.0,0.0,0.0,0.0,0.0,0.0,0.0,0.0,0.0
carltongibson_django-filter,2024-12-31,2a644e176634ec0ce99d9446d980501e9763e194,35.0,5999.0,0.0,0.0,0.0,0.0,0.0,0.0,0.0,0.0,0.0,2.857142857142857,0.0,0.0,0.0,0.0,0.0,0.0,0.0,0.0,0.0,0.0,0.0,0.0,0.0,0.0,0.0,0.0,0.0,0.0,0.0,0.0,8.571428571428571,8.571428571428571,0.0,0.0,0.0,0.0,2.857142857142857,0.0,0.0,0.0
ccnmtl_django-pagetree,2024-12-31,fbbc13c35fe2d43cbe04d2e157f5607f5b888fa8,27.0,2307.0,0.0,0.0,0.0,0.0,0.0,0.0,0.0,0.0,0.0,0.0,0.0,0.0,0.0,0.0,0.0,0.0,0.0,0.0,0.0,0.0,0.0,0.0,0.0,0.0,0.0,0.0,0.0,0.0,0.0,0.0,0.0,0.0,0.0,0.0,0.0,0.0,0.0,0.0,0.0,0.0
celery_celery,2024-12-31,f0ff79cff6a8794174a6e2e189ed1431257b6406,349.0,48334.0,0.0,0.0,0.0,0.0,0.0,0.0,0.0,0.0,0.0,37.53581661891118,0.0,0.0,0.0,0.0,0.0,0.0,0.0,0.0,0.0,0.0,0.0,0.8595988538681949,0.28653295128939826,0.5730659025787965,3.151862464183381,0.0,0.28653295128939826,1.4326647564469914,21.20343839541547,20.34383954154728,0.5730659025787965,0.5730659025787965,0.0,0.0,0.0,0.0,2.5787965616045847,0.0,0.0,7.163323782234957
celery_kombu,2024-12-31,1a5eb30ea6e5840bf4551eaf7bedb5745c411fce,157.0,21692.0,0.0,0.0,0.0,0.0,0.0,0.0,0.0,0.0,0.0,38.21656050955414,0.0,0.0,0.0,0.0,0.0,0.0,0.0,0.0,0.0,0.0,0.6369426751592357,1.2738853503184715,0.0,0.0,2.547770700636943,0.0,0.0,0.6369426751592357,19.745222929936308,22.29299363057325,0.0,0.0,0.0,0.0,0.0,0.0,0.6369426751592357,0.0,0.0,8.280254777070063
cellcognition_cecog,2024-12-31,bb3e1da2f12db48b67838403155e09fd9d5ab4a8,121.0,10255.0,0.0,0.0,0.0,0.0,0.0,0.0,0.0,0.0,0.0,0.0,0.0,0.0,0.0,0.0,0.0,0.0,0.0,0.0,0.0,0.0,0.0,0.0,0.0,0.0,0.0,0.0,0.0,0.0,0.0,0.0,0.0,0.0,0.0,0.0,0.0,0.0,0.0,0.0,0.0,0.0
cellprofiler_cellprofiler,2024-12-31,0c627261522171870577e9f3a198e8c6e6e3036b,703.0,96762.0,0.0,0.0,0.0,0.0,0.0,0.0,0.0,0.0,0.0,9.815078236130867,0.0,0.0,0.0,0.0,0.0,0.0,0.0,0.0,0.0,0.0,0.0,0.0,0.1422475106685633,0.0,0.1422475106685633,0.0,0.0,0.2844950213371266,1.422475106685633,0.42674253200568996,0.0,0.0,0.0,0.0,0.0,0.0,0.0,0.42674253200568996,0.0,0.1422475106685633
cellprofiler_cellprofiler-analyst,2024-12-31,8a7f924052867192b425e4b7f89137fadbbd93fa,78.0,18368.0,0.0,0.0,0.0,0.0,0.0,0.0,0.0,0.0,0.0,23.076923076923077,0.0,0.0,0.0,0.0,0.0,0.0,0.0,0.0,0.0,0.0,2.564102564102564,0.0,0.0,0.0,0.0,0.0,0.0,0.0,0.0,0.0,0.0,0.0,0.0,0.0,0.0,0.0,0.0,0.0,0.0,0.0
ceph_s3-tests,2024-12-31,7c2d810e9160e89a2b5c5e1a155254efb80a1add,19.0,14961.0,0.0,0.0,0.0,0.0,0.0,0.0,0.0,0.0,0.0,21.052631578947366,0.0,0.0,0.0,0.0,0.0,0.0,0.0,0.0,0.0,0.0,0.0,0.0,0.0,0.0,0.0,0.0,0.0,0.0,0.0,0.0,0.0,0.0,0.0,0.0,0.0,0.0,0.0,0.0,0.0,0.0
ceph_teuthology,2024-12-31,8aa35231626c6ecbac35b361f00b7fb9f4d1fa25,212.0,19511.0,0.0,0.0,0.0,0.0,0.0,0.0,0.0,0.0,0.0,14.622641509433961,0.0,0.4716981132075472,0.4716981132075472,0.0,0.0,0.0,0.0,0.4716981132075472,0.0,0.0,0.0,0.0,0.0,0.0,0.0,0.0,0.0,0.0,6.132075471698113,5.660377358490567,0.0,0.0,0.0,0.0,0.0,0.0,0.0,0.9433962264150944,0.0,0.9433962264150944
chapmanb_bcbb,2024-12-31,eec72c3faca1e5e9e4e48dbf46d396a9045baa3b,155.0,8485.0,0.0,0.0,0.0,0.0,0.0,0.0,0.0,0.0,0.0,0.0,0.0,0.0,0.0,0.0,0.0,0.0,0.0,0.0,0.0,0.0,0.0,0.0,0.0,0.0,0.0,0.0,0.0,0.0,0.0,0.0,0.0,0.0,0.0,0.0,0.0,0.0,0.0,0.0,0.0,0.0
chazdazzle_fpdb-chaz,2024-12-31,b6ff060490106c1d4d0bab0ccee402f800fcce4a,119.0,10926.0,0.0,0.0,0.0,0.0,0.0,0.0,0.0,0.0,0.0,0.0,0.0,0.0,0.0,0.0,0.0,0.0,0.0,0.0,0.0,0.0,0.0,0.0,0.0,0.0,0.0,0.0,0.0,0.0,0.0,0.0,0.0,0.0,0.0,0.0,0.0,0.0,0.0,0.0,0.0,0.0
chirpradio_chirpradio-machine,2024-12-31,cf7a20722e1bf00d8f4ec68b0686ddf89b4910c2,91.0,3593.0,0.0,0.0,0.0,0.0,0.0,0.0,0.0,0.0,0.0,0.0,0.0,0.0,0.0,0.0,0.0,0.0,0.0,0.0,0.0,0.0,0.0,0.0,0.0,0.0,0.0,0.0,0.0,0.0,0.0,0.0,0.0,0.0,0.0,0.0,0.0,0.0,0.0,0.0,0.0,0.0
cinemagoer_cinemagoer,2024-12-31,3051a3a14bd1d0cffeca06854a2ab3602762badf,95.0,9479.0,0.0,0.0,0.0,0.0,0.0,0.0,0.0,0.0,0.0,2.1052631578947367,0.0,0.0,0.0,0.0,0.0,0.0,0.0,0.0,0.0,0.0,0.0,0.0,0.0,0.0,0.0,0.0,0.0,0.0,0.0,0.0,0.0,0.0,0.0,0.0,0.0,0.0,0.0,0.0,0.0,0.0
ckan_ckan,2024-12-31,2c67ce1b7e0d59fd8c61efd3df9dd69da626ee1e,552.0,51738.0,0.0,0.0,0.0,0.0,0.0,0.0,0.0,0.0,0.0,11.05072463768116,0.0,0.0,0.0,0.0,0.0,0.0,0.0,0.0,0.0,0.0,0.36231884057971014,0.0,0.0,0.0,0.36231884057971014,0.0,0.0,0.0,44.20289855072464,31.521739130434785,0.18115942028985507,0.18115942028985507,0.0,0.0,0.0,0.0,0.0,0.36231884057971014,0.0,18.84057971014493
ckan_ckanext-harvest,2024-12-31,b901e23f0864b40b3e004c7bc9b3030425f15a71,40.0,4478.0,0.0,0.0,0.0,0.0,0.0,0.0,0.0,0.0,0.0,2.5,0.0,0.0,0.0,0.0,0.0,0.0,0.0,0.0,0.0,0.0,0.0,0.0,0.0,0.0,0.0,0.0,0.0,0.0,0.0,0.0,0.0,0.0,0.0,0.0,0.0,0.0,0.0,0.0,0.0,0.0
clalancette_oz,2024-12-31,8921d7fdab719fc7f352a77f4d57218344b7933c,31.0,5842.0,0.0,0.0,0.0,0.0,0.0,0.0,0.0,0.0,0.0,0.0,0.0,0.0,0.0,0.0,0.0,0.0,0.0,0.0,0.0,0.0,0.0,0.0,0.0,0.0,0.0,0.0,0.0,0.0,0.0,0.0,0.0,0.0,0.0,0.0,0.0,0.0,0.0,0.0,0.0,0.0
cms-dev_cms,2024-12-31,df9a5fa217553398418840f1325f4d6600e8751b,328.0,26978.0,0.0,0.0,0.0,0.0,0.0,0.0,0.0,0.0,0.0,1.2195121951219512,0.0,0.0,0.0,0.0,0.0,0.0,0.0,0.0,0.0,0.0,0.3048780487804878,0.0,0.0,0.0,0.0,0.0,0.0,0.0,0.0,0.0,0.6097560975609756,0.6097560975609756,0.0,0.0,0.0,0.0,0.3048780487804878,0.0,0.0,0.0
cnvogelg_amitools,2024-12-31,8b2e846dd3d6c058215938c8e4848653190736e1,402.0,36610.0,0.0,0.0,0.0,0.0,0.0,0.0,0.0,0.0,0.0,0.0,0.0,0.0,0.0,0.0,0.0,0.0,0.0,0.0,0.0,0.0,0.24875621890547264,0.0,0.0,0.0,0.0,0.0,0.0,0.0,0.4975124378109453,0.0,1.7412935323383085,1.7412935323383085,0.0,0.0,0.0,0.0,0.0,0.0,0.0,0.0
cobbler_cobbler,2024-12-31,13aaf53e757b1e9a50a2f04e534bf4d59cf5c3de,221.0,24162.0,0.0,0.0,0.0,0.0,0.0,0.0,0.0,0.0,0.0,37.55656108597285,0.0,0.0,0.0,0.0,0.0,0.0,0.0,0.0,0.0,0.0,0.0,0.4524886877828055,0.0,0.0,0.904977375565611,0.0,0.0,0.0,87.78280542986425,66.06334841628959,0.904977375565611,0.904977375565611,0.0,0.0,0.0,0.0,0.0,0.0,0.0,35.74660633484163
cobrateam_splinter,2024-12-31,933a825edceb4ead3b438c3cc64b18f52783999f,78.0,3438.0,0.0,0.0,0.0,0.0,0.0,0.0,0.0,0.0,0.0,17.94871794871795,0.0,0.0,0.0,0.0,0.0,0.0,0.0,0.0,0.0,0.0,0.0,0.0,0.0,0.0,0.0,0.0,0.0,0.0,19.230769230769234,8.974358974358974,0.0,0.0,0.0,0.0,0.0,0.0,1.282051282051282,0.0,0.0,2.564102564102564
codespell-project_codespell,2024-12-31,d29850731b5b25ab030301c353854285b4da588b,6.0,1543.0,0.0,0.0,0.0,0.0,0.0,0.0,0.0,0.0,0.0,50.0,0.0,0.0,0.0,0.0,0.0,0.0,0.0,0.0,0.0,0.0,0.0,33.33333333333333,16.666666666666664,0.0,0.0,0.0,0.0,0.0,83.33333333333334,83.33333333333334,16.666666666666664,16.666666666666664,0.0,0.0,0.0,0.0,0.0,0.0,16.666666666666664,50.0
coleifer_huey,2024-12-31,f66ce06401390957cc0fcaff4e34a85049b17950,50.0,5291.0,0.0,0.0,0.0,0.0,0.0,4.0,4.0,0.0,0.0,0.0,0.0,0.0,0.0,0.0,0.0,0.0,0.0,0.0,0.0,0.0,0.0,0.0,0.0,0.0,0.0,0.0,0.0,0.0,0.0,0.0,0.0,0.0,0.0,0.0,0.0,0.0,0.0,0.0,0.0,0.0
coleifer_peewee,2024-12-31,2b77c677423302b30db707b7e2fa03b72c87a119,85.0,28178.0,0.0,0.0,0.0,0.0,0.0,0.0,0.0,0.0,0.0,0.0,0.0,0.0,0.0,0.0,0.0,0.0,0.0,0.0,0.0,0.0,0.0,0.0,0.0,0.0,0.0,0.0,0.0,0.0,0.0,0.0,0.0,0.0,0.0,0.0,0.0,0.0,0.0,0.0,0.0,0.0
collective_icalendar,2024-12-31,71c6952bee6bc11a3dc2d09bf3b2d69b401e4cc8,73.0,5139.0,0.0,0.0,0.0,0.0,0.0,0.0,0.0,0.0,0.0,32.87671232876712,0.0,0.0,0.0,0.0,0.0,0.0,0.0,0.0,0.0,0.0,0.0,0.0,0.0,0.0,0.0,0.0,0.0,0.0,23.28767123287671,23.28767123287671,0.0,0.0,0.0,0.0,0.0,0.0,0.0,0.0,0.0,6.8493150684931505
copier-org_copier,2024-12-31,2dc1687af389505a708f25b0bc4e37af56179e99,46.0,5289.0,0.0,0.0,0.0,0.0,0.0,0.0,0.0,0.0,0.0,50.0,0.0,0.0,0.0,0.0,0.0,0.0,0.0,0.0,0.0,0.0,0.0,6.521739130434782,0.0,0.0,19.565217391304348,2.1739130434782608,0.0,0.0,86.95652173913044,91.30434782608695,10.869565217391305,10.869565217391305,0.0,0.0,0.0,0.0,2.1739130434782608,8.695652173913043,0.0,19.565217391304348
cornices_cornice,2024-12-31,cd6d2f614940c472e2363db67050e8934e8d14dc,26.0,3075.0,0.0,0.0,0.0,0.0,0.0,0.0,0.0,0.0,0.0,0.0,0.0,0.0,0.0,0.0,0.0,0.0,0.0,0.0,0.0,0.0,0.0,0.0,0.0,0.0,0.0,0.0,0.0,0.0,0.0,0.0,0.0,0.0,0.0,0.0,0.0,0.0,0.0,0.0,0.0,0.0
couchbase_couchbase-python-client,2024-12-31,0dbe460a134838fb61e8d768f7c76ad2795435ed,238.0,40908.0,4.621848739495799,0.0,0.0,0.0,0.0,24.369747899159663,24.369747899159663,5.88235294117647,0.0,48.739495798319325,0.0,0.0,0.0,0.0,0.0,0.0,0.0,0.0,0.0,0.0,0.0,0.0,0.0,0.0,0.42016806722689076,0.0,0.0,0.8403361344537815,5.042016806722689,55.04201680672269,3.361344537815126,3.361344537815126,0.0,0.0,0.0,0.0,0.0,1.2605042016806722,1.2605042016806722,4.621848739495799
crossbario_autobahn-python,2024-12-31,7bc85b34e200640ab98a41cfddb38267f39bc92e,395.0,33406.0,0.0,0.0,0.0,0.0,0.0,12.40506329113924,11.645569620253164,0.0,0.0,0.7594936708860759,0.0,0.0,0.0,0.0,0.0,0.0,0.0,0.0,0.0,0.0,0.0,0.0,0.0,0.0,0.0,0.0,0.0,0.0,11.645569620253164,12.151898734177214,0.0,0.0,0.0,0.0,0.0,0.0,0.25316455696202533,0.0,0.0,5.3164556962025316
csingley_ofxtools,2024-12-31,57fb83816e67a476494b499997be2902155efc17,87.0,15581.0,0.0,0.0,0.0,0.0,0.0,0.0,0.0,0.0,0.0,12.643678160919542,0.0,0.0,0.0,0.0,0.0,0.0,0.0,0.0,0.0,0.0,1.1494252873563218,0.0,0.0,0.0,0.0,0.0,0.0,0.0,13.793103448275861,14.942528735632186,1.1494252873563218,1.1494252873563218,0.0,0.0,0.0,0.0,5.747126436781609,1.1494252873563218,0.0,13.793103448275861
csng-mff_mozaik,2024-12-31,c8261569a858ebbd3b91621b2d863d8059c89f37,93.0,12169.0,0.0,0.0,0.0,0.0,0.0,0.0,0.0,0.0,0.0,5.376344086021505,0.0,0.0,0.0,0.0,0.0,0.0,0.0,0.0,0.0,0.0,0.0,0.0,0.0,0.0,0.0,0.0,0.0,0.0,0.0,0.0,0.0,0.0,0.0,0.0,0.0,0.0,0.0,0.0,0.0,0.0
cylc_cylc-flow,2024-12-31,9862356eb1f6003808bf14d43c3e5a15d7f45c3a,430.0,43424.0,0.46511627906976744,0.0,0.0,0.0,0.0,29.069767441860467,23.72093023255814,3.0232558139534884,13.488372093023257,47.674418604651166,0.0,0.0,0.0,0.0,0.0,0.0,0.0,0.0,0.0,0.0,2.7906976744186047,5.116279069767442,3.255813953488372,1.627906976744186,6.744186046511628,0.0,0.0,7.209302325581396,50.93023255813953,39.30232558139535,5.348837209302325,5.348837209302325,0.0,0.0,0.0,0.0,0.9302325581395349,0.0,11.395348837209303,29.767441860465116
cython_cython,2024-12-31,f5d3341f9aa8d549a14b7523360ed59aa8efb1f5,404.0,72382.0,0.0,0.0,0.0,0.0,0.24752475247524752,1.7326732673267329,1.2376237623762376,0.7425742574257426,0.24752475247524752,13.861386138613863,0.0,0.49504950495049505,0.49504950495049505,0.49504950495049505,0.49504950495049505,0.49504950495049505,0.49504950495049505,0.49504950495049505,0.49504950495049505,0.49504950495049505,0.24752475247524752,0.49504950495049505,0.24752475247524752,0.0,0.24752475247524752,0.0,0.24752475247524752,1.2376237623762376,26.237623762376238,15.594059405940595,1.2376237623762376,1.2376237623762376,0.0,0.0,0.0,0.0,1.4851485148514851,1.2376237623762376,0.24752475247524752,26.980198019801982
cz-nic_pyoidc,2024-12-31,59b2965dc8f5f487ba24d148911ac2999d7bbb57,133.0,20583.0,0.0,0.0,0.0,0.0,0.0,0.0,0.0,0.0,0.0,0.0,0.0,0.0,0.0,0.0,0.0,0.0,0.0,0.0,0.0,0.0,0.0,0.0,0.0,0.0,0.0,0.0,0.0,0.0,6.015037593984962,6.015037593984962,0.0,0.0,0.0,0.0,0.0,0.0,0.0,0.0,0.0,30.82706766917293
daler_pybedtools,2024-12-31,910ef2f40740f35f18bb51b7db7cbf9d8a9d0531,38.0,5427.0,0.0,0.0,0.0,0.0,0.0,0.0,0.0,0.0,0.0,2.631578947368421,0.0,0.0,0.0,0.0,0.0,0.0,0.0,0.0,0.0,0.0,0.0,0.0,0.0,0.0,0.0,0.0,0.0,0.0,7.894736842105263,7.894736842105263,0.0,0.0,0.0,0.0,0.0,0.0,0.0,0.0,0.0,2.631578947368421
datafolklabs_cement,2024-12-31,745790520fc880c816b5623af6629949f86bf0cd,150.0,17060.0,2.666666666666667,0.0,0.0,0.0,0.0,3.3333333333333335,2.666666666666667,2.0,0.0,43.333333333333336,0.0,0.0,0.0,0.0,0.0,0.0,0.0,0.0,0.0,0.0,0.0,1.3333333333333335,0.0,0.0,0.0,0.0,0.0,0.0,44.0,44.666666666666664,0.6666666666666667,0.6666666666666667,0.0,0.0,0.0,0.0,2.666666666666667,0.0,1.3333333333333335,32.0
daviddrysdale_python-phonenumbers,2024-12-31,ce993e07a236508253f15de02aa70c4489447bb6,648.0,10201.0,0.0,0.0,0.0,0.0,0.0,0.0,0.0,0.0,0.0,0.15432098765432098,0.0,0.0,0.0,0.0,0.0,0.0,0.0,0.0,0.0,0.0,0.0,0.0,0.0,0.0,0.0,0.0,0.0,0.0,0.0,0.0,0.0,0.0,0.0,0.0,0.0,0.0,0.0,0.0,0.0,0.0
devilry_devilry-django,2024-12-31,408a94153927f6e9e215b8402f739615ca03aad7,825.0,58884.0,0.0,0.0,0.0,0.0,0.0,0.0,0.0,0.0,0.0,3.272727272727273,0.0,0.0,0.0,0.0,0.0,0.0,0.0,0.0,0.0,0.0,0.0,0.12121212121212122,0.0,0.0,0.12121212121212122,0.0,0.0,0.0,0.9696969696969697,1.4545454545454546,0.12121212121212122,0.12121212121212122,0.0,0.0,0.0,0.0,0.0,0.0,0.0,0.0
diaoul_subliminal,2024-12-31,3d22d8d21f50d4dd249484cc7404e09cba3ec433,56.0,7433.0,0.0,0.0,0.0,0.0,0.0,0.0,0.0,0.0,0.0,33.92857142857143,0.0,0.0,0.0,0.0,0.0,0.0,0.0,0.0,0.0,0.0,0.0,10.714285714285714,10.714285714285714,0.0,1.7857142857142856,0.0,0.0,0.0,58.92857142857143,60.71428571428571,35.714285714285715,35.714285714285715,0.0,0.0,0.0,0.0,0.0,1.7857142857142856,0.0,50.0
diefenbach_django-lfs,2024-12-31,db21b5b2b4afed5572670177a2b646a7e89367f3,253.0,19370.0,0.0,0.0,0.0,0.0,0.0,0.0,0.0,0.0,0.0,0.0,0.0,0.0,0.0,0.0,0.0,0.0,0.0,0.0,0.0,0.0,0.0,0.0,0.0,0.0,0.0,0.0,0.0,0.0,0.0,0.0,0.0,0.0,0.0,0.0,0.0,0.0,0.0,0.0,0.0,0.0
digitalfox_pydici,2024-12-31,b4679ad92553d3ecb1483f969d1be98532242dd2,198.0,11333.0,0.0,0.0,0.0,0.0,0.0,1.5151515151515151,1.5151515151515151,0.0,0.0,4.040404040404041,0.0,0.0,0.0,0.0,0.0,0.0,0.0,0.0,0.0,0.0,0.0,1.5151515151515151,0.0,0.0,0.5050505050505051,0.0,0.0,0.0,0.0,0.0,0.0,0.0,0.0,0.0,0.0,0.0,0.0,0.0,0.0,1.0101010101010102
digitalgreenorg_dg,2024-12-31,fc4756d76ce7553192ff82df6f4dba5acadaa1db,752.0,26487.0,0.0,0.0,0.0,0.0,0.0,0.0,0.0,0.0,0.0,0.0,0.0,0.0,0.0,0.0,0.0,0.0,0.0,0.0,0.0,0.0,0.0,0.0,0.0,0.0,0.0,0.0,0.0,0.0,0.0,0.0,0.0,0.0,0.0,0.0,0.0,0.0,0.0,0.0,0.0,0.0
dimagi_commcare-hq,2024-12-31,b4d59b459cfd469c3e730dfb3a61aee9554afe03,4375.0,295196.0,0.0,0.0,0.0,0.0,0.0,0.0,0.0,0.0,0.0,15.542857142857141,0.0,0.0,0.0,0.0,0.0,0.0,0.0,0.0,0.0,0.0,0.09142857142857143,0.06857142857142857,0.09142857142857143,0.022857142857142857,0.8228571428571428,0.0,0.022857142857142857,0.1142857142857143,1.8057142857142858,1.6914285714285715,1.1428571428571428,1.1428571428571428,0.0,0.0,0.0,0.0,0.8685714285714287,0.2742857142857143,0.0,1.1657142857142857
dimagi_logistics,2024-12-31,b84d54bda3ec84f1f36d97bf4af38693408f8ced,303.0,15719.0,0.0,0.0,0.0,0.0,0.0,0.0,0.0,0.0,0.0,2.31023102310231,0.0,0.0,0.0,0.0,0.0,0.0,0.0,0.0,0.0,0.0,0.0,0.0,0.0,0.0,0.0,0.0,0.0,0.0,0.0,0.0,0.0,0.0,0.0,0.0,0.0,0.0,0.0,0.0,0.0,0.0
dipy_dipy,2024-12-31,927246108f6aa67283003a46b63f2deeced9becb,416.0,52019.0,0.0,0.0,0.0,0.0,2.403846153846154,0.0,0.0,0.0,0.0,31.490384615384613,0.0,0.0,0.0,0.0,0.0,0.0,0.0,0.0,0.0,0.0,0.0,0.4807692307692308,0.2403846153846154,0.0,0.0,0.4807692307692308,0.0,0.2403846153846154,0.0,0.0,28.365384615384613,28.365384615384613,0.0,0.0,0.0,0.0,0.2403846153846154,0.0,0.0,0.4807692307692308
diracgrid_dirac,2024-12-31,d4c3de2d894926ebce035be3e103bcc8c9180e02,1178.0,143361.0,0.0,0.0,0.0,0.0,0.0,0.08488964346349745,0.08488964346349745,0.0,0.0,61.544991511035654,0.0,0.0,0.0,0.0,0.0,0.0,0.0,0.0,0.0,0.0,0.08488964346349745,0.0,0.0,0.0,0.08488964346349745,0.0,0.0,0.1697792869269949,6.196943972835315,4.4142614601018675,0.7640067911714771,0.7640067911714771,0.0,0.0,0.0,0.0,0.0,3.0560271646859083,0.0,0.6791171477079796
django-cms_django-cms,2024-12-31,fe54de4174d7049e844edb0c285fb1ebff81965f,379.0,32811.0,0.0,0.0,0.0,0.0,0.0,0.0,0.0,0.0,0.0,23.482849604221638,0.0,0.0,0.0,0.0,0.0,0.0,0.0,0.0,0.0,0.0,0.0,0.0,0.0,0.0,0.2638522427440633,0.0,0.0,0.2638522427440633,2.638522427440633,3.16622691292876,0.2638522427440633,0.2638522427440633,0.0,0.0,0.0,0.0,1.3192612137203166,0.5277044854881267,0.0,1.0554089709762533
django-cms_django-filer,2024-12-31,f8209a6507680661bd134cd30878993b79ef3344,105.0,5943.0,0.0,0.0,0.0,0.0,0.0,0.0,0.0,0.0,0.0,20.952380952380953,0.0,0.0,0.0,0.0,0.0,0.0,0.0,0.0,0.0,0.0,0.0,0.0,0.0,0.0,0.9523809523809524,0.0,0.0,0.0,2.857142857142857,3.8095238095238098,0.0,0.0,0.0,0.0,0.0,0.0,0.9523809523809524,0.0,0.0,0.9523809523809524
django-commons_django-debug-toolbar,2024-12-31,f3f604977053d00f052a4b5a67e6a068f1ca2392,79.0,4576.0,0.0,0.0,0.0,0.0,0.0,13.924050632911392,13.924050632911392,1.2658227848101267,0.0,29.11392405063291,0.0,0.0,0.0,0.0,0.0,0.0,0.0,0.0,0.0,0.0,0.0,2.5316455696202533,0.0,0.0,0.0,0.0,0.0,0.0,2.5316455696202533,2.5316455696202533,7.59493670886076,7.59493670886076,0.0,0.0,0.0,0.0,2.5316455696202533,2.5316455696202533,1.2658227848101267,3.79746835443038
django-compressor_django-compressor,2024-12-31,67b4273732c9cbb936d2b192ddf0f8bed403afaa,47.0,3215.0,0.0,0.0,0.0,0.0,0.0,0.0,0.0,0.0,0.0,0.0,0.0,0.0,0.0,0.0,0.0,0.0,0.0,0.0,0.0,0.0,0.0,0.0,0.0,0.0,0.0,0.0,0.0,0.0,0.0,0.0,0.0,0.0,0.0,0.0,0.0,0.0,0.0,0.0,0.0,0.0
django-crispy-forms_django-crispy-forms,2024-12-31,e7cc89a1a298515b3e934312f8aa1b21617c63a8,24.0,2280.0,0.0,0.0,0.0,0.0,0.0,0.0,0.0,0.0,0.0,12.5,0.0,0.0,0.0,0.0,0.0,0.0,0.0,0.0,0.0,0.0,0.0,0.0,0.0,0.0,4.166666666666666,0.0,0.0,0.0,0.0,0.0,12.5,12.5,0.0,0.0,0.0,0.0,0.0,0.0,0.0,4.166666666666666
django-extensions_django-extensions,2024-12-31,0ee2e71dd552366bd3761736d569a1efa127a9cb,199.0,11453.0,0.0,0.0,0.0,0.0,0.0,0.0,0.0,0.0,0.0,2.0100502512562812,0.0,0.0,0.0,0.0,0.0,0.0,0.0,0.0,0.0,0.0,0.0,0.0,0.5025125628140703,0.0,0.5025125628140703,0.0,0.0,0.0,1.507537688442211,1.507537688442211,0.0,0.0,0.0,0.0,0.0,0.0,0.5025125628140703,0.0,0.0,7.035175879396985
django-guardian_django-guardian,2024-12-31,c73a19c4be46d105b974c7d799b063bb5e6089a7,79.0,4765.0,0.0,0.0,0.0,0.0,0.0,0.0,0.0,0.0,0.0,0.0,0.0,0.0,0.0,0.0,0.0,0.0,0.0,0.0,0.0,0.0,0.0,1.2658227848101267,0.0,0.0,0.0,0.0,0.0,0.0,0.0,0.0,0.0,0.0,0.0,0.0,0.0,0.0,0.0,0.0,0.0,0.0
django-haystack_django-haystack,2024-12-31,10c15ec12c6d71a815b8843c34ab9dd4d01fddb3,110.0,14360.0,0.0,0.0,0.0,0.0,0.0,0.0,0.0,0.0,0.0,0.0,0.0,0.0,0.0,0.0,0.0,0.0,0.0,0.0,0.0,0.0,0.0,0.0,0.0,0.0,0.0,1.8181818181818181,0.0,0.0,0.0,0.0,0.0,0.0,0.0,0.0,0.0,0.0,0.0,0.0,0.0,0.0
django-helpdesk_django-helpdesk,2024-12-31,e0a04b50405a649592f9bcc23f0386b9f3512ec4,112.0,7381.0,0.0,0.0,0.0,0.0,0.0,0.0,0.0,0.0,0.0,14.285714285714285,0.0,0.0,0.0,0.0,0.0,0.0,0.0,0.0,0.0,0.0,0.0,0.0,0.0,0.0,0.0,0.0,0.0,0.0,4.464285714285714,4.464285714285714,0.0,0.0,0.0,0.0,0.0,0.0,0.0,0.8928571428571428,0.0,5.357142857142857
django-money_django-money,2024-12-31,d35802c7a08ed47e74ec8ec0244a2eb51fa1dfaf,48.0,2486.0,0.0,0.0,0.0,0.0,0.0,0.0,0.0,0.0,0.0,12.5,0.0,0.0,0.0,0.0,0.0,0.0,0.0,0.0,0.0,0.0,0.0,0.0,0.0,0.0,2.083333333333333,0.0,0.0,0.0,0.0,0.0,2.083333333333333,2.083333333333333,0.0,0.0,0.0,0.0,0.0,0.0,0.0,6.25
django-mptt_django-mptt,2024-12-31,9857df67c5de42e2f2e3aba01f7e9f6494a8817c,22.0,3252.0,0.0,0.0,0.0,0.0,0.0,0.0,0.0,0.0,0.0,22.727272727272727,0.0,0.0,0.0,0.0,0.0,0.0,0.0,0.0,0.0,0.0,0.0,0.0,0.0,0.0,0.0,4.545454545454546,0.0,0.0,0.0,4.545454545454546,0.0,0.0,0.0,0.0,0.0,0.0,0.0,0.0,0.0,0.0
django-oscar_django-oscar,2024-12-31,f97893c83122c64170f1e2cf3864d8ce3e4b75da,681.0,32013.0,0.0,0.0,0.0,0.0,0.0,0.0,0.0,0.0,0.0,0.881057268722467,0.0,0.0,0.0,0.0,0.0,0.0,0.0,0.0,0.0,0.0,0.0,0.0,0.0,0.0,0.0,0.0,0.0,0.0,0.14684287812041116,0.5873715124816447,0.7342143906020557,0.7342143906020557,0.0,0.0,0.0,0.0,0.14684287812041116,0.14684287812041116,0.0,0.0
django-tastypie_django-tastypie,2024-12-31,e01abaa4e956068c12ce1a549fa73bf491d70feb,145.0,12338.0,0.0,0.0,0.0,0.0,0.0,0.0,0.0,0.0,0.0,0.6896551724137931,0.0,0.0,0.0,0.0,0.0,0.0,0.0,0.0,0.0,0.0,0.0,0.0,0.0,0.0,0.0,0.0,0.0,0.0,0.0,0.0,0.0,0.0,0.0,0.0,0.0,0.0,0.0,0.0,0.0,0.0
djangopackages_djangopackages,2024-12-31,e3b1ab966fd677dcaccc0a10b9a8c23690aadf32,202.0,6350.0,0.0,0.0,0.0,0.0,0.0,0.0,0.0,0.0,0.0,27.722772277227726,0.0,0.0,0.0,0.0,0.0,0.0,0.0,0.0,0.0,0.0,0.49504950495049505,0.0,0.0,0.0,0.0,0.49504950495049505,0.0,0.0,6.435643564356436,4.9504950495049505,1.9801980198019802,1.9801980198019802,0.0,0.0,0.0,0.0,0.0,3.9603960396039604,0.0,1.4851485148514851
djblets_djblets,2024-12-31,034c4c5ad8913dbf9799550a4f28da3e6a035bc3,390.0,31354.0,0.0,0.0,0.0,0.0,0.0,0.0,0.0,0.0,0.0,5.384615384615385,0.0,0.0,0.0,0.0,0.0,0.0,0.0,0.0,0.0,0.0,0.0,0.2564102564102564,0.0,0.0,0.5128205128205128,0.0,0.0,0.2564102564102564,21.794871794871796,30.512820512820515,7.948717948717948,7.948717948717948,0.0,0.0,0.0,0.0,0.5128205128205128,0.0,0.0,19.48717948717949
dmwm_wmcore,2024-12-31,46c3009dfc37a88d62ff18860e9821bba6b711ba,1692.0,124991.0,0.0,0.0,0.0,0.0,0.0,0.0591016548463357,0.0591016548463357,0.0,0.0,2.955082742316785,0.0,0.0,0.0,0.0,0.0,0.0,0.0,0.0,0.0,0.0,0.0,0.0,0.0,0.0,0.0,0.0,0.0,0.0,0.0,0.0591016548463357,0.0591016548463357,0.0591016548463357,0.0,0.0,0.0,0.0,0.0,0.0,1.1229314420803782,0.1182033096926714
domino14_webolith,2024-12-31,1ee75fd93e8c4e1b22893826e3cb3523e2cf63a2,128.0,5117.0,0.0,0.0,0.0,0.0,0.0,0.0,0.0,0.0,0.0,10.15625,0.0,0.0,0.0,0.0,0.0,0.0,0.0,0.0,0.0,0.0,0.0,0.0,0.0,0.0,0.0,0.0,0.0,0.0,7.03125,4.6875,0.78125,0.78125,0.0,0.0,0.0,0.0,0.0,0.0,0.0,0.0
earwig_earwigbot,2024-12-31,dfae10cf12e46d6ad3c33312fdc7bd4649be47c3,53.0,6213.0,0.0,0.0,0.0,0.0,0.0,0.0,0.0,0.0,0.0,77.35849056603774,0.0,0.0,0.0,0.0,0.0,0.0,0.0,0.0,0.0,0.0,0.0,0.0,0.0,0.0,0.0,0.0,0.0,0.0,35.84905660377358,32.075471698113205,1.8867924528301887,1.8867924528301887,0.0,0.0,0.0,0.0,5.660377358490567,1.8867924528301887,1.8867924528301887,26.41509433962264
eblot_pyftdi,2024-12-31,426e1abd88e25e4aa1c0520b171cae1713b9180e,37.0,10070.0,0.0,0.0,0.0,0.0,0.0,0.0,0.0,0.0,0.0,86.48648648648648,0.0,0.0,0.0,0.0,0.0,0.0,0.0,0.0,0.0,0.0,0.0,0.0,0.0,0.0,0.0,0.0,0.0,0.0,48.64864864864865,54.054054054054056,0.0,0.0,0.0,0.0,0.0,0.0,2.7027027027027026,0.0,8.108108108108109,8.108108108108109
edgewall_genshi,2024-12-31,c4afb785f2860e07efa10717d08842fc47e38847,49.0,11462.0,0.0,0.0,0.0,0.0,0.0,0.0,0.0,0.0,0.0,0.0,0.0,0.0,0.0,0.0,0.0,0.0,0.0,0.0,0.0,0.0,0.0,0.0,0.0,0.0,0.0,0.0,0.0,0.0,0.0,0.0,0.0,0.0,0.0,0.0,0.0,0.0,0.0,0.0,0.0,0.0
edgewall_trac,2024-12-31,abf33d3160d9007b90dccfe4776e7cda639899db,284.0,62007.0,0.0,0.0,0.0,0.0,0.0,0.35211267605633806,0.35211267605633806,0.0,0.0,0.0,0.0,0.0,0.0,0.0,0.0,0.0,0.0,0.0,0.0,0.0,0.0,0.0,0.0,0.0,0.0,0.0,0.0,0.0,0.0,0.0,0.35211267605633806,0.35211267605633806,0.0,0.0,0.0,0.0,0.7042253521126761,0.0,0.35211267605633806,0.0
emcconville_wand,2024-12-31,d92783ae7d99d661cd42b7225c09af21af929a07,34.0,11759.0,0.0,0.0,0.0,0.0,0.0,0.0,0.0,0.0,0.0,0.0,0.0,0.0,0.0,0.0,0.0,0.0,0.0,0.0,0.0,0.0,0.0,0.0,0.0,0.0,0.0,0.0,0.0,0.0,0.0,0.0,0.0,0.0,0.0,0.0,0.0,0.0,0.0,0.0,0.0,0.0
encode_django-rest-framework,2024-12-31,a8595a8eae2649b763f4882da643c1dc9183d6f1,140.0,21964.0,0.0,0.0,0.0,0.0,0.0,0.0,0.0,0.0,0.0,1.4285714285714286,0.0,0.0,0.0,0.0,0.0,0.0,0.0,0.0,0.0,0.0,0.0,0.0,0.0,0.0,2.857142857142857,0.0,0.0,0.0,1.4285714285714286,0.0,1.4285714285714286,1.4285714285714286,0.0,0.0,0.0,0.0,0.0,0.0,0.0,0.0
enthought_apptools,2024-12-31,510b0e0a4e567d70a8f63f27c29810f4399860ef,140.0,9240.0,0.0,0.0,0.0,0.0,0.0,0.0,0.0,0.0,0.0,0.7142857142857143,0.0,0.0,0.0,0.0,0.0,0.0,0.0,0.0,0.0,0.0,0.0,0.0,0.0,0.0,0.0,0.0,0.0,0.0,0.0,0.0,0.0,0.0,0.0,0.0,0.0,0.0,0.0,0.0,0.0,0.0
enthought_envisage,2024-12-31,0f1b6472d08d91625996017fa46019a41ec899f2,197.0,7606.0,0.0,0.0,0.0,0.0,0.0,0.0,0.0,0.0,0.0,3.5532994923857872,0.0,0.0,0.0,0.0,0.0,0.0,0.0,0.0,0.0,0.0,0.5076142131979695,0.0,0.0,0.0,0.0,0.0,0.0,0.0,0.5076142131979695,0.5076142131979695,0.0,0.0,0.0,0.0,0.0,0.0,0.0,0.0,0.0,0.0
enthought_mayavi,2024-12-31,40c60101613b524533fa4a8831a48b46e6aea8b3,542.0,42656.0,0.0,0.0,0.0,0.0,0.0,0.0,0.0,0.0,0.0,1.4760147601476015,0.0,0.0,0.0,0.0,0.0,0.0,0.0,0.0,0.0,0.0,0.0,0.0,0.0,0.0,0.0,0.0,0.0,0.0,0.0,0.0,0.18450184501845018,0.18450184501845018,0.0,0.0,0.0,0.0,0.0,0.0,0.0,0.0
enthought_traits,2024-12-31,10954ebdccac9a1131e6cb978f75c00c3323fb63,317.0,27440.0,0.0,0.0,0.0,0.0,0.0,0.9463722397476341,0.9463722397476341,0.0,0.0,6.940063091482649,0.0,0.0,0.0,0.0,0.0,0.0,0.0,0.0,0.0,0.0,0.0,0.0,0.6309148264984227,0.0,0.0,0.0,0.31545741324921134,0.31545741324921134,1.8927444794952681,1.5772870662460567,8.201892744479496,8.201892744479496,0.0,0.0,0.0,0.0,3.4700315457413247,0.0,0.31545741324921134,0.31545741324921134
enthought_traitsui,2024-12-31,fb951ef2a6635d7b0d806bee7ec25eb2632d0f27,573.0,45109.0,0.0,0.0,0.0,0.0,0.0,0.0,0.0,0.0,0.0,1.9197207678883073,0.0,0.0,0.0,0.0,0.0,0.0,0.0,0.0,0.0,0.0,0.0,0.0,0.0,0.0,0.0,0.0,0.0,0.0,0.17452006980802792,0.17452006980802792,1.0471204188481675,1.0471204188481675,0.0,0.0,0.0,0.0,0.0,0.0,0.0,0.0
erdc_proteus,2024-12-31,b85bb80edb957dcb60e05afceac9336936fdd2c0,687.0,120326.0,0.0,0.0,0.0,0.0,0.0,0.0,0.0,0.0,0.0,0.0,0.0,0.0,0.0,0.0,0.0,0.0,0.0,0.0,0.0,0.0,0.0,0.0,0.0,0.0,0.0,0.0,0.0,0.0,0.0,0.0,0.0,0.0,0.0,0.0,0.0,0.0,0.0,0.0,0.0,0.0
esitarski_crossmgr,2024-12-31,056366e1f7bf614d48b0e3142e6adb61131b5b26,392.0,70343.0,0.0,0.0,0.0,0.0,0.0,0.0,0.0,0.0,0.0,5.612244897959184,0.0,0.0,0.0,0.0,0.0,0.0,0.0,0.0,0.0,0.0,0.0,0.5102040816326531,0.25510204081632654,0.0,0.0,0.0,0.0,0.0,0.0,0.0,0.0,0.0,0.0,0.0,0.0,0.0,0.0,1.7857142857142856,0.0,0.0
eskerda_pybikes,2024-12-31,d49542629c8b993e8f784abcd0fccfc876ab66f3,90.0,2983.0,0.0,0.0,0.0,0.0,0.0,0.0,0.0,0.0,0.0,0.0,0.0,0.0,0.0,0.0,0.0,0.0,0.0,0.0,0.0,0.0,0.0,0.0,0.0,0.0,0.0,0.0,0.0,0.0,0.0,0.0,0.0,0.0,0.0,0.0,0.0,0.0,0.0,0.0,0.0,0.0
etetoolkit_ete,2024-12-31,f8814f850fd6546005b1e174e00bac54215a2f7b,217.0,28304.0,0.0,0.0,0.0,0.0,0.0,0.0,0.0,0.0,0.0,8.755760368663594,0.0,0.0,0.0,0.0,0.0,0.0,0.0,0.0,0.0,0.0,0.4608294930875576,0.0,0.0,0.0,0.0,0.0,0.0,0.0,0.4608294930875576,0.0,0.0,0.0,0.0,0.0,0.0,0.0,0.9216589861751152,0.0,0.0,0.4608294930875576
etianen_django-reversion,2024-12-31,7c23ff4bae5c495a94cf1bfd3e5ad395f223caf2,30.0,1862.0,0.0,0.0,0.0,0.0,0.0,0.0,0.0,0.0,0.0,16.666666666666664,0.0,0.0,0.0,0.0,0.0,0.0,0.0,0.0,0.0,0.0,0.0,0.0,0.0,0.0,0.0,0.0,0.0,0.0,0.0,0.0,0.0,0.0,0.0,0.0,0.0,0.0,3.3333333333333335,0.0,0.0,0.0
fabric_fabric,2024-12-31,988dd0fd05db47331cb43d0ea9787908ef33219c,46.0,3719.0,0.0,0.0,0.0,0.0,0.0,0.0,0.0,0.0,0.0,6.521739130434782,0.0,0.0,0.0,0.0,0.0,0.0,0.0,0.0,0.0,0.0,0.0,0.0,0.0,0.0,0.0,0.0,0.0,0.0,0.0,0.0,0.0,0.0,0.0,0.0,0.0,0.0,2.1739130434782608,0.0,0.0,0.0
factoryboy_factory_boy,2024-12-31,4209372ec6db85a8deeea4ad620801ce670a71c7,51.0,6599.0,0.0,0.0,0.0,0.0,0.0,0.0,0.0,0.0,0.0,11.76470588235294,0.0,0.0,0.0,0.0,0.0,0.0,0.0,0.0,0.0,0.0,0.0,0.0,0.0,0.0,1.9607843137254901,0.0,0.0,0.0,1.9607843137254901,3.9215686274509802,1.9607843137254901,1.9607843137254901,0.0,0.0,0.0,0.0,3.9215686274509802,0.0,0.0,11.76470588235294
fail2ban_fail2ban,2024-12-31,4151eeccfe179e94e23add7ce503bd26ce864e2b,74.0,18202.0,0.0,0.0,0.0,0.0,0.0,1.3513513513513513,0.0,0.0,0.0,0.0,0.0,0.0,0.0,0.0,0.0,0.0,0.0,0.0,0.0,0.0,0.0,1.3513513513513513,0.0,0.0,1.3513513513513513,0.0,0.0,0.0,0.0,0.0,0.0,0.0,0.0,0.0,0.0,0.0,0.0,0.0,0.0,0.0
fedora-infra_bodhi,2024-12-31,2b0a23488666c8e44b0066119faf05bb26e46a77,222.0,32314.0,0.0,0.0,0.0,0.0,0.0,1.8018018018018018,1.8018018018018018,0.0,0.45045045045045046,39.63963963963964,0.0,0.0,0.0,0.0,0.0,0.0,0.0,0.0,0.0,0.0,0.0,0.0,0.0,0.0,0.0,0.45045045045045046,0.0,0.0,21.62162162162162,15.765765765765765,0.45045045045045046,0.45045045045045046,0.0,0.0,0.0,0.0,0.0,0.0,0.0,3.153153153153153
feincms_feincms,2024-12-31,f310bec2009060c4b3be2a2f0dee466cb7e1ce81,95.0,5014.0,0.0,0.0,0.0,0.0,0.0,0.0,0.0,0.0,0.0,16.842105263157894,0.0,0.0,0.0,0.0,0.0,0.0,0.0,0.0,0.0,0.0,0.0,0.0,0.0,0.0,0.0,0.0,0.0,0.0,1.0526315789473684,1.0526315789473684,0.0,0.0,0.0,0.0,0.0,0.0,1.0526315789473684,0.0,0.0,1.0526315789473684
feisuzhu_thbattle,2024-12-31,c20db1d1d859461e22a9055c75120448c8636718,360.0,34124.0,0.0,0.0,0.0,0.0,0.0,0.0,0.0,0.0,0.0,28.055555555555557,0.0,0.0,0.0,0.0,0.0,0.0,0.0,0.0,0.0,0.0,0.2777777777777778,0.0,0.2777777777777778,0.0,0.2777777777777778,0.0,0.2777777777777778,0.2777777777777778,26.944444444444443,25.27777777777778,0.2777777777777778,0.2777777777777778,0.0,0.0,0.0,0.0,0.0,4.444444444444445,0.0,20.0
fhcrc_taxtastic,2024-12-31,0d37ae323da68b888f157299b311e6b255b76c0c,47.0,3998.0,0.0,0.0,0.0,0.0,0.0,0.0,0.0,0.0,0.0,10.638297872340425,0.0,0.0,0.0,0.0,0.0,0.0,0.0,0.0,0.0,0.0,0.0,0.0,0.0,0.0,0.0,0.0,0.0,0.0,0.0,0.0,0.0,0.0,0.0,0.0,0.0,0.0,0.0,0.0,0.0,0.0
flexget_flexget,2024-12-31,a0715908ac6fa475d7fb52561cf48f85420eb4f6,584.0,53213.0,0.0,0.0,0.0,0.0,0.0,0.0,0.0,0.0,0.0,51.369863013698634,0.0,0.0,0.0,0.0,0.0,0.0,0.0,0.0,0.0,0.0,0.0,1.8835616438356164,0.3424657534246575,0.0,2.054794520547945,0.0,0.0,0.0,14.04109589041096,13.013698630136986,0.5136986301369862,0.5136986301369862,0.0,0.0,0.0,0.0,1.8835616438356164,0.0,0.0,6.8493150684931505
frappe_erpnext,2024-12-31,72256565bb2caf02f8e87b3ee0fbd0ee233c4f40,1512.0,116422.0,0.0,0.0,0.0,0.0,0.0,0.0,0.0,0.0,0.0,17.46031746031746,0.0,0.0,0.0,0.0,0.0,0.0,0.0,0.0,0.0,0.0,0.06613756613756613,1.917989417989418,0.1984126984126984,0.0,0.6613756613756614,0.0,0.0,0.0,6.613756613756613,6.8121693121693125,0.26455026455026454,0.26455026455026454,0.0,0.0,0.0,0.0,0.0,3.968253968253968,0.0,33.86243386243386
frappe_frappe,2024-12-31,1d31663f4b4b5e6a6283998484d926dfa762bcc4,1007.0,74381.0,0.0,0.0,0.0,0.0,0.0,0.0,0.0,0.0,0.0,32.17477656405164,0.0,0.7944389275074478,0.3972194637537239,0.29791459781529295,0.09930486593843098,0.0,0.09930486593843098,0.6951340615690168,0.0,0.0,0.3972194637537239,2.6812313803376364,0.6951340615690168,0.29791459781529295,1.4895729890764648,0.09930486593843098,0.0,0.49652432969215493,23.932472691161866,22.14498510427011,3.0784508440913605,3.0784508440913605,0.0,0.0,0.0,0.0,0.9930486593843099,9.533267130089374,0.0,32.27408142999007
freely-given-org_bibleorgsys,2024-12-31,af8ce255d036ec086749b3b2fb6351db9391d1f0,129.0,81439.0,0.0,0.0,0.0,0.0,0.0,0.0,0.0,0.0,0.0,95.34883720930233,0.0,0.0,0.0,0.0,0.0,0.0,0.0,0.0,0.0,0.0,0.0,0.0,0.0,0.0,0.0,0.0,0.0,12.4031007751938,60.46511627906976,91.47286821705426,0.0,0.0,0.0,0.0,0.0,0.0,0.0,0.7751937984496124,0.0,18.6046511627907
frescobaldi_frescobaldi,2024-12-31,1a2c3a66e95f7867ce683aa79de054a26822191b,295.0,31289.0,0.0,0.0,0.0,0.0,0.0,0.0,0.0,0.0,0.0,21.35593220338983,0.0,0.0,0.0,0.0,0.0,0.0,0.0,0.0,0.0,0.0,0.0,0.0,0.0,0.0,0.0,0.0,0.0,0.3389830508474576,0.0,0.0,0.0,0.0,0.0,0.0,0.0,0.0,1.694915254237288,0.3389830508474576,0.0,0.3389830508474576
gaphor_gaphas,2024-12-31,ed58ba9f7699604ae80a54dcc7d051fd3964593d,73.0,5420.0,0.0,0.0,0.0,0.0,0.0,16.43835616438356,8.21917808219178,0.0,0.0,20.54794520547945,0.0,0.0,0.0,0.0,0.0,0.0,0.0,0.0,0.0,0.0,0.0,0.0,0.0,0.0,0.0,0.0,0.0,0.0,47.94520547945205,46.57534246575342,1.36986301369863,1.36986301369863,0.0,0.0,0.0,0.0,8.21917808219178,4.10958904109589,0.0,35.61643835616438
gaphor_gaphor,2024-12-31,7615ad0430fa68fe33a49a063447f9b602936581,545.0,35435.0,0.0,0.0,0.0,0.0,0.0,2.5688073394495414,2.5688073394495414,0.0,0.0,22.568807339449542,0.0,0.5504587155963303,0.3669724770642202,0.0,0.1834862385321101,0.0,0.1834862385321101,0.3669724770642202,0.1834862385321101,0.0,0.7339449541284404,0.5504587155963303,0.3669724770642202,0.3669724770642202,0.7339449541284404,0.0,2.0183486238532113,1.4678899082568808,33.211009174311926,24.954128440366972,1.2844036697247707,1.2844036697247707,0.0,0.0,0.0,0.0,6.055045871559633,13.577981651376147,0.3669724770642202,28.990825688073397
geekcomputers_python,2024-12-31,3c4beaf9f62c9bd3f4e74325b02d635b536dde95,642.0,24709.0,0.0,0.0,0.0,0.0,0.0,0.3115264797507788,0.3115264797507788,0.0,0.1557632398753894,16.043613707165107,0.0,1.0903426791277258,0.778816199376947,0.0,0.0,0.0,0.1557632398753894,1.0903426791277258,0.0,0.0,0.0,0.1557632398753894,0.0,0.0,0.0,0.0,0.0,0.1557632398753894,4.361370716510903,3.7383177570093453,0.46728971962616817,0.46728971962616817,0.0,0.0,0.0,0.0,0.0,0.0,0.0,0.6230529595015576
gem_oq-engine,2024-12-31,228f5053e6150fc85f54d2a84496aa9ddf5624ea,894.0,93571.0,0.0,0.0,0.0,0.0,2.348993288590604,0.0,0.0,0.0,0.0,12.416107382550337,0.0,0.0,0.0,0.0,0.0,0.0,0.0,0.0,0.0,0.0,1.6778523489932886,0.22371364653243847,0.0,0.0,0.22371364653243847,0.0,0.0,0.0,23.154362416107382,1.901565995525727,1.6778523489932886,1.6778523489932886,0.0,0.0,0.0,0.0,1.5659955257270695,0.0,0.22371364653243847,1.1185682326621924
geopython_pycsw,2024-12-31,392e02a72e181022aa8e39e09488850a70e48e58,57.0,10491.0,0.0,0.0,0.0,0.0,0.0,0.0,0.0,0.0,0.0,54.385964912280706,0.0,0.0,0.0,0.0,0.0,0.0,0.0,0.0,0.0,0.0,0.0,0.0,1.7543859649122806,0.0,1.7543859649122806,0.0,0.0,0.0,10.526315789473683,7.017543859649122,0.0,0.0,0.0,0.0,0.0,0.0,1.7543859649122806,0.0,0.0,0.0
getlogbook_logbook,2024-12-31,2b4fe2aeb942c734886e236afba52accd06b6d51,66.0,5362.0,0.0,0.0,0.0,0.0,0.0,1.5151515151515151,1.5151515151515151,0.0,0.0,18.181818181818183,0.0,0.0,0.0,0.0,0.0,0.0,0.0,0.0,0.0,0.0,0.0,0.0,0.0,0.0,0.0,0.0,0.0,0.0,0.0,0.0,0.0,0.0,0.0,0.0,0.0,0.0,1.5151515151515151,10.606060606060606,0.0,0.0
getpelican_pelican,2024-12-31,ac28ddb9bf717085295c2c48393261d691b73fa1,46.0,7239.0,0.0,0.0,0.0,0.0,0.0,0.0,0.0,0.0,0.0,43.47826086956522,0.0,0.0,0.0,0.0,0.0,0.0,0.0,0.0,0.0,0.0,0.0,0.0,0.0,0.0,4.3478260869565215,0.0,0.0,2.1739130434782608,19.565217391304348,19.565217391304348,2.1739130434782608,2.1739130434782608,0.0,0.0,0.0,0.0,0.0,0.0,2.1739130434782608,6.521739130434782
getsentry_sentry,2024-12-31,ad2b920ec9e704bd1ea1905a1a43644a1569198f,5380.0,400740.0,0.0,0.0,0.0,0.0,0.0,0.01858736059479554,0.0,0.0,0.0,30.836431226765797,0.0,0.07434944237918216,0.055762081784386616,0.01858736059479554,0.0,0.0,0.01858736059479554,0.055762081784386616,0.0,0.0,0.16728624535315986,1.4312267657992566,0.2788104089219331,0.11152416356877323,3.940520446096654,0.07434944237918216,0.0,0.2788104089219331,47.95539033457249,49.10780669144981,3.104089219330855,3.104089219330855,0.03717472118959108,0.0,0.0,0.0,0.5762081784386617,1.7100371747211895,0.01858736059479554,25.33457249070632
ghoseb_planet.clojure,2024-12-31,034943227f28da0c941d813c06a9df2d4757a7cd,96.0,5248.0,0.0,0.0,0.0,0.0,0.0,0.0,0.0,0.0,0.0,0.0,0.0,0.0,0.0,0.0,0.0,0.0,0.0,0.0,0.0,0.0,0.0,0.0,0.0,0.0,0.0,0.0,0.0,0.0,0.0,0.0,0.0,0.0,0.0,0.0,0.0,0.0,0.0,0.0,0.0,0.0
git-cola_git-cola,2024-12-31,80d94ad4ed6779c40a899ef3eeb36e08d69c31ab,183.0,29798.0,0.0,0.0,0.0,0.0,0.0,0.0,0.0,0.0,0.0,18.579234972677597,0.0,0.0,0.0,0.0,0.0,0.0,0.0,0.0,0.0,0.0,0.0,1.092896174863388,0.0,0.0,0.0,0.0,0.0,0.0,0.546448087431694,0.546448087431694,2.185792349726776,2.185792349726776,0.0,0.0,0.0,0.0,0.0,0.0,0.0,0.546448087431694
gitpython-developers_gitpython,2024-12-31,49ca9099dc75d0d686ec6737da36637cbee1c000,77.0,13951.0,0.0,0.0,0.0,0.0,0.0,0.0,0.0,0.0,0.0,37.66233766233766,0.0,0.0,0.0,0.0,0.0,0.0,0.0,0.0,0.0,0.0,1.2987012987012987,3.896103896103896,0.0,0.0,0.0,0.0,0.0,1.2987012987012987,46.75324675324675,51.94805194805194,5.194805194805195,5.194805194805195,0.0,0.0,0.0,0.0,0.0,0.0,1.2987012987012987,37.66233766233766
glideinwms_glideinwms,2024-12-31,c9711ed448bd8cfcab668c21a26a0ec07e592746,166.0,28531.0,0.0,0.0,0.0,0.0,0.0,0.0,0.0,0.0,0.0,52.40963855421686,0.0,0.0,0.0,0.0,0.0,0.0,0.0,0.0,0.0,0.0,0.0,0.0,0.0,0.0,0.0,0.0,0.0,0.0,1.2048192771084338,0.0,0.0,0.0,0.0,0.0,0.0,0.0,0.0,0.0,2.4096385542168677,0.0
glue-viz_glue,2024-12-31,14fcc3ecf52f28285c2a74fb30e664b5bd817368,222.0,27156.0,0.0,0.0,0.0,0.0,0.9009009009009009,0.0,0.0,0.0,0.0,6.306306306306306,0.0,0.0,0.0,0.0,0.0,0.0,0.0,0.0,0.0,0.0,0.0,0.45045045045045046,0.0,0.0,0.0,0.0,0.45045045045045046,0.0,0.0,0.0,1.3513513513513513,1.3513513513513513,0.0,0.0,0.0,0.0,0.0,0.0,0.0,0.0
gluejar_regluit,2024-12-31,37a5486abe10270f7ece75dec8df54db49f5ec9c,242.0,15364.0,0.0,0.0,0.0,0.0,0.0,0.0,0.0,0.0,0.0,4.958677685950414,0.0,0.0,0.0,0.0,0.0,0.0,0.0,0.0,0.0,0.0,0.0,0.0,0.0,0.0,0.0,0.0,0.0,0.0,0.0,0.0,0.0,0.0,0.0,0.0,0.0,0.0,0.0,0.0,0.0,0.0
gorakhargosh_watchdog,2024-12-31,5e25222c22ac274c3b4a63d0c8e89fafe165a895,49.0,4645.0,0.0,0.0,0.0,0.0,0.0,0.0,0.0,0.0,0.0,32.6530612244898,0.0,0.0,0.0,0.0,0.0,0.0,0.0,0.0,0.0,0.0,0.0,4.081632653061225,0.0,0.0,0.0,0.0,0.0,8.16326530612245,59.183673469387756,61.224489795918366,34.69387755102041,34.69387755102041,0.0,0.0,0.0,0.0,6.122448979591836,0.0,0.0,36.734693877551024
gpodder_gpodder,2024-12-31,fa764019b395bea673e2ed05c9f545e33a47886e,101.0,15757.0,0.0,0.0,0.0,0.0,0.0,0.0,0.0,0.0,0.0,8.91089108910891,0.0,0.0,0.0,0.0,0.0,0.0,0.0,0.0,0.0,0.0,0.0,0.0,0.0,0.0,0.0,0.0,0.0,0.9900990099009901,0.0,0.0,1.9801980198019802,1.9801980198019802,0.0,0.0,0.0,0.0,0.0,0.0,0.0,0.0
gpodder_mygpo,2024-12-31,6aadc5d98f2806c8162708af5811d0b70a129d8a,309.0,8895.0,0.0,0.0,0.0,0.0,0.0,0.0,0.0,0.0,0.0,0.6472491909385114,0.0,0.0,0.0,0.0,0.0,0.0,0.0,0.0,0.0,0.0,0.0,0.0,0.0,0.0,0.0,0.0,0.0,0.0,0.0,0.0,0.0,0.0,0.0,0.0,0.0,0.0,0.0,0.0,0.0,0.0
hasgeek_coaster,2024-12-31,8f5a618c3742101ab8f939d69a039f7ac7ff85a1,56.0,11162.0,0.0,0.0,0.0,0.0,0.0,16.071428571428573,12.5,0.0,3.571428571428571,48.214285714285715,0.0,0.0,0.0,0.0,0.0,0.0,0.0,0.0,0.0,0.0,0.0,3.571428571428571,0.0,0.0,0.0,0.0,0.0,0.0,75.0,92.85714285714286,17.857142857142858,17.857142857142858,0.0,0.0,0.0,0.0,5.357142857142857,8.928571428571429,8.928571428571429,71.42857142857143
hasgeek_funnel,2024-12-31,b9aad4647ca6d1bf8d84ece4a385755991830371,491.0,33023.0,0.0,0.20366598778004072,0.0,0.0,0.0,1.0183299389002036,1.0183299389002036,0.0,0.8146639511201629,28.5132382892057,0.0,1.4256619144602851,0.8146639511201629,0.20366598778004072,0.0,0.0,0.20366598778004072,1.2219959266802443,0.0,0.0,0.0,0.20366598778004072,0.40733197556008144,0.0,0.40733197556008144,0.0,0.0,0.0,58.248472505091655,94.90835030549898,1.8329938900203666,1.8329938900203666,0.0,0.0,0.0,0.0,0.20366598778004072,3.054989816700611,0.6109979633401221,51.73116089613035
hasgeek_hasjob,2024-12-31,28807fa5b6ddfc62e7d5968651ce34da027b17f6,140.0,5937.0,0.0,0.0,0.0,0.0,0.0,0.0,0.0,0.0,0.0,3.571428571428571,0.0,0.0,0.0,0.0,0.0,0.0,0.0,0.0,0.0,0.0,0.0,0.0,0.0,0.0,0.0,0.0,0.0,0.0,2.142857142857143,2.142857142857143,0.0,0.0,0.0,0.0,0.0,0.0,0.0,0.0,0.7142857142857143,0.7142857142857143
healpy_healpy,2024-12-31,ddbc4885afffd64cc123503acf3365ade6ad8da5,26.0,5478.0,0.0,0.0,0.0,0.0,0.0,0.0,0.0,0.0,0.0,3.8461538461538463,0.0,0.0,0.0,0.0,0.0,0.0,0.0,0.0,0.0,0.0,0.0,0.0,0.0,0.0,0.0,0.0,0.0,0.0,0.0,0.0,0.0,0.0,0.0,0.0,0.0,0.0,0.0,0.0,0.0,0.0
hhatto_autopep8,2024-12-31,5b9a95364d6cebc3f41b7ee29df353f89b4c9406,72.0,8184.0,0.0,0.0,0.0,0.0,0.0,0.0,0.0,0.0,0.0,4.166666666666666,0.0,0.0,0.0,0.0,0.0,0.0,0.0,0.0,0.0,0.0,2.7777777777777777,0.0,0.0,0.0,0.0,0.0,0.0,0.0,4.166666666666666,4.166666666666666,1.3888888888888888,1.3888888888888888,0.0,0.0,0.0,0.0,0.0,0.0,1.3888888888888888,0.0
hhru_frontik,2024-12-31,b20109600a5ca22d272105ce2235635a63ba853b,112.0,4934.0,0.0,0.0,0.0,0.0,0.0,59.82142857142857,48.214285714285715,0.8928571428571428,0.8928571428571428,26.785714285714285,0.0,0.0,0.0,0.0,0.0,0.0,0.0,0.0,0.0,0.0,0.0,0.8928571428571428,0.0,0.8928571428571428,0.8928571428571428,0.0,0.0,0.8928571428571428,64.28571428571429,75.89285714285714,4.464285714285714,4.464285714285714,0.0,0.0,0.0,0.0,1.7857142857142856,2.6785714285714284,0.0,30.357142857142854
holland-backup_holland,2024-12-31,636098a350a03c25172f6986f47d93ea2a5c19ba,81.0,6352.0,0.0,0.0,0.0,0.0,0.0,0.0,0.0,0.0,0.0,1.2345679012345678,0.0,0.0,0.0,0.0,0.0,0.0,0.0,0.0,0.0,0.0,0.0,0.0,0.0,0.0,0.0,0.0,0.0,0.0,0.0,0.0,0.0,0.0,0.0,0.0,0.0,0.0,0.0,0.0,0.0,0.0
hyperion-rt_hyperion,2024-12-31,dde0c3124e28178172062bb902f86dc9f4583bdf,115.0,14678.0,0.0,0.0,0.0,0.0,0.0,0.0,0.0,0.0,0.0,0.0,0.0,0.0,0.0,0.0,0.0,0.0,0.0,0.0,0.0,0.0,0.0,0.0,0.0,0.0,0.0,0.0,0.0,0.0,0.0,0.0,0.0,0.0,0.0,0.0,0.0,0.0,0.0,0.0,0.0,0.0
hyperopt_hyperopt,2024-12-31,cdbeeff5147550000cf3cf26de3fd9f92af17316,51.0,8041.0,0.0,0.0,0.0,0.0,0.0,0.0,0.0,0.0,0.0,27.450980392156865,0.0,0.0,0.0,0.0,0.0,0.0,0.0,0.0,0.0,0.0,0.0,0.0,0.0,0.0,0.0,0.0,0.0,0.0,7.8431372549019605,0.0,1.9607843137254901,1.9607843137254901,0.0,0.0,0.0,0.0,0.0,0.0,0.0,0.0
hyperspy_hyperspy,2024-12-31,6924366631f2165d0ac79df7ef91b4bbdc80d584,337.0,43595.0,0.0,0.0,0.0,0.0,5.044510385756676,0.0,0.0,0.0,0.0,16.61721068249258,0.0,0.0,0.0,0.0,0.0,0.0,0.0,0.0,0.0,0.0,0.2967359050445104,0.2967359050445104,1.1869436201780417,0.0,1.1869436201780417,0.8902077151335311,0.5934718100890208,0.0,0.2967359050445104,0.0,1.1869436201780417,1.1869436201780417,0.0,0.0,0.0,0.0,0.0,0.0,0.2967359050445104,0.0
ilanschnell_bitarray,2024-12-31,39de44de116b15f3b0ceeb24cb129768ee6d25d9,35.0,7782.0,0.0,0.0,0.0,0.0,0.0,0.0,0.0,0.0,0.0,2.857142857142857,0.0,0.0,0.0,0.0,0.0,0.0,0.0,0.0,0.0,0.0,0.0,0.0,0.0,0.0,0.0,0.0,0.0,0.0,0.0,5.714285714285714,0.0,0.0,0.0,0.0,0.0,0.0,0.0,0.0,0.0,5.714285714285714
ilastik_volumina,2024-12-31,fedb08799de88145f438619287c1504934f2cab7,135.0,13406.0,0.0,0.0,0.0,0.0,0.0,0.0,0.0,0.0,0.0,6.666666666666667,0.0,0.0,0.0,0.0,0.0,0.0,0.0,0.0,0.0,0.0,0.0,0.0,0.0,0.0,0.0,0.0,0.0,0.0,11.851851851851853,10.37037037037037,2.9629629629629632,2.9629629629629632,0.0,0.0,0.0,0.0,0.0,0.0,0.0,0.7407407407407408
ilius_pyglossary,2024-12-31,f4c399641bd91e6d0417865888710fabecac2481,239.0,26390.0,0.0,0.0,0.0,0.0,0.0,0.41841004184100417,0.0,0.0,0.0,64.01673640167364,0.0,0.0,0.0,0.0,0.0,0.0,0.0,0.0,0.0,0.0,0.8368200836820083,0.41841004184100417,0.41841004184100417,0.41841004184100417,0.0,0.0,0.0,2.510460251046025,69.4560669456067,69.4560669456067,1.2552301255230125,1.2552301255230125,0.0,0.0,0.0,0.0,8.368200836820083,1.6736401673640167,2.092050209205021,43.93305439330544
ilius_starcal,2024-12-31,c19254c2c95e45bfcf1675a5dd830addf4eb9a3c,259.0,32277.0,0.0,0.0,0.0,0.0,0.0,0.0,0.0,0.0,0.0,45.559845559845556,0.0,0.0,0.0,0.0,0.0,0.0,0.0,0.0,0.0,0.0,0.0,0.0,0.0,0.0,0.0,0.0,0.0,0.0,32.432432432432435,27.413127413127413,0.7722007722007722,0.7722007722007722,0.0,0.0,0.0,0.0,0.0,1.1583011583011582,0.0,0.3861003861003861
indico_indico,2024-12-31,b73a958d615939ad172129f051a8b858bb0239f3,1097.0,76185.0,0.0,0.0,0.0,0.0,0.0,0.0,0.0,0.0,0.0,33.63719234275296,0.0,0.09115770282588878,0.09115770282588878,0.0,0.0,0.0,0.0,0.09115770282588878,0.0,0.0,0.0,2.643573381950775,2.0054694621695535,0.09115770282588878,1.4585232452142205,0.0,0.0,0.5469462169553327,3.4639927073837744,1.276207839562443,6.289881494986327,6.289881494986327,0.0,0.0,0.0,0.0,1.0027347310847767,7.474931631722881,0.09115770282588878,1.4585232452142205
inducer_pudb,2024-12-31,2b08f08910da00e58df736c719f11ae75bd5333c,42.0,3663.0,0.0,0.0,0.0,0.0,0.0,0.0,0.0,0.0,0.0,21.428571428571427,0.0,0.0,0.0,0.0,0.0,0.0,0.0,0.0,0.0,0.0,0.0,2.380952380952381,0.0,0.0,0.0,0.0,0.0,0.0,9.523809523809524,14.285714285714285,0.0,0.0,0.0,0.0,0.0,0.0,0.0,0.0,2.380952380952381,2.380952380952381
inducer_pycuda,2024-12-31,3827be48c665cf93b11b43630428e6be182b5a4c,75.0,8316.0,0.0,0.0,0.0,0.0,0.0,0.0,0.0,0.0,0.0,8.0,0.0,0.0,0.0,0.0,0.0,0.0,0.0,0.0,0.0,0.0,0.0,0.0,0.0,0.0,0.0,0.0,0.0,1.3333333333333335,2.666666666666667,1.3333333333333335,1.3333333333333335,1.3333333333333335,0.0,0.0,0.0,0.0,1.3333333333333335,0.0,0.0,0.0
inducer_pymbolic,2024-12-31,67b6e09afde425bae8146631ebef5177e58bdb7f,55.0,5524.0,0.0,0.0,0.0,0.0,0.0,0.0,0.0,0.0,0.0,32.72727272727273,0.0,1.8181818181818181,1.8181818181818181,0.0,1.8181818181818181,0.0,1.8181818181818181,0.0,0.0,0.0,0.0,7.2727272727272725,9.090909090909092,0.0,0.0,0.0,0.0,0.0,34.54545454545455,41.81818181818181,7.2727272727272725,7.2727272727272725,0.0,0.0,0.0,0.0,1.8181818181818181,0.0,7.2727272727272725,32.72727272727273
inducer_pyopencl,2024-12-31,0c1b543af09b15c29f01e2c822d074c6e9b0ee27,50.0,10682.0,0.0,0.0,0.0,0.0,0.0,0.0,0.0,0.0,0.0,36.0,0.0,0.0,0.0,0.0,0.0,0.0,0.0,0.0,0.0,0.0,0.0,12.0,14.000000000000002,0.0,0.0,0.0,2.0,0.0,10.0,10.0,4.0,4.0,0.0,0.0,0.0,0.0,0.0,0.0,0.0,22.0
inducer_pytools,2024-12-31,37e34d185e27e8f93660c3523b014ecbea7e9cd0,27.0,3480.0,0.0,0.0,0.0,0.0,0.0,0.0,0.0,0.0,0.0,55.55555555555556,0.0,0.0,0.0,0.0,0.0,0.0,0.0,0.0,0.0,0.0,0.0,7.4074074074074066,3.7037037037037033,0.0,0.0,0.0,0.0,0.0,59.25925925925925,62.96296296296296,3.7037037037037033,3.7037037037037033,0.0,0.0,0.0,0.0,3.7037037037037033,0.0,0.0,44.44444444444444
inducer_sumpy,2024-12-31,6f5d45d620a2f090409c6e48dacee6c0e36b1fd4,41.0,7557.0,0.0,0.0,0.0,0.0,7.317073170731707,0.0,0.0,0.0,0.0,56.09756097560976,0.0,0.0,0.0,0.0,0.0,0.0,0.0,0.0,0.0,0.0,0.0,21.951219512195124,14.634146341463413,0.0,2.4390243902439024,0.0,0.0,0.0,29.268292682926827,29.268292682926827,4.878048780487805,4.878048780487805,0.0,0.0,0.0,0.0,0.0,0.0,2.4390243902439024,24.390243902439025
internetarchive_openlibrary,2024-12-31,f20a00f50511cb4c03a4f25c885b6fcea4a5688e,324.0,32151.0,0.0,0.0,0.0,0.0,0.0,5.246913580246913,4.938271604938271,0.30864197530864196,2.7777777777777777,44.135802469135804,0.0,0.9259259259259258,0.6172839506172839,0.6172839506172839,0.0,0.0,0.0,0.9259259259259258,0.0,0.0,0.0,1.5432098765432098,0.9259259259259258,0.0,4.320987654320987,0.0,0.30864197530864196,0.30864197530864196,39.50617283950617,39.50617283950617,0.30864197530864196,0.30864197530864196,0.0,0.0,0.0,0.0,3.7037037037037033,24.074074074074073,0.0,22.22222222222222
inveniosoftware_invenio,2024-12-31,63c9325ec41f940576f05ed40102be89ddc4feb8,4.0,44.0,0.0,0.0,0.0,0.0,0.0,0.0,0.0,0.0,0.0,0.0,0.0,0.0,0.0,0.0,0.0,0.0,0.0,0.0,0.0,0.0,0.0,0.0,0.0,0.0,0.0,0.0,0.0,0.0,0.0,0.0,0.0,0.0,0.0,0.0,0.0,0.0,0.0,0.0,0.0,0.0
inyokaproject_inyoka,2024-12-31,efb69374a373b8fe39c2501de178d23bbb400190,279.0,21813.0,0.0,0.0,0.0,0.0,0.0,0.0,0.0,0.0,0.0,14.695340501792115,0.0,0.0,0.0,0.0,0.0,0.0,0.0,0.0,0.0,0.0,0.0,0.0,0.0,0.0,0.0,0.0,0.0,0.0,3.225806451612903,2.1505376344086025,0.0,0.0,0.0,0.0,0.0,0.0,3.225806451612903,0.0,0.0,0.35842293906810035
ipa320_cob_command_tools,2024-12-31,7b3825820ec7b2a8c9a352b5163787180cf2d829,44.0,4744.0,0.0,0.0,0.0,0.0,0.0,0.0,0.0,0.0,0.0,0.0,0.0,0.0,0.0,0.0,0.0,0.0,0.0,0.0,0.0,0.0,0.0,0.0,0.0,0.0,0.0,0.0,0.0,0.0,0.0,0.0,0.0,0.0,0.0,0.0,0.0,0.0,0.0,0.0,0.0,0.0
ipython_ipython,2024-12-31,a8810c6c02e9a190beec557aef0ca5cb8a4eeeba,292.0,33110.0,0.0,0.0,0.0,0.0,0.0,2.054794520547945,1.36986301369863,0.684931506849315,0.0,13.698630136986301,0.0,0.0,0.0,0.0,0.0,0.0,0.0,0.0,0.0,0.0,0.684931506849315,1.7123287671232876,0.684931506849315,0.3424657534246575,1.0273972602739725,0.0,0.0,1.36986301369863,15.753424657534246,15.41095890410959,6.506849315068493,6.506849315068493,0.0,0.0,0.0,0.0,1.36986301369863,0.3424657534246575,0.0,13.698630136986301
jaraco_inflect,2024-12-31,3803796d2e1c75fb337c8d04c05426fa59d6446c,16.0,936.0,0.0,0.0,0.0,0.0,0.0,0.0,0.0,0.0,0.0,18.75,0.0,0.0,0.0,0.0,0.0,0.0,0.0,0.0,0.0,0.0,0.0,0.0,0.0,0.0,0.0,0.0,0.0,0.0,0.0,0.0,0.0,0.0,0.0,0.0,0.0,0.0,0.0,0.0,0.0,6.25
jazzband_django-axes,2024-12-31,9a7673a47ee064cb8150ddeef1394d7157079741,55.0,2979.0,0.0,0.0,0.0,0.0,0.0,1.8181818181818181,1.8181818181818181,0.0,0.0,21.818181818181817,0.0,0.0,0.0,0.0,0.0,0.0,0.0,0.0,0.0,0.0,0.0,0.0,0.0,0.0,1.8181818181818181,0.0,0.0,0.0,25.454545454545453,25.454545454545453,9.090909090909092,9.090909090909092,0.0,0.0,0.0,0.0,0.0,0.0,0.0,5.454545454545454
jazzband_django-debug-toolbar,2024-12-31,f3f604977053d00f052a4b5a67e6a068f1ca2392,79.0,4576.0,0.0,0.0,0.0,0.0,0.0,13.924050632911392,13.924050632911392,1.2658227848101267,0.0,30.37974683544304,0.0,0.0,0.0,0.0,0.0,0.0,0.0,0.0,0.0,0.0,0.0,2.5316455696202533,0.0,0.0,0.0,0.0,0.0,0.0,2.5316455696202533,2.5316455696202533,6.329113924050633,6.329113924050633,0.0,0.0,0.0,0.0,2.5316455696202533,2.5316455696202533,1.2658227848101267,3.79746835443038
jazzband_django-model-utils,2024-12-31,bf13ba6733d1f5b983219454d908b0d10c4a9d8d,30.0,2948.0,0.0,0.0,0.0,0.0,0.0,0.0,0.0,0.0,0.0,6.666666666666667,0.0,0.0,0.0,0.0,0.0,0.0,0.0,0.0,0.0,0.0,0.0,0.0,0.0,0.0,0.0,0.0,0.0,0.0,30.0,90.0,16.666666666666664,16.666666666666664,0.0,0.0,0.0,0.0,3.3333333333333335,0.0,0.0,33.33333333333333
jazzband_django-pipeline,2024-12-31,83a0ae71bd735724d2ea6a5e33694812441b03a4,48.0,1599.0,0.0,0.0,0.0,0.0,0.0,0.0,0.0,0.0,0.0,14.583333333333334,0.0,0.0,0.0,0.0,0.0,0.0,0.0,0.0,0.0,0.0,0.0,0.0,0.0,0.0,0.0,0.0,0.0,0.0,0.0,2.083333333333333,0.0,0.0,0.0,0.0,0.0,0.0,2.083333333333333,0.0,0.0,0.0
jazzband_django-simple-history,2024-12-31,4325591988617ead33d66039bea1a81bf732369d,47.0,5737.0,0.0,0.0,0.0,0.0,0.0,2.127659574468085,2.127659574468085,0.0,0.0,34.04255319148936,0.0,0.0,0.0,0.0,0.0,0.0,0.0,0.0,0.0,0.0,0.0,2.127659574468085,0.0,0.0,6.382978723404255,2.127659574468085,0.0,0.0,19.148936170212767,19.148936170212767,10.638297872340425,10.638297872340425,0.0,0.0,0.0,0.0,0.0,0.0,0.0,6.382978723404255
jazzband_django-taggit,2024-12-31,f4f82afcdeb80cbb9ea95f36ae6273b0750552ee,53.0,2488.0,0.0,0.0,0.0,0.0,0.0,0.0,0.0,0.0,0.0,11.320754716981133,0.0,0.0,0.0,0.0,0.0,0.0,0.0,0.0,0.0,0.0,0.0,0.0,0.0,0.0,1.8867924528301887,0.0,0.0,0.0,0.0,1.8867924528301887,1.8867924528301887,1.8867924528301887,0.0,0.0,0.0,0.0,0.0,0.0,0.0,0.0
jazzband_sorl-thumbnail,2024-12-31,594418a7882efe95fee6081963238858aeed1f08,53.0,2750.0,0.0,0.0,0.0,0.0,0.0,0.0,0.0,0.0,0.0,0.0,0.0,0.0,0.0,0.0,0.0,0.0,0.0,0.0,0.0,0.0,0.0,0.0,0.0,0.0,0.0,0.0,0.0,0.0,0.0,0.0,0.0,0.0,0.0,0.0,0.0,0.0,0.0,0.0,0.0,0.0
jazzband_tablib,2024-12-31,dcab406c553fc8b3c2e0aef955e9e8adea0590d8,27.0,3167.0,0.0,0.0,0.0,0.0,0.0,0.0,0.0,0.0,0.0,33.33333333333333,0.0,0.0,0.0,0.0,0.0,0.0,0.0,0.0,0.0,0.0,0.0,0.0,0.0,0.0,0.0,0.0,0.0,0.0,0.0,3.7037037037037033,3.7037037037037033,3.7037037037037033,0.0,0.0,0.0,0.0,0.0,0.0,0.0,0.0
jeetsukumaran_dendropy,2024-12-31,db76e3da876cda15b16d1b9409b84840b3995bd0,390.0,34447.0,0.0,0.0,0.0,0.0,0.0,0.0,0.0,0.0,0.0,0.5128205128205128,0.0,0.0,0.0,0.0,0.0,0.0,0.0,0.0,0.0,0.0,0.0,0.2564102564102564,0.0,0.0,0.0,0.0,0.0,0.0,0.0,0.0,0.0,0.0,0.0,0.0,0.0,0.0,0.0,0.0,0.2564102564102564,0.0
jelmer_dulwich,2024-12-31,888d98048a15b0fb5581d1b06afc019df64061aa,107.0,26073.0,0.0,0.0,0.0,0.0,0.0,0.0,0.0,0.0,0.0,51.4018691588785,0.0,0.0,0.0,0.0,0.0,0.0,0.0,0.0,0.0,0.0,0.0,12.149532710280374,0.0,0.0,0.0,0.0,0.0,0.9345794392523363,25.233644859813083,91.58878504672897,7.476635514018691,7.476635514018691,0.0,0.0,0.0,0.0,9.345794392523365,0.0,0.0,33.64485981308411
jfisteus_eyegrade,2024-12-31,50750dec2164503b8cf49b81207a8ffce301ea21,54.0,9851.0,0.0,0.0,0.0,0.0,0.0,0.0,0.0,0.0,0.0,12.962962962962962,0.0,0.0,0.0,0.0,0.0,0.0,0.0,0.0,0.0,0.0,0.0,0.0,1.8518518518518516,0.0,0.0,0.0,0.0,0.0,25.925925925925924,22.22222222222222,0.0,0.0,0.0,0.0,0.0,0.0,0.0,0.0,0.0,24.074074074074073
jieter_django-tables2,2024-12-31,0886225a3927c152399e62eab10c074f69fc0bc4,75.0,6141.0,0.0,0.0,0.0,0.0,0.0,0.0,0.0,0.0,0.0,42.66666666666667,0.0,0.0,0.0,0.0,0.0,0.0,0.0,0.0,0.0,0.0,0.0,0.0,0.0,0.0,0.0,0.0,0.0,0.0,1.3333333333333335,2.666666666666667,0.0,0.0,0.0,0.0,0.0,0.0,1.3333333333333335,0.0,0.0,0.0
joblib_joblib,2024-12-31,2158ea56f45990f994849a7babd15c819b8f8275,82.0,11377.0,0.0,0.0,0.0,0.0,1.2195121951219512,3.6585365853658534,3.6585365853658534,1.2195121951219512,0.0,35.36585365853659,0.0,0.0,0.0,0.0,0.0,0.0,0.0,0.0,0.0,0.0,0.0,2.4390243902439024,1.2195121951219512,1.2195121951219512,2.4390243902439024,0.0,0.0,0.0,2.4390243902439024,2.4390243902439024,3.6585365853658534,3.6585365853658534,0.0,0.0,0.0,0.0,1.2195121951219512,0.0,0.0,1.2195121951219512
jobovy_galpy,2024-12-31,6f3dd8023707f6b212f56288a4d97606c2bb1c72,168.0,56841.0,0.0,0.0,0.0,0.0,0.0,0.0,0.0,0.0,0.0,19.047619047619047,0.0,0.0,0.0,0.0,0.0,0.0,0.0,0.0,0.0,0.0,0.0,0.5952380952380952,0.0,0.0,0.0,0.0,0.0,0.0,0.5952380952380952,0.5952380952380952,0.5952380952380952,0.5952380952380952,0.0,0.0,0.0,0.0,0.5952380952380952,0.0,0.5952380952380952,0.0
jodal_comics,2024-12-31,b5ce2e56fa402b2815214c7611d899ae3102011b,317.0,6454.0,0.0,0.0,0.0,0.0,0.0,0.0,0.0,0.0,0.0,3.1545741324921135,0.0,0.0,0.0,0.0,0.0,0.0,0.0,0.0,0.0,0.0,0.0,0.0,0.0,0.0,0.0,0.0,0.0,0.0,0.9463722397476341,0.9463722397476341,0.0,0.0,0.0,0.0,0.0,0.0,0.0,0.0,0.0,1.2618296529968454
jsonpickle_jsonpickle,2024-12-31,958452b6e268376b4d23a2638471834f49750c4c,42.0,5973.0,0.0,0.0,0.0,0.0,0.0,0.0,0.0,0.0,0.0,26.190476190476193,0.0,0.0,0.0,0.0,0.0,0.0,0.0,0.0,0.0,0.0,0.0,0.0,0.0,0.0,0.0,0.0,0.0,0.0,2.380952380952381,0.0,0.0,0.0,0.0,0.0,0.0,0.0,0.0,0.0,0.0,0.0
kanjivg_kanjivg,2024-12-31,9f669433101ffb308dfb31fce746b0007e73651a,7.0,696.0,0.0,0.0,0.0,0.0,0.0,0.0,0.0,0.0,0.0,14.285714285714285,0.0,0.0,0.0,0.0,0.0,0.0,0.0,0.0,0.0,0.0,0.0,0.0,0.0,0.0,0.0,0.0,0.0,0.0,0.0,0.0,0.0,0.0,0.0,0.0,0.0,0.0,0.0,0.0,0.0,0.0
kapsiry_sikteeri,2024-12-31,32ea8926173d5fdc556bdac77317ca77811cf9c9,63.0,5627.0,0.0,0.0,0.0,0.0,0.0,0.0,0.0,0.0,0.0,0.0,0.0,0.0,0.0,0.0,0.0,0.0,0.0,0.0,0.0,0.0,0.0,0.0,0.0,0.0,0.0,0.0,0.0,0.0,0.0,0.0,0.0,0.0,0.0,0.0,0.0,0.0,0.0,0.0,0.0,0.0
karaage-cluster_karaage,2024-12-31,43929d5f942dd40f1d4a0b67cda6f564e97aee9c,187.0,9786.0,0.0,0.0,0.0,0.0,0.0,0.0,0.0,0.0,0.0,4.27807486631016,0.0,0.0,0.0,0.0,0.0,0.0,0.0,0.0,0.0,0.0,0.0,0.0,0.0,0.0,1.6042780748663104,0.0,0.0,0.0,1.06951871657754,1.06951871657754,0.0,0.0,0.0,0.0,0.0,0.0,0.0,0.0,0.0,0.53475935828877
karpenoktem_kninfra,2024-12-31,06a07c4a5ef32455428c87efdf2e91ad03b44edc,146.0,6816.0,0.0,0.0,0.0,0.0,0.0,0.0,0.0,0.0,0.0,0.0,0.0,0.0,0.0,0.0,0.0,0.0,0.0,0.0,0.0,0.0,0.0,0.0,0.0,0.0,0.0,0.0,0.0,0.0,0.0,0.0,0.0,0.0,0.0,0.0,0.0,0.0,0.0,0.0,0.0,0.0
kivy_kivy,2024-12-31,4da190355beb6c5ab1e4025304590ee05f8ee6d3,421.0,45083.0,0.0,0.0,0.0,0.0,0.0,3.32541567695962,2.8503562945368173,0.7125890736342043,0.4750593824228029,3.32541567695962,0.0,0.0,0.0,0.0,0.0,0.0,0.0,0.0,0.0,0.0,0.23752969121140144,0.0,0.0,0.23752969121140144,0.23752969121140144,0.0,0.23752969121140144,0.9501187648456058,0.23752969121140144,0.23752969121140144,0.7125890736342043,0.7125890736342043,0.0,0.0,0.0,0.0,0.23752969121140144,0.0,0.0,1.4251781472684086
kivy_python-for-android,2024-12-31,1d7c70147bd2a32949bbd04d9edd24881799b124,96.0,7503.0,0.0,0.0,0.0,0.0,0.0,0.0,0.0,0.0,0.0,32.29166666666667,0.0,0.0,0.0,0.0,0.0,0.0,0.0,0.0,0.0,0.0,0.0,3.125,0.0,0.0,0.0,0.0,0.0,0.0,2.083333333333333,1.0416666666666665,1.0416666666666665,1.0416666666666665,0.0,0.0,0.0,0.0,0.0,0.0,0.0,0.0
kliment_printrun,2024-12-31,424a3ec5ab0e8ec40624ded34775c54dd0a628c9,49.0,13648.0,0.0,0.0,0.0,0.0,0.0,0.0,0.0,0.0,0.0,8.16326530612245,0.0,0.0,0.0,0.0,0.0,0.0,0.0,0.0,0.0,0.0,0.0,0.0,0.0,0.0,0.0,0.0,0.0,2.0408163265306123,8.16326530612245,8.16326530612245,0.0,0.0,0.0,0.0,0.0,0.0,0.0,0.0,0.0,0.0
koalixswitzerland_koalixcrm,2024-12-31,2e0d519e105c1ae6adadc69476d7dfc5404595f1,306.0,9692.0,0.0,0.0,0.0,0.0,0.0,0.0,0.0,0.0,0.0,0.0,0.0,0.0,0.0,0.0,0.0,0.0,0.0,0.0,0.0,0.0,0.0,0.0,0.0,0.0,0.0,0.0,0.0,0.0,0.0,0.0,0.0,0.0,0.0,0.0,0.0,0.0,0.0,0.0,0.0,0.0
kozea_cairosvg,2024-12-31,abafa8ae248dc9cef0349adaa2f61849ea56920c,18.0,2304.0,0.0,0.0,0.0,0.0,0.0,0.0,0.0,0.0,0.0,61.111111111111114,0.0,0.0,0.0,0.0,0.0,0.0,0.0,0.0,0.0,0.0,5.555555555555555,0.0,5.555555555555555,0.0,0.0,0.0,0.0,0.0,0.0,0.0,5.555555555555555,5.555555555555555,0.0,0.0,0.0,0.0,0.0,0.0,0.0,0.0
kozea_pygal,2024-12-31,5d8b32c91b7625dc643f60c1b18a7a94a0eff1ef,72.0,6575.0,0.0,0.0,0.0,0.0,0.0,0.0,0.0,0.0,0.0,0.0,0.0,0.0,0.0,0.0,0.0,0.0,0.0,0.0,0.0,0.0,0.0,0.0,0.0,0.0,0.0,0.0,0.0,0.0,0.0,0.0,0.0,0.0,0.0,0.0,0.0,0.0,0.0,0.0,0.0,0.0
kozea_radicale,2024-12-31,d9e15dd7c6ea8a3bf66f4e4c33099a4e6904e773,64.0,5932.0,0.0,0.0,0.0,0.0,0.0,0.0,0.0,0.0,0.0,6.25,0.0,0.0,0.0,0.0,0.0,0.0,0.0,0.0,0.0,0.0,3.125,0.0,1.5625,0.0,3.125,0.0,0.0,4.6875,92.1875,95.3125,0.0,0.0,0.0,0.0,0.0,0.0,1.5625,0.0,0.0,53.125
kozea_weasyprint,2024-12-31,ad6dbf72bd2241c86c7d027b26a13eb0d4496d0c,131.0,24943.0,0.0,0.0,0.0,0.0,4.580152671755725,0.0,0.0,0.0,0.0,38.93129770992366,0.0,0.0,0.0,0.0,0.0,0.0,0.0,0.0,0.0,0.0,0.7633587786259541,4.580152671755725,9.923664122137405,0.0,0.7633587786259541,0.0,0.7633587786259541,0.0,0.0,0.0,1.5267175572519083,1.5267175572519083,0.0,0.0,0.0,0.0,2.2900763358778624,6.870229007633588,0.0,0.0
kupferlauncher_kupfer,2024-12-31,0460d1e6fafb13e1a2868287d92ffad19fefe2ff,243.0,33939.0,0.0,0.0,0.0,0.0,0.0,0.0,0.0,0.0,0.0,35.80246913580247,0.0,0.0,0.0,0.0,0.0,0.0,0.0,0.0,0.0,0.0,4.938271604938271,2.880658436213992,0.823045267489712,0.0,0.0,0.0,0.0,0.411522633744856,46.913580246913575,48.148148148148145,2.880658436213992,2.880658436213992,0.0,0.0,0.0,0.0,10.2880658436214,30.864197530864196,0.0,40.74074074074074
kurtmckee_feedparser,2024-12-31,75fb5e9a1ecf2e7581e6837fbb5053f671d9b328,49.0,3081.0,0.0,0.0,0.0,0.0,0.0,0.0,0.0,0.0,0.0,18.367346938775512,0.0,0.0,0.0,0.0,0.0,0.0,0.0,0.0,0.0,0.0,2.0408163265306123,0.0,6.122448979591836,0.0,0.0,0.0,0.0,0.0,10.204081632653061,8.16326530612245,4.081632653061225,4.081632653061225,0.0,0.0,0.0,0.0,0.0,0.0,2.0408163265306123,16.3265306122449
laramies_theharvester,2024-12-31,02392a690b1fdf679af868aba99fe03478273476,61.0,3554.0,0.0,0.0,0.0,0.0,0.0,90.1639344262295,86.88524590163934,0.0,13.114754098360656,80.32786885245902,0.0,0.0,0.0,0.0,0.0,0.0,0.0,0.0,0.0,0.0,0.0,0.0,0.0,0.0,0.0,0.0,0.0,0.0,73.77049180327869,90.1639344262295,1.639344262295082,1.639344262295082,0.0,0.0,0.0,0.0,0.0,3.278688524590164,0.0,67.21311475409836
learning-unlimited_esp-website,2024-12-31,117be38aa5f59bd48725cdce1891a402f152b806,594.0,40858.0,0.0,0.0,0.0,0.0,0.0,0.0,0.0,0.0,0.0,0.16835016835016833,0.0,0.0,0.0,0.0,0.0,0.0,0.0,0.0,0.0,0.0,0.0,0.0,0.0,0.0,0.0,0.0,0.0,0.0,0.0,0.0,0.0,0.0,0.0,0.0,0.0,0.0,0.0,0.0,0.0,0.0
lebigot_uncertainties,2024-12-31,61f688f920b34d06da521a5fb8b013043e2e2fe0,16.0,2048.0,0.0,0.0,0.0,0.0,0.0,0.0,0.0,0.0,0.0,6.25,0.0,0.0,0.0,0.0,0.0,0.0,0.0,0.0,0.0,0.0,0.0,0.0,0.0,0.0,0.0,0.0,0.0,0.0,0.0,0.0,0.0,0.0,0.0,0.0,0.0,0.0,0.0,0.0,0.0,0.0
libgit2_pygit2,2024-12-31,e75219d8bbb5cfb929d2da060f9eeb48ea466e24,72.0,7275.0,0.0,0.0,0.0,0.0,0.0,0.0,0.0,0.0,0.0,20.833333333333336,0.0,0.0,0.0,0.0,0.0,0.0,0.0,0.0,0.0,0.0,0.0,0.0,0.0,0.0,0.0,0.0,0.0,0.0,15.277777777777779,9.722222222222223,0.0,0.0,0.0,0.0,0.0,0.0,0.0,0.0,0.0,6.944444444444445
lilydjwg_winterpy,2024-12-31,a78335bdc7c62d48c092649d6a55ae0d6e317135,78.0,6172.0,0.0,0.0,0.0,0.0,0.0,5.128205128205128,5.128205128205128,0.0,0.0,12.82051282051282,0.0,0.0,0.0,0.0,0.0,0.0,0.0,0.0,0.0,0.0,2.564102564102564,0.0,0.0,0.0,0.0,0.0,0.0,3.8461538461538463,19.230769230769234,19.230769230769234,20.51282051282051,20.51282051282051,0.0,0.0,0.0,0.0,2.564102564102564,0.0,0.0,10.256410256410255
linuxossk_shakal-ng,2024-12-31,716502dcd8df2d94dd4c5ec0fdbf1e93fb22ef1b,311.0,10271.0,0.0,0.0,0.0,0.0,0.0,0.0,0.0,0.0,0.0,5.144694533762058,0.0,0.0,0.0,0.0,0.0,0.0,0.0,0.0,0.0,0.0,0.0,0.0,0.0,0.0,0.3215434083601286,0.0,0.0,0.0,1.929260450160772,1.929260450160772,0.3215434083601286,0.3215434083601286,0.0,0.0,0.0,0.0,1.2861736334405145,0.0,0.0,0.0
lmfit_lmfit-py,2024-12-31,6f8551ac545ccf7bf968f7a9a894e90c74e83fb7,101.0,11320.0,0.0,0.0,0.0,0.0,0.0,0.0,0.0,0.0,0.0,33.663366336633665,0.0,0.0,0.0,0.0,0.0,0.0,0.0,0.0,0.0,0.0,1.9801980198019802,0.0,0.0,0.0,0.0,0.0,0.0,0.9900990099009901,0.0,0.0,0.9900990099009901,0.9900990099009901,0.0,0.0,0.0,0.0,0.0,0.0,0.0,0.0
lmfit_uncertainties,2024-12-31,61f688f920b34d06da521a5fb8b013043e2e2fe0,16.0,2048.0,0.0,0.0,0.0,0.0,0.0,0.0,0.0,0.0,0.0,6.25,0.0,0.0,0.0,0.0,0.0,0.0,0.0,0.0,0.0,0.0,0.0,0.0,0.0,0.0,0.0,0.0,0.0,0.0,0.0,0.0,0.0,0.0,0.0,0.0,0.0,0.0,0.0,0.0,0.0,0.0
locustio_locust,2024-12-31,41d6484106e21408c233525f980936df403db26c,116.0,15754.0,0.0,0.0,0.0,0.0,0.0,0.0,0.0,0.0,0.0,45.689655172413794,0.0,0.0,0.0,0.0,0.0,0.0,0.0,0.0,0.0,0.0,0.0,1.7241379310344827,0.0,0.0,7.758620689655173,0.0,0.0,0.8620689655172413,22.413793103448278,25.0,3.4482758620689653,3.4482758620689653,0.0,0.0,0.0,0.0,0.0,11.206896551724139,0.0,21.551724137931032
luispedro_mahotas,2024-12-31,5e75706160182b882d9eb267a31a8594304d1a50,97.0,5016.0,0.0,0.0,0.0,0.0,0.0,0.0,0.0,0.0,0.0,0.0,0.0,0.0,0.0,0.0,0.0,0.0,0.0,0.0,0.0,0.0,0.0,0.0,0.0,0.0,0.0,0.0,0.0,0.0,0.0,0.0,0.0,0.0,0.0,0.0,0.0,0.0,0.0,0.0,0.0,0.0
lumapictures_pymel,2024-12-31,2d4f9c54149e4e8da969b5506c57b91f50a96359,137.0,93966.0,0.0,0.0,0.0,0.0,0.0,0.0,0.0,0.0,0.0,0.0,0.0,0.0,0.0,0.0,0.0,0.0,0.0,0.0,0.0,0.0,0.0,0.0,0.0,0.0,0.0,0.0,0.0,0.0,1.4598540145985401,1.4598540145985401,0.0,0.0,0.0,0.0,0.0,0.0,0.0,0.0,0.0,0.0
lxml_lxml,2024-12-31,cf2d3044184e6b9de635c095bd89c49382dfeb4a,86.0,20562.0,0.0,0.0,0.0,0.0,0.0,0.0,0.0,0.0,0.0,8.13953488372093,0.0,0.0,0.0,0.0,0.0,0.0,0.0,0.0,0.0,0.0,0.0,0.0,0.0,0.0,0.0,0.0,0.0,0.0,0.0,0.0,0.0,0.0,0.0,0.0,0.0,0.0,3.488372093023256,0.0,1.1627906976744187,0.0
m-labs_migen,2024-12-31,4c2ae8dfeea37f235b52acb8166f12acaaae4f7c,136.0,6747.0,0.0,0.0,0.0,0.0,0.0,0.0,0.0,0.0,0.0,1.4705882352941175,0.0,0.0,0.0,0.0,0.0,0.0,0.0,0.0,0.0,0.0,0.0,0.0,1.4705882352941175,0.0,0.0,0.0,0.0,0.7352941176470588,0.0,0.0,4.411764705882353,4.411764705882353,0.0,0.0,0.0,0.0,2.2058823529411766,0.0,0.0,0.0
macs3-project_macs,2024-12-31,7d882d6df3b5688cc0befd5dd4db1783826db5a3,63.0,13406.0,0.0,0.0,0.0,0.0,0.0,0.0,0.0,0.0,0.0,20.634920634920633,0.0,0.0,0.0,0.0,0.0,0.0,0.0,0.0,0.0,0.0,0.0,0.0,0.0,0.0,0.0,0.0,0.0,0.0,44.44444444444444,42.857142857142854,0.0,0.0,0.0,0.0,0.0,0.0,0.0,0.0,0.0,46.03174603174603
malthe_chameleon,2024-12-31,3eb99be8b24b1fa8357c295d3ad15e3ed8e5d8ad,35.0,4700.0,0.0,0.0,0.0,0.0,0.0,0.0,0.0,0.0,0.0,8.571428571428571,0.0,0.0,0.0,0.0,0.0,0.0,0.0,0.0,0.0,0.0,0.0,0.0,0.0,0.0,0.0,0.0,0.0,0.0,40.0,51.42857142857142,5.714285714285714,5.714285714285714,0.0,0.0,0.0,0.0,5.714285714285714,2.857142857142857,0.0,40.0
materialsproject_pymatgen,2024-12-31,da607e86f9ce8aec942067c6c1a4fda6e04915dd,486.0,116442.0,0.0,0.0,0.0,0.0,0.6172839506172839,0.0,0.0,0.0,0.0,80.04115226337449,0.0,0.0,0.0,0.0,0.0,0.0,0.0,0.0,0.0,0.0,1.02880658436214,11.316872427983538,2.05761316872428,5.349794238683128,3.0864197530864197,0.0,1.02880658436214,0.0,47.53086419753087,47.73662551440329,1.440329218106996,1.440329218106996,0.0,0.0,0.0,0.0,0.823045267489712,11.934156378600823,0.205761316872428,36.62551440329218
matplotlib_basemap,2024-12-31,43ed6a5e21a7c84603b4f72e0a37c239eca35cb2,129.0,5083.0,0.0,0.0,0.0,0.0,0.0,0.0,0.0,0.0,0.0,0.0,0.0,0.0,0.0,0.0,0.0,0.0,0.0,0.0,0.0,0.0,0.0,0.0,0.0,0.0,0.0,0.0,0.0,0.0,0.0,0.0,0.0,0.0,0.0,0.0,0.0,0.0,0.0,0.0,0.0,0.0
matplotlib_matplotlib,2024-12-31,2465c0bc57d8c64c0ab49411886bbc37b4a3a8d5,886.0,107946.0,0.0,0.0,0.0,0.0,0.9029345372460496,0.1128668171557562,0.1128668171557562,0.0,0.0,30.361173814898418,0.0,0.0,0.0,0.0,0.0,0.0,0.0,0.0,0.0,0.0,2.595936794582393,9.142212189616252,2.144469525959368,1.9187358916478554,6.659142212189615,0.1128668171557562,0.5643340857787811,0.7900677200902935,1.4672686230248306,1.6930022573363432,10.045146726862303,10.045146726862303,0.0,0.0,0.0,0.0,0.6772009029345373,0.9029345372460496,1.805869074492099,1.580135440180587
matthewwithanm_django-imagekit,2024-12-31,c4ed0bb36fd014c414aa1a634aedf7bbbe411696,42.0,1373.0,0.0,0.0,0.0,0.0,0.0,0.0,0.0,0.0,0.0,0.0,0.0,0.0,0.0,0.0,0.0,0.0,0.0,0.0,0.0,0.0,0.0,0.0,0.0,0.0,0.0,0.0,0.0,0.0,0.0,0.0,0.0,0.0,0.0,0.0,0.0,0.0,4.761904761904762,0.0,0.0,0.0
matthiask_plata,2024-12-31,1cfa67fadac382506f1defdde55f25d53bacf0a1,88.0,4943.0,0.0,0.0,0.0,0.0,0.0,0.0,0.0,0.0,0.0,43.18181818181818,0.0,0.0,0.0,0.0,0.0,0.0,0.0,0.0,0.0,0.0,0.0,0.0,0.0,0.0,0.0,0.0,0.0,0.0,0.0,0.0,0.0,0.0,0.0,0.0,0.0,0.0,0.0,0.0,0.0,0.0
mekkablue_glyphs-scripts,2024-12-31,a6b5c8864dffeb102b64a562f67b3f8fd0a412f1,342.0,35028.0,0.0,0.0,0.0,0.0,0.0,0.0,0.0,0.0,0.0,31.57894736842105,0.0,0.0,0.0,0.0,0.0,0.0,0.0,0.0,0.0,0.0,0.0,0.0,0.29239766081871343,0.0,0.0,0.0,0.0,0.0,0.0,0.0,0.0,0.0,0.0,0.0,0.0,0.0,0.0,0.0,0.0,1.1695906432748537
metabrainz_picard,2024-12-31,700d330388595027714a0f740930e9a0af730136,325.0,39255.0,0.0,0.0,0.0,0.0,0.0,0.0,0.0,0.0,0.0,10.153846153846153,0.0,0.0,0.0,0.0,0.0,0.0,0.0,0.0,0.0,0.0,0.0,0.3076923076923077,0.3076923076923077,0.0,0.3076923076923077,0.0,0.0,0.3076923076923077,3.6923076923076925,2.1538461538461537,1.2307692307692308,1.2307692307692308,0.0,0.0,0.0,0.0,5.846153846153846,0.9230769230769231,0.6153846153846154,1.5384615384615385
midgetspy_sick-beard,2024-12-31,c36f21f80802eb75ba5e7c4be9fd9d9fff6c023c,326.0,23843.0,0.0,0.0,0.0,0.0,0.0,0.0,0.0,0.0,0.0,0.0,0.0,0.0,0.0,0.0,0.0,0.0,0.0,0.0,0.0,0.0,0.0,0.0,0.0,0.0,0.0,0.0,0.0,0.0,0.0,0.0,0.0,0.0,0.0,0.0,0.0,0.0,0.0,0.0,0.0,0.0
migasfree_migasfree,2024-12-31,67ad8d893a0501870428d69908c40424b3b210e6,156.0,8729.0,0.0,0.0,0.0,0.0,0.0,0.0,0.0,0.0,0.0,0.0,0.0,0.0,0.0,0.0,0.0,0.0,0.0,0.0,0.0,0.0,0.0,0.0,0.0,0.0,0.0,0.0,0.0,0.0,0.0,0.0,0.0,0.0,0.0,0.0,0.0,0.0,0.0,0.0,0.0,0.0
mirumee_satchless,2024-12-31,69cc7aa43f95113ef855f91b84ac264d8da10536,4.0,378.0,0.0,0.0,0.0,0.0,0.0,0.0,0.0,0.0,0.0,0.0,0.0,0.0,0.0,0.0,0.0,0.0,0.0,0.0,0.0,0.0,0.0,0.0,0.0,0.0,0.0,0.0,0.0,0.0,0.0,0.0,0.0,0.0,0.0,0.0,0.0,0.0,0.0,0.0,0.0,0.0
mitmproxy_mitmproxy,2024-12-31,d4b792f12e2267c6c626127c46b1163bd2684fc8,525.0,43996.0,0.0,0.0,0.0,0.0,0.0,15.238095238095239,11.047619047619047,0.0,1.1428571428571428,37.523809523809526,0.0,1.7142857142857144,1.5238095238095237,0.7619047619047619,0.19047619047619047,0.0,0.0,1.7142857142857144,0.0,0.0,1.5238095238095237,1.5238095238095237,0.9523809523809524,0.19047619047619047,1.3333333333333335,0.0,0.0,1.7142857142857144,49.523809523809526,47.42857142857143,5.904761904761905,5.904761904761905,0.0,0.0,0.0,0.0,4.9523809523809526,4.380952380952381,0.0,29.523809523809526
mne-tools_mne-python,2024-12-31,14938b9657b255a38aa96482a4aaf410e8865859,728.0,136653.0,0.0,0.0,0.0,0.0,7.554945054945055,0.0,0.0,0.0,0.0,60.302197802197796,0.0,0.0,0.0,0.0,0.0,0.0,0.0,0.0,0.0,0.0,0.6868131868131868,0.8241758241758242,0.13736263736263737,0.0,0.4120879120879121,0.8241758241758242,0.27472527472527475,0.0,1.7857142857142856,6.593406593406594,23.9010989010989,23.9010989010989,0.0,0.0,0.0,0.0,0.27472527472527475,0.5494505494505495,1.3736263736263736,1.510989010989011
mnot_redbot,2024-12-31,9adb84b47eb3cfa78a36fc71b6755192c0fd77ee,21.0,1962.0,0.0,0.0,0.0,0.0,0.0,0.0,0.0,0.0,0.0,71.42857142857143,0.0,0.0,0.0,0.0,0.0,0.0,0.0,0.0,0.0,0.0,0.0,0.0,0.0,0.0,0.0,0.0,0.0,0.0,95.23809523809523,95.23809523809523,0.0,0.0,0.0,0.0,0.0,0.0,0.0,0.0,0.0,57.14285714285714
mongodb_mongo-python-driver,2024-12-31,11287e12570efeb86f4fb927d3170fa8e2cc59df,321.0,65977.0,3.115264797507788,0.0,0.0,0.0,0.0,18.38006230529595,18.38006230529595,4.049844236760125,9.034267912772584,44.54828660436137,0.0,0.0,0.0,0.0,0.0,0.0,0.0,0.0,0.0,0.0,0.0,1.2461059190031152,0.9345794392523363,0.0,1.2461059190031152,0.3115264797507788,0.0,1.2461059190031152,41.1214953271028,47.35202492211838,0.6230529595015576,0.6230529595015576,0.0,0.0,0.0,0.0,0.9345794392523363,0.0,8.411214953271028,49.532710280373834
mopidy_mopidy,2024-12-31,d89a79e9f4bde82c04ab43227968003ce74dd5b6,120.0,12951.0,0.0,0.0,0.0,0.0,0.0,0.0,0.0,0.0,0.0,30.833333333333336,0.0,0.8333333333333334,0.0,0.0,0.0,0.0,0.8333333333333334,0.0,0.8333333333333334,0.0,0.0,1.6666666666666667,0.0,0.0,0.0,0.0,0.0,0.0,37.5,37.5,4.166666666666666,4.166666666666666,0.0,0.0,0.0,0.0,0.0,2.5,0.0,31.666666666666664
mozilla-services_socorro,2024-12-31,d533845e599e1a9c389f61dbc0c06b4c5cad106c,302.0,24315.0,0.0,0.0,0.0,0.0,0.0,0.0,0.0,0.0,0.0,27.483443708609272,0.0,0.0,0.0,0.0,0.0,0.0,0.0,0.0,0.0,0.0,0.0,0.0,0.0,0.0,0.0,0.33112582781456956,0.0,0.0,0.0,0.0,0.0,0.0,0.0,0.0,0.0,0.0,2.3178807947019866,0.9933774834437087,0.33112582781456956,3.3112582781456954
mozilla_kitsune,2024-12-31,2b2da8deabcf6be941f39ea2c5b07d0ce33a780d,640.0,48033.0,0.0,0.0,0.0,0.0,0.0,0.0,0.0,0.0,0.0,20.78125,0.0,0.78125,0.625,0.0,0.0,0.0,0.0,0.78125,0.0,0.0,0.15625,0.15625,0.0,0.0,0.625,0.0,0.0,0.15625,19.375,12.5,0.46875,0.46875,0.0,0.0,0.0,0.0,0.0,3.125,0.0,2.03125
mozilla_pontoon,2024-12-31,90eaebf44f9d3eb083700567c38d13484566d795,359.0,16917.0,0.0,0.0,0.0,0.0,0.0,0.0,0.0,0.0,0.0,20.61281337047354,0.0,0.0,0.0,0.0,0.0,0.0,0.0,0.0,0.0,0.0,0.0,0.0,0.0,0.0,0.2785515320334262,0.0,0.0,0.0,3.064066852367688,2.2284122562674096,0.0,0.0,0.0,0.0,0.0,0.0,0.0,0.0,0.0,0.8356545961002786
mpmath_mpmath,2024-12-31,63e6e24accfaa4e4b05bf4fd00ac3a6ff98e72b2,141.0,30319.0,0.0,0.0,0.0,0.0,0.7092198581560284,0.0,0.0,0.0,0.0,6.382978723404255,0.0,0.0,0.0,0.0,0.0,0.0,0.0,0.0,0.0,0.0,0.0,0.0,0.7092198581560284,0.0,0.0,0.0,0.0,0.0,0.0,0.0,0.0,0.0,0.0,0.0,0.0,0.0,0.0,1.4184397163120568,0.0,0.0
multani_sonata,2024-12-31,650aad48ebcff0ee3545d4517514d47496c266f8,32.0,7514.0,0.0,0.0,0.0,0.0,0.0,0.0,0.0,0.0,0.0,0.0,0.0,0.0,0.0,0.0,0.0,0.0,0.0,0.0,0.0,0.0,0.0,0.0,0.0,0.0,0.0,0.0,0.0,0.0,0.0,0.0,0.0,0.0,0.0,0.0,0.0,0.0,0.0,0.0,0.0,0.0
munin_munin,2024-12-31,dc6aed53e3c0e15aaafe115d3248505b78b586d2,160.0,10841.0,0.0,0.0,0.0,0.0,0.0,0.0,0.0,0.0,0.0,2.5,0.0,0.0,0.0,0.0,0.0,0.0,0.0,0.0,0.0,0.0,0.0,0.0,0.0,0.0,0.0,0.0,0.0,0.0,0.0,0.0,0.625,0.625,0.0,0.0,0.0,0.0,0.0,0.0,0.0,0.0
mysociety_mapit,2024-12-31,b372a8c3a2fd2da4ab9e3f8c0d9462725dce5977,145.0,5793.0,0.0,0.0,0.0,0.0,0.0,0.0,0.0,0.0,0.0,2.7586206896551726,0.0,0.0,0.0,0.0,0.0,0.0,0.0,0.0,0.0,0.0,0.0,0.0,0.0,0.0,0.0,0.0,0.0,0.0,0.0,0.0,0.0,0.0,0.0,0.0,0.0,0.0,0.0,0.0,0.0,0.0
mzmcbride_database-reports,2024-12-31,e66eb1e6c3fce910f0a18ae888ecf56b50c59a30,66.0,1966.0,0.0,0.0,0.0,0.0,0.0,0.0,0.0,0.0,0.0,0.0,0.0,0.0,0.0,0.0,0.0,0.0,0.0,0.0,0.0,0.0,0.0,0.0,0.0,0.0,0.0,0.0,0.0,0.0,0.0,0.0,0.0,0.0,0.0,0.0,0.0,0.0,0.0,0.0,0.0,0.0
nakagami_pyfirebirdsql,2024-12-31,954ad8d197e8d7ba33f7af090c01e84e39c3ff61,38.0,6216.0,0.0,0.0,0.0,0.0,0.0,13.157894736842104,13.157894736842104,0.0,5.263157894736842,0.0,0.0,0.0,0.0,0.0,0.0,0.0,0.0,0.0,0.0,0.0,0.0,0.0,0.0,0.0,0.0,0.0,0.0,0.0,0.0,0.0,0.0,0.0,0.0,0.0,0.0,0.0,2.631578947368421,0.0,0.0,0.0
nandaka_pixivutil2,2024-12-31,d2e774d61d2b6b29f08a47233afe52dd18373576,37.0,9534.0,0.0,0.0,0.0,0.0,0.0,0.0,0.0,0.0,0.0,72.97297297297297,0.0,0.0,0.0,0.0,0.0,0.0,0.0,0.0,0.0,0.0,0.0,0.0,0.0,0.0,0.0,0.0,0.0,0.0,24.324324324324326,18.91891891891892,5.405405405405405,5.405405405405405,0.0,0.0,0.0,0.0,0.0,0.0,0.0,27.027027027027028
ncclient_ncclient,2024-12-31,a001efed8c60ac1b7019030c8b19194e321c96ea,131.0,7508.0,0.0,0.0,0.0,0.0,0.0,0.0,0.0,0.0,0.0,3.0534351145038165,0.0,0.0,0.0,0.0,0.0,0.0,0.0,0.0,0.0,0.0,0.0,0.0,0.0,0.0,0.0,0.0,0.0,0.0,0.0,0.0,0.0,0.0,0.0,0.0,0.0,0.0,0.0,0.0,0.0,1.5267175572519083
neogeographytoolkit_binarybuilder,2024-12-31,a7268e5c6a0a04ce9c11215fa18dc69ce9f00fc4,6.0,2754.0,0.0,0.0,0.0,0.0,0.0,0.0,0.0,0.0,0.0,0.0,0.0,0.0,0.0,0.0,0.0,0.0,0.0,0.0,0.0,0.0,0.0,0.0,0.0,0.0,0.0,0.0,0.0,0.0,0.0,0.0,0.0,0.0,0.0,0.0,0.0,0.0,0.0,0.0,0.0,0.0
networkx_networkx,2024-12-31,b71d2bdcfbe33cdebc88b2c2186b782f08c47d62,612.0,73461.0,0.0,0.0,0.0,0.0,2.450980392156863,0.0,0.0,0.0,0.0,27.450980392156865,0.0,0.0,0.0,0.0,0.0,0.0,0.0,0.0,0.0,0.0,1.1437908496732025,0.49019607843137253,0.0,0.16339869281045752,0.6535947712418301,0.0,0.0,0.49019607843137253,0.16339869281045752,0.16339869281045752,5.392156862745098,5.392156862745098,0.0,0.0,0.0,0.0,4.248366013071895,0.8169934640522877,0.8169934640522877,1.3071895424836601
nilearn_nilearn,2024-12-31,b39deaae242ffc8b57a4cd80d70fa0742c1aba49,343.0,41151.0,0.0,0.0,0.0,0.0,0.5830903790087464,0.0,0.0,0.0,0.0,62.973760932944614,0.0,0.0,0.0,0.0,0.0,0.0,0.0,0.0,0.0,0.0,3.498542274052478,6.705539358600583,8.454810495626822,0.0,0.5830903790087464,0.5830903790087464,0.2915451895043732,0.0,1.1661807580174928,2.623906705539359,0.5830903790087464,0.5830903790087464,0.0,0.0,0.0,0.0,0.2915451895043732,0.8746355685131195,0.0,0.5830903790087464
ninja-ide_ninja-ide,2024-12-31,b62dd64b246c522a776cfc20c0e2c0c2215376b4,191.0,24826.0,0.0,0.0,0.0,0.0,0.0,0.0,0.0,0.0,0.0,0.5235602094240838,0.0,0.0,0.0,0.0,0.0,0.0,0.0,0.0,0.0,0.0,0.0,0.0,0.0,0.0,0.0,0.0,0.0,0.0,4.18848167539267,2.6178010471204187,0.0,0.0,0.0,0.0,0.0,0.0,0.0,0.0,0.0,0.5235602094240838
nipy_nibabel,2024-12-31,ed3c84c6c7fff84e6d5b184a25b90b8ec2133604,224.0,32135.0,0.0,0.0,0.0,0.0,2.6785714285714284,0.0,0.0,0.0,0.0,44.19642857142857,0.0,0.0,0.0,0.0,0.0,0.0,0.0,0.0,0.0,0.0,0.8928571428571428,0.4464285714285714,0.0,0.0,0.4464285714285714,0.0,0.0,0.0,8.928571428571429,10.714285714285714,7.142857142857142,7.142857142857142,0.0,0.0,0.0,0.0,0.8928571428571428,0.0,0.0,12.5
nipy_nipy,2024-12-31,c5d70e4dadb8907f59875751d48cfe8b2026cd20,360.0,33228.0,0.0,0.0,0.0,0.0,0.0,0.0,0.0,0.0,0.0,26.38888888888889,0.0,0.0,0.0,0.0,0.0,0.0,0.0,0.0,0.0,0.0,0.0,0.0,0.0,0.0,0.0,0.0,0.0,0.0,0.0,0.0,0.0,0.0,0.0,0.0,0.0,0.0,0.0,0.0,0.0,0.0
nipy_nipype,2024-12-31,37546c7b6264a18c2e83d1040771e665fb3bb9d6,1229.0,60850.0,0.0,0.0,0.0,0.0,0.08136696501220504,0.0,0.0,0.0,0.0,10.577705451586656,0.0,0.0,0.0,0.0,0.0,0.0,0.0,0.0,0.0,0.0,0.0,0.0,0.0,0.0,0.0,0.0,0.0,0.0,0.24410089503661514,0.24410089503661514,0.08136696501220504,0.08136696501220504,0.0,0.0,0.0,0.0,0.08136696501220504,0.0,0.0,0.08136696501220504
nipy_nitime,2024-12-31,4561cd213c6bebe5d45f8f9f43dcb1140a82f78c,75.0,8003.0,0.0,0.0,0.0,0.0,1.3333333333333335,0.0,0.0,0.0,0.0,1.3333333333333335,0.0,0.0,0.0,0.0,0.0,0.0,0.0,0.0,0.0,0.0,0.0,0.0,0.0,0.0,0.0,0.0,0.0,0.0,0.0,0.0,0.0,0.0,0.0,0.0,0.0,0.0,0.0,0.0,0.0,0.0
nltk_nltk,2024-12-31,60a82ce869e0cc14cc3e0687a5d9ab6618c5d456,332.0,54353.0,0.0,0.0,0.0,0.0,0.0,0.0,0.0,0.0,0.0,38.855421686746986,0.0,0.0,0.0,0.0,0.0,0.0,0.0,0.0,0.0,0.0,0.0,0.0,0.30120481927710846,0.0,0.0,0.0,0.0,0.0,4.216867469879518,3.313253012048193,0.6024096385542169,0.6024096385542169,0.0,0.0,0.0,0.0,7.228915662650602,0.0,0.0,0.30120481927710846
nose-devs_nose2,2024-12-31,b8a20d63646b3a9d45def91279a2c3efd3ee7c0e,194.0,8866.0,0.0,0.0,0.0,0.0,0.0,0.0,0.0,0.0,0.0,10.309278350515463,0.0,0.0,0.0,0.0,0.0,0.0,0.0,0.0,0.0,0.0,0.0,0.0,0.0,0.0,0.0,0.0,0.0,0.0,0.5154639175257731,1.0309278350515463,0.5154639175257731,0.5154639175257731,0.0,0.0,0.0,0.0,2.0618556701030926,0.0,0.0,1.5463917525773196
numpy_numpy,2024-12-31,c39b903a13fe4efe5741870b5a3b2643ac5a8c07,527.0,123335.0,0.0,0.0,0.0,0.0,1.3282732447817838,0.5692599620493358,0.5692599620493358,0.0,0.0,33.017077798861486,0.0,0.0,0.0,0.0,0.0,0.0,0.0,0.0,0.0,0.0,0.18975332068311196,0.18975332068311196,0.7590132827324478,0.0,0.18975332068311196,0.0,0.18975332068311196,0.3795066413662239,6.261859582542694,6.261859582542694,6.83111954459203,6.83111954459203,0.0,0.0,0.0,0.0,2.6565464895635675,0.3795066413662239,3.984819734345351,5.313092979127135
oaubert_advene,2024-12-31,41eea848fa8f8964a971b1e58e0dd043b8ac23db,174.0,43559.0,0.0,0.0,0.0,0.0,0.0,0.0,0.0,0.0,0.0,17.81609195402299,0.0,0.0,0.0,0.0,0.0,0.0,0.0,0.0,0.0,0.0,0.0,0.5747126436781609,1.1494252873563218,0.0,0.0,0.0,0.0,0.0,1.1494252873563218,0.5747126436781609,0.5747126436781609,0.5747126436781609,0.0,0.0,0.0,0.0,0.0,0.0,1.1494252873563218,0.0
oauthlib_oauthlib,2024-12-31,028c563eb6af65426df45ba4bbfc771974e9594e,117.0,8561.0,0.0,0.0,0.0,0.0,0.0,0.0,0.0,0.0,0.0,3.418803418803419,0.0,0.0,0.0,0.0,0.0,0.0,0.0,0.0,0.0,0.0,0.0,0.0,0.0,0.0,0.0,0.0,0.0,0.0,5.128205128205128,2.564102564102564,0.0,0.0,0.0,0.0,0.0,0.0,0.0,0.0,0.0,0.8547008547008548
okfde_froide,2024-12-31,484ca1070ea10ffa01d848499d20bf40c7cc0d79,579.0,27254.0,0.17271157167530224,0.0,0.0,0.0,0.0,0.5181347150259068,0.5181347150259068,0.17271157167530224,0.17271157167530224,1.381692573402418,0.0,0.0,0.0,0.0,0.0,0.0,0.0,0.0,0.0,0.0,0.0,0.3454231433506045,0.0,0.0,0.17271157167530224,0.0,0.0,0.0,12.435233160621761,11.398963730569948,0.8635578583765112,0.8635578583765112,0.0,0.0,0.0,0.0,1.7271157167530224,0.0,2.5906735751295336,3.281519861830743
open-cogsci_opensesame,2024-12-31,45726e5897ead550cbd4f6e632220e2ec8475b4e,349.0,20741.0,0.0,0.0,0.0,0.0,0.0,0.0,0.0,0.0,0.0,20.34383954154728,0.0,0.0,0.0,0.0,0.0,0.0,0.0,0.0,0.0,0.0,0.0,0.0,0.0,0.0,0.0,0.0,0.0,0.0,0.0,0.0,0.0,0.0,0.0,0.0,0.0,0.0,0.0,0.0,0.0,0.0
openembedded_bitbake,2024-12-31,7d3f3655b2f610f76898c84b8b97ef2e26529c41,230.0,49288.0,0.0,0.0,0.0,0.0,0.0,3.91304347826087,3.91304347826087,0.0,1.3043478260869565,13.478260869565217,0.0,0.0,0.0,0.0,0.0,0.0,0.0,0.0,0.0,0.0,0.8695652173913043,0.8695652173913043,0.0,0.0,0.0,0.0,0.0,2.1739130434782608,0.43478260869565216,0.0,3.4782608695652173,3.4782608695652173,0.0,0.0,0.0,0.0,0.0,0.43478260869565216,0.0,0.0
openframeworks_ofsite,2024-12-31,2537ee49f6d46d5fe98e408849448314fd1f180e,37.0,1593.0,0.0,0.0,0.0,0.0,0.0,0.0,0.0,0.0,0.0,0.0,0.0,0.0,0.0,0.0,0.0,0.0,0.0,0.0,0.0,0.0,0.0,0.0,0.0,0.0,0.0,0.0,0.0,0.0,0.0,0.0,0.0,0.0,0.0,0.0,0.0,0.0,0.0,0.0,0.0,0.0
openstack_glance,2024-12-31,667ee186852eb482a4975d86f70b70993d733407,313.0,49084.0,0.0,0.0,0.0,0.0,0.0,0.0,0.0,0.0,0.0,0.9584664536741214,0.0,0.0,0.0,0.0,0.0,0.0,0.0,0.0,0.0,0.0,0.0,0.0,0.0,0.0,0.0,0.0,0.0,0.0,0.0,0.0,0.0,0.0,0.0,0.0,0.0,0.0,0.0,0.0,0.0,0.0
openstack_horizon,2024-12-31,e9893b3f22cbfdfdbde1e6ad9306cb76396a5fd0,871.0,65955.0,0.0,0.0,0.0,0.0,0.0,0.0,0.0,0.0,0.0,3.329506314580941,0.0,0.0,0.0,0.0,0.0,0.0,0.0,0.0,0.0,0.0,0.0,0.0,0.0,0.0,0.1148105625717566,0.0,0.0,0.0,0.0,0.0,0.0,0.0,0.0,0.0,0.0,0.0,0.0,0.0,0.0,0.1148105625717566
openstack_neutron,2024-12-31,e0a395ecd1871def4a5f76a05b830e7789e0a237,1596.0,185190.0,0.0,0.0,0.0,0.0,0.0,0.0,0.0,0.0,0.0,2.756892230576441,0.0,0.0,0.0,0.0,0.0,0.0,0.0,0.0,0.0,0.0,0.0,0.12531328320802004,0.2506265664160401,0.0,0.3132832080200501,0.06265664160401002,0.0,0.3132832080200501,0.37593984962406013,0.5639097744360901,0.37593984962406013,0.37593984962406013,0.0,0.0,0.0,0.0,0.2506265664160401,0.0,0.0,0.6265664160401002
openstack_nova,2024-12-31,229f0aad965b3fc7035532ed9751e01b8b2b4e85,1353.0,232837.0,0.0,0.0,0.0,0.0,0.0,0.0,0.0,0.0,0.0,5.543237250554324,0.0,0.0,0.0,0.0,0.0,0.0,0.0,0.0,0.0,0.0,0.0,0.07390983000739099,0.14781966001478197,0.07390983000739099,0.14781966001478197,0.07390983000739099,0.0,0.14781966001478197,4.286770140428677,3.325942350332594,0.22172949002217296,0.22172949002217296,0.0,0.0,0.0,0.0,0.07390983000739099,0.0,0.07390983000739099,1.8477457501847747
openstack_python-keystoneclient,2024-12-31,0d43c46ffa4d3a62d7c00cfcbdaa1ab8449b2b3a,190.0,15470.0,0.0,0.0,0.0,0.0,0.0,0.0,0.0,0.0,0.0,0.0,0.0,0.0,0.0,0.0,0.0,0.0,0.0,0.0,0.0,0.0,0.0,0.0,0.0,0.0,0.0,0.0,0.0,0.0,0.0,0.0,0.0,0.0,0.0,0.0,0.0,0.0,0.0,0.0,0.0,0.0
openstack_python-novaclient,2024-12-31,bc489166584f6b8b3ae54c16540791a5ec64e4fb,127.0,14620.0,0.0,0.0,0.0,0.0,0.0,0.0,0.0,0.0,0.0,0.7874015748031495,0.0,0.0,0.0,0.0,0.0,0.0,0.0,0.0,0.0,0.0,0.0,0.0,0.0,0.0,0.0,0.0,0.0,0.0,0.0,0.0,1.574803149606299,1.574803149606299,0.0,0.0,0.0,0.0,0.0,0.0,0.0,0.0
openstack_swift,2024-12-31,1f35e0c10f5044150f9c2e685e7de43b0ad85807,374.0,180303.0,0.0,0.0,0.0,0.0,0.0,0.0,0.0,0.0,0.0,0.0,0.0,0.0,0.0,0.0,0.0,0.0,0.0,0.0,0.0,0.0,0.0,0.0,0.0,0.0,0.0,0.0,0.0,0.0,0.0,0.0,0.0,0.0,0.0,0.0,0.0,0.0,0.0,0.0,0.0,0.0
openstack_tempest,2024-12-31,b23e9fcc280a51bf84fae68e7719bd05c0447806,822.0,52350.0,0.0,0.0,0.0,0.0,0.0,0.0,0.0,0.0,0.0,0.7299270072992701,0.0,0.0,0.0,0.0,0.0,0.0,0.0,0.0,0.0,0.0,0.0,0.0,0.0,0.0,0.0,0.0,0.0,0.0,0.0,0.0,0.0,0.0,0.0,0.0,0.0,0.0,0.0,0.0,0.0,0.0
openstates_openstates-scrapers,2024-12-31,f1083863ea9980252edcc3e6250cb12d22204fc1,334.0,31428.0,0.0,0.0,0.0,0.0,0.0,0.0,0.0,0.0,0.0,59.58083832335329,0.0,0.0,0.0,0.0,0.0,0.0,0.0,0.0,0.0,0.0,0.5988023952095809,0.5988023952095809,0.0,0.0,0.5988023952095809,0.0,0.0,0.0,7.784431137724551,5.9880239520958085,0.29940119760479045,0.29940119760479045,0.0,0.0,0.0,0.0,33.23353293413174,0.8982035928143712,0.0,5.688622754491018
opensuse_osc,2024-12-31,52431dda785685db2a1122ba41d77fbe44003df3,185.0,26164.0,0.0,0.0,0.0,0.0,0.0,0.0,0.0,0.0,0.0,39.45945945945946,0.0,0.0,0.0,0.0,0.0,0.0,0.0,0.0,0.0,0.0,0.0,0.0,0.0,0.0,0.0,0.0,0.0,0.0,17.2972972972973,13.513513513513514,10.81081081081081,10.81081081081081,0.0,0.0,0.0,0.0,1.6216216216216217,0.0,2.1621621621621623,36.75675675675676
otsaloma_gaupol,2024-12-31,2e61206f5c5df29310b5627a27e1b56d4068a710,235.0,18101.0,0.0,0.0,0.0,0.0,0.0,0.0,0.0,0.0,0.0,0.0,0.0,0.0,0.0,0.0,0.0,0.0,0.0,0.0,0.0,0.0,0.0,0.0,0.0,0.0,0.0,0.0,0.0,0.0,0.0,0.0,0.851063829787234,0.851063829787234,0.0,0.0,0.0,0.0,0.0,0.0,0.0,0.0
ox-it_dataox,2024-12-31,8dcfa13afeadd1a195948829aee317dc974bb172,48.0,2014.0,0.0,0.0,0.0,0.0,0.0,0.0,0.0,0.0,0.0,0.0,0.0,0.0,0.0,0.0,0.0,0.0,0.0,0.0,0.0,0.0,0.0,0.0,0.0,0.0,0.0,0.0,0.0,0.0,0.0,0.0,0.0,0.0,0.0,0.0,0.0,0.0,0.0,0.0,0.0,0.0
palewire_palewi.re,2024-12-31,0b9b51ca3971fdf101c34c10c504a8a5675bfa23,45.0,825.0,0.0,0.0,0.0,0.0,0.0,0.0,0.0,0.0,0.0,4.444444444444445,0.0,0.0,0.0,0.0,0.0,0.0,0.0,0.0,0.0,0.0,0.0,0.0,0.0,0.0,0.0,0.0,0.0,0.0,0.0,0.0,0.0,0.0,0.0,0.0,0.0,0.0,0.0,0.0,0.0,0.0
pallets-eco_flask-sqlalchemy,2024-12-31,b6db616141f130102b19117a2e80a3317e64c5e1,35.0,2352.0,0.0,0.0,0.0,0.0,0.0,0.0,0.0,0.0,0.0,34.285714285714285,0.0,0.0,0.0,0.0,0.0,0.0,0.0,0.0,0.0,0.0,0.0,2.857142857142857,2.857142857142857,0.0,0.0,0.0,0.0,8.571428571428571,68.57142857142857,80.0,11.428571428571429,11.428571428571429,0.0,0.0,0.0,0.0,2.857142857142857,0.0,2.857142857142857,45.714285714285715
pallets_flask,2024-12-31,18ffe1eaf6c2eeffc898f4e8a590c062c40b30dc,70.0,7919.0,0.0,0.0,0.0,0.0,0.0,4.285714285714286,1.4285714285714286,0.0,0.0,41.42857142857143,0.0,0.0,0.0,0.0,0.0,0.0,0.0,0.0,0.0,0.0,1.4285714285714286,0.0,2.857142857142857,0.0,1.4285714285714286,0.0,0.0,2.857142857142857,41.42857142857143,42.857142857142854,5.714285714285714,5.714285714285714,0.0,0.0,0.0,0.0,2.857142857142857,4.285714285714286,7.142857142857142,24.285714285714285
pallets_jinja,2024-12-31,d680a959324400487b4f0e8b8119bed7376b7973,58.0,10553.0,5.172413793103448,0.0,0.0,0.0,0.0,15.517241379310345,13.793103448275861,5.172413793103448,1.7241379310344827,56.896551724137936,0.0,0.0,0.0,0.0,0.0,0.0,0.0,0.0,0.0,0.0,0.0,3.4482758620689653,0.0,0.0,0.0,0.0,0.0,0.0,44.827586206896555,44.827586206896555,1.7241379310344827,1.7241379310344827,0.0,0.0,0.0,0.0,10.344827586206897,0.0,3.4482758620689653,37.93103448275862
pallets_werkzeug,2024-12-31,2b4ab69864d73b2e2e9055dee0db7862bffc6a71,122.0,15594.0,0.0,0.0,0.0,0.0,0.819672131147541,0.819672131147541,0.819672131147541,0.819672131147541,0.819672131147541,65.57377049180327,0.0,0.0,0.0,0.0,0.0,0.0,0.0,0.0,0.0,0.0,0.819672131147541,3.278688524590164,0.819672131147541,1.639344262295082,2.459016393442623,0.0,0.0,3.278688524590164,39.34426229508197,40.16393442622951,4.098360655737705,4.098360655737705,0.0,0.0,0.0,0.0,3.278688524590164,0.819672131147541,6.557377049180328,26.229508196721312
pandas-dev_pandas,2024-12-31,59b3a1a1a770ff1bd8311e7c1f1d4b1f918dcd4c,1338.0,250755.0,0.0,0.0,0.0,0.0,0.07473841554559044,0.0,0.0,0.0,0.0,42.675635276532134,0.0,0.07473841554559044,0.0,0.0,0.0,0.0,0.0,0.07473841554559044,0.0,0.0,0.07473841554559044,1.4200298953662183,0.29895366218236175,0.07473841554559044,1.6442451420029895,0.2242152466367713,0.07473841554559044,0.07473841554559044,21.674140508221225,24.887892376681613,7.399103139013453,7.399103139013453,0.0,0.0,0.0,0.0,1.195814648729447,0.29895366218236175,0.29895366218236175,14.125560538116591
paramiko_paramiko,2024-12-31,82e035c481451f05007ac3051738062e2ba62961,84.0,15022.0,0.0,0.0,0.0,0.0,0.0,0.0,0.0,0.0,0.0,23.809523809523807,0.0,0.0,0.0,0.0,0.0,0.0,0.0,0.0,0.0,0.0,0.0,0.0,0.0,0.0,0.0,0.0,0.0,0.0,0.0,0.0,1.1904761904761905,1.1904761904761905,0.0,0.0,0.0,0.0,0.0,0.0,0.0,0.0
parisson_timeside,2024-12-31,2e316f583d3321ecf7b3cb7033068841e0582d00,207.0,10732.0,0.0,0.0,0.0,0.0,0.0,0.0,0.0,0.0,0.0,3.864734299516908,0.0,0.0,0.0,0.0,0.0,0.0,0.0,0.0,0.0,0.0,0.0,0.0,0.0,0.0,0.0,0.0,0.0,0.0,0.0,0.0,0.0,0.0,0.0,0.0,0.0,0.0,0.0,0.0,0.0,0.0
payu-org_payu,2024-12-31,2d4d016fd1d2267346ae472a125a95206a32da1a,87.0,8200.0,0.0,0.0,0.0,0.0,0.0,0.0,0.0,0.0,0.0,39.08045977011494,0.0,1.1494252873563218,1.1494252873563218,1.1494252873563218,0.0,0.0,0.0,1.1494252873563218,0.0,0.0,0.0,0.0,0.0,0.0,0.0,0.0,0.0,0.0,8.045977011494253,6.896551724137931,0.0,0.0,0.0,0.0,0.0,0.0,1.1494252873563218,0.0,0.0,1.1494252873563218
pazz_alot,2024-12-31,9c5b7373eccc88732fc2486405246dde60db4eef,95.0,9532.0,0.0,0.0,0.0,0.0,0.0,21.052631578947366,22.105263157894736,0.0,0.0,3.1578947368421053,0.0,0.0,0.0,0.0,0.0,0.0,0.0,0.0,0.0,0.0,0.0,0.0,0.0,0.0,0.0,0.0,0.0,0.0,0.0,0.0,0.0,0.0,0.0,0.0,0.0,0.0,0.0,0.0,0.0,0.0
pennersr_django-allauth,2024-12-31,0482b628e84c366c22175cccb2eeef3c40af8827,790.0,21818.0,0.0,0.0,0.0,0.0,0.0,0.25316455696202533,0.25316455696202533,0.0,0.0,5.189873417721519,0.0,0.0,0.0,0.0,0.0,0.0,0.0,0.0,0.0,0.0,0.0,0.12658227848101267,0.0,0.0,0.7594936708860759,0.0,0.0,0.0,5.5696202531645564,6.455696202531645,1.0126582278481013,1.0126582278481013,0.0,0.0,0.0,0.0,0.0,0.5063291139240507,0.0,3.0379746835443036
petl-developers_petl,2024-12-31,ae081f98b4169d6ba7380cbe8986451d776f49d9,159.0,15787.0,0.0,0.0,0.0,0.0,0.0,0.0,0.0,0.0,0.0,0.0,0.0,0.0,0.0,0.0,0.0,0.0,0.0,0.0,0.0,0.0,0.0,0.0,0.0,0.0,0.0,0.0,0.0,0.0,0.0,0.0,0.0,0.0,0.0,0.0,0.0,0.0,0.0,0.0,0.0,0.0
pika_pika,2024-12-31,76c677159b3fbbc9241b797c9111b87f567fd362,78.0,17072.0,0.0,0.0,0.0,0.0,0.0,1.282051282051282,1.282051282051282,0.0,0.0,10.256410256410255,0.0,0.0,0.0,0.0,0.0,0.0,0.0,0.0,0.0,0.0,0.0,0.0,0.0,0.0,0.0,0.0,0.0,0.0,1.282051282051282,0.0,0.0,0.0,0.0,0.0,0.0,0.0,0.0,0.0,0.0,1.282051282051282
piskvorky_gensim,2024-12-31,8b6b69c29fd58a93136e8f591ea9379ac2c8290c,173.0,25486.0,0.0,0.0,0.0,0.0,0.0,0.0,0.0,0.0,0.0,16.76300578034682,0.0,0.0,0.0,0.0,0.0,0.0,0.0,0.0,0.0,0.0,1.1560693641618496,0.0,0.0,0.0,0.0,0.0,0.0,0.0,1.1560693641618496,1.1560693641618496,1.1560693641618496,1.1560693641618496,0.0,0.0,0.0,0.0,0.0,0.0,0.0,1.1560693641618496
playonlinux_pol-pom-4,2024-12-31,eb9ee1443fe6e3c63a2c9604cd8c8acd2ee678b3,25.0,4501.0,0.0,0.0,0.0,0.0,0.0,0.0,0.0,0.0,0.0,0.0,0.0,0.0,0.0,0.0,0.0,0.0,0.0,0.0,0.0,0.0,0.0,0.0,0.0,0.0,0.0,0.0,0.0,0.0,0.0,0.0,0.0,0.0,0.0,0.0,0.0,0.0,0.0,0.0,0.0,0.0
plone_plone.app.contenttypes,2024-12-31,db0531852cd7c8416baf0e62fd296d567b642ce8,45.0,3404.0,0.0,0.0,0.0,0.0,0.0,0.0,0.0,0.0,0.0,15.555555555555555,0.0,0.0,0.0,0.0,0.0,0.0,0.0,0.0,0.0,0.0,0.0,0.0,0.0,0.0,0.0,0.0,0.0,0.0,0.0,0.0,0.0,0.0,0.0,0.0,0.0,0.0,2.2222222222222223,0.0,0.0,0.0
plone_plone.app.dexterity,2024-12-31,3ebb6366f0c93519cf30b64be1fe224b539afbe2,62.0,2943.0,0.0,0.0,0.0,0.0,0.0,0.0,0.0,0.0,0.0,16.129032258064516,0.0,0.0,0.0,0.0,0.0,0.0,0.0,0.0,0.0,0.0,0.0,0.0,0.0,0.0,0.0,0.0,0.0,0.0,0.0,0.0,0.0,0.0,0.0,0.0,0.0,0.0,0.0,0.0,0.0,0.0
plone_plone.app.discussion,2024-12-31,b98f12df01cbb6f0b6da0e1e3a90111e0f816156,37.0,4209.0,0.0,0.0,0.0,0.0,0.0,0.0,0.0,0.0,0.0,29.72972972972973,0.0,0.0,0.0,0.0,0.0,0.0,0.0,0.0,0.0,0.0,0.0,0.0,0.0,0.0,0.0,0.0,0.0,0.0,0.0,0.0,0.0,0.0,0.0,0.0,0.0,0.0,2.7027027027027026,0.0,0.0,0.0
plone_plone.app.event,2024-12-31,91708eb98bff5607f22030c893b213865158a1a8,35.0,3959.0,0.0,0.0,0.0,0.0,0.0,0.0,0.0,0.0,0.0,20.0,0.0,0.0,0.0,0.0,0.0,0.0,0.0,0.0,0.0,0.0,0.0,0.0,0.0,0.0,0.0,0.0,0.0,0.0,0.0,0.0,0.0,0.0,0.0,0.0,0.0,0.0,0.0,0.0,0.0,0.0
plone_plone.app.layout,2024-12-31,0f9337d8a87c079996addc3ff5a5995de77d2d44,41.0,3690.0,0.0,0.0,0.0,0.0,0.0,0.0,0.0,0.0,0.0,21.951219512195124,0.0,0.0,0.0,0.0,0.0,0.0,0.0,0.0,0.0,0.0,0.0,0.0,0.0,0.0,0.0,0.0,0.0,0.0,2.4390243902439024,2.4390243902439024,0.0,0.0,0.0,0.0,0.0,0.0,0.0,0.0,0.0,2.4390243902439024
plone_plone.app.multilingual,2024-12-31,ce17f8ce0c854a8ce6b3fbbdcde6c120d7ff7c5f,58.0,4138.0,0.0,0.0,0.0,0.0,0.0,0.0,0.0,0.0,0.0,17.24137931034483,0.0,0.0,0.0,0.0,0.0,0.0,0.0,0.0,0.0,0.0,0.0,0.0,0.0,0.0,0.0,0.0,0.0,0.0,0.0,0.0,0.0,0.0,0.0,0.0,0.0,0.0,0.0,0.0,0.0,0.0
plone_plone.app.portlets,2024-12-31,5508a6c5ed959a9a8faf52e8405bdd6553788d4d,60.0,5102.0,0.0,0.0,0.0,0.0,0.0,0.0,0.0,0.0,0.0,11.666666666666666,0.0,0.0,0.0,0.0,0.0,0.0,0.0,0.0,0.0,0.0,0.0,0.0,0.0,0.0,0.0,0.0,0.0,0.0,0.0,0.0,0.0,0.0,0.0,0.0,0.0,0.0,0.0,0.0,0.0,0.0
plone_plone.app.theming,2024-12-31,1933dd8b1bb162ac71500cc0fa6d773572fad93d,24.0,2335.0,0.0,0.0,0.0,0.0,0.0,0.0,0.0,0.0,0.0,33.33333333333333,0.0,0.0,0.0,0.0,0.0,0.0,0.0,0.0,0.0,0.0,0.0,0.0,0.0,0.0,0.0,0.0,0.0,0.0,0.0,0.0,0.0,0.0,0.0,0.0,0.0,0.0,0.0,0.0,0.0,0.0
plone_products.cmfplone,2024-12-31,eba6e73108541efac28eef47c7be61c658684db9,290.0,22292.0,0.0,0.0,0.0,0.0,0.0,0.0,0.0,0.0,0.0,18.96551724137931,0.0,0.0,0.0,0.0,0.0,0.0,0.0,0.0,0.0,0.0,0.0,0.0,0.0,0.0,0.0,0.0,0.0,0.0,0.0,0.0,0.0,0.0,0.0,0.0,0.0,0.0,0.3448275862068966,0.0,0.0,0.0
praw-dev_praw,2024-12-31,435f8780e6fb08f6573a5cd17aaf58395bfc096b,159.0,12380.0,0.0,0.0,0.0,0.0,0.0,0.628930817610063,0.0,0.0,0.0,38.36477987421384,0.0,0.0,0.0,0.0,0.0,0.0,0.0,0.0,0.0,0.0,0.628930817610063,0.628930817610063,0.0,0.0,0.628930817610063,0.628930817610063,0.0,0.628930817610063,39.62264150943396,37.10691823899371,20.754716981132077,20.754716981132077,0.0,0.0,0.0,0.0,3.1446540880503147,0.0,3.1446540880503147,0.628930817610063
prody_prody,2024-12-31,40ddb0596b6dc735211dade44b2cc20dc1def99b,205.0,44815.0,0.0,0.0,0.0,0.0,0.0,0.0,0.0,0.0,0.0,0.4878048780487805,0.0,0.0,0.0,0.0,0.0,0.0,0.0,0.0,0.0,0.0,0.0,0.0,0.0,0.0,0.0,0.0,0.0,0.0,0.0,0.0,0.0,0.0,0.0,0.0,0.0,0.0,0.0,0.0,0.0,0.0
progval_limnoria,2024-12-31,aaeab253a5442aeab670dbb877e5920e8f209fa3,295.0,39869.0,0.0,0.0,0.0,0.0,0.0,0.0,0.0,0.0,0.0,1.0169491525423728,0.0,0.0,0.0,0.0,0.0,0.0,0.0,0.0,0.0,0.0,0.0,0.6779661016949152,0.0,0.0,0.6779661016949152,0.0,0.0,1.3559322033898304,0.0,0.0,1.0169491525423728,1.0169491525423728,0.0,0.0,0.0,0.0,0.3389830508474576,0.0,1.3559322033898304,0.0
progval_supybot-plugins,2024-12-31,1ab9c3a6b52d55b4f53af1cc64446819c03c8b9c,176.0,9787.0,0.0,0.0,0.0,0.0,0.0,0.5681818181818182,0.5681818181818182,0.0,0.0,1.1363636363636365,0.0,0.0,0.0,0.0,0.0,0.0,0.0,0.0,0.0,0.0,0.0,0.0,0.0,0.0,1.7045454545454544,0.0,0.0,0.5681818181818182,0.0,0.0,0.5681818181818182,0.5681818181818182,0.0,0.0,0.0,0.0,0.5681818181818182,0.0,0.0,1.1363636363636365
proycon_clam,2024-12-31,d582baad6e9f60717b94240724f0c484784e544e,51.0,9084.0,0.0,0.0,0.0,0.0,0.0,0.0,0.0,0.0,0.0,3.9215686274509802,0.0,0.0,0.0,0.0,0.0,0.0,0.0,0.0,0.0,0.0,0.0,0.0,0.0,0.0,0.0,0.0,0.0,0.0,1.9607843137254901,1.9607843137254901,0.0,0.0,0.0,0.0,0.0,0.0,0.0,0.0,0.0,0.0
psf_requests,2024-12-31,b653d80ded3680dc3780557ded01e23074f7e6a4,32.0,4976.0,0.0,0.0,0.0,0.0,0.0,0.0,0.0,0.0,0.0,37.5,0.0,0.0,0.0,0.0,0.0,0.0,0.0,0.0,0.0,0.0,0.0,0.0,0.0,0.0,0.0,0.0,0.0,3.125,3.125,3.125,3.125,3.125,0.0,0.0,0.0,0.0,6.25,0.0,0.0,0.0
psychopy_psychopy,2024-12-31,fd052372ed37628330339e5ed54b696dcb8797a9,582.0,81410.0,0.0,0.0,0.0,0.0,0.0,0.3436426116838488,0.1718213058419244,0.0,0.1718213058419244,19.93127147766323,0.0,0.0,0.0,0.0,0.0,0.0,0.0,0.0,0.0,0.0,0.1718213058419244,0.1718213058419244,0.0,0.0,0.0,0.0,0.0,0.0,0.5154639175257731,0.1718213058419244,0.0,0.0,0.0,0.0,0.0,0.0,0.0,0.0,0.0,0.0
pwman3_pwman3,2024-12-31,7af9473f747588ca9c2336c0dd0c0b6d20324852,36.0,3157.0,0.0,0.0,0.0,0.0,0.0,0.0,0.0,0.0,0.0,2.7777777777777777,0.0,0.0,0.0,0.0,0.0,0.0,0.0,0.0,0.0,0.0,0.0,0.0,0.0,0.0,0.0,0.0,0.0,0.0,2.7777777777777777,2.7777777777777777,0.0,0.0,0.0,0.0,0.0,0.0,0.0,0.0,0.0,0.0
pycqa_pycodestyle,2024-12-31,bf4c16d2891150d0d43df3a6e9f7f5b6361544ca,53.0,2902.0,0.0,0.0,0.0,0.0,1.8867924528301887,5.660377358490567,0.0,0.0,0.0,24.528301886792452,1.8867924528301887,1.8867924528301887,1.8867924528301887,0.0,1.8867924528301887,0.0,0.0,1.8867924528301887,0.0,1.8867924528301887,1.8867924528301887,0.0,5.660377358490567,0.0,0.0,0.0,0.0,0.0,15.09433962264151,15.09433962264151,0.0,0.0,1.8867924528301887,0.0,0.0,0.0,0.0,1.8867924528301887,0.0,3.7735849056603774
pydata_bottleneck,2024-12-31,57e9895fdcf39c64ee8e42c19170da799d2a4b4e,35.0,3033.0,0.0,0.0,0.0,0.0,0.0,0.0,0.0,0.0,0.0,2.857142857142857,0.0,0.0,0.0,0.0,0.0,0.0,0.0,0.0,0.0,0.0,0.0,5.714285714285714,0.0,0.0,0.0,0.0,0.0,0.0,2.857142857142857,5.714285714285714,0.0,0.0,0.0,0.0,0.0,0.0,0.0,0.0,0.0,8.571428571428571
pyepics_epicsapps,2024-12-31,bdd8a3a12b7c0c53f64c1d089992b609ffb6cd02,73.0,11191.0,0.0,0.0,0.0,0.0,0.0,0.0,0.0,0.0,0.0,15.068493150684931,0.0,0.0,0.0,0.0,0.0,0.0,0.0,0.0,0.0,0.0,0.0,0.0,0.0,0.0,0.0,0.0,0.0,0.0,0.0,0.0,0.0,0.0,0.0,0.0,0.0,0.0,0.0,0.0,0.0,1.36986301369863
pyepics_pyepics,2024-12-31,2a7090dde46c14e8e8c2c5fb43a89a09e515c193,89.0,8859.0,0.0,0.0,0.0,0.0,0.0,0.0,0.0,0.0,0.0,8.98876404494382,0.0,0.0,0.0,0.0,0.0,0.0,0.0,0.0,0.0,0.0,0.0,0.0,0.0,0.0,0.0,0.0,0.0,0.0,1.1235955056179776,0.0,0.0,0.0,0.0,0.0,0.0,0.0,0.0,0.0,0.0,1.1235955056179776
pyinstaller_pyinstaller,2024-12-31,eaa1ec5fd0d35ced0de38d6999b81be4c0ee8c25,952.0,31286.0,0.0,0.0,0.0,0.0,0.0,0.10504201680672269,0.0,0.0,0.0,8.928571428571429,0.0,0.0,0.0,0.0,0.0,0.0,0.0,0.0,0.0,0.0,0.42016806722689076,1.1554621848739497,0.0,0.21008403361344538,0.0,0.0,0.31512605042016806,0.0,1.365546218487395,0.6302521008403361,0.42016806722689076,0.42016806722689076,0.0,0.0,0.0,0.0,0.21008403361344538,0.0,0.10504201680672269,0.42016806722689076
pylons_colander,2024-12-31,a40e7b95ee04a5d4c128c7c0b05c97334c1d7ab1,5.0,3358.0,0.0,0.0,0.0,0.0,0.0,0.0,0.0,0.0,0.0,20.0,0.0,0.0,0.0,0.0,0.0,0.0,0.0,0.0,0.0,0.0,0.0,0.0,0.0,0.0,0.0,0.0,0.0,0.0,0.0,0.0,0.0,0.0,0.0,0.0,0.0,0.0,0.0,0.0,0.0,0.0
pylons_pyramid,2024-12-31,a254f1d7bd23345d477d21bf83d201f9622ba835,380.0,37777.0,0.0,0.0,0.0,0.0,0.0,0.0,0.0,0.0,0.0,8.68421052631579,0.0,0.0,0.0,0.0,0.0,0.0,0.0,0.0,0.0,0.0,0.0,0.0,0.0,0.0,0.0,0.0,0.0,0.0,0.0,0.0,0.2631578947368421,0.2631578947368421,0.0,0.0,0.0,0.0,0.0,0.0,0.0,3.1578947368421053
pylons_pyramid_debugtoolbar,2024-12-31,8f871cd3b5467a41d615016eb6b19f5f6e963c0f,33.0,3218.0,0.0,0.0,0.0,0.0,0.0,0.0,0.0,0.0,0.0,3.0303030303030303,0.0,0.0,0.0,0.0,0.0,0.0,0.0,0.0,0.0,0.0,0.0,0.0,0.0,0.0,0.0,0.0,0.0,0.0,0.0,0.0,0.0,0.0,0.0,0.0,0.0,0.0,0.0,0.0,0.0,0.0
pylons_waitress,2024-12-31,314394defc81a92ebfd3d55adcc359d0d26ea820,42.0,8816.0,0.0,0.0,0.0,0.0,0.0,0.0,0.0,0.0,0.0,19.047619047619047,0.0,0.0,0.0,0.0,0.0,0.0,0.0,0.0,0.0,0.0,0.0,0.0,0.0,0.0,0.0,0.0,0.0,0.0,0.0,2.380952380952381,2.380952380952381,2.380952380952381,0.0,0.0,0.0,0.0,2.380952380952381,0.0,0.0,0.0
pylons_webob,2024-12-31,d621be25022e0976f6a4ed779b8d770a39ab27d6,48.0,14314.0,0.0,0.0,0.0,0.0,0.0,0.0,0.0,0.0,0.0,43.75,0.0,0.0,0.0,0.0,0.0,0.0,0.0,0.0,0.0,0.0,0.0,0.0,0.0,0.0,0.0,0.0,0.0,0.0,0.0,0.0,0.0,0.0,0.0,0.0,0.0,0.0,4.166666666666666,0.0,0.0,0.0
pymc-devs_pymc,2024-12-31,5d51953df0168fce4029675575f7002db71e4347,183.0,37013.0,0.0,0.0,0.0,0.0,4.371584699453552,0.0,0.0,0.0,0.0,53.00546448087432,0.0,0.0,0.0,0.0,0.0,0.0,0.0,0.0,0.0,0.0,11.475409836065573,7.650273224043716,16.939890710382514,0.0,4.918032786885246,1.639344262295082,0.546448087431694,0.546448087431694,43.71584699453552,42.62295081967213,26.229508196721312,26.229508196721312,0.0,0.0,0.0,0.0,0.546448087431694,0.0,0.0,27.322404371584703
pymodbus-dev_pymodbus,2024-12-31,75725082349da6d345ee03776392b344611ae27d,104.0,11389.0,0.0,0.0,0.0,0.0,0.0,56.730769230769226,46.15384615384615,0.0,4.807692307692308,49.03846153846153,0.0,0.0,0.0,0.0,0.0,0.0,0.0,0.0,0.0,0.0,0.9615384615384616,0.0,0.0,0.0,0.0,0.9615384615384616,0.0,1.9230769230769231,39.42307692307692,36.53846153846153,6.730769230769231,6.730769230769231,0.0,0.0,0.0,0.0,0.0,18.269230769230766,0.0,29.807692307692307
pymysql_pymysql,2024-12-31,8876b98b683912b46ddafa1ac2fcea9911e2c8c4,38.0,5037.0,0.0,0.0,0.0,0.0,0.0,0.0,0.0,0.0,0.0,26.31578947368421,0.0,0.0,0.0,0.0,0.0,0.0,0.0,0.0,0.0,0.0,0.0,0.0,0.0,0.0,0.0,0.0,0.0,2.631578947368421,0.0,0.0,2.631578947368421,2.631578947368421,0.0,0.0,0.0,0.0,0.0,0.0,0.0,2.631578947368421
pypa_pip,2024-12-31,5beed92e9b3e9342991cb5829cdc6fa6d67af721,511.0,63160.0,0.0,0.0,0.0,0.0,0.0,0.0,0.0,0.0,0.0,46.37964774951076,0.0,0.0,0.0,0.0,0.0,0.0,0.0,0.0,0.0,0.0,0.3913894324853229,2.3483365949119372,0.3913894324853229,0.19569471624266144,0.7827788649706457,0.0,0.3913894324853229,0.3913894324853229,71.0371819960861,73.77690802348337,11.937377690802348,11.937377690802348,0.0,0.0,0.0,0.0,6.8493150684931505,0.3913894324853229,2.152641878669276,34.24657534246575
pyrocko_pyrocko,2024-12-31,cf69b85de7af25508342b9f958920f0c66b5b419,420.0,79512.0,0.0,0.0,0.0,0.0,0.0,0.0,0.0,0.0,0.0,0.9523809523809524,0.0,0.0,0.0,0.0,0.0,0.0,0.0,0.0,0.0,0.0,0.2380952380952381,0.0,0.2380952380952381,0.0,0.0,0.0,0.0,0.0,0.7142857142857143,0.9523809523809524,2.380952380952381,2.380952380952381,0.0,0.0,0.0,0.0,0.7142857142857143,0.0,0.9523809523809524,0.2380952380952381
pysb_pysb,2024-12-31,8be8263d32e33bff6c4e92c927f4ba85590dc20f,136.0,14608.0,0.0,0.0,0.0,0.0,0.7352941176470588,0.0,0.0,0.0,0.0,5.88235294117647,0.0,0.0,0.0,0.0,0.0,0.0,0.0,0.0,0.0,0.0,0.0,0.0,0.0,0.0,0.0,0.0,0.0,0.0,2.2058823529411766,2.2058823529411766,0.0,0.0,0.0,0.0,0.0,0.0,0.0,0.7352941176470588,0.7352941176470588,2.2058823529411766
pytables_pytables,2024-12-31,d317356b680b1cd36111fa06919fd6ac9e331623,174.0,50575.0,0.0,0.0,0.0,0.0,0.0,0.0,0.0,0.0,0.0,51.724137931034484,0.0,0.0,0.0,0.0,0.0,0.0,0.0,0.0,0.0,0.0,0.0,0.0,1.1494252873563218,0.0,0.0,0.0,0.0,0.0,16.666666666666664,16.666666666666664,0.5747126436781609,0.5747126436781609,0.0,0.0,0.0,0.0,4.022988505747127,0.0,0.5747126436781609,10.919540229885058
pytest-dev_pytest-django,2024-12-31,f3fe5b173149904b3300819c824561480ef07649,36.0,2355.0,0.0,0.0,0.0,0.0,0.0,0.0,0.0,0.0,0.0,27.77777777777778,0.0,0.0,0.0,0.0,0.0,0.0,0.0,0.0,0.0,0.0,0.0,0.0,2.7777777777777777,0.0,2.7777777777777777,0.0,0.0,0.0,58.333333333333336,63.888888888888886,13.88888888888889,13.88888888888889,0.0,0.0,0.0,0.0,0.0,0.0,2.7777777777777777,36.11111111111111
python-jsonschema_jsonschema,2024-12-31,5108dc6f587fafd5e2d274eb153bd3157dd64c27,33.0,4292.0,0.0,0.0,0.0,0.0,0.0,0.0,0.0,0.0,0.0,51.515151515151516,0.0,0.0,0.0,0.0,0.0,0.0,0.0,0.0,0.0,0.0,0.0,9.090909090909092,0.0,0.0,0.0,0.0,3.0303030303030303,0.0,27.27272727272727,24.242424242424242,0.0,0.0,0.0,0.0,0.0,0.0,9.090909090909092,0.0,9.090909090909092,21.21212121212121
python-markdown_markdown,2024-12-31,7aace29bd33bc1734082b677c6f06aac0dcc6ac2,63.0,6596.0,0.0,0.0,0.0,0.0,0.0,0.0,0.0,0.0,0.0,19.047619047619047,0.0,0.0,0.0,0.0,0.0,0.0,0.0,0.0,0.0,0.0,0.0,1.5873015873015872,0.0,0.0,1.5873015873015872,0.0,0.0,0.0,44.44444444444444,41.269841269841265,1.5873015873015872,1.5873015873015872,0.0,0.0,0.0,0.0,4.761904761904762,4.761904761904762,0.0,30.158730158730158
pytrainer_pytrainer,2024-12-31,a3bd1db22d0807c029414da066a4eb25e694832d,112.0,12990.0,0.0,0.0,0.0,0.0,0.0,0.0,0.0,0.0,0.0,1.7857142857142856,0.0,0.0,0.0,0.0,0.0,0.0,0.0,0.0,0.0,0.0,0.0,0.0,0.0,0.0,0.0,0.0,0.0,0.0,0.0,0.0,0.0,0.0,0.0,0.0,0.0,0.0,0.0,0.0,0.0,0.0
pyudev_pyudev,2024-12-31,5f8c7d8a268f8eabf9cf054a1568f2ec55a05e2f,40.0,2694.0,0.0,0.0,0.0,0.0,0.0,0.0,0.0,0.0,0.0,2.5,0.0,0.0,0.0,0.0,0.0,0.0,0.0,0.0,0.0,0.0,0.0,0.0,0.0,0.0,0.0,0.0,0.0,0.0,0.0,0.0,0.0,0.0,0.0,0.0,0.0,0.0,0.0,0.0,0.0,0.0
qgis_qgis-django,2024-12-31,c4eab6bddd71971eeb30e454a0ca57b4fc92da2f,219.0,8237.0,0.0,0.0,0.0,0.0,0.0,0.0,0.0,0.0,0.0,6.392694063926941,0.0,0.0,0.0,0.0,0.0,0.0,0.0,0.0,0.0,0.0,0.0,0.0,0.0,0.0,0.0,0.0,0.0,0.0,2.73972602739726,6.392694063926941,0.0,0.0,0.0,0.0,0.0,0.0,0.0,0.0,0.0,0.91324200913242
qtile_qtile,2024-12-31,10e524e93718ba88f3c7432958382307291ebd67,378.0,37105.0,0.0,0.0,0.0,0.0,0.0,5.555555555555555,4.761904761904762,0.26455026455026454,0.5291005291005291,31.48148148148148,0.0,0.0,0.0,0.0,0.0,0.0,0.0,0.0,0.0,0.0,0.5291005291005291,1.0582010582010581,0.26455026455026454,0.0,0.5291005291005291,0.0,0.0,1.5873015873015872,20.8994708994709,23.28042328042328,2.91005291005291,2.91005291005291,0.0,0.0,0.0,0.0,1.8518518518518516,3.968253968253968,0.0,16.666666666666664
ranger_ranger,2024-12-31,d97b6fc1d8a99ca610bb8102f00ff9a607a93fd5,102.0,13868.0,0.0,0.0,0.0,0.0,0.0,0.0,0.0,0.0,0.0,0.0,0.0,0.0,0.0,0.0,0.0,0.0,0.0,0.0,0.0,0.0,0.0,0.9803921568627451,0.0,0.0,0.0,0.0,0.0,0.0,0.0,0.0,0.0,0.0,0.0,0.0,0.0,0.0,0.0,0.0,0.0,0.0
rapidsms_rapidsms,2024-12-31,dbced637fe395d1bd8d82c9e8471d6ed2450d303,141.0,4274.0,0.0,0.0,0.0,0.0,0.0,0.0,0.0,0.0,0.0,6.382978723404255,0.0,0.0,0.0,0.0,0.0,0.0,0.0,0.0,0.0,0.0,0.0,0.0,0.0,0.0,0.0,0.0,0.0,0.0,0.0,0.0,0.0,0.0,0.0,0.0,0.0,0.0,0.7092198581560284,0.0,0.0,0.0
reactionmechanismgenerator_rmg-website,2024-12-31,a95d80f4a041bd68b29d9befb5b72479b1a119d1,65.0,6798.0,0.0,0.0,0.0,0.0,0.0,0.0,0.0,0.0,0.0,7.6923076923076925,0.0,0.0,0.0,0.0,0.0,0.0,0.0,0.0,0.0,0.0,0.0,0.0,0.0,0.0,0.0,0.0,0.0,0.0,0.0,0.0,0.0,0.0,0.0,0.0,0.0,0.0,0.0,0.0,0.0,0.0
readthedocs_readthedocs.org,2024-12-31,1ebd4e58b4226bd9e8c8ec4ef4b399ec987c541b,782.0,41803.0,0.0,0.0,0.0,0.0,0.0,0.0,0.0,0.0,0.0,15.473145780051151,0.0,0.0,0.0,0.0,0.0,0.0,0.0,0.0,0.0,0.0,0.1278772378516624,1.1508951406649617,0.1278772378516624,0.0,0.0,0.1278772378516624,0.0,0.0,0.7672634271099744,0.7672634271099744,2.941176470588235,2.941176470588235,0.0,0.0,0.0,0.0,0.3836317135549872,0.0,0.0,0.639386189258312
reagle_thunderdell,2024-12-31,a96145ef5194ee70a3ddb949eaf1a6ffb45bd843,49.0,3845.0,0.0,0.0,0.0,0.0,0.0,0.0,0.0,0.0,0.0,79.59183673469387,0.0,0.0,0.0,0.0,0.0,0.0,0.0,0.0,0.0,0.0,0.0,0.0,0.0,0.0,0.0,0.0,0.0,0.0,44.89795918367347,40.816326530612244,0.0,0.0,0.0,0.0,0.0,0.0,0.0,10.204081632653061,0.0,6.122448979591836
redis_redis-py,2024-12-31,3208809c7237522c77dac0daea7af5a14148eebf,169.0,37233.0,1.183431952662722,0.0,0.591715976331361,0.0,0.0,31.360946745562128,27.810650887573964,1.183431952662722,12.42603550295858,43.19526627218935,0.0,0.0,0.0,0.0,0.0,0.0,0.0,0.0,0.0,0.0,0.0,3.5502958579881656,1.183431952662722,0.0,1.183431952662722,0.0,1.183431952662722,8.284023668639055,47.928994082840234,33.13609467455622,7.100591715976331,7.100591715976331,0.0,0.0,0.0,0.0,2.366863905325444,0.0,1.7751479289940828,10.650887573964498
reflectometry_refl1d,2024-12-31,ff5c46e7b420d4bbfe26a645c28cb3fdd0c6787e,152.0,12595.0,0.0,0.0,0.0,0.0,0.0,1.3157894736842104,1.3157894736842104,0.0,0.0,7.236842105263158,0.0,0.0,0.0,0.0,0.0,0.0,0.0,0.0,0.0,0.0,0.0,0.0,0.0,0.0,0.0,0.0,0.0,0.0,9.210526315789473,5.263157894736842,0.0,0.0,0.0,0.0,0.0,0.0,0.0,0.0,0.0,9.868421052631579
rembo10_headphones,2024-12-31,94d62430a00028ea9628bb47ea5972ac0ded8c89,858.0,98926.0,0.0,0.0,0.0,0.0,0.0,0.2331002331002331,0.2331002331002331,0.0,0.0,16.200466200466202,0.0,0.0,0.0,0.0,0.0,0.0,0.0,0.0,0.0,0.0,0.34965034965034963,0.4662004662004662,0.2331002331002331,0.0,0.11655011655011654,0.0,0.0,0.11655011655011654,14.219114219114218,15.151515151515152,3.0303030303030303,3.0303030303030303,0.0,0.0,0.0,0.0,2.2144522144522143,0.11655011655011654,0.6993006993006993,8.041958041958042
reviewboard_reviewboard,2024-12-31,907ec3f93d6cd6fb5be82fcc5eab46d23dc59eff,938.0,98966.0,0.0,0.0,0.0,0.0,0.0,0.0,0.0,0.0,0.0,6.076759061833688,0.0,0.0,0.0,0.0,0.0,0.0,0.0,0.0,0.0,0.0,0.0,0.21321961620469082,0.0,0.0,0.42643923240938164,0.0,0.0,0.0,18.65671641791045,25.692963752665243,8.84861407249467,8.84861407249467,0.0,0.0,0.0,0.0,0.8528784648187633,0.0,0.0,14.818763326226012
rickysarraf_apt-offline,2024-12-31,c4855bc96db1eed1e312d3594a4eaca622ade60e,16.0,3303.0,0.0,0.0,0.0,0.0,0.0,0.0,0.0,0.0,0.0,0.0,0.0,0.0,0.0,0.0,0.0,0.0,0.0,0.0,0.0,0.0,0.0,0.0,0.0,0.0,0.0,0.0,0.0,0.0,0.0,0.0,0.0,0.0,0.0,0.0,0.0,0.0,0.0,0.0,0.0,0.0
riptano_ccm,2024-12-31,cda502c84fade5ecffaf605e619f81085265be77,16.0,5412.0,0.0,0.0,0.0,0.0,0.0,0.0,0.0,0.0,0.0,0.0,0.0,0.0,0.0,0.0,0.0,0.0,0.0,0.0,0.0,0.0,0.0,0.0,0.0,0.0,0.0,0.0,0.0,0.0,0.0,0.0,0.0,0.0,0.0,0.0,0.0,0.0,0.0,0.0,0.0,0.0
robertluptonthegood_eups,2024-12-31,c723b679ea5ba0af79f941be91362222286ef01f,56.0,15969.0,0.0,0.0,0.0,0.0,0.0,0.0,0.0,0.0,0.0,1.7857142857142856,0.0,0.0,0.0,0.0,0.0,0.0,0.0,0.0,0.0,0.0,0.0,0.0,0.0,0.0,0.0,0.0,0.0,0.0,1.7857142857142856,0.0,0.0,0.0,0.0,0.0,0.0,0.0,0.0,0.0,0.0,0.0
robotframework_ride,2024-12-31,70b7a8272bde34786c9ea4ac9044f9919cf24484,521.0,59035.0,0.0,0.0,0.0,0.0,0.0,0.0,0.0,0.0,0.0,14.971209213051823,0.0,0.0,0.0,0.0,0.0,0.0,0.0,0.0,0.0,0.0,0.0,0.0,0.0,0.0,0.0,0.0,0.0,0.0,4.990403071017274,2.6871401151631478,0.19193857965451055,0.19193857965451055,0.0,0.0,0.0,0.0,0.19193857965451055,0.0,0.19193857965451055,1.3435700575815739
robotframework_seleniumlibrary,2024-12-31,7c285883ab2fa1067ce7bd18dfb6ff994e9693e7,108.0,6432.0,0.0,0.0,0.0,0.0,0.0,0.0,0.0,0.0,0.0,45.370370370370374,0.0,0.0,0.0,0.0,0.0,0.0,0.0,0.0,0.0,0.0,0.9259259259259258,0.0,0.0,0.0,0.0,0.0,0.0,0.0,24.074074074074073,15.74074074074074,0.9259259259259258,0.9259259259259258,0.0,0.0,0.0,0.0,0.0,1.8518518518518516,0.0,1.8518518518518516
ros_catkin,2024-12-31,24e9b0a27b7889a29698fa4c90a2b0bf90df1c0b,42.0,2767.0,0.0,0.0,0.0,0.0,0.0,0.0,0.0,0.0,0.0,0.0,0.0,0.0,0.0,0.0,0.0,0.0,0.0,0.0,0.0,0.0,0.0,0.0,0.0,0.0,0.0,0.0,0.0,0.0,0.0,0.0,0.0,0.0,0.0,0.0,0.0,0.0,0.0,0.0,0.0,0.0
rpm-software-management_tito,2024-12-31,b635baa305c1a9560c9e1010c4b9f5275d246c5b,39.0,5064.0,0.0,0.0,0.0,0.0,0.0,0.0,0.0,0.0,0.0,0.0,0.0,0.0,0.0,0.0,0.0,0.0,0.0,0.0,0.0,0.0,0.0,0.0,0.0,0.0,0.0,0.0,0.0,0.0,0.0,0.0,0.0,0.0,0.0,0.0,0.0,0.0,0.0,0.0,0.0,0.0
rq_rq,2024-12-31,c653d2388b3dff5762081803aef97fd04e5b5169,59.0,10487.0,0.0,0.0,0.0,0.0,0.0,1.694915254237288,0.0,0.0,0.0,15.254237288135593,0.0,0.0,0.0,0.0,0.0,0.0,0.0,0.0,0.0,0.0,0.0,0.0,0.0,0.0,0.0,0.0,0.0,0.0,40.67796610169492,28.8135593220339,5.084745762711865,5.084745762711865,0.0,0.0,0.0,0.0,0.0,0.0,0.0,16.94915254237288
rthalley_dnspython,2024-12-31,049777d348eaacf667e795902a08a0f12a4abd71,224.0,25596.0,0.0,0.0,0.0,0.0,0.0,9.821428571428571,9.375,0.4464285714285714,4.464285714285714,37.5,0.0,0.0,0.0,0.0,0.0,0.0,0.0,0.0,0.0,0.0,0.4464285714285714,0.0,0.0,0.0,0.4464285714285714,0.0,0.0,0.4464285714285714,26.785714285714285,27.232142857142854,1.7857142857142856,1.7857142857142856,0.0,0.0,0.0,0.0,0.4464285714285714,0.0,0.4464285714285714,17.410714285714285
s3tools_s3cmd,2024-12-31,0dbbe5d7f504ffd56c660a77c7fae18f75350357,23.0,5555.0,0.0,0.0,0.0,0.0,0.0,0.0,0.0,0.0,0.0,0.0,0.0,0.0,0.0,0.0,0.0,0.0,0.0,0.0,0.0,0.0,0.0,0.0,0.0,0.0,0.0,0.0,0.0,0.0,0.0,0.0,0.0,0.0,0.0,0.0,0.0,0.0,0.0,0.0,0.0,0.0
sabnzbd_sabnzbd,2024-12-31,cd831d2775422927adef096f2647a287c63ce605,109.0,25861.0,0.0,0.0,0.0,0.0,0.0,2.7522935779816518,2.7522935779816518,0.0,1.834862385321101,12.844036697247708,0.0,0.0,0.0,0.0,0.0,0.0,0.0,0.0,0.0,0.0,0.0,0.0,0.0,0.0,0.0,0.0,0.0,0.0,43.11926605504588,35.77981651376147,0.0,0.0,0.0,0.0,0.0,0.0,0.9174311926605505,36.69724770642202,0.0,19.26605504587156
sagemath_sagecell,2024-12-31,922c7cf59e19ca97f5273b61badb928a68b581f0,37.0,3432.0,0.0,0.0,0.0,0.0,0.0,18.91891891891892,13.513513513513514,0.0,0.0,2.7027027027027026,0.0,0.0,0.0,0.0,0.0,0.0,0.0,0.0,0.0,0.0,0.0,0.0,0.0,0.0,0.0,0.0,0.0,0.0,0.0,0.0,0.0,0.0,0.0,0.0,0.0,0.0,0.0,0.0,0.0,0.0
sahana_eden,2024-12-31,0712a5f614e6e201f792fbbe7d65c1741a9d51c8,711.0,209353.0,0.0,0.0,0.0,0.0,0.0,0.0,0.0,0.0,0.0,0.0,0.0,0.0,0.0,0.0,0.0,0.0,0.0,0.0,0.0,0.0,0.0,0.0,0.0,0.0,0.0,0.0,0.0,0.0,0.0,0.0,0.14064697609001406,0.14064697609001406,0.0,0.0,0.0,0.0,0.0,0.0,0.0,0.0
saltstack_salt,2024-12-31,2ec732abfaa658e49eed4cf8dbfafcf89f7b9786,3500.0,488850.0,0.0,0.0,0.0,0.0,0.0,1.0857142857142856,1.0857142857142856,0.0,0.0,47.97142857142857,0.0,0.0,0.0,0.0,0.0,0.0,0.0,0.0,0.0,0.0,0.1142857142857143,0.14285714285714285,0.0,0.0,0.2285714285714286,0.08571428571428572,0.1142857142857143,0.028571428571428574,0.6571428571428571,0.3142857142857143,0.4285714285714286,0.4285714285714286,0.0,0.0,0.0,0.0,0.4571428571428572,0.028571428571428574,0.17142857142857143,0.34285714285714286
sartography_spiffworkflow,2024-12-31,74814034f5de88c35314e19ac96cbfedca8c6af8,288.0,14234.0,0.0,0.0,0.0,0.0,0.0,0.0,0.0,0.0,0.0,12.5,0.0,0.0,0.0,0.0,0.0,0.0,0.0,0.0,0.0,0.0,0.0,0.0,0.0,0.0,0.0,0.0,0.0,0.0,0.0,1.0416666666666665,0.0,0.0,0.0,0.0,0.0,0.0,0.0,0.0,0.0,0.0
scikit-image_scikit-image,2024-12-31,4fb2464d32bbba9377f9423d5e86f12a0f756a86,494.0,40164.0,0.0,0.0,0.0,0.0,2.834008097165992,0.0,0.0,0.0,0.0,27.93522267206478,0.0,0.0,0.0,0.0,0.0,0.0,0.0,0.0,0.0,0.0,0.20242914979757085,0.20242914979757085,0.6072874493927125,0.0,0.0,0.20242914979757085,0.0,0.0,0.4048582995951417,0.4048582995951417,15.384615384615385,15.384615384615385,0.0,0.0,0.0,0.0,0.0,0.20242914979757085,0.0,0.0
scikit-learn_scikit-learn,2024-12-31,355937b7f84c7efddd091c7150f4713e2c761361,834.0,133766.0,0.0,0.0,0.0,0.0,5.755395683453238,0.0,0.0,0.0,0.0,41.36690647482014,0.0,0.0,0.0,0.0,0.0,0.0,0.0,0.0,0.0,0.0,0.9592326139088728,1.5587529976019185,1.3189448441247003,0.1199040767386091,6.83453237410072,0.7194244604316548,0.0,0.4796163069544364,1.5587529976019185,1.3189448441247003,21.58273381294964,21.58273381294964,0.0,0.0,0.0,0.0,0.4796163069544364,0.3597122302158274,0.1199040767386091,16.06714628297362
scipy-lectures_scientific-python-lectures,2024-12-31,21ddefe3bd6ca2cdeb2ef4431f14c9783242a51b,225.0,4914.0,0.0,0.0,0.0,0.0,3.111111111111111,0.0,0.0,0.0,0.0,8.88888888888889,0.0,0.0,0.0,0.0,0.0,0.0,0.0,0.0,0.0,0.0,0.0,0.0,0.0,0.0,0.0,0.0,0.0,0.0,0.0,0.0,0.0,0.0,0.0,0.0,0.0,0.0,0.0,0.0,0.0,1.7777777777777777
scipy_scipy,2024-12-31,9220a7aec40f5c08ab6844798c815c00419d248e,947.0,214674.0,0.0,0.0,0.0,0.0,9.926082365364309,0.0,0.0,0.0,0.0,39.070749736008445,0.0,0.31678986272439286,0.31678986272439286,0.0,0.0,0.0,0.10559662090813093,0.21119324181626187,0.0,0.0,1.689545934530095,0.5279831045406547,1.689545934530095,0.10559662090813093,0.10559662090813093,0.42238648363252373,0.7391763463569165,0.21119324181626187,3.5902851108764517,3.4846884899683213,13.727560718057022,13.727560718057022,0.0,0.0,0.0,0.0,0.6335797254487857,0.8447729672650475,0.6335797254487857,4.646251319957761
scrapy_scrapy,2024-12-31,7dd92e6e4341dc6d5ba70a20d7e89edb3a87fba9,312.0,32926.0,0.641025641025641,0.0,0.0,0.0,0.0,7.6923076923076925,5.128205128205128,2.564102564102564,0.0,45.51282051282051,0.0,0.0,0.0,0.0,0.0,0.0,0.0,0.0,0.0,0.0,0.641025641025641,0.3205128205128205,0.641025641025641,0.0,2.564102564102564,0.0,0.3205128205128205,0.0,49.67948717948718,49.03846153846153,11.538461538461538,11.538461538461538,0.0,0.0,0.0,0.0,3.8461538461538463,0.3205128205128205,0.0,41.66666666666667
sfepy_sfepy,2024-12-31,731d416cc8174950f249a0be47d77d4305b199a8,373.0,51112.0,0.0,0.0,0.0,0.0,2.1447721179624666,0.0,0.0,0.0,0.0,13.404825737265416,0.0,0.0,0.0,0.0,0.0,0.0,0.0,0.0,0.0,0.0,0.2680965147453083,0.0,0.0,0.0,0.0,0.0,0.0,0.0,0.2680965147453083,0.2680965147453083,0.5361930294906166,0.5361930294906166,0.0,0.0,0.0,0.0,0.0,0.0,0.0,0.0
shapely_shapely,2024-12-31,885a1fbb21857404aa85f8d4aa8ef6586f3f733f,146.0,10772.0,0.0,0.0,0.0,0.0,0.0,0.0,0.0,0.0,0.0,14.383561643835616,0.0,0.0,0.0,0.0,0.0,0.0,0.0,0.0,0.0,0.0,0.0,0.0,0.0,0.0,0.0,0.0,0.0,0.0,1.36986301369863,0.684931506849315,0.0,0.0,0.0,0.0,0.0,0.0,0.0,0.0,0.0,1.36986301369863
shedskin_shedskin,2024-12-31,4ee7061f23b9ec065a631318406316490bfd235c,392.0,66946.0,0.0,0.0,0.0,0.0,0.0,0.0,0.0,0.0,0.0,4.846938775510204,0.0,0.25510204081632654,0.25510204081632654,0.0,0.0,0.0,0.0,0.25510204081632654,0.0,0.0,0.0,0.0,0.0,0.0,0.0,0.0,0.0,0.0,6.122448979591836,6.122448979591836,0.0,0.0,0.0,0.0,0.0,0.0,0.0,0.5102040816326531,0.0,3.571428571428571
shinken-solutions_shinken,2024-12-31,d0bc3b52518d0728435ec94aca48cfcd90e64006,329.0,33706.0,0.0,0.0,0.0,0.0,0.0,0.0,0.0,0.0,0.0,0.0,0.0,0.0,0.0,0.0,0.0,0.0,0.0,0.0,0.0,0.0,0.0,0.0,0.0,0.0,0.0,0.0,0.0,0.0,0.0,0.0,0.0,0.0,0.0,0.0,0.0,0.0,0.0,0.0,0.0,0.0
simplistix_testfixtures,2024-12-31,18a39fae84dcef866152c1188ef9e0023de17eca,54.0,7302.0,0.0,0.0,0.0,0.0,0.0,0.0,0.0,0.0,0.0,12.962962962962962,0.0,0.0,0.0,0.0,0.0,0.0,0.0,0.0,0.0,0.0,0.0,0.0,0.0,0.0,0.0,0.0,0.0,0.0,38.88888888888889,22.22222222222222,12.962962962962962,12.962962962962962,0.0,0.0,0.0,0.0,0.0,0.0,0.0,20.37037037037037
sirver_ultisnips,2024-12-31,808114c1ce668cb5a15914f4233658973edc195e,75.0,6413.0,0.0,0.0,0.0,0.0,0.0,0.0,0.0,0.0,0.0,0.0,0.0,0.0,0.0,0.0,0.0,0.0,0.0,0.0,0.0,0.0,0.0,0.0,0.0,0.0,0.0,0.0,0.0,0.0,8.0,5.333333333333334,0.0,0.0,0.0,0.0,0.0,0.0,0.0,0.0,0.0,1.3333333333333335
slapos_slapos,2024-12-31,f1c063158dc84aac649e9453747b0d888daf2ccb,175.0,17415.0,0.0,0.0,0.0,0.0,0.0,0.0,0.0,0.0,0.0,17.142857142857142,0.0,0.0,0.0,0.0,0.0,0.0,0.0,0.0,0.0,0.0,1.1428571428571428,0.0,0.0,0.0,0.0,0.0,0.0,0.0,6.2857142857142865,7.428571428571429,0.5714285714285714,0.5714285714285714,0.0,0.0,0.0,0.0,0.5714285714285714,0.5714285714285714,0.0,1.7142857142857144
slapos_slapos.core,2024-12-31,99adbf9dce3df67ed666fa701ec9641637e3a62f,780.0,48977.0,0.0,0.0,0.0,0.0,0.0,0.0,0.0,0.0,0.0,0.38461538461538464,0.0,0.0,0.0,0.0,0.0,0.0,0.0,0.0,0.0,0.0,0.0,0.0,0.0,0.0,0.0,0.0,0.0,0.0,0.2564102564102564,0.2564102564102564,0.1282051282051282,0.1282051282051282,0.0,0.0,0.0,0.0,0.0,0.1282051282051282,0.0,0.2564102564102564
smarr_rebench,2024-12-31,1bf94fac44a93728caa09df2883b726d17b1dce3,103.0,6540.0,0.0,0.0,0.0,0.0,0.0,0.0,0.0,0.0,0.0,2.912621359223301,0.0,0.0,0.0,0.0,0.0,0.0,0.0,0.0,0.0,0.0,0.0,0.0,0.0,0.0,0.0,0.0,0.0,0.0,17.475728155339805,12.62135922330097,0.0,0.0,0.0,0.0,0.0,0.0,0.0,0.0,0.0,9.70873786407767
snarfed_bridgy,2024-12-31,b8b69228c1152ac75e2cc2f98c18c3b2ef525ad2,61.0,10717.0,0.0,0.0,0.0,0.0,0.0,0.0,0.0,0.0,0.0,73.77049180327869,0.0,0.0,0.0,0.0,0.0,0.0,0.0,0.0,0.0,0.0,0.0,0.0,0.0,0.0,4.918032786885246,0.0,0.0,1.639344262295082,0.0,0.0,1.639344262295082,1.639344262295082,0.0,0.0,0.0,0.0,0.0,1.639344262295082,0.0,0.0
softlayer_softlayer-python,2024-12-31,4552db39cfd459cdd6767921aabcb2ee809c8ca0,563.0,28495.0,0.0,0.0,0.0,0.0,0.0,0.0,0.0,0.0,0.0,27.353463587921844,0.0,0.0,0.0,0.0,0.0,0.0,0.0,0.0,0.0,0.0,0.0,0.17761989342806395,0.0,0.0,0.0,0.0,0.0,0.0,0.3552397868561279,0.17761989342806395,0.0,0.0,0.0,0.0,0.0,0.0,0.0,0.0,0.0,0.17761989342806395
sopel-irc_sopel,2024-12-31,7a605d97970e8f2f057df4db646d239884e4356e,117.0,19375.0,0.0,0.0,0.0,0.0,0.0,0.8547008547008548,0.8547008547008548,0.0,0.0,0.8547008547008548,0.0,0.0,0.0,0.0,0.0,0.0,0.0,0.0,0.0,0.0,1.7094017094017095,0.0,0.8547008547008548,0.0,0.0,0.0,0.0,0.0,34.18803418803419,30.76923076923077,5.982905982905983,5.982905982905983,0.0,0.0,0.0,0.0,2.564102564102564,0.8547008547008548,0.0,23.076923076923077
sosreport_sos,2024-12-31,bdfc9abc8274bbe93a1d0ec8b0686cff4da1c0d6,505.0,16516.0,0.0,0.0,0.0,0.0,0.0,0.0,0.0,0.0,0.0,46.73267326732674,0.0,0.0,0.0,0.0,0.0,0.0,0.0,0.0,0.0,0.0,0.0,0.0,0.0,0.0,0.0,0.0,0.0,0.0,0.39603960396039606,0.594059405940594,0.19801980198019803,0.19801980198019803,0.0,0.0,0.0,0.0,0.0,0.39603960396039606,0.0,0.19801980198019803
spacelog_spacelog,2024-12-31,fe9d342f242fc1f0db934f0a04519bbf9e7b99e4,71.0,4548.0,0.0,0.0,0.0,0.0,0.0,0.0,0.0,0.0,0.0,0.0,0.0,0.0,0.0,0.0,0.0,0.0,0.0,0.0,0.0,0.0,0.0,0.0,0.0,0.0,0.0,0.0,0.0,0.0,0.0,0.0,0.0,0.0,0.0,0.0,0.0,0.0,1.4084507042253522,0.0,0.0,0.0
spiral-project_ihatemoney,2024-12-31,86eb9b8662b16006ad43f04b350a9d11efe864a4,38.0,4002.0,0.0,0.0,0.0,0.0,0.0,0.0,0.0,0.0,0.0,34.21052631578947,0.0,0.0,0.0,0.0,0.0,0.0,0.0,0.0,0.0,0.0,0.0,0.0,0.0,0.0,2.631578947368421,0.0,0.0,0.0,10.526315789473683,2.631578947368421,0.0,0.0,0.0,0.0,0.0,0.0,0.0,0.0,0.0,0.0
splunk_splunk-sdk-python,2024-12-31,e3f3968da91ed1d8b67fb20e2334e2cad43b6e3d,78.0,9503.0,0.0,0.0,0.0,0.0,0.0,0.0,0.0,0.0,0.0,38.46153846153847,0.0,0.0,0.0,0.0,0.0,0.0,0.0,0.0,0.0,0.0,0.0,0.0,0.0,0.0,1.282051282051282,0.0,0.0,0.0,0.0,0.0,0.0,0.0,0.0,0.0,0.0,0.0,0.0,0.0,0.0,0.0
spritelink_nipap,2024-12-31,122efdd3c1f2dfe32245fd0ad2eb8c0477a58040,46.0,9220.0,0.0,0.0,0.0,0.0,0.0,0.0,0.0,0.0,0.0,2.1739130434782608,0.0,0.0,0.0,0.0,0.0,0.0,0.0,0.0,0.0,0.0,0.0,0.0,0.0,0.0,0.0,0.0,0.0,0.0,0.0,0.0,2.1739130434782608,2.1739130434782608,0.0,0.0,0.0,0.0,0.0,0.0,0.0,0.0
statsmodels_statsmodels,2024-12-31,22621cda87ebb57ff2b3580e570bf76679544084,1025.0,157255.0,0.0,0.0,0.0,0.0,4.2926829268292686,0.0,0.0,0.0,0.0,13.951219512195124,0.0,0.0,0.0,0.0,0.0,0.0,0.0,0.0,0.0,0.0,0.0975609756097561,0.0,0.0975609756097561,0.0,0.0,0.0,0.0,0.0,3.1219512195121952,2.4390243902439024,1.8536585365853657,1.8536585365853657,0.0,0.0,0.0,0.0,0.2926829268292683,0.0,0.0,1.2682926829268293
stephenmcd_cartridge,2024-12-31,abc4f04242834f13bacd979224452017be2fb304,36.0,2479.0,0.0,0.0,0.0,0.0,0.0,0.0,0.0,0.0,0.0,22.22222222222222,0.0,0.0,0.0,0.0,0.0,0.0,0.0,0.0,0.0,0.0,0.0,0.0,0.0,0.0,0.0,0.0,0.0,0.0,0.0,0.0,0.0,0.0,0.0,0.0,0.0,0.0,0.0,0.0,0.0,0.0
strawlab_flydra,2024-12-31,a4bb3a1c06a744f9d194a626e1941d481639e512,147.0,22964.0,0.0,0.0,0.0,0.0,0.0,0.0,0.0,0.0,0.0,0.0,0.0,0.0,0.0,0.0,0.0,0.0,0.0,0.0,0.0,0.0,0.0,0.0,0.0,0.0,0.0,0.0,0.0,0.0,0.0,0.0,0.0,0.0,0.0,0.0,0.0,0.0,0.0,0.0,0.0,0.0
stripe_stripe-python,2024-12-31,62558c7fa811189e244301b6cd0a9263150c59c4,653.0,86044.0,0.9188361408882083,0.0,0.0,0.0,0.0,42.725880551301685,42.11332312404288,0.0,0.0,0.7656967840735069,0.0,0.0,0.0,0.0,0.0,0.0,0.0,0.0,0.0,0.0,0.0,0.0,0.0,0.0,0.7656967840735069,0.0,0.0,0.0,44.4104134762634,44.257274119448695,1.5313935681470139,1.5313935681470139,0.0,0.0,0.0,0.0,0.0,0.0,0.0,50.68912710566615
sublimetext_packagedev,2024-12-31,e4e6751ccfb3f43af4cc0d7aedb67bfdc0213342,28.0,2462.0,0.0,0.0,0.0,0.0,0.0,0.0,0.0,0.0,0.0,3.571428571428571,0.0,0.0,0.0,0.0,0.0,0.0,0.0,0.0,0.0,0.0,10.714285714285714,0.0,0.0,0.0,0.0,0.0,0.0,0.0,3.571428571428571,3.571428571428571,3.571428571428571,3.571428571428571,0.0,0.0,0.0,0.0,14.285714285714285,7.142857142857142,0.0,0.0
sunpy_sunpy,2024-12-31,782b242b06724ae315e9aad776c7673b895e3585,381.0,30967.0,0.0,0.0,0.0,0.0,1.0498687664041995,0.0,0.0,0.0,0.0,33.85826771653544,0.0,0.0,0.0,0.0,0.0,0.0,0.0,0.0,0.0,0.0,0.5249343832020997,2.099737532808399,0.26246719160104987,0.0,0.7874015748031495,0.0,0.26246719160104987,0.26246719160104987,6.824146981627297,1.574803149606299,8.136482939632545,8.136482939632545,0.0,0.0,0.0,0.0,0.5249343832020997,2.099737532808399,0.0,0.7874015748031495
suor_django-cacheops,2024-12-31,18177849dd85fd2b7eb45da1d8a894f9ddb6e564,31.0,2660.0,0.0,0.0,0.0,0.0,0.0,0.0,0.0,0.0,0.0,6.451612903225806,0.0,0.0,0.0,0.0,0.0,0.0,0.0,0.0,0.0,0.0,6.451612903225806,0.0,0.0,0.0,3.225806451612903,0.0,3.225806451612903,0.0,6.451612903225806,0.0,3.225806451612903,3.225806451612903,0.0,0.0,0.0,0.0,0.0,0.0,0.0,0.0
supervisor_supervisor,2024-12-31,27efcd59b454e4f3a81e5e1b02ab0d8d0ff2f45f,66.0,25068.0,0.0,0.0,0.0,0.0,0.0,0.0,0.0,0.0,0.0,0.0,0.0,0.0,0.0,0.0,0.0,0.0,0.0,0.0,0.0,0.0,0.0,0.0,0.0,0.0,0.0,0.0,0.0,0.0,0.0,0.0,0.0,0.0,0.0,0.0,0.0,0.0,0.0,0.0,0.0,0.0
sympy_sympy,2024-12-31,f7d762468326042a03b32b17a8362365ea16d2f6,1400.0,351140.0,0.0,0.0,0.0,0.0,0.2857142857142857,0.0,0.0,0.0,0.0,7.7857142857142865,0.0,0.0,0.0,0.0,0.0,0.0,0.0,0.0,0.0,0.0,0.4285714285714286,0.5,0.5,0.0,0.5,0.0,0.7857142857142858,0.2142857142857143,5.142857142857142,5.357142857142857,8.285714285714285,8.285714285714285,0.0,0.0,0.0,0.0,1.7142857142857144,1.2857142857142856,0.2142857142857143,8.428571428571429
tahoe-lafs_tahoe-lafs,2024-12-31,68dde65e90c83f1fa722dc7af79bf20b403805ce,337.0,69164.0,0.0,0.0,0.0,0.0,0.0,10.682492581602373,9.792284866468842,0.2967359050445104,0.2967359050445104,7.121661721068249,0.0,0.0,0.0,0.0,0.0,0.0,0.0,0.0,0.0,0.0,0.0,0.0,0.0,0.0,0.0,0.0,0.0,0.5934718100890208,18.694362017804153,18.694362017804153,1.483679525222552,1.483679525222552,0.0,0.0,0.0,0.0,0.0,0.0,0.0,13.94658753709199
tanghaibao_goatools,2024-12-31,2dfb6af9f58f5781a6d5aa9b958a91111a0df4d5,279.0,16399.0,0.0,0.0,0.0,0.0,0.0,0.0,0.0,0.0,0.0,3.225806451612903,0.0,0.0,0.0,0.0,0.0,0.0,0.0,0.0,0.0,0.0,0.0,0.35842293906810035,0.0,0.0,0.0,0.0,0.0,0.0,2.1505376344086025,0.0,0.0,0.0,0.0,0.0,0.0,0.0,0.0,0.0,0.0,0.0
tanghaibao_jcvi,2024-12-31,756adc19648aae05e7b81baeeffa6f9affdb6b19,194.0,48332.0,0.0,0.0,0.0,0.0,0.0,0.0,0.0,0.0,0.0,15.979381443298967,0.0,0.0,0.0,0.0,0.0,0.0,0.0,0.0,0.0,0.0,0.0,0.0,0.0,0.0,0.0,0.0,0.0,0.0,17.525773195876287,11.34020618556701,0.0,0.0,0.0,0.0,0.0,0.0,0.0,0.0,0.0,3.0927835051546393
tardis-sn_tardis,2024-12-31,c1026cd930c74417944e01a4128350c55bbe0834,252.0,18318.0,0.0,0.0,0.0,0.0,0.0,0.3968253968253968,0.3968253968253968,0.0,0.0,27.380952380952383,0.0,0.0,0.0,0.0,0.0,0.0,0.0,0.0,0.0,0.0,0.0,0.7936507936507936,0.3968253968253968,0.0,0.0,0.0,0.0,0.3968253968253968,7.5396825396825395,3.968253968253968,0.0,0.0,0.0,0.0,0.0,0.0,0.3968253968253968,0.3968253968253968,0.0,5.555555555555555
tendenci_tendenci,2024-12-31,46855f7ad222dc26f9efa0c44234f544c390fdcc,1585.0,87627.0,0.0,0.0,0.0,0.0,0.0,0.0,0.0,0.0,0.0,6.056782334384858,0.0,0.0,0.0,0.0,0.0,0.0,0.0,0.0,0.0,0.0,0.0,0.0,0.0,0.0,0.06309148264984228,0.0,0.0,0.0,0.0,0.0,0.1892744479495268,0.1892744479495268,0.0,0.0,0.0,0.0,0.0,0.0,0.0,0.0
textmate_latex.tmbundle,2024-12-31,a588214b8c69e50884728a38f341b2b081b67218,10.0,1059.0,0.0,0.0,0.0,0.0,0.0,0.0,0.0,0.0,0.0,0.0,0.0,0.0,0.0,0.0,0.0,0.0,0.0,0.0,0.0,0.0,0.0,0.0,0.0,0.0,0.0,0.0,0.0,0.0,0.0,0.0,0.0,0.0,0.0,0.0,0.0,0.0,0.0,0.0,0.0,0.0
the-tale_the-tale,2024-12-31,2c3ae03a475e8bba91a178caabae76acf31220f6,1609.0,86547.0,0.0,0.0,0.0,0.0,0.0,7.582349285270354,7.582349285270354,0.0,0.4972032318210068,3.2318210068365447,0.0,0.0,0.0,0.0,0.0,0.0,0.0,0.0,0.0,0.0,0.0,0.1243008079552517,0.1243008079552517,0.0,0.06215040397762585,0.0,0.06215040397762585,0.0,0.6836544437538844,0.4972032318210068,0.06215040397762585,0.06215040397762585,0.0,0.0,0.0,0.0,0.2486016159105034,0.06215040397762585,0.0,1.4294592914853945
theano_theano,2024-12-31,7505f23edd66fcdbbe04953f53c650b4d7cec4dd,344.0,100995.0,0.0,0.0,0.0,0.0,0.0,0.0,0.0,0.0,0.0,0.0,0.0,0.0,0.0,0.0,0.0,0.0,0.0,0.0,0.0,0.0,0.0,0.0,0.0,0.0,0.0,0.0,0.0,0.0,0.0,0.0,0.0,0.0,0.0,0.0,0.0,0.0,0.0,0.0,0.0,0.0
theochem_horton,2024-12-31,77d3d2318a9d3ee28c66fd9459fe4b2654e5c2b8,241.0,22401.0,0.0,0.0,0.0,0.0,0.0,0.0,0.0,0.0,0.0,0.0,0.0,0.0,0.0,0.0,0.0,0.0,0.0,0.0,0.0,0.0,0.0,0.0,0.0,0.0,0.0,0.0,0.0,0.0,0.8298755186721992,0.4149377593360996,0.0,0.0,0.0,0.0,0.0,0.0,0.0,0.0,0.0,0.0
thumbor_thumbor,2024-12-31,4a59f4e82053abf597ca3a849d726709dfed23cf,197.0,9870.0,0.0,0.0,0.0,0.0,0.0,67.51269035532995,46.7005076142132,0.0,0.0,23.3502538071066,0.0,0.0,0.0,0.0,0.0,0.0,0.0,0.0,0.0,0.0,0.0,0.0,0.0,0.0,0.0,0.0,0.0,0.0,2.5380710659898478,2.5380710659898478,0.5076142131979695,0.5076142131979695,0.0,0.0,0.0,0.0,0.0,0.0,0.0,0.0
tinkerforge_brickv,2024-12-31,749c3ba934e27743df81c7be70a7f9da7c6f6e91,527.0,93494.0,0.0,0.0,0.0,0.0,0.0,0.0,0.0,0.0,0.0,0.0,0.0,0.0,0.0,0.0,0.0,0.0,0.0,0.0,0.0,0.0,0.0,0.18975332068311196,0.0,0.0,0.0,0.0,0.0,0.18975332068311196,0.0,0.0,0.3795066413662239,0.3795066413662239,0.0,0.0,0.0,0.0,0.0,0.0,0.0,0.0
tinkerforge_generators,2024-12-31,2985637dbe9e35edc76fa6e0c55e223a276e9ba5,327.0,34047.0,0.0,0.0,0.0,0.0,0.0,2.1406727828746175,1.529051987767584,0.0,1.2232415902140672,0.0,0.0,0.0,0.0,0.0,0.0,0.0,0.0,0.0,0.0,0.0,0.0,0.0,0.0,0.0,0.0,0.0,0.0,0.0,0.0,0.0,0.0,0.0,0.0,0.0,0.0,0.0,0.0,0.0,0.0,0.0
tinkerforge_kicad-libraries,2024-12-31,33373f9af860523c913fdd988d09fc02574198e9,2.0,128.0,0.0,0.0,0.0,0.0,0.0,0.0,0.0,0.0,0.0,0.0,0.0,0.0,0.0,0.0,0.0,0.0,0.0,0.0,0.0,0.0,0.0,0.0,0.0,0.0,0.0,0.0,0.0,0.0,0.0,0.0,0.0,0.0,0.0,0.0,0.0,0.0,0.0,0.0,0.0,0.0
tlecomte_friture,2024-12-31,2ba32e6f542770658be1e258578b0ed7bd793f90,111.0,9117.0,0.0,0.0,0.0,0.0,0.0,0.0,0.0,0.0,0.0,5.405405405405405,0.0,0.0,0.0,0.0,0.0,0.0,0.0,0.0,0.0,0.0,0.0,0.0,0.0,0.0,0.0,0.0,0.0,0.0,10.81081081081081,11.711711711711711,0.0,0.0,0.0,0.0,0.0,0.0,0.9009009009009009,0.0,0.0,4.504504504504505
toblerity_fiona,2024-12-31,0e0bc9638b6c567bf32f7dec16d2504a89a69f22,116.0,8069.0,0.0,0.0,0.0,0.0,0.0,0.0,0.0,0.0,0.0,36.206896551724135,0.0,0.0,0.0,0.0,0.0,0.0,0.0,0.0,0.0,0.0,0.8620689655172413,0.0,0.0,0.0,0.8620689655172413,0.8620689655172413,0.0,0.0,1.7241379310344827,1.7241379310344827,0.8620689655172413,0.8620689655172413,0.0,0.0,0.0,0.0,0.8620689655172413,0.0,0.0,0.8620689655172413
tomerfiliba-org_rpyc,2024-12-31,d7f52d7d2d1f3c7418d3408111f77ac6e6cb26fc,78.0,5727.0,0.0,0.0,0.0,0.0,0.0,0.0,0.0,0.0,0.0,37.17948717948718,0.0,0.0,0.0,0.0,0.0,0.0,0.0,0.0,0.0,0.0,0.0,0.0,0.0,0.0,0.0,0.0,0.0,0.0,0.0,0.0,2.564102564102564,2.564102564102564,0.0,0.0,0.0,0.0,0.0,0.0,0.0,1.282051282051282
tornadoweb_tornado,2024-12-31,c47d7d1fef86be7232d3f41386079465e3e244f5,101.0,21133.0,0.0,0.0,0.0,0.0,0.0,42.57425742574257,38.613861386138616,2.9702970297029703,2.9702970297029703,29.7029702970297,0.0,0.0,0.0,0.0,0.0,0.0,0.0,0.0,0.0,0.0,0.0,0.0,0.0,0.0,0.0,0.0,0.0,0.9900990099009901,39.603960396039604,43.56435643564357,1.9801980198019802,1.9801980198019802,0.0,0.0,0.0,0.0,0.9900990099009901,0.9900990099009901,0.0,9.900990099009901
trentm_python-markdown2,2024-12-31,dfc90c656e173836e26fd6bf8b89df80e2e56373,16.0,4545.0,0.0,0.0,0.0,0.0,0.0,0.0,0.0,0.0,0.0,6.25,0.0,0.0,0.0,0.0,0.0,0.0,0.0,0.0,0.0,0.0,0.0,0.0,6.25,0.0,0.0,0.0,0.0,0.0,6.25,6.25,0.0,0.0,0.0,0.0,0.0,0.0,6.25,0.0,0.0,6.25
turbogears_tg2,2024-12-31,fabe5c659a92a5a99acaf4c10371e4f6a151dd88,128.0,13322.0,0.0,0.0,0.0,0.0,0.0,0.0,0.0,0.0,0.0,0.0,0.0,0.0,0.0,0.0,0.0,0.0,0.0,0.0,0.0,0.0,0.0,0.0,0.0,0.0,0.0,0.0,0.0,0.0,0.0,0.0,0.0,0.0,0.0,0.0,0.0,0.0,0.0,0.0,0.0,0.0
tweepy_tweepy,2024-12-31,dde9ae2678857bbf1f237b5c3f3790568ce52a44,52.0,4092.0,0.0,0.0,0.0,0.0,0.0,11.538461538461538,11.538461538461538,3.8461538461538463,3.8461538461538463,51.92307692307693,0.0,0.0,0.0,0.0,0.0,0.0,0.0,0.0,0.0,0.0,0.0,0.0,0.0,0.0,0.0,0.0,0.0,0.0,0.0,0.0,21.153846153846153,21.153846153846153,0.0,0.0,0.0,0.0,0.0,0.0,3.8461538461538463,1.9230769230769231
twilio_twilio-python,2024-12-31,bae3eca0fb53619a3796badd083406d04b907767,464.0,47454.0,51.077586206896555,0.0,0.0,0.0,0.0,81.46551724137932,81.25,0.0,0.0,0.0,0.0,0.0,0.0,0.0,0.0,0.0,0.0,0.0,0.0,0.0,0.0,0.0,0.0,0.0,0.43103448275862066,0.0,0.0,0.0,92.88793103448276,90.30172413793103,0.0,0.0,0.0,0.0,0.0,0.0,0.0,0.0,0.0,89.65517241379311
twisted_twisted,2024-12-31,aefca94f7f341f237d075ae47db87a78af7faa76,1034.0,175672.0,0.0,0.0,0.0,0.0,0.0,2.321083172147002,2.127659574468085,0.0,0.09671179883945842,31.914893617021278,0.0,0.0,0.0,0.0,0.0,0.0,0.0,0.0,0.0,0.0,0.0,0.0,0.0,0.0,0.19342359767891684,0.0,0.0,1.3539651837524178,26.88588007736944,38.39458413926499,1.0638297872340425,1.0638297872340425,0.0,0.0,0.0,0.0,0.8704061895551257,0.3868471953578337,0.0,25.435203094777563
unidata_metpy,2024-12-31,1390b0711aa403b724d017b3ba30d24ff20a96fa,154.0,25004.0,0.0,0.0,0.0,0.0,0.0,0.0,0.0,0.0,0.0,33.116883116883116,0.0,0.0,0.0,0.0,0.0,0.0,0.0,0.0,0.0,0.0,3.2467532467532463,1.2987012987012987,0.6493506493506493,0.0,1.2987012987012987,0.0,0.6493506493506493,0.6493506493506493,0.6493506493506493,0.6493506493506493,6.493506493506493,6.493506493506493,0.0,0.0,0.0,0.0,0.0,0.6493506493506493,5.844155844155844,0.0
uploadcare_pyuploadcare,2024-12-31,25d40536ff24c7a04d657663c146e020296abbbb,95.0,4662.0,0.0,0.0,0.0,0.0,0.0,0.0,0.0,0.0,0.0,20.0,0.0,0.0,0.0,0.0,0.0,0.0,0.0,0.0,0.0,0.0,0.0,1.0526315789473684,0.0,0.0,0.0,0.0,0.0,0.0,44.21052631578947,27.368421052631582,2.1052631578947367,2.1052631578947367,0.0,0.0,0.0,0.0,1.0526315789473684,0.0,0.0,20.0
urbanairship_python-library,2024-12-31,d1636c2059029a639ea3d6c17c7441cfa1f60066,61.0,5669.0,0.0,0.0,0.0,0.0,0.0,0.0,0.0,0.0,0.0,9.836065573770492,0.0,0.0,0.0,0.0,0.0,0.0,0.0,0.0,0.0,0.0,0.0,0.0,0.0,0.0,0.0,0.0,0.0,0.0,45.90163934426229,49.18032786885246,0.0,0.0,0.0,0.0,0.0,0.0,0.0,0.0,0.0,40.98360655737705
urllib3_urllib3,2024-12-31,181357ed2aecf9c523f2664c05f176cde9692994,71.0,14321.0,0.0,0.0,0.0,0.0,0.0,7.042253521126761,7.042253521126761,0.0,2.8169014084507045,64.7887323943662,0.0,0.0,0.0,0.0,0.0,0.0,0.0,0.0,0.0,0.0,1.4084507042253522,1.4084507042253522,0.0,0.0,1.4084507042253522,0.0,1.4084507042253522,7.042253521126761,94.36619718309859,98.59154929577466,14.084507042253522,14.084507042253522,0.0,0.0,0.0,0.0,1.4084507042253522,1.4084507042253522,7.042253521126761,60.56338028169014
urschrei_pyzotero,2024-12-31,a117274ebfe83067b6c09b112effa634047a2bac,5.0,1398.0,0.0,0.0,0.0,0.0,0.0,0.0,0.0,0.0,0.0,0.0,0.0,0.0,0.0,0.0,0.0,0.0,0.0,0.0,0.0,0.0,0.0,0.0,0.0,0.0,0.0,0.0,0.0,0.0,0.0,0.0,0.0,0.0,0.0,0.0,0.0,0.0,0.0,0.0,0.0,0.0
urwid_urwid,2024-12-31,b69ce39f69ddea540c9f4ee098567df4822b29d6,140.0,21198.0,0.0,0.0,0.0,0.0,0.0,1.4285714285714286,0.7142857142857143,0.0,0.7142857142857143,62.857142857142854,0.0,0.0,0.0,0.0,0.0,0.0,0.0,0.0,0.0,0.0,0.0,20.714285714285715,8.571428571428571,0.0,10.0,0.0,0.0,0.7142857142857143,77.14285714285715,82.85714285714286,3.571428571428571,3.571428571428571,0.0,0.0,0.0,0.0,2.857142857142857,20.0,0.7142857142857143,43.57142857142857
veusz_veusz,2024-12-31,54440de2a8f05a4fc818359844822242b19e7385,162.0,33472.0,0.0,0.0,0.0,0.0,0.0,0.0,0.0,0.0,0.0,1.8518518518518516,0.0,0.0,0.0,0.0,0.0,0.0,0.0,0.0,0.0,0.0,0.0,0.0,0.0,0.0,0.0,0.0,0.0,0.6172839506172839,0.0,0.0,0.0,0.0,0.0,0.0,0.0,0.0,0.0,0.0,0.0,0.0
voteit_voteit.core,2024-12-31,64f86852148c11ac94069cdf980e3c415ad5fe8c,162.0,9438.0,0.0,0.0,0.0,0.0,0.0,0.0,0.0,0.0,0.0,0.0,0.0,0.0,0.0,0.0,0.0,0.0,0.0,0.0,0.0,0.0,0.0,0.0,0.0,0.0,0.0,0.0,0.0,0.0,0.0,0.0,0.0,0.0,0.0,0.0,0.0,0.0,0.0,0.0,0.0,0.0
warner_foolscap,2024-12-31,9e9bdaa254a393fad258a993bfe6e8ad4fb4b504,103.0,19789.0,0.0,0.0,0.0,0.0,0.0,0.0,0.0,0.0,0.0,1.9417475728155338,0.0,0.0,0.0,0.0,0.0,0.0,0.0,0.0,0.0,0.0,0.0,0.0,0.0,0.0,0.0,0.0,0.0,0.0,2.912621359223301,2.912621359223301,0.0,0.0,0.0,0.0,0.0,0.0,0.0,0.0,0.0,2.912621359223301
web2py_web2py,2024-12-31,edacfba309a35285e3c6f4b265c1f5e9c1d4c4fd,368.0,51648.0,0.0,0.0,0.0,0.0,0.0,0.0,0.0,0.0,0.0,0.8152173913043478,0.0,0.0,0.0,0.0,0.0,0.0,0.0,0.0,0.0,0.0,0.0,0.0,0.0,0.0,0.0,0.0,0.0,0.0,0.0,0.0,0.0,0.0,0.0,0.0,0.0,0.0,0.0,0.0,0.0,0.0
webpy_webpy,2024-12-31,952d1fda12ac7ecdc47f2242c467f5e2734238d6,28.0,5427.0,0.0,0.0,0.0,0.0,0.0,0.0,0.0,0.0,0.0,32.142857142857146,0.0,0.0,0.0,0.0,0.0,0.0,0.0,0.0,0.0,0.0,0.0,0.0,0.0,0.0,0.0,0.0,0.0,0.0,7.142857142857142,7.142857142857142,0.0,0.0,0.0,0.0,0.0,0.0,3.571428571428571,0.0,0.0,0.0
websocket-client_websocket-client,2024-12-31,5f25030ededa964dcba16e04cd99882ce4461edb,26.0,2657.0,0.0,0.0,0.0,0.0,0.0,3.8461538461538463,3.8461538461538463,3.8461538461538463,3.8461538461538463,57.692307692307686,0.0,0.0,0.0,0.0,0.0,0.0,0.0,0.0,0.0,0.0,0.0,0.0,0.0,0.0,0.0,0.0,0.0,3.8461538461538463,53.84615384615385,50.0,0.0,0.0,0.0,0.0,0.0,0.0,0.0,11.538461538461538,0.0,26.923076923076923
wireservice_csvkit,2024-12-31,5ba0aa7644e7f71dd7e4d073bc3b2e8830707b78,41.0,3228.0,0.0,0.0,0.0,0.0,0.0,0.0,0.0,0.0,0.0,34.146341463414636,0.0,0.0,0.0,0.0,0.0,0.0,0.0,0.0,0.0,0.0,0.0,0.0,0.0,0.0,0.0,4.878048780487805,0.0,0.0,0.0,0.0,0.0,0.0,0.0,0.0,0.0,0.0,0.0,2.4390243902439024,0.0,2.4390243902439024
x-plane_xplane2blender,2024-12-31,a2cb96563548e5824491225b551f25229c5c589a,203.0,13332.0,0.0,0.0,0.0,0.0,1.477832512315271,0.0,0.0,0.0,0.0,29.55665024630542,0.0,0.0,0.0,0.0,0.0,0.0,0.0,0.0,0.0,0.0,0.49261083743842365,0.49261083743842365,1.477832512315271,0.9852216748768473,0.49261083743842365,0.0,0.0,0.9852216748768473,24.137931034482758,45.812807881773395,0.9852216748768473,0.9852216748768473,0.0,0.0,0.0,0.0,0.9852216748768473,0.0,0.0,8.374384236453201
xhtml2pdf_xhtml2pdf,2024-12-31,e21faf58d0d29c3953db64c1e4c31663585f3792,63.0,8666.0,0.0,0.0,0.0,0.0,0.0,0.0,0.0,0.0,0.0,34.92063492063492,0.0,0.0,0.0,0.0,0.0,0.0,0.0,0.0,0.0,0.0,0.0,4.761904761904762,1.5873015873015872,0.0,0.0,0.0,0.0,0.0,20.634920634920633,53.96825396825397,22.22222222222222,22.22222222222222,0.0,0.0,0.0,0.0,0.0,1.5873015873015872,0.0,44.44444444444444
yelp_tron,2024-12-31,cf04b65e3d88dd3d99176d7b7d8cc594133260c8,134.0,17566.0,0.0,0.0,0.0,0.0,0.0,3.731343283582089,1.4925373134328357,0.0,0.0,44.02985074626866,0.0,0.0,0.0,0.0,0.0,0.0,0.0,0.0,0.0,0.0,0.7462686567164178,0.0,0.0,0.0,1.4925373134328357,0.7462686567164178,0.0,0.0,20.8955223880597,21.641791044776117,0.7462686567164178,0.7462686567164178,0.0,0.0,0.0,0.0,2.2388059701492535,0.0,0.0,10.44776119402985
zatosource_zato,2024-12-31,812f355882b9022ac8350327d2a5828df1c2bb15,840.0,76359.0,0.0,0.0,0.0,0.0,0.0,0.11904761904761905,0.0,0.0,0.0,10.0,0.0,0.0,0.0,0.0,0.0,0.0,0.0,0.0,0.0,0.0,0.0,0.0,0.0,0.0,0.35714285714285715,0.0,0.0,0.0,25.238095238095237,28.333333333333332,5.714285714285714,5.714285714285714,0.0,0.0,0.0,0.0,0.0,4.0476190476190474,0.0,18.21428571428571
zenoss_zenpacks.zenoss.openstackinfrastructure,2024-12-31,9c8df6bd9f753f7febfbb6cfaf21f438d4376586,92.0,9012.0,0.0,0.0,0.0,0.0,0.0,0.0,0.0,0.0,0.0,0.0,0.0,0.0,0.0,0.0,0.0,0.0,0.0,0.0,0.0,0.0,0.0,0.0,0.0,0.0,0.0,0.0,0.0,0.0,0.0,0.0,0.0,0.0,0.0,0.0,0.0,0.0,0.0,0.0,0.0,0.0
zeromq_pyzmq,2024-12-31,d3349511ec2b3752aa43a2da4c5b53964ec8bf1e,152.0,12387.0,0.0,0.0,0.0,0.0,0.0,15.131578947368421,13.815789473684212,0.0,0.6578947368421052,55.92105263157895,0.0,0.0,0.0,0.0,0.0,0.0,0.0,0.0,0.0,0.0,0.0,0.0,0.0,0.0,0.0,0.0,0.0,0.0,29.605263157894733,32.89473684210527,2.631578947368421,2.631578947368421,0.0,0.0,0.0,0.0,0.0,0.0,1.3157894736842104,22.36842105263158
zestsoftware_zest.releaser,2024-12-31,f3bf2e79197a76ef0cddc0d4f764c4d03c99790b,20.0,2208.0,0.0,0.0,0.0,0.0,0.0,0.0,0.0,0.0,0.0,35.0,0.0,0.0,0.0,0.0,0.0,0.0,0.0,0.0,0.0,0.0,0.0,0.0,0.0,0.0,0.0,0.0,0.0,0.0,5.0,0.0,0.0,0.0,0.0,0.0,0.0,0.0,0.0,0.0,0.0,0.0
