commit,file,lineno,code
a71a3b6e13f01f83a6fda4e2862824c96c195c13,tests/run/test_patma.py,187,"match x:
            case [*_]:
                return ""seq""
            case {}:
                return ""map"""
a71a3b6e13f01f83a6fda4e2862824c96c195c13,tests/run/test_patma.py,196,"match x:
            case {}:
                return ""map""
            case [*_]:
                return ""seq"""
a71a3b6e13f01f83a6fda4e2862824c96c195c13,tests/run/test_patma.py,297,"match 0:
            case 0:
                x = True"
a71a3b6e13f01f83a6fda4e2862824c96c195c13,tests/run/test_patma.py,304,"match 0:
            case 0 if False:
                x = False
            case 0 if True:
                x = True"
a71a3b6e13f01f83a6fda4e2862824c96c195c13,tests/run/test_patma.py,313,"match 0:
            case 0:
                x = True
            case 0:
                x = False"
a71a3b6e13f01f83a6fda4e2862824c96c195c13,tests/run/test_patma.py,323,"match 0:
            case 0 | 1 | 2 | 3:
                x = True"
a71a3b6e13f01f83a6fda4e2862824c96c195c13,tests/run/test_patma.py,331,"match 1:
            case 0 | 1 | 2 | 3:
                x = True"
a71a3b6e13f01f83a6fda4e2862824c96c195c13,tests/run/test_patma.py,339,"match 2:
            case 0 | 1 | 2 | 3:
                x = True"
a71a3b6e13f01f83a6fda4e2862824c96c195c13,tests/run/test_patma.py,347,"match 3:
            case 0 | 1 | 2 | 3:
                x = True"
a71a3b6e13f01f83a6fda4e2862824c96c195c13,tests/run/test_patma.py,355,"match 4:
            case 0 | 1 | 2 | 3:
                x = True"
a71a3b6e13f01f83a6fda4e2862824c96c195c13,tests/run/test_patma.py,365,"match x:
            case A.y as z:
                pass"
a71a3b6e13f01f83a6fda4e2862824c96c195c13,tests/run/test_patma.py,375,"match 0:
            case x if x:
                z = 0
            case _ as y if y == x and y:
                z = 1
            case A.B:
                z = 2"
a71a3b6e13f01f83a6fda4e2862824c96c195c13,tests/run/test_patma.py,389,"match ():
            case []:
                x = 0"
a71a3b6e13f01f83a6fda4e2862824c96c195c13,tests/run/test_patma.py,396,"match (0, 1, 2):
            case [*x]:
                y = 0"
a71a3b6e13f01f83a6fda4e2862824c96c195c13,tests/run/test_patma.py,404,"match (0, 1, 2):
            case [0, *x]:
                y = 0"
a71a3b6e13f01f83a6fda4e2862824c96c195c13,tests/run/test_patma.py,412,"match (0, 1, 2):
            case [0, 1, *x,]:
                y = 0"
a71a3b6e13f01f83a6fda4e2862824c96c195c13,tests/run/test_patma.py,420,"match (0, 1, 2):
            case [0, 1, 2, *x]:
                y = 0"
a71a3b6e13f01f83a6fda4e2862824c96c195c13,tests/run/test_patma.py,428,"match (0, 1, 2):
            case [*x, 2,]:
                y = 0"
a71a3b6e13f01f83a6fda4e2862824c96c195c13,tests/run/test_patma.py,436,"match (0, 1, 2):
            case [*x, 1, 2]:
                y = 0"
a71a3b6e13f01f83a6fda4e2862824c96c195c13,tests/run/test_patma.py,444,"match (0, 1, 2):
            case [*x, 0, 1, 2,]:
                y = 0"
a71a3b6e13f01f83a6fda4e2862824c96c195c13,tests/run/test_patma.py,452,"match (0, 1, 2):
            case [0, *x, 2]:
                y = 0"
a71a3b6e13f01f83a6fda4e2862824c96c195c13,tests/run/test_patma.py,460,"match (0, 1, 2):
            case [0, 1, *x, 2,]:
                y = 0"
a71a3b6e13f01f83a6fda4e2862824c96c195c13,tests/run/test_patma.py,468,"match (0, 1, 2):
            case [0, *x, 1, 2]:
                y = 0"
a71a3b6e13f01f83a6fda4e2862824c96c195c13,tests/run/test_patma.py,476,"match (0, 1, 2):
            case [*x,]:
                y = 0"
a71a3b6e13f01f83a6fda4e2862824c96c195c13,tests/run/test_patma.py,485,"match x:
            case {}:
                y = 0"
a71a3b6e13f01f83a6fda4e2862824c96c195c13,tests/run/test_patma.py,494,"match x:
            case {}:
                y = 0"
a71a3b6e13f01f83a6fda4e2862824c96c195c13,tests/run/test_patma.py,504,"match x:
            case {0: 0}:
                y = 0"
a71a3b6e13f01f83a6fda4e2862824c96c195c13,tests/run/test_patma.py,513,"match x:
            case {0: (0 | 1 | 2 as z)}:
                y = 0"
a71a3b6e13f01f83a6fda4e2862824c96c195c13,tests/run/test_patma.py,523,"match x:
            case {0: (0 | 1 | 2 as z)}:
                y = 0"
a71a3b6e13f01f83a6fda4e2862824c96c195c13,tests/run/test_patma.py,533,"match x:
            case {0: (0 | 1 | 2 as z)}:
                y = 0"
a71a3b6e13f01f83a6fda4e2862824c96c195c13,tests/run/test_patma.py,544,"match x:
            case {0: (0 | 1 | 2 as z)}:
                y = 0"
a71a3b6e13f01f83a6fda4e2862824c96c195c13,tests/run/test_patma.py,554,"match x:
            case {0: [1, 2, {}]}:
                y = 0
            case {0: [1, 2, {}], 1: [[]]}:
                y = 1
            case []:
                y = 2"
a71a3b6e13f01f83a6fda4e2862824c96c195c13,tests/run/test_patma.py,567,"match x:
            case {0: [1, 2, {}]}:
                y = 0
            case {0: [1, 2, {}], 1: [[]]}:
                y = 1
            case []:
                y = 2"
a71a3b6e13f01f83a6fda4e2862824c96c195c13,tests/run/test_patma.py,580,"match x:
            case {0: [1, 2, {}]}:
                y = 0
            case {0: [1, 2, {}], 1: [[]]}:
                y = 1
            case []:
                y = 2"
a71a3b6e13f01f83a6fda4e2862824c96c195c13,tests/run/test_patma.py,593,"match x:
            case {0: [1, 2]}:
                y = 0
            case {0: [1, 2, {}], 1: [[]]}:
                y = 1
            case []:
                y = 2"
a71a3b6e13f01f83a6fda4e2862824c96c195c13,tests/run/test_patma.py,606,"match x:
            case {0: [1, 2, {}]}:
                y = 0
            case {0: [1, 2, {}], 1: [[]]}:
                y = 1
            case []:
                y = 2"
a71a3b6e13f01f83a6fda4e2862824c96c195c13,tests/run/test_patma.py,619,"match x:
            case {0: [1, 2, {}]}:
                y = 0
            case {0: ([1, 2, {}] | False)} | {1: [[]]} | {0: [1, 2, {}]} | [] | ""X"" | {}:
                y = 1
            case []:
                y = 2"
a71a3b6e13f01f83a6fda4e2862824c96c195c13,tests/run/test_patma.py,632,"match x:
            case {0: [1, 2, {}]}:
                y = 0
            case {0: [1, 2, {}] | True} | {1: [[]]} | {0: [1, 2, {}]} | [] | ""X"" | {}:
                y = 1
            case []:
                y = 2"
a71a3b6e13f01f83a6fda4e2862824c96c195c13,tests/run/test_patma.py,645,"match x:
            case 0 | 1 | 2:
                y = 0"
a71a3b6e13f01f83a6fda4e2862824c96c195c13,tests/run/test_patma.py,654,"match x:
            case 0 | 1 | 2:
                y = 0"
a71a3b6e13f01f83a6fda4e2862824c96c195c13,tests/run/test_patma.py,663,"match x:
            case 0 | 1 | 2:
                y = 0"
a71a3b6e13f01f83a6fda4e2862824c96c195c13,tests/run/test_patma.py,673,"match x:
            case 0 | 1 | 2:
                y = 0"
a71a3b6e13f01f83a6fda4e2862824c96c195c13,tests/run/test_patma.py,682,"match x:
            case (0 as z) | (1 as z) | (2 as z) if z == x % 2:
                y = 0"
a71a3b6e13f01f83a6fda4e2862824c96c195c13,tests/run/test_patma.py,692,"match x:
            case (0 as z) | (1 as z) | (2 as z) if z == x % 2:
                y = 0"
a71a3b6e13f01f83a6fda4e2862824c96c195c13,tests/run/test_patma.py,703,"match x:
            case (0 as z) | (1 as z) | (2 as z) if z == x % 2:
                y = 0"
a71a3b6e13f01f83a6fda4e2862824c96c195c13,tests/run/test_patma.py,714,"match x:
            case (0 as z) | (1 as z) | (2 as z) if z == x % 2:
                y = 0"
a71a3b6e13f01f83a6fda4e2862824c96c195c13,tests/run/test_patma.py,723,"match x:
            case []:
                y = 0"
a71a3b6e13f01f83a6fda4e2862824c96c195c13,tests/run/test_patma.py,732,"match x:
            case ():
                y = 0"
a71a3b6e13f01f83a6fda4e2862824c96c195c13,tests/run/test_patma.py,741,"match x:
            case [0]:
                y = 0"
a71a3b6e13f01f83a6fda4e2862824c96c195c13,tests/run/test_patma.py,750,"match x:
            case [[]]:
                y = 0"
a71a3b6e13f01f83a6fda4e2862824c96c195c13,tests/run/test_patma.py,759,"match x:
            case [0, 1] | [1, 0]:
                y = 0"
a71a3b6e13f01f83a6fda4e2862824c96c195c13,tests/run/test_patma.py,768,"match x:
            case [0, 1] | [1, 0]:
                y = 0"
a71a3b6e13f01f83a6fda4e2862824c96c195c13,tests/run/test_patma.py,778,"match x:
            case [0, 1] | [1, 0]:
                y = 0"
a71a3b6e13f01f83a6fda4e2862824c96c195c13,tests/run/test_patma.py,788,"match x:
            case [(0 as w)]:
                y = 0
            case [z] | [1, (0 | 1 as z)] | [z]:
                y = 1"
a71a3b6e13f01f83a6fda4e2862824c96c195c13,tests/run/test_patma.py,801,"match x:
            case [0]:
                y = 0
            case [1, 0] if (x := x[:0]):
                y = 1
            case [1, 0]:
                y = 2"
a71a3b6e13f01f83a6fda4e2862824c96c195c13,tests/run/test_patma.py,815,"match x:
            case [0]:
                y = 0"
a71a3b6e13f01f83a6fda4e2862824c96c195c13,tests/run/test_patma.py,825,"match x:
            case []:
                y = 0"
a71a3b6e13f01f83a6fda4e2862824c96c195c13,tests/run/test_patma.py,835,"match x:
            case []:
                y = 0"
a71a3b6e13f01f83a6fda4e2862824c96c195c13,tests/run/test_patma.py,845,"match x:
            case []:
                y = 0"
a71a3b6e13f01f83a6fda4e2862824c96c195c13,tests/run/test_patma.py,855,"match x:
            case [0, 1]:
                y = 0"
a71a3b6e13f01f83a6fda4e2862824c96c195c13,tests/run/test_patma.py,864,"match x:
            case 0:
                y = 0"
a71a3b6e13f01f83a6fda4e2862824c96c195c13,tests/run/test_patma.py,874,"match x:
            case False:
                y = 0"
a71a3b6e13f01f83a6fda4e2862824c96c195c13,tests/run/test_patma.py,884,"match x:
            case 1:
                y = 0"
a71a3b6e13f01f83a6fda4e2862824c96c195c13,tests/run/test_patma.py,894,"match x:
            case None:
                y = 0"
a71a3b6e13f01f83a6fda4e2862824c96c195c13,tests/run/test_patma.py,903,"match x:
            case 0:
                y = 0
            case 0:
                y = 1"
a71a3b6e13f01f83a6fda4e2862824c96c195c13,tests/run/test_patma.py,915,"match x:
            case 1:
                y = 0
            case 1:
                y = 1"
a71a3b6e13f01f83a6fda4e2862824c96c195c13,tests/run/test_patma.py,926,"match x:
            case ""x"":
                y = 0
            case ""y"":
                y = 1"
a71a3b6e13f01f83a6fda4e2862824c96c195c13,tests/run/test_patma.py,937,"match x:
            case ""y"":
                y = 0
            case ""x"":
                y = 1"
a71a3b6e13f01f83a6fda4e2862824c96c195c13,tests/run/test_patma.py,948,"match x:
            case """":
                y = 0
            case ""x"":
                y = 1"
a71a3b6e13f01f83a6fda4e2862824c96c195c13,tests/run/test_patma.py,959,"match x:
            case b""y"":
                y = 0
            case b""x"":
                y = 1"
a71a3b6e13f01f83a6fda4e2862824c96c195c13,tests/run/test_patma.py,970,"match x:
            case 0 if False:
                y = 0
            case 0:
                y = 1"
a71a3b6e13f01f83a6fda4e2862824c96c195c13,tests/run/test_patma.py,982,"match x:
            case 0 if 0:
                y = 0
            case 0 if 0:
                y = 1"
a71a3b6e13f01f83a6fda4e2862824c96c195c13,tests/run/test_patma.py,993,"match x:
            case 0 if True:
                y = 0
            case 0 if True:
                y = 1"
a71a3b6e13f01f83a6fda4e2862824c96c195c13,tests/run/test_patma.py,1004,"match x:
            case 0 if 1:
                y = 0
            case 0 if 1:
                y = 1"
a71a3b6e13f01f83a6fda4e2862824c96c195c13,tests/run/test_patma.py,1015,"match x:
            case 0 if True:
                y = 0
            case 0 if True:
                y = 1"
a71a3b6e13f01f83a6fda4e2862824c96c195c13,tests/run/test_patma.py,1027,"match x:
            case 0 if 0:
                y = 0
            case 0 if 1:
                y = 1"
a71a3b6e13f01f83a6fda4e2862824c96c195c13,tests/run/test_patma.py,1040,"match x:
            case 0 if not (x := 1):
                y = 0
            case 1:
                y = 1"
a71a3b6e13f01f83a6fda4e2862824c96c195c13,tests/run/test_patma.py,1051,"match x:
            case [""x""]:
                y = 0
            case ""x"":
                y = 1"
a71a3b6e13f01f83a6fda4e2862824c96c195c13,tests/run/test_patma.py,1062,"match x:
            case [b""x""]:
                y = 0
            case [""x""]:
                y = 1
            case [120]:
                y = 2
            case b""x"":
                y = 4"
a71a3b6e13f01f83a6fda4e2862824c96c195c13,tests/run/test_patma.py,1078,"match x:
            case [120]:
                y = 0
            case 120:
                y = 1"
a71a3b6e13f01f83a6fda4e2862824c96c195c13,tests/run/test_patma.py,1089,"match x:
            case []:
                y = 0
            case [""""]:
                y = 1
            case """":
                y = 2"
a71a3b6e13f01f83a6fda4e2862824c96c195c13,tests/run/test_patma.py,1102,"match x:
            case [""x"", ""x"", ""x""]:
                y = 0
            case [""xxx""]:
                y = 1
            case ""xxx"":
                y = 2"
a71a3b6e13f01f83a6fda4e2862824c96c195c13,tests/run/test_patma.py,1115,"match x:
            case [120, 120, 120]:
                y = 0
            case [b""xxx""]:
                y = 1
            case b""xxx"":
                y = 2"
a71a3b6e13f01f83a6fda4e2862824c96c195c13,tests/run/test_patma.py,1128,"match x:
            case 0 if not (x := 1):
                y = 0
            case (0 as z):
                y = 1"
a71a3b6e13f01f83a6fda4e2862824c96c195c13,tests/run/test_patma.py,1140,"match x:
            case (1 as z) if not (x := 1):
                y = 0
            case 0:
                y = 1"
a71a3b6e13f01f83a6fda4e2862824c96c195c13,tests/run/test_patma.py,1151,"match x:
            case (0 as z):
                y = 0"
a71a3b6e13f01f83a6fda4e2862824c96c195c13,tests/run/test_patma.py,1162,"match x:
            case (1 as z):
                y = 0"
a71a3b6e13f01f83a6fda4e2862824c96c195c13,tests/run/test_patma.py,1172,"match x:
            case (0 as z) if (w := 0):
                y = 0"
a71a3b6e13f01f83a6fda4e2862824c96c195c13,tests/run/test_patma.py,1183,"match x:
            case ((0 as w) as z):
                y = 0"
a71a3b6e13f01f83a6fda4e2862824c96c195c13,tests/run/test_patma.py,1194,"match x:
            case (0 | 1) | 2:
                y = 0"
a71a3b6e13f01f83a6fda4e2862824c96c195c13,tests/run/test_patma.py,1203,"match x:
            case (0 | 1) | 2:
                y = 0"
a71a3b6e13f01f83a6fda4e2862824c96c195c13,tests/run/test_patma.py,1212,"match x:
            case (0 | 1) | 2:
                y = 0"
a71a3b6e13f01f83a6fda4e2862824c96c195c13,tests/run/test_patma.py,1222,"match x:
            case (0 | 1) | 2:
                y = 0"
a71a3b6e13f01f83a6fda4e2862824c96c195c13,tests/run/test_patma.py,1231,"match x:
            case 0 | (1 | 2):
                y = 0"
a71a3b6e13f01f83a6fda4e2862824c96c195c13,tests/run/test_patma.py,1240,"match x:
            case 0 | (1 | 2):
                y = 0"
a71a3b6e13f01f83a6fda4e2862824c96c195c13,tests/run/test_patma.py,1249,"match x:
            case 0 | (1 | 2):
                y = 0"
a71a3b6e13f01f83a6fda4e2862824c96c195c13,tests/run/test_patma.py,1259,"match x:
            case 0 | (1 | 2):
                y = 0"
a71a3b6e13f01f83a6fda4e2862824c96c195c13,tests/run/test_patma.py,1268,"match x:
            case -0:
                y = 0"
a71a3b6e13f01f83a6fda4e2862824c96c195c13,tests/run/test_patma.py,1277,"match x:
            case -0.0:
                y = 0"
a71a3b6e13f01f83a6fda4e2862824c96c195c13,tests/run/test_patma.py,1286,"match x:
            case -0j:
                y = 0"
a71a3b6e13f01f83a6fda4e2862824c96c195c13,tests/run/test_patma.py,1295,"match x:
            case -0.0j:
                y = 0"
a71a3b6e13f01f83a6fda4e2862824c96c195c13,tests/run/test_patma.py,1304,"match x:
            case -1:
                y = 0"
a71a3b6e13f01f83a6fda4e2862824c96c195c13,tests/run/test_patma.py,1313,"match x:
            case -1.5:
                y = 0"
a71a3b6e13f01f83a6fda4e2862824c96c195c13,tests/run/test_patma.py,1322,"match x:
            case -1j:
                y = 0"
a71a3b6e13f01f83a6fda4e2862824c96c195c13,tests/run/test_patma.py,1331,"match x:
            case -1.5j:
                y = 0"
a71a3b6e13f01f83a6fda4e2862824c96c195c13,tests/run/test_patma.py,1340,"match x:
            case 0 + 0j:
                y = 0"
a71a3b6e13f01f83a6fda4e2862824c96c195c13,tests/run/test_patma.py,1349,"match x:
            case 0 - 0j:
                y = 0"
a71a3b6e13f01f83a6fda4e2862824c96c195c13,tests/run/test_patma.py,1358,"match x:
            case -0 + 0j:
                y = 0"
a71a3b6e13f01f83a6fda4e2862824c96c195c13,tests/run/test_patma.py,1367,"match x:
            case -0 - 0j:
                y = 0"
a71a3b6e13f01f83a6fda4e2862824c96c195c13,tests/run/test_patma.py,1376,"match x:
            case 0.25 + 1.75j:
                y = 0"
a71a3b6e13f01f83a6fda4e2862824c96c195c13,tests/run/test_patma.py,1385,"match x:
            case 0.25 - 1.75j:
                y = 0"
a71a3b6e13f01f83a6fda4e2862824c96c195c13,tests/run/test_patma.py,1394,"match x:
            case -0.25 + 1.75j:
                y = 0"
a71a3b6e13f01f83a6fda4e2862824c96c195c13,tests/run/test_patma.py,1403,"match x:
            case -0.25 - 1.75j:
                y = 0"
a71a3b6e13f01f83a6fda4e2862824c96c195c13,tests/run/test_patma.py,1414,"match x:
            case A.B:
                y = 0"
a71a3b6e13f01f83a6fda4e2862824c96c195c13,tests/run/test_patma.py,1427,"match x:
            case A.B.C:
                y = 0"
a71a3b6e13f01f83a6fda4e2862824c96c195c13,tests/run/test_patma.py,1441,"match x:
            case A.B.C:
                y = 0
            case A.B.D:
                y = 1"
a71a3b6e13f01f83a6fda4e2862824c96c195c13,tests/run/test_patma.py,1458,"match x:
            case A.B.C.D:
                y = 0"
a71a3b6e13f01f83a6fda4e2862824c96c195c13,tests/run/test_patma.py,1473,"match x:
            case A.B.C.D:
                y = 0
            case A.B.C.E:
                y = 1"
a71a3b6e13f01f83a6fda4e2862824c96c195c13,tests/run/test_patma.py,1486,"match match:
            case case:
                x = 0"
a71a3b6e13f01f83a6fda4e2862824c96c195c13,tests/run/test_patma.py,1496,"match case:
            case match:
                x = 0"
a71a3b6e13f01f83a6fda4e2862824c96c195c13,tests/run/test_patma.py,1506,"match x:
            case [*_, _]:
                y = 0
            case []:
                y = 1"
a71a3b6e13f01f83a6fda4e2862824c96c195c13,tests/run/test_patma.py,1517,"match x:
            case {0: 0}:
                y = 0
            case {}:
                y = 1"
a71a3b6e13f01f83a6fda4e2862824c96c195c13,tests/run/test_patma.py,1528,"match x:
            case {0: 0}:
                y = 0
            case {**z}:
                y = 1"
a71a3b6e13f01f83a6fda4e2862824c96c195c13,tests/run/test_patma.py,1539,"match ():
            case ():
                x = 0"
a71a3b6e13f01f83a6fda4e2862824c96c195c13,tests/run/test_patma.py,1546,"match (0, 1, 2):
            case (*x,):
                y = 0"
a71a3b6e13f01f83a6fda4e2862824c96c195c13,tests/run/test_patma.py,1554,"match (0, 1, 2):
            case 0, *x:
                y = 0"
a71a3b6e13f01f83a6fda4e2862824c96c195c13,tests/run/test_patma.py,1562,"match (0, 1, 2):
            case (0, 1, *x,):
                y = 0"
a71a3b6e13f01f83a6fda4e2862824c96c195c13,tests/run/test_patma.py,1570,"match (0, 1, 2):
            case 0, 1, 2, *x:
                y = 0"
a71a3b6e13f01f83a6fda4e2862824c96c195c13,tests/run/test_patma.py,1578,"match (0, 1, 2):
            case *x, 2,:
                y = 0"
a71a3b6e13f01f83a6fda4e2862824c96c195c13,tests/run/test_patma.py,1586,"match (0, 1, 2):
            case (*x, 1, 2):
                y = 0"
a71a3b6e13f01f83a6fda4e2862824c96c195c13,tests/run/test_patma.py,1594,"match (0, 1, 2):
            case *x, 0, 1, 2,:
                y = 0"
a71a3b6e13f01f83a6fda4e2862824c96c195c13,tests/run/test_patma.py,1602,"match (0, 1, 2):
            case (0, *x, 2):
                y = 0"
a71a3b6e13f01f83a6fda4e2862824c96c195c13,tests/run/test_patma.py,1610,"match (0, 1, 2):
            case 0, 1, *x, 2,:
                y = 0"
a71a3b6e13f01f83a6fda4e2862824c96c195c13,tests/run/test_patma.py,1618,"match (0, 1, 2):
            case (0, *x, 1, 2):
                y = 0"
a71a3b6e13f01f83a6fda4e2862824c96c195c13,tests/run/test_patma.py,1626,"match (0, 1, 2):
            case *x,:
                y = 0"
a71a3b6e13f01f83a6fda4e2862824c96c195c13,tests/run/test_patma.py,1635,"match x:
            case {1: 0}:
                y = 0
            case {0: 0}:
                y = 1
            case {}:
                y = 2"
a71a3b6e13f01f83a6fda4e2862824c96c195c13,tests/run/test_patma.py,1648,"match x:
            case {1: 0}:
                y = 0
            case {0: 0}:
                y = 1
            case {**z}:
                y = 2"
a71a3b6e13f01f83a6fda4e2862824c96c195c13,tests/run/test_patma.py,1662,"match x:
            case {1: 0}:
                y = 0
            case {0: 0}:
                y = 1
            case {0: _, **z}:
                y = 2"
a71a3b6e13f01f83a6fda4e2862824c96c195c13,tests/run/test_patma.py,1676,"match x:
            case {1: 0}:
                y = 0
            case {0: 0}:
                y = 0
            case {}:
                y = 1"
a71a3b6e13f01f83a6fda4e2862824c96c195c13,tests/run/test_patma.py,1689,"match x:
            case {1: 0}:
                y = 0
            case {0: 0}:
                y = 0
            case {**z}:
                y = 1"
a71a3b6e13f01f83a6fda4e2862824c96c195c13,tests/run/test_patma.py,1703,"match x:
            case {1: 0}:
                y = 0
            case {0: 0}:
                y = 0
            case {0: _, **z}:
                y = 1"
a71a3b6e13f01f83a6fda4e2862824c96c195c13,tests/run/test_patma.py,1717,"match x:
            case bool(z):
                y = 0"
a71a3b6e13f01f83a6fda4e2862824c96c195c13,tests/run/test_patma.py,1727,"match x:
            case bool(z):
                y = 0"
a71a3b6e13f01f83a6fda4e2862824c96c195c13,tests/run/test_patma.py,1737,"match x:
            case bytearray(z):
                y = 0"
a71a3b6e13f01f83a6fda4e2862824c96c195c13,tests/run/test_patma.py,1747,"match x:
            case bytes(z):
                y = 0"
a71a3b6e13f01f83a6fda4e2862824c96c195c13,tests/run/test_patma.py,1757,"match x:
            case dict(z):
                y = 0"
a71a3b6e13f01f83a6fda4e2862824c96c195c13,tests/run/test_patma.py,1767,"match x:
            case float(z):
                y = 0"
a71a3b6e13f01f83a6fda4e2862824c96c195c13,tests/run/test_patma.py,1777,"match x:
            case frozenset(z):
                y = 0"
a71a3b6e13f01f83a6fda4e2862824c96c195c13,tests/run/test_patma.py,1787,"match x:
            case int(z):
                y = 0"
a71a3b6e13f01f83a6fda4e2862824c96c195c13,tests/run/test_patma.py,1797,"match x:
            case list(z):
                y = 0"
a71a3b6e13f01f83a6fda4e2862824c96c195c13,tests/run/test_patma.py,1807,"match x:
            case set(z):
                y = 0"
a71a3b6e13f01f83a6fda4e2862824c96c195c13,tests/run/test_patma.py,1817,"match x:
            case str(z):
                y = 0"
a71a3b6e13f01f83a6fda4e2862824c96c195c13,tests/run/test_patma.py,1827,"match x:
            case tuple(z):
                y = 0"
a71a3b6e13f01f83a6fda4e2862824c96c195c13,tests/run/test_patma.py,1837,"match x,:
            case y,:
                z = 0"
a71a3b6e13f01f83a6fda4e2862824c96c195c13,tests/run/test_patma.py,1848,"match w, x:
            case y, z:
                v = 0"
a71a3b6e13f01f83a6fda4e2862824c96c195c13,tests/run/test_patma.py,1860,"match w := x,:
            case y as v,:
                z = 0"
a71a3b6e13f01f83a6fda4e2862824c96c195c13,tests/run/test_patma.py,1873,"match x:
            case 0 if x:
                y = 0"
a71a3b6e13f01f83a6fda4e2862824c96c195c13,tests/run/test_patma.py,1883,"match x:
            case 1e1000:
                y = 0"
a71a3b6e13f01f83a6fda4e2862824c96c195c13,tests/run/test_patma.py,1892,"match x:
            case z:
                y = 0"
a71a3b6e13f01f83a6fda4e2862824c96c195c13,tests/run/test_patma.py,1903,"match x:
            case _ if x:
                y = 0"
a71a3b6e13f01f83a6fda4e2862824c96c195c13,tests/run/test_patma.py,1912,"match x:
            case -1e1000:
                y = 0
            case 0:
                y = 1"
a71a3b6e13f01f83a6fda4e2862824c96c195c13,tests/run/test_patma.py,1923,"match x:
            case 0 if not x:
                y = 0
            case 1:
                y = 1"
a71a3b6e13f01f83a6fda4e2862824c96c195c13,tests/run/test_patma.py,1935,"match x:
            case 0:
                y = 0
            case z if x:
                y = 1"
a71a3b6e13f01f83a6fda4e2862824c96c195c13,tests/run/test_patma.py,1947,"match x:
            case 0:
                y = 0
            case _:
                y = 1"
a71a3b6e13f01f83a6fda4e2862824c96c195c13,tests/run/test_patma.py,1958,"match x:
            case 1 if x:
                y = 0
            case 0:
                y = 1"
a71a3b6e13f01f83a6fda4e2862824c96c195c13,tests/run/test_patma.py,1970,"match x:
            case 1:
                y = 0
            case 1 if not x:
                y = 1"
a71a3b6e13f01f83a6fda4e2862824c96c195c13,tests/run/test_patma.py,1981,"match x:
            case 1:
                y = 0
            case z:
                y = 1"
a71a3b6e13f01f83a6fda4e2862824c96c195c13,tests/run/test_patma.py,1993,"match x:
            case 1 if x:
                y = 0
            case _:
                y = 1"
a71a3b6e13f01f83a6fda4e2862824c96c195c13,tests/run/test_patma.py,2004,"match x:
            case z if not z:
                y = 0
            case 0 if x:
                y = 1"
a71a3b6e13f01f83a6fda4e2862824c96c195c13,tests/run/test_patma.py,2016,"match x:
            case z if not z:
                y = 0
            case 1:
                y = 1"
a71a3b6e13f01f83a6fda4e2862824c96c195c13,tests/run/test_patma.py,2028,"match x:
            case z if not x:
                y = 0
            case z:
                y = 1"
a71a3b6e13f01f83a6fda4e2862824c96c195c13,tests/run/test_patma.py,2040,"match x:
            case z if not z:
                y = 0
            case _ if x:
                y = 1"
a71a3b6e13f01f83a6fda4e2862824c96c195c13,tests/run/test_patma.py,2052,"match x:
            case _ if not x:
                y = 0
            case 0:
                y = 1"
a71a3b6e13f01f83a6fda4e2862824c96c195c13,tests/run/test_patma.py,2064,"match x:
            case _ if x:
                y = 0
            case 1:
                y = 1"
a71a3b6e13f01f83a6fda4e2862824c96c195c13,tests/run/test_patma.py,2076,"match x:
            case _ if not x:
                y = 0
            case z if not x:
                y = 1"
a71a3b6e13f01f83a6fda4e2862824c96c195c13,tests/run/test_patma.py,2088,"match x:
            case _ if not x:
                y = 0
            case _:
                y = 1"
a71a3b6e13f01f83a6fda4e2862824c96c195c13,tests/run/test_patma.py,2099,"match status:
                case 400:
                    return ""Bad request""
                case 401:
                    return ""Unauthorized""
                case 403:
                    return ""Forbidden""
                case 404:
                    return ""Not found""
                case 418:
                    return ""I'm a teapot""
                case _:
                    return ""Something else"""
a71a3b6e13f01f83a6fda4e2862824c96c195c13,tests/run/test_patma.py,2124,"match status:
                case 400:
                    return ""Bad request""
                case 401 | 403 | 404:
                    return ""Not allowed""
                case 418:
                    return ""I'm a teapot"""
a71a3b6e13f01f83a6fda4e2862824c96c195c13,tests/run/test_patma.py,2143,"match point:
                case (0, 0):
                    return ""Origin""
                case (0, y):
                    return f""Y={y}""
                case (x, 0):
                    return f""X={x}""
                case (x, y):
                    return f""X={x}, Y={y}""
                case _:
                    return ""Not a point"""
a71a3b6e13f01f83a6fda4e2862824c96c195c13,tests/run/test_patma.py,2163,"match point:
                case Point(0, 0):
                    return ""Origin""
                case Point(0, y):
                    return f""Y={y}""
                case Point(x, 0):
                    return f""X={x}""
                case Point():
                    return ""Somewhere else""
                case _:
                    return ""Not a point"""
a71a3b6e13f01f83a6fda4e2862824c96c195c13,tests/run/test_patma.py,2187,"match point:
                case Point(1, var):
                    return var"
a71a3b6e13f01f83a6fda4e2862824c96c195c13,tests/run/test_patma.py,2196,"match point:
                case Point(1, y=var):
                    return var"
a71a3b6e13f01f83a6fda4e2862824c96c195c13,tests/run/test_patma.py,2205,"match point:
                case Point(x=1, y=var):
                    return var"
a71a3b6e13f01f83a6fda4e2862824c96c195c13,tests/run/test_patma.py,2214,"match point:
                case Point(y=var, x=1):
                    return var"
a71a3b6e13f01f83a6fda4e2862824c96c195c13,tests/run/test_patma.py,2223,"match points:
                case []:
                    return ""No points""
                case [Point(0, 0)]:
                    return ""The origin""
                case [Point(x, y)]:
                    return f""Single point {x}, {y}""
                case [Point(0, y1), Point(0, y2)]:
                    return f""Two on the Y axis at {y1}, {y2}""
                case _:
                    return ""Something else"""
a71a3b6e13f01f83a6fda4e2862824c96c195c13,tests/run/test_patma.py,2246,"match point:
                case Point(x, y) if x == y:
                    return f""Y=X at {x}""
                case Point(x, y):
                    return ""Not on the diagonal"""
a71a3b6e13f01f83a6fda4e2862824c96c195c13,tests/run/test_patma.py,2264,"match Seq():
            case []:
                y = 0"
a71a3b6e13f01f83a6fda4e2862824c96c195c13,tests/run/test_patma.py,2275,"match Seq():
            case [*_]:
                y = 0"
a71a3b6e13f01f83a6fda4e2862824c96c195c13,tests/run/test_patma.py,2287,"match Seq():
            case [x, *_, y]:
                z = 0"
a71a3b6e13f01f83a6fda4e2862824c96c195c13,tests/run/test_patma.py,2297,"match w:
            case [x, y, *rest]:
                z = 0"
a71a3b6e13f01f83a6fda4e2862824c96c195c13,tests/run/test_patma.py,2309,"match w:
            case (x, y, *rest):
                z = 0"
a71a3b6e13f01f83a6fda4e2862824c96c195c13,tests/run/test_patma.py,2321,"match w:
            case x, y, *rest:
                z = 0"
a71a3b6e13f01f83a6fda4e2862824c96c195c13,tests/run/test_patma.py,2333,"match w:
            case [x, y, *_]:
                z = 0"
a71a3b6e13f01f83a6fda4e2862824c96c195c13,tests/run/test_patma.py,2344,"match w:
            case (x, y, *_):
                z = 0"
a71a3b6e13f01f83a6fda4e2862824c96c195c13,tests/run/test_patma.py,2355,"match w:
            case x, y, *_:
                z = 0"
a71a3b6e13f01f83a6fda4e2862824c96c195c13,tests/run/test_patma.py,2366,"match x:
            case {""bandwidth"": b, ""latency"": l}:
                y = 0"
a71a3b6e13f01f83a6fda4e2862824c96c195c13,tests/run/test_patma.py,2377,"match x:
            case {""latency"": l, ""bandwidth"": b}:
                y = 0"
a71a3b6e13f01f83a6fda4e2862824c96c195c13,tests/run/test_patma.py,2388,"match x:
            case {""bandwidth"": b, ""latency"": l, **rest}:
                y = 0"
a71a3b6e13f01f83a6fda4e2862824c96c195c13,tests/run/test_patma.py,2400,"match x:
            case {""latency"": l, ""bandwidth"": b, **rest}:
                y = 0"
a71a3b6e13f01f83a6fda4e2862824c96c195c13,tests/run/test_patma.py,2412,"match w:
            case (Point(x1, y1), Point(x2, y2) as p2):
                z = 0"
a71a3b6e13f01f83a6fda4e2862824c96c195c13,tests/run/test_patma.py,2430,"match color:
                case Color.RED:
                    return ""I see red!""
                case Color.GREEN:
                    return ""Grass is green""
                case Color.BLUE:
                    return ""I'm feeling the blues :("""
a71a3b6e13f01f83a6fda4e2862824c96c195c13,tests/run/test_patma.py,2457,"match color:
                case Color.RED:
                    return ""I see red!""
                case Color.GREEN:
                    return ""Grass is green""
                case Color.BLUE:
                    return ""I'm feeling the blues :("""
a71a3b6e13f01f83a6fda4e2862824c96c195c13,tests/run/test_patma.py,2484,"match c:
            case Class(x, y):
                z = 0"
a71a3b6e13f01f83a6fda4e2862824c96c195c13,tests/run/test_patma.py,2498,"match c:
            case Class(x, b=y):
                z = 0"
a71a3b6e13f01f83a6fda4e2862824c96c195c13,tests/run/test_patma.py,2514,"match c:
            case Parent(x, y):
                z = 0"
a71a3b6e13f01f83a6fda4e2862824c96c195c13,tests/run/test_patma.py,2530,"match c:
            case Parent(x, b=y):
                z = 0"
a71a3b6e13f01f83a6fda4e2862824c96c195c13,tests/run/test_patma.py,2540,"match w:
                case 42:
                    out = locals()
                    del out[""w""]
                    return out"
a71a3b6e13f01f83a6fda4e2862824c96c195c13,tests/run/test_patma.py,2553,"match w:
                case 42.0:
                    out = locals()
                    del out[""w""]
                    return out"
a71a3b6e13f01f83a6fda4e2862824c96c195c13,tests/run/test_patma.py,2566,"match w:
                case 1 | 2 | 3:
                    out = locals()
                    del out[""w""]
                    return out"
a71a3b6e13f01f83a6fda4e2862824c96c195c13,tests/run/test_patma.py,2582,"match w:
                case [1, 2] | [3, 4]:
                    out = locals()
                    del out[""w""]
                    return out"
a71a3b6e13f01f83a6fda4e2862824c96c195c13,tests/run/test_patma.py,2597,"match w:
                case x:
                    out = locals()
                    del out[""w""]
                    return out"
a71a3b6e13f01f83a6fda4e2862824c96c195c13,tests/run/test_patma.py,2609,"match w:
                case _:
                    out = locals()
                    del out[""w""]
                    return out"
a71a3b6e13f01f83a6fda4e2862824c96c195c13,tests/run/test_patma.py,2621,"match w:
                case (x, y, z):
                    out = locals()
                    del out[""w""]
                    return out"
a71a3b6e13f01f83a6fda4e2862824c96c195c13,tests/run/test_patma.py,2639,"match w:
                case {""x"": x, ""y"": ""y"", ""z"": z}:
                    out = locals()
                    del out[""w""]
                    return out"
a71a3b6e13f01f83a6fda4e2862824c96c195c13,tests/run/test_patma.py,2652,"match w:
                case Point(int(xx), y=""hello""):
                    out = locals()
                    del out[""w""]
                    return out"
a71a3b6e13f01f83a6fda4e2862824c96c195c13,tests/run/test_patma.py,2662,"match w:
                case (p, q) as x:
                    out = locals()
                    del out[""w""]
                    return out"
a71a3b6e13f01f83a6fda4e2862824c96c195c13,tests/run/test_patma.py,2675,"match 42:
                case 42:
                    return locals()"
a71a3b6e13f01f83a6fda4e2862824c96c195c13,tests/run/test_patma.py,2683,"match 1:
                case 1 | 2 | 3:
                    return locals()"
a71a3b6e13f01f83a6fda4e2862824c96c195c13,tests/run/test_patma.py,2691,"match ...:
                case _:
                    return locals()"
a71a3b6e13f01f83a6fda4e2862824c96c195c13,tests/run/test_patma.py,2699,"match ...:
                case abc:
                    return locals()"
a71a3b6e13f01f83a6fda4e2862824c96c195c13,tests/run/test_patma.py,2707,"match ..., ...:
                case a, b:
                    return locals()"
a71a3b6e13f01f83a6fda4e2862824c96c195c13,tests/run/test_patma.py,2715,"match {""k"": ..., ""l"": ...}:
                case {""k"": a, ""l"": b}:
                    return locals()"
a71a3b6e13f01f83a6fda4e2862824c96c195c13,tests/run/test_patma.py,2723,"match Point(..., ...):
                case Point(x, y=y):
                    return locals()"
a71a3b6e13f01f83a6fda4e2862824c96c195c13,tests/run/test_patma.py,2731,"match ...:
                case b as a:
                    return locals()"
a71a3b6e13f01f83a6fda4e2862824c96c195c13,tests/run/test_patma.py,2739,"match x:
                case _:
                    return 0"
a71a3b6e13f01f83a6fda4e2862824c96c195c13,tests/run/test_patma.py,2750,"match x:
                case 0:
                    return 0"
a71a3b6e13f01f83a6fda4e2862824c96c195c13,tests/run/test_patma.py,2761,"match x:
                case 0:
                    return 0
                case _:
                    return 1"
a71a3b6e13f01f83a6fda4e2862824c96c195c13,tests/run/test_patma.py,2774,"match x:
                case 0:
                    return 0
                case 1:
                    return 1"
a71a3b6e13f01f83a6fda4e2862824c96c195c13,tests/run/test_patma.py,2787,"match x:
                case 0:
                    return 0
                case 1:
                    return 1
                case _:
                    return 2"
a71a3b6e13f01f83a6fda4e2862824c96c195c13,tests/run/test_patma.py,2802,"match x:
                case 0:
                    return 0
                case 1:
                    return 1
                case 2:
                    return 2"
a71a3b6e13f01f83a6fda4e2862824c96c195c13,tests/run/test_patma.py,2816,"match():
            case():
                x = 0"
a71a3b6e13f01f83a6fda4e2862824c96c195c13,tests/run/test_patma.py,2824,"match(x):
            case(x):
                y = 0"
a71a3b6e13f01f83a6fda4e2862824c96c195c13,tests/run/test_patma.py,2833,"match x:
            case False:
                y = 0
            case 0:
                y = 1"
a71a3b6e13f01f83a6fda4e2862824c96c195c13,tests/run/test_patma.py,2844,"match x:
            case True:
                y = 0
            case 1:
                y = 1"
a71a3b6e13f01f83a6fda4e2862824c96c195c13,tests/run/test_patma.py,2859,"match x:
            case None:
                y = 0"
a71a3b6e13f01f83a6fda4e2862824c96c195c13,tests/run/test_patma.py,2868,"match x:
            case False:
                y = 0"
a71a3b6e13f01f83a6fda4e2862824c96c195c13,tests/run/test_patma.py,2877,"match x:
            case True:
                y = 0"
a71a3b6e13f01f83a6fda4e2862824c96c195c13,tests/run/test_patma.py,2886,"match x:
            case None:
                y = 0"
a71a3b6e13f01f83a6fda4e2862824c96c195c13,tests/run/test_patma.py,2895,"match x:
            case (0 as w) as z:
                y = 0"
a71a3b6e13f01f83a6fda4e2862824c96c195c13,tests/run/test_patma.py,2906,"match x:
            case (0 as w) as z:
                y = 0"
a71a3b6e13f01f83a6fda4e2862824c96c195c13,tests/run/test_patma.py,2917,"match x:
            case ((a as b, c as d) as e) as w, ((f as g, h) as i) as z:
                y = 0"
a71a3b6e13f01f83a6fda4e2862824c96c195c13,tests/run/test_patma.py,2937,"match x:
            case {2: 3}:
                y = 0"
a71a3b6e13f01f83a6fda4e2862824c96c195c13,tests/run/test_patma.py,2946,"match x:
            case {2: 3, **z}:
                y = 0"
a71a3b6e13f01f83a6fda4e2862824c96c195c13,tests/run/test_patma.py,2956,"match x:
            case list([({-0-0j: int(real=0+0j, imag=0-0j) | (1) as z},)]):
                y = 0"
a71a3b6e13f01f83a6fda4e2862824c96c195c13,tests/run/test_patma.py,2966,"match x:
            case [y, *_, z]:
                w = 0"
a71a3b6e13f01f83a6fda4e2862824c96c195c13,tests/run/test_patma.py,2977,"match x:
            case [_, *_, y]:
                z = 0"
a71a3b6e13f01f83a6fda4e2862824c96c195c13,tests/run/test_patma.py,2987,"match x:
            case [*_, y]:
                z = 0"
a71a3b6e13f01f83a6fda4e2862824c96c195c13,tests/run/test_patma.py,2997,"match x:
            case {""y"": (0 as y) | (1 as y)}:
                z = 0"
a71a3b6e13f01f83a6fda4e2862824c96c195c13,tests/run/test_patma.py,3007,"match x:
                case ((a, b, c, d, e, f, g, h, i, 9) |
                      (h, g, i, a, b, d, e, c, f, 10) |
                      (g, b, a, c, d, -5, e, h, i, f) |
                      (-1, d, f, b, g, e, i, a, h, c)):
                    w = 0"
a71a3b6e13f01f83a6fda4e2862824c96c195c13,tests/run/test_patma.py,3032,"match x:
                case [y, (a, b, c, d, e, f, g, h, i, 9) |
                         (h, g, i, a, b, d, e, c, f, 10) |
                         (g, b, a, c, d, -5, e, h, i, f) |
                         (-1, d, f, b, g, e, i, a, h, c), z]:
                    w = 0"
a71a3b6e13f01f83a6fda4e2862824c96c195c13,tests/run/test_patma.py,3062,"match x:
            case {'foo': bar}:
                y = bar"
a71a3b6e13f01f83a6fda4e2862824c96c195c13,tests/run/test_patma.py,3075,"match x:
                    # looks up __attr, not _C__attr or _Outer__attr
                    case C(__attr=y):
                        return y"
a71a3b6e13f01f83a6fda4e2862824c96c195c13,tests/run/test_patma.py,3396,"match x:
                case Class(y):
                    z = 0"
a71a3b6e13f01f83a6fda4e2862824c96c195c13,tests/run/test_patma.py,3407,"match x:
                case range(10):
                    y = 0"
a71a3b6e13f01f83a6fda4e2862824c96c195c13,tests/run/test_patma.py,3421,"match x:
                case Class(y, z):
                    w = 0"
a71a3b6e13f01f83a6fda4e2862824c96c195c13,tests/run/test_patma.py,3436,"match x:
                case Class(y, a=z):
                    w = 0"
a71a3b6e13f01f83a6fda4e2862824c96c195c13,tests/run/test_patma.py,3450,"match x:
                case Class(y):
                    z = 0"
a71a3b6e13f01f83a6fda4e2862824c96c195c13,tests/run/test_patma.py,3463,"match x:
                case Class(y):
                    z = 0"
a71a3b6e13f01f83a6fda4e2862824c96c195c13,tests/run/test_patma.py,3476,"match x:
                case Class(y):
                    z = 0"
a71a3b6e13f01f83a6fda4e2862824c96c195c13,tests/run/test_patma.py,3491,"match x:
                case Class(y, z):
                    w = 0"
a71a3b6e13f01f83a6fda4e2862824c96c195c13,tests/run/test_patma.py,3508,"match x:
                case {Keys.KEY: y, ""a"": z}:
                    w = 0"
a6d810b970c21948c7fcdeec2cf28769e716e4a9,tests/run/test_patma.py,187,"match x:
            case [*_]:
                return ""seq""
            case {}:
                return ""map"""
a6d810b970c21948c7fcdeec2cf28769e716e4a9,tests/run/test_patma.py,196,"match x:
            case {}:
                return ""map""
            case [*_]:
                return ""seq"""
a6d810b970c21948c7fcdeec2cf28769e716e4a9,tests/run/test_patma.py,297,"match 0:
            case 0:
                x = True"
a6d810b970c21948c7fcdeec2cf28769e716e4a9,tests/run/test_patma.py,304,"match 0:
            case 0 if False:
                x = False
            case 0 if True:
                x = True"
a6d810b970c21948c7fcdeec2cf28769e716e4a9,tests/run/test_patma.py,313,"match 0:
            case 0:
                x = True
            case 0:
                x = False"
a6d810b970c21948c7fcdeec2cf28769e716e4a9,tests/run/test_patma.py,323,"match 0:
            case 0 | 1 | 2 | 3:
                x = True"
a6d810b970c21948c7fcdeec2cf28769e716e4a9,tests/run/test_patma.py,331,"match 1:
            case 0 | 1 | 2 | 3:
                x = True"
a6d810b970c21948c7fcdeec2cf28769e716e4a9,tests/run/test_patma.py,339,"match 2:
            case 0 | 1 | 2 | 3:
                x = True"
a6d810b970c21948c7fcdeec2cf28769e716e4a9,tests/run/test_patma.py,347,"match 3:
            case 0 | 1 | 2 | 3:
                x = True"
a6d810b970c21948c7fcdeec2cf28769e716e4a9,tests/run/test_patma.py,355,"match 4:
            case 0 | 1 | 2 | 3:
                x = True"
a6d810b970c21948c7fcdeec2cf28769e716e4a9,tests/run/test_patma.py,365,"match x:
            case A.y as z:
                pass"
a6d810b970c21948c7fcdeec2cf28769e716e4a9,tests/run/test_patma.py,375,"match 0:
            case x if x:
                z = 0
            case _ as y if y == x and y:
                z = 1
            case A.B:
                z = 2"
a6d810b970c21948c7fcdeec2cf28769e716e4a9,tests/run/test_patma.py,389,"match ():
            case []:
                x = 0"
a6d810b970c21948c7fcdeec2cf28769e716e4a9,tests/run/test_patma.py,396,"match (0, 1, 2):
            case [*x]:
                y = 0"
a6d810b970c21948c7fcdeec2cf28769e716e4a9,tests/run/test_patma.py,404,"match (0, 1, 2):
            case [0, *x]:
                y = 0"
a6d810b970c21948c7fcdeec2cf28769e716e4a9,tests/run/test_patma.py,412,"match (0, 1, 2):
            case [0, 1, *x,]:
                y = 0"
a6d810b970c21948c7fcdeec2cf28769e716e4a9,tests/run/test_patma.py,420,"match (0, 1, 2):
            case [0, 1, 2, *x]:
                y = 0"
a6d810b970c21948c7fcdeec2cf28769e716e4a9,tests/run/test_patma.py,428,"match (0, 1, 2):
            case [*x, 2,]:
                y = 0"
a6d810b970c21948c7fcdeec2cf28769e716e4a9,tests/run/test_patma.py,436,"match (0, 1, 2):
            case [*x, 1, 2]:
                y = 0"
a6d810b970c21948c7fcdeec2cf28769e716e4a9,tests/run/test_patma.py,444,"match (0, 1, 2):
            case [*x, 0, 1, 2,]:
                y = 0"
a6d810b970c21948c7fcdeec2cf28769e716e4a9,tests/run/test_patma.py,452,"match (0, 1, 2):
            case [0, *x, 2]:
                y = 0"
a6d810b970c21948c7fcdeec2cf28769e716e4a9,tests/run/test_patma.py,460,"match (0, 1, 2):
            case [0, 1, *x, 2,]:
                y = 0"
a6d810b970c21948c7fcdeec2cf28769e716e4a9,tests/run/test_patma.py,468,"match (0, 1, 2):
            case [0, *x, 1, 2]:
                y = 0"
a6d810b970c21948c7fcdeec2cf28769e716e4a9,tests/run/test_patma.py,476,"match (0, 1, 2):
            case [*x,]:
                y = 0"
a6d810b970c21948c7fcdeec2cf28769e716e4a9,tests/run/test_patma.py,485,"match x:
            case {}:
                y = 0"
a6d810b970c21948c7fcdeec2cf28769e716e4a9,tests/run/test_patma.py,494,"match x:
            case {}:
                y = 0"
a6d810b970c21948c7fcdeec2cf28769e716e4a9,tests/run/test_patma.py,504,"match x:
            case {0: 0}:
                y = 0"
a6d810b970c21948c7fcdeec2cf28769e716e4a9,tests/run/test_patma.py,513,"match x:
            case {0: (0 | 1 | 2 as z)}:
                y = 0"
a6d810b970c21948c7fcdeec2cf28769e716e4a9,tests/run/test_patma.py,523,"match x:
            case {0: (0 | 1 | 2 as z)}:
                y = 0"
a6d810b970c21948c7fcdeec2cf28769e716e4a9,tests/run/test_patma.py,533,"match x:
            case {0: (0 | 1 | 2 as z)}:
                y = 0"
a6d810b970c21948c7fcdeec2cf28769e716e4a9,tests/run/test_patma.py,544,"match x:
            case {0: (0 | 1 | 2 as z)}:
                y = 0"
a6d810b970c21948c7fcdeec2cf28769e716e4a9,tests/run/test_patma.py,554,"match x:
            case {0: [1, 2, {}]}:
                y = 0
            case {0: [1, 2, {}], 1: [[]]}:
                y = 1
            case []:
                y = 2"
a6d810b970c21948c7fcdeec2cf28769e716e4a9,tests/run/test_patma.py,567,"match x:
            case {0: [1, 2, {}]}:
                y = 0
            case {0: [1, 2, {}], 1: [[]]}:
                y = 1
            case []:
                y = 2"
a6d810b970c21948c7fcdeec2cf28769e716e4a9,tests/run/test_patma.py,580,"match x:
            case {0: [1, 2, {}]}:
                y = 0
            case {0: [1, 2, {}], 1: [[]]}:
                y = 1
            case []:
                y = 2"
a6d810b970c21948c7fcdeec2cf28769e716e4a9,tests/run/test_patma.py,593,"match x:
            case {0: [1, 2]}:
                y = 0
            case {0: [1, 2, {}], 1: [[]]}:
                y = 1
            case []:
                y = 2"
a6d810b970c21948c7fcdeec2cf28769e716e4a9,tests/run/test_patma.py,606,"match x:
            case {0: [1, 2, {}]}:
                y = 0
            case {0: [1, 2, {}], 1: [[]]}:
                y = 1
            case []:
                y = 2"
a6d810b970c21948c7fcdeec2cf28769e716e4a9,tests/run/test_patma.py,619,"match x:
            case {0: [1, 2, {}]}:
                y = 0
            case {0: ([1, 2, {}] | False)} | {1: [[]]} | {0: [1, 2, {}]} | [] | ""X"" | {}:
                y = 1
            case []:
                y = 2"
a6d810b970c21948c7fcdeec2cf28769e716e4a9,tests/run/test_patma.py,632,"match x:
            case {0: [1, 2, {}]}:
                y = 0
            case {0: [1, 2, {}] | True} | {1: [[]]} | {0: [1, 2, {}]} | [] | ""X"" | {}:
                y = 1
            case []:
                y = 2"
a6d810b970c21948c7fcdeec2cf28769e716e4a9,tests/run/test_patma.py,645,"match x:
            case 0 | 1 | 2:
                y = 0"
a6d810b970c21948c7fcdeec2cf28769e716e4a9,tests/run/test_patma.py,654,"match x:
            case 0 | 1 | 2:
                y = 0"
a6d810b970c21948c7fcdeec2cf28769e716e4a9,tests/run/test_patma.py,663,"match x:
            case 0 | 1 | 2:
                y = 0"
a6d810b970c21948c7fcdeec2cf28769e716e4a9,tests/run/test_patma.py,673,"match x:
            case 0 | 1 | 2:
                y = 0"
a6d810b970c21948c7fcdeec2cf28769e716e4a9,tests/run/test_patma.py,682,"match x:
            case (0 as z) | (1 as z) | (2 as z) if z == x % 2:
                y = 0"
a6d810b970c21948c7fcdeec2cf28769e716e4a9,tests/run/test_patma.py,692,"match x:
            case (0 as z) | (1 as z) | (2 as z) if z == x % 2:
                y = 0"
a6d810b970c21948c7fcdeec2cf28769e716e4a9,tests/run/test_patma.py,703,"match x:
            case (0 as z) | (1 as z) | (2 as z) if z == x % 2:
                y = 0"
a6d810b970c21948c7fcdeec2cf28769e716e4a9,tests/run/test_patma.py,714,"match x:
            case (0 as z) | (1 as z) | (2 as z) if z == x % 2:
                y = 0"
a6d810b970c21948c7fcdeec2cf28769e716e4a9,tests/run/test_patma.py,723,"match x:
            case []:
                y = 0"
a6d810b970c21948c7fcdeec2cf28769e716e4a9,tests/run/test_patma.py,732,"match x:
            case ():
                y = 0"
a6d810b970c21948c7fcdeec2cf28769e716e4a9,tests/run/test_patma.py,741,"match x:
            case [0]:
                y = 0"
a6d810b970c21948c7fcdeec2cf28769e716e4a9,tests/run/test_patma.py,750,"match x:
            case [[]]:
                y = 0"
a6d810b970c21948c7fcdeec2cf28769e716e4a9,tests/run/test_patma.py,759,"match x:
            case [0, 1] | [1, 0]:
                y = 0"
a6d810b970c21948c7fcdeec2cf28769e716e4a9,tests/run/test_patma.py,768,"match x:
            case [0, 1] | [1, 0]:
                y = 0"
a6d810b970c21948c7fcdeec2cf28769e716e4a9,tests/run/test_patma.py,778,"match x:
            case [0, 1] | [1, 0]:
                y = 0"
a6d810b970c21948c7fcdeec2cf28769e716e4a9,tests/run/test_patma.py,788,"match x:
            case [(0 as w)]:
                y = 0
            case [z] | [1, (0 | 1 as z)] | [z]:
                y = 1"
a6d810b970c21948c7fcdeec2cf28769e716e4a9,tests/run/test_patma.py,801,"match x:
            case [0]:
                y = 0
            case [1, 0] if (x := x[:0]):
                y = 1
            case [1, 0]:
                y = 2"
a6d810b970c21948c7fcdeec2cf28769e716e4a9,tests/run/test_patma.py,815,"match x:
            case [0]:
                y = 0"
a6d810b970c21948c7fcdeec2cf28769e716e4a9,tests/run/test_patma.py,825,"match x:
            case []:
                y = 0"
a6d810b970c21948c7fcdeec2cf28769e716e4a9,tests/run/test_patma.py,835,"match x:
            case []:
                y = 0"
a6d810b970c21948c7fcdeec2cf28769e716e4a9,tests/run/test_patma.py,845,"match x:
            case []:
                y = 0"
a6d810b970c21948c7fcdeec2cf28769e716e4a9,tests/run/test_patma.py,855,"match x:
            case [0, 1]:
                y = 0"
a6d810b970c21948c7fcdeec2cf28769e716e4a9,tests/run/test_patma.py,864,"match x:
            case 0:
                y = 0"
a6d810b970c21948c7fcdeec2cf28769e716e4a9,tests/run/test_patma.py,874,"match x:
            case False:
                y = 0"
a6d810b970c21948c7fcdeec2cf28769e716e4a9,tests/run/test_patma.py,884,"match x:
            case 1:
                y = 0"
a6d810b970c21948c7fcdeec2cf28769e716e4a9,tests/run/test_patma.py,894,"match x:
            case None:
                y = 0"
a6d810b970c21948c7fcdeec2cf28769e716e4a9,tests/run/test_patma.py,903,"match x:
            case 0:
                y = 0
            case 0:
                y = 1"
a6d810b970c21948c7fcdeec2cf28769e716e4a9,tests/run/test_patma.py,915,"match x:
            case 1:
                y = 0
            case 1:
                y = 1"
a6d810b970c21948c7fcdeec2cf28769e716e4a9,tests/run/test_patma.py,926,"match x:
            case ""x"":
                y = 0
            case ""y"":
                y = 1"
a6d810b970c21948c7fcdeec2cf28769e716e4a9,tests/run/test_patma.py,937,"match x:
            case ""y"":
                y = 0
            case ""x"":
                y = 1"
a6d810b970c21948c7fcdeec2cf28769e716e4a9,tests/run/test_patma.py,948,"match x:
            case """":
                y = 0
            case ""x"":
                y = 1"
a6d810b970c21948c7fcdeec2cf28769e716e4a9,tests/run/test_patma.py,959,"match x:
            case b""y"":
                y = 0
            case b""x"":
                y = 1"
a6d810b970c21948c7fcdeec2cf28769e716e4a9,tests/run/test_patma.py,970,"match x:
            case 0 if False:
                y = 0
            case 0:
                y = 1"
a6d810b970c21948c7fcdeec2cf28769e716e4a9,tests/run/test_patma.py,982,"match x:
            case 0 if 0:
                y = 0
            case 0 if 0:
                y = 1"
a6d810b970c21948c7fcdeec2cf28769e716e4a9,tests/run/test_patma.py,993,"match x:
            case 0 if True:
                y = 0
            case 0 if True:
                y = 1"
a6d810b970c21948c7fcdeec2cf28769e716e4a9,tests/run/test_patma.py,1004,"match x:
            case 0 if 1:
                y = 0
            case 0 if 1:
                y = 1"
a6d810b970c21948c7fcdeec2cf28769e716e4a9,tests/run/test_patma.py,1015,"match x:
            case 0 if True:
                y = 0
            case 0 if True:
                y = 1"
a6d810b970c21948c7fcdeec2cf28769e716e4a9,tests/run/test_patma.py,1027,"match x:
            case 0 if 0:
                y = 0
            case 0 if 1:
                y = 1"
a6d810b970c21948c7fcdeec2cf28769e716e4a9,tests/run/test_patma.py,1040,"match x:
            case 0 if not (x := 1):
                y = 0
            case 1:
                y = 1"
a6d810b970c21948c7fcdeec2cf28769e716e4a9,tests/run/test_patma.py,1051,"match x:
            case [""x""]:
                y = 0
            case ""x"":
                y = 1"
a6d810b970c21948c7fcdeec2cf28769e716e4a9,tests/run/test_patma.py,1062,"match x:
            case [b""x""]:
                y = 0
            case [""x""]:
                y = 1
            case [120]:
                y = 2
            case b""x"":
                y = 4"
a6d810b970c21948c7fcdeec2cf28769e716e4a9,tests/run/test_patma.py,1078,"match x:
            case [120]:
                y = 0
            case 120:
                y = 1"
a6d810b970c21948c7fcdeec2cf28769e716e4a9,tests/run/test_patma.py,1089,"match x:
            case []:
                y = 0
            case [""""]:
                y = 1
            case """":
                y = 2"
a6d810b970c21948c7fcdeec2cf28769e716e4a9,tests/run/test_patma.py,1102,"match x:
            case [""x"", ""x"", ""x""]:
                y = 0
            case [""xxx""]:
                y = 1
            case ""xxx"":
                y = 2"
a6d810b970c21948c7fcdeec2cf28769e716e4a9,tests/run/test_patma.py,1115,"match x:
            case [120, 120, 120]:
                y = 0
            case [b""xxx""]:
                y = 1
            case b""xxx"":
                y = 2"
a6d810b970c21948c7fcdeec2cf28769e716e4a9,tests/run/test_patma.py,1128,"match x:
            case 0 if not (x := 1):
                y = 0
            case (0 as z):
                y = 1"
a6d810b970c21948c7fcdeec2cf28769e716e4a9,tests/run/test_patma.py,1140,"match x:
            case (1 as z) if not (x := 1):
                y = 0
            case 0:
                y = 1"
a6d810b970c21948c7fcdeec2cf28769e716e4a9,tests/run/test_patma.py,1151,"match x:
            case (0 as z):
                y = 0"
a6d810b970c21948c7fcdeec2cf28769e716e4a9,tests/run/test_patma.py,1162,"match x:
            case (1 as z):
                y = 0"
a6d810b970c21948c7fcdeec2cf28769e716e4a9,tests/run/test_patma.py,1172,"match x:
            case (0 as z) if (w := 0):
                y = 0"
a6d810b970c21948c7fcdeec2cf28769e716e4a9,tests/run/test_patma.py,1183,"match x:
            case ((0 as w) as z):
                y = 0"
a6d810b970c21948c7fcdeec2cf28769e716e4a9,tests/run/test_patma.py,1194,"match x:
            case (0 | 1) | 2:
                y = 0"
a6d810b970c21948c7fcdeec2cf28769e716e4a9,tests/run/test_patma.py,1203,"match x:
            case (0 | 1) | 2:
                y = 0"
a6d810b970c21948c7fcdeec2cf28769e716e4a9,tests/run/test_patma.py,1212,"match x:
            case (0 | 1) | 2:
                y = 0"
a6d810b970c21948c7fcdeec2cf28769e716e4a9,tests/run/test_patma.py,1222,"match x:
            case (0 | 1) | 2:
                y = 0"
a6d810b970c21948c7fcdeec2cf28769e716e4a9,tests/run/test_patma.py,1231,"match x:
            case 0 | (1 | 2):
                y = 0"
a6d810b970c21948c7fcdeec2cf28769e716e4a9,tests/run/test_patma.py,1240,"match x:
            case 0 | (1 | 2):
                y = 0"
a6d810b970c21948c7fcdeec2cf28769e716e4a9,tests/run/test_patma.py,1249,"match x:
            case 0 | (1 | 2):
                y = 0"
a6d810b970c21948c7fcdeec2cf28769e716e4a9,tests/run/test_patma.py,1259,"match x:
            case 0 | (1 | 2):
                y = 0"
a6d810b970c21948c7fcdeec2cf28769e716e4a9,tests/run/test_patma.py,1268,"match x:
            case -0:
                y = 0"
a6d810b970c21948c7fcdeec2cf28769e716e4a9,tests/run/test_patma.py,1277,"match x:
            case -0.0:
                y = 0"
a6d810b970c21948c7fcdeec2cf28769e716e4a9,tests/run/test_patma.py,1286,"match x:
            case -0j:
                y = 0"
a6d810b970c21948c7fcdeec2cf28769e716e4a9,tests/run/test_patma.py,1295,"match x:
            case -0.0j:
                y = 0"
a6d810b970c21948c7fcdeec2cf28769e716e4a9,tests/run/test_patma.py,1304,"match x:
            case -1:
                y = 0"
a6d810b970c21948c7fcdeec2cf28769e716e4a9,tests/run/test_patma.py,1313,"match x:
            case -1.5:
                y = 0"
a6d810b970c21948c7fcdeec2cf28769e716e4a9,tests/run/test_patma.py,1322,"match x:
            case -1j:
                y = 0"
a6d810b970c21948c7fcdeec2cf28769e716e4a9,tests/run/test_patma.py,1331,"match x:
            case -1.5j:
                y = 0"
a6d810b970c21948c7fcdeec2cf28769e716e4a9,tests/run/test_patma.py,1340,"match x:
            case 0 + 0j:
                y = 0"
a6d810b970c21948c7fcdeec2cf28769e716e4a9,tests/run/test_patma.py,1349,"match x:
            case 0 - 0j:
                y = 0"
a6d810b970c21948c7fcdeec2cf28769e716e4a9,tests/run/test_patma.py,1358,"match x:
            case -0 + 0j:
                y = 0"
a6d810b970c21948c7fcdeec2cf28769e716e4a9,tests/run/test_patma.py,1367,"match x:
            case -0 - 0j:
                y = 0"
a6d810b970c21948c7fcdeec2cf28769e716e4a9,tests/run/test_patma.py,1376,"match x:
            case 0.25 + 1.75j:
                y = 0"
a6d810b970c21948c7fcdeec2cf28769e716e4a9,tests/run/test_patma.py,1385,"match x:
            case 0.25 - 1.75j:
                y = 0"
a6d810b970c21948c7fcdeec2cf28769e716e4a9,tests/run/test_patma.py,1394,"match x:
            case -0.25 + 1.75j:
                y = 0"
a6d810b970c21948c7fcdeec2cf28769e716e4a9,tests/run/test_patma.py,1403,"match x:
            case -0.25 - 1.75j:
                y = 0"
a6d810b970c21948c7fcdeec2cf28769e716e4a9,tests/run/test_patma.py,1414,"match x:
            case A.B:
                y = 0"
a6d810b970c21948c7fcdeec2cf28769e716e4a9,tests/run/test_patma.py,1427,"match x:
            case A.B.C:
                y = 0"
a6d810b970c21948c7fcdeec2cf28769e716e4a9,tests/run/test_patma.py,1441,"match x:
            case A.B.C:
                y = 0
            case A.B.D:
                y = 1"
a6d810b970c21948c7fcdeec2cf28769e716e4a9,tests/run/test_patma.py,1458,"match x:
            case A.B.C.D:
                y = 0"
a6d810b970c21948c7fcdeec2cf28769e716e4a9,tests/run/test_patma.py,1473,"match x:
            case A.B.C.D:
                y = 0
            case A.B.C.E:
                y = 1"
a6d810b970c21948c7fcdeec2cf28769e716e4a9,tests/run/test_patma.py,1486,"match match:
            case case:
                x = 0"
a6d810b970c21948c7fcdeec2cf28769e716e4a9,tests/run/test_patma.py,1496,"match case:
            case match:
                x = 0"
a6d810b970c21948c7fcdeec2cf28769e716e4a9,tests/run/test_patma.py,1506,"match x:
            case [*_, _]:
                y = 0
            case []:
                y = 1"
a6d810b970c21948c7fcdeec2cf28769e716e4a9,tests/run/test_patma.py,1517,"match x:
            case {0: 0}:
                y = 0
            case {}:
                y = 1"
a6d810b970c21948c7fcdeec2cf28769e716e4a9,tests/run/test_patma.py,1528,"match x:
            case {0: 0}:
                y = 0
            case {**z}:
                y = 1"
a6d810b970c21948c7fcdeec2cf28769e716e4a9,tests/run/test_patma.py,1539,"match ():
            case ():
                x = 0"
a6d810b970c21948c7fcdeec2cf28769e716e4a9,tests/run/test_patma.py,1546,"match (0, 1, 2):
            case (*x,):
                y = 0"
a6d810b970c21948c7fcdeec2cf28769e716e4a9,tests/run/test_patma.py,1554,"match (0, 1, 2):
            case 0, *x:
                y = 0"
a6d810b970c21948c7fcdeec2cf28769e716e4a9,tests/run/test_patma.py,1562,"match (0, 1, 2):
            case (0, 1, *x,):
                y = 0"
a6d810b970c21948c7fcdeec2cf28769e716e4a9,tests/run/test_patma.py,1570,"match (0, 1, 2):
            case 0, 1, 2, *x:
                y = 0"
a6d810b970c21948c7fcdeec2cf28769e716e4a9,tests/run/test_patma.py,1578,"match (0, 1, 2):
            case *x, 2,:
                y = 0"
a6d810b970c21948c7fcdeec2cf28769e716e4a9,tests/run/test_patma.py,1586,"match (0, 1, 2):
            case (*x, 1, 2):
                y = 0"
a6d810b970c21948c7fcdeec2cf28769e716e4a9,tests/run/test_patma.py,1594,"match (0, 1, 2):
            case *x, 0, 1, 2,:
                y = 0"
a6d810b970c21948c7fcdeec2cf28769e716e4a9,tests/run/test_patma.py,1602,"match (0, 1, 2):
            case (0, *x, 2):
                y = 0"
a6d810b970c21948c7fcdeec2cf28769e716e4a9,tests/run/test_patma.py,1610,"match (0, 1, 2):
            case 0, 1, *x, 2,:
                y = 0"
a6d810b970c21948c7fcdeec2cf28769e716e4a9,tests/run/test_patma.py,1618,"match (0, 1, 2):
            case (0, *x, 1, 2):
                y = 0"
a6d810b970c21948c7fcdeec2cf28769e716e4a9,tests/run/test_patma.py,1626,"match (0, 1, 2):
            case *x,:
                y = 0"
a6d810b970c21948c7fcdeec2cf28769e716e4a9,tests/run/test_patma.py,1635,"match x:
            case {1: 0}:
                y = 0
            case {0: 0}:
                y = 1
            case {}:
                y = 2"
a6d810b970c21948c7fcdeec2cf28769e716e4a9,tests/run/test_patma.py,1648,"match x:
            case {1: 0}:
                y = 0
            case {0: 0}:
                y = 1
            case {**z}:
                y = 2"
a6d810b970c21948c7fcdeec2cf28769e716e4a9,tests/run/test_patma.py,1662,"match x:
            case {1: 0}:
                y = 0
            case {0: 0}:
                y = 1
            case {0: _, **z}:
                y = 2"
a6d810b970c21948c7fcdeec2cf28769e716e4a9,tests/run/test_patma.py,1676,"match x:
            case {1: 0}:
                y = 0
            case {0: 0}:
                y = 0
            case {}:
                y = 1"
a6d810b970c21948c7fcdeec2cf28769e716e4a9,tests/run/test_patma.py,1689,"match x:
            case {1: 0}:
                y = 0
            case {0: 0}:
                y = 0
            case {**z}:
                y = 1"
a6d810b970c21948c7fcdeec2cf28769e716e4a9,tests/run/test_patma.py,1703,"match x:
            case {1: 0}:
                y = 0
            case {0: 0}:
                y = 0
            case {0: _, **z}:
                y = 1"
a6d810b970c21948c7fcdeec2cf28769e716e4a9,tests/run/test_patma.py,1717,"match x:
            case bool(z):
                y = 0"
a6d810b970c21948c7fcdeec2cf28769e716e4a9,tests/run/test_patma.py,1727,"match x:
            case bool(z):
                y = 0"
a6d810b970c21948c7fcdeec2cf28769e716e4a9,tests/run/test_patma.py,1737,"match x:
            case bytearray(z):
                y = 0"
a6d810b970c21948c7fcdeec2cf28769e716e4a9,tests/run/test_patma.py,1747,"match x:
            case bytes(z):
                y = 0"
a6d810b970c21948c7fcdeec2cf28769e716e4a9,tests/run/test_patma.py,1757,"match x:
            case dict(z):
                y = 0"
a6d810b970c21948c7fcdeec2cf28769e716e4a9,tests/run/test_patma.py,1767,"match x:
            case float(z):
                y = 0"
a6d810b970c21948c7fcdeec2cf28769e716e4a9,tests/run/test_patma.py,1777,"match x:
            case frozenset(z):
                y = 0"
a6d810b970c21948c7fcdeec2cf28769e716e4a9,tests/run/test_patma.py,1787,"match x:
            case int(z):
                y = 0"
a6d810b970c21948c7fcdeec2cf28769e716e4a9,tests/run/test_patma.py,1797,"match x:
            case list(z):
                y = 0"
a6d810b970c21948c7fcdeec2cf28769e716e4a9,tests/run/test_patma.py,1807,"match x:
            case set(z):
                y = 0"
a6d810b970c21948c7fcdeec2cf28769e716e4a9,tests/run/test_patma.py,1817,"match x:
            case str(z):
                y = 0"
a6d810b970c21948c7fcdeec2cf28769e716e4a9,tests/run/test_patma.py,1827,"match x:
            case tuple(z):
                y = 0"
a6d810b970c21948c7fcdeec2cf28769e716e4a9,tests/run/test_patma.py,1837,"match x,:
            case y,:
                z = 0"
a6d810b970c21948c7fcdeec2cf28769e716e4a9,tests/run/test_patma.py,1848,"match w, x:
            case y, z:
                v = 0"
a6d810b970c21948c7fcdeec2cf28769e716e4a9,tests/run/test_patma.py,1860,"match w := x,:
            case y as v,:
                z = 0"
a6d810b970c21948c7fcdeec2cf28769e716e4a9,tests/run/test_patma.py,1873,"match x:
            case 0 if x:
                y = 0"
a6d810b970c21948c7fcdeec2cf28769e716e4a9,tests/run/test_patma.py,1883,"match x:
            case 1e1000:
                y = 0"
a6d810b970c21948c7fcdeec2cf28769e716e4a9,tests/run/test_patma.py,1892,"match x:
            case z:
                y = 0"
a6d810b970c21948c7fcdeec2cf28769e716e4a9,tests/run/test_patma.py,1903,"match x:
            case _ if x:
                y = 0"
a6d810b970c21948c7fcdeec2cf28769e716e4a9,tests/run/test_patma.py,1912,"match x:
            case -1e1000:
                y = 0
            case 0:
                y = 1"
a6d810b970c21948c7fcdeec2cf28769e716e4a9,tests/run/test_patma.py,1923,"match x:
            case 0 if not x:
                y = 0
            case 1:
                y = 1"
a6d810b970c21948c7fcdeec2cf28769e716e4a9,tests/run/test_patma.py,1935,"match x:
            case 0:
                y = 0
            case z if x:
                y = 1"
a6d810b970c21948c7fcdeec2cf28769e716e4a9,tests/run/test_patma.py,1947,"match x:
            case 0:
                y = 0
            case _:
                y = 1"
a6d810b970c21948c7fcdeec2cf28769e716e4a9,tests/run/test_patma.py,1958,"match x:
            case 1 if x:
                y = 0
            case 0:
                y = 1"
a6d810b970c21948c7fcdeec2cf28769e716e4a9,tests/run/test_patma.py,1970,"match x:
            case 1:
                y = 0
            case 1 if not x:
                y = 1"
a6d810b970c21948c7fcdeec2cf28769e716e4a9,tests/run/test_patma.py,1981,"match x:
            case 1:
                y = 0
            case z:
                y = 1"
a6d810b970c21948c7fcdeec2cf28769e716e4a9,tests/run/test_patma.py,1993,"match x:
            case 1 if x:
                y = 0
            case _:
                y = 1"
a6d810b970c21948c7fcdeec2cf28769e716e4a9,tests/run/test_patma.py,2004,"match x:
            case z if not z:
                y = 0
            case 0 if x:
                y = 1"
a6d810b970c21948c7fcdeec2cf28769e716e4a9,tests/run/test_patma.py,2016,"match x:
            case z if not z:
                y = 0
            case 1:
                y = 1"
a6d810b970c21948c7fcdeec2cf28769e716e4a9,tests/run/test_patma.py,2028,"match x:
            case z if not x:
                y = 0
            case z:
                y = 1"
a6d810b970c21948c7fcdeec2cf28769e716e4a9,tests/run/test_patma.py,2040,"match x:
            case z if not z:
                y = 0
            case _ if x:
                y = 1"
a6d810b970c21948c7fcdeec2cf28769e716e4a9,tests/run/test_patma.py,2052,"match x:
            case _ if not x:
                y = 0
            case 0:
                y = 1"
a6d810b970c21948c7fcdeec2cf28769e716e4a9,tests/run/test_patma.py,2064,"match x:
            case _ if x:
                y = 0
            case 1:
                y = 1"
a6d810b970c21948c7fcdeec2cf28769e716e4a9,tests/run/test_patma.py,2076,"match x:
            case _ if not x:
                y = 0
            case z if not x:
                y = 1"
a6d810b970c21948c7fcdeec2cf28769e716e4a9,tests/run/test_patma.py,2088,"match x:
            case _ if not x:
                y = 0
            case _:
                y = 1"
a6d810b970c21948c7fcdeec2cf28769e716e4a9,tests/run/test_patma.py,2099,"match status:
                case 400:
                    return ""Bad request""
                case 401:
                    return ""Unauthorized""
                case 403:
                    return ""Forbidden""
                case 404:
                    return ""Not found""
                case 418:
                    return ""I'm a teapot""
                case _:
                    return ""Something else"""
a6d810b970c21948c7fcdeec2cf28769e716e4a9,tests/run/test_patma.py,2124,"match status:
                case 400:
                    return ""Bad request""
                case 401 | 403 | 404:
                    return ""Not allowed""
                case 418:
                    return ""I'm a teapot"""
a6d810b970c21948c7fcdeec2cf28769e716e4a9,tests/run/test_patma.py,2143,"match point:
                case (0, 0):
                    return ""Origin""
                case (0, y):
                    return f""Y={y}""
                case (x, 0):
                    return f""X={x}""
                case (x, y):
                    return f""X={x}, Y={y}""
                case _:
                    return ""Not a point"""
a6d810b970c21948c7fcdeec2cf28769e716e4a9,tests/run/test_patma.py,2163,"match point:
                case Point(0, 0):
                    return ""Origin""
                case Point(0, y):
                    return f""Y={y}""
                case Point(x, 0):
                    return f""X={x}""
                case Point():
                    return ""Somewhere else""
                case _:
                    return ""Not a point"""
a6d810b970c21948c7fcdeec2cf28769e716e4a9,tests/run/test_patma.py,2187,"match point:
                case Point(1, var):
                    return var"
a6d810b970c21948c7fcdeec2cf28769e716e4a9,tests/run/test_patma.py,2196,"match point:
                case Point(1, y=var):
                    return var"
a6d810b970c21948c7fcdeec2cf28769e716e4a9,tests/run/test_patma.py,2205,"match point:
                case Point(x=1, y=var):
                    return var"
a6d810b970c21948c7fcdeec2cf28769e716e4a9,tests/run/test_patma.py,2214,"match point:
                case Point(y=var, x=1):
                    return var"
a6d810b970c21948c7fcdeec2cf28769e716e4a9,tests/run/test_patma.py,2223,"match points:
                case []:
                    return ""No points""
                case [Point(0, 0)]:
                    return ""The origin""
                case [Point(x, y)]:
                    return f""Single point {x}, {y}""
                case [Point(0, y1), Point(0, y2)]:
                    return f""Two on the Y axis at {y1}, {y2}""
                case _:
                    return ""Something else"""
a6d810b970c21948c7fcdeec2cf28769e716e4a9,tests/run/test_patma.py,2246,"match point:
                case Point(x, y) if x == y:
                    return f""Y=X at {x}""
                case Point(x, y):
                    return ""Not on the diagonal"""
a6d810b970c21948c7fcdeec2cf28769e716e4a9,tests/run/test_patma.py,2264,"match Seq():
            case []:
                y = 0"
a6d810b970c21948c7fcdeec2cf28769e716e4a9,tests/run/test_patma.py,2275,"match Seq():
            case [*_]:
                y = 0"
a6d810b970c21948c7fcdeec2cf28769e716e4a9,tests/run/test_patma.py,2287,"match Seq():
            case [x, *_, y]:
                z = 0"
a6d810b970c21948c7fcdeec2cf28769e716e4a9,tests/run/test_patma.py,2297,"match w:
            case [x, y, *rest]:
                z = 0"
a6d810b970c21948c7fcdeec2cf28769e716e4a9,tests/run/test_patma.py,2309,"match w:
            case (x, y, *rest):
                z = 0"
a6d810b970c21948c7fcdeec2cf28769e716e4a9,tests/run/test_patma.py,2321,"match w:
            case x, y, *rest:
                z = 0"
a6d810b970c21948c7fcdeec2cf28769e716e4a9,tests/run/test_patma.py,2333,"match w:
            case [x, y, *_]:
                z = 0"
a6d810b970c21948c7fcdeec2cf28769e716e4a9,tests/run/test_patma.py,2344,"match w:
            case (x, y, *_):
                z = 0"
a6d810b970c21948c7fcdeec2cf28769e716e4a9,tests/run/test_patma.py,2355,"match w:
            case x, y, *_:
                z = 0"
a6d810b970c21948c7fcdeec2cf28769e716e4a9,tests/run/test_patma.py,2366,"match x:
            case {""bandwidth"": b, ""latency"": l}:
                y = 0"
a6d810b970c21948c7fcdeec2cf28769e716e4a9,tests/run/test_patma.py,2377,"match x:
            case {""latency"": l, ""bandwidth"": b}:
                y = 0"
a6d810b970c21948c7fcdeec2cf28769e716e4a9,tests/run/test_patma.py,2388,"match x:
            case {""bandwidth"": b, ""latency"": l, **rest}:
                y = 0"
a6d810b970c21948c7fcdeec2cf28769e716e4a9,tests/run/test_patma.py,2400,"match x:
            case {""latency"": l, ""bandwidth"": b, **rest}:
                y = 0"
a6d810b970c21948c7fcdeec2cf28769e716e4a9,tests/run/test_patma.py,2412,"match w:
            case (Point(x1, y1), Point(x2, y2) as p2):
                z = 0"
a6d810b970c21948c7fcdeec2cf28769e716e4a9,tests/run/test_patma.py,2430,"match color:
                case Color.RED:
                    return ""I see red!""
                case Color.GREEN:
                    return ""Grass is green""
                case Color.BLUE:
                    return ""I'm feeling the blues :("""
a6d810b970c21948c7fcdeec2cf28769e716e4a9,tests/run/test_patma.py,2457,"match color:
                case Color.RED:
                    return ""I see red!""
                case Color.GREEN:
                    return ""Grass is green""
                case Color.BLUE:
                    return ""I'm feeling the blues :("""
a6d810b970c21948c7fcdeec2cf28769e716e4a9,tests/run/test_patma.py,2484,"match c:
            case Class(x, y):
                z = 0"
a6d810b970c21948c7fcdeec2cf28769e716e4a9,tests/run/test_patma.py,2498,"match c:
            case Class(x, b=y):
                z = 0"
a6d810b970c21948c7fcdeec2cf28769e716e4a9,tests/run/test_patma.py,2514,"match c:
            case Parent(x, y):
                z = 0"
a6d810b970c21948c7fcdeec2cf28769e716e4a9,tests/run/test_patma.py,2530,"match c:
            case Parent(x, b=y):
                z = 0"
a6d810b970c21948c7fcdeec2cf28769e716e4a9,tests/run/test_patma.py,2540,"match w:
                case 42:
                    out = locals()
                    del out[""w""]
                    return out"
a6d810b970c21948c7fcdeec2cf28769e716e4a9,tests/run/test_patma.py,2553,"match w:
                case 42.0:
                    out = locals()
                    del out[""w""]
                    return out"
a6d810b970c21948c7fcdeec2cf28769e716e4a9,tests/run/test_patma.py,2566,"match w:
                case 1 | 2 | 3:
                    out = locals()
                    del out[""w""]
                    return out"
a6d810b970c21948c7fcdeec2cf28769e716e4a9,tests/run/test_patma.py,2582,"match w:
                case [1, 2] | [3, 4]:
                    out = locals()
                    del out[""w""]
                    return out"
a6d810b970c21948c7fcdeec2cf28769e716e4a9,tests/run/test_patma.py,2597,"match w:
                case x:
                    out = locals()
                    del out[""w""]
                    return out"
a6d810b970c21948c7fcdeec2cf28769e716e4a9,tests/run/test_patma.py,2609,"match w:
                case _:
                    out = locals()
                    del out[""w""]
                    return out"
a6d810b970c21948c7fcdeec2cf28769e716e4a9,tests/run/test_patma.py,2621,"match w:
                case (x, y, z):
                    out = locals()
                    del out[""w""]
                    return out"
a6d810b970c21948c7fcdeec2cf28769e716e4a9,tests/run/test_patma.py,2639,"match w:
                case {""x"": x, ""y"": ""y"", ""z"": z}:
                    out = locals()
                    del out[""w""]
                    return out"
a6d810b970c21948c7fcdeec2cf28769e716e4a9,tests/run/test_patma.py,2652,"match w:
                case Point(int(xx), y=""hello""):
                    out = locals()
                    del out[""w""]
                    return out"
a6d810b970c21948c7fcdeec2cf28769e716e4a9,tests/run/test_patma.py,2662,"match w:
                case (p, q) as x:
                    out = locals()
                    del out[""w""]
                    return out"
a6d810b970c21948c7fcdeec2cf28769e716e4a9,tests/run/test_patma.py,2675,"match 42:
                case 42:
                    return locals()"
a6d810b970c21948c7fcdeec2cf28769e716e4a9,tests/run/test_patma.py,2683,"match 1:
                case 1 | 2 | 3:
                    return locals()"
a6d810b970c21948c7fcdeec2cf28769e716e4a9,tests/run/test_patma.py,2691,"match ...:
                case _:
                    return locals()"
a6d810b970c21948c7fcdeec2cf28769e716e4a9,tests/run/test_patma.py,2699,"match ...:
                case abc:
                    return locals()"
a6d810b970c21948c7fcdeec2cf28769e716e4a9,tests/run/test_patma.py,2707,"match ..., ...:
                case a, b:
                    return locals()"
a6d810b970c21948c7fcdeec2cf28769e716e4a9,tests/run/test_patma.py,2715,"match {""k"": ..., ""l"": ...}:
                case {""k"": a, ""l"": b}:
                    return locals()"
a6d810b970c21948c7fcdeec2cf28769e716e4a9,tests/run/test_patma.py,2723,"match Point(..., ...):
                case Point(x, y=y):
                    return locals()"
a6d810b970c21948c7fcdeec2cf28769e716e4a9,tests/run/test_patma.py,2731,"match ...:
                case b as a:
                    return locals()"
a6d810b970c21948c7fcdeec2cf28769e716e4a9,tests/run/test_patma.py,2739,"match x:
                case _:
                    return 0"
a6d810b970c21948c7fcdeec2cf28769e716e4a9,tests/run/test_patma.py,2750,"match x:
                case 0:
                    return 0"
a6d810b970c21948c7fcdeec2cf28769e716e4a9,tests/run/test_patma.py,2761,"match x:
                case 0:
                    return 0
                case _:
                    return 1"
a6d810b970c21948c7fcdeec2cf28769e716e4a9,tests/run/test_patma.py,2774,"match x:
                case 0:
                    return 0
                case 1:
                    return 1"
a6d810b970c21948c7fcdeec2cf28769e716e4a9,tests/run/test_patma.py,2787,"match x:
                case 0:
                    return 0
                case 1:
                    return 1
                case _:
                    return 2"
a6d810b970c21948c7fcdeec2cf28769e716e4a9,tests/run/test_patma.py,2802,"match x:
                case 0:
                    return 0
                case 1:
                    return 1
                case 2:
                    return 2"
a6d810b970c21948c7fcdeec2cf28769e716e4a9,tests/run/test_patma.py,2816,"match():
            case():
                x = 0"
a6d810b970c21948c7fcdeec2cf28769e716e4a9,tests/run/test_patma.py,2824,"match(x):
            case(x):
                y = 0"
a6d810b970c21948c7fcdeec2cf28769e716e4a9,tests/run/test_patma.py,2833,"match x:
            case False:
                y = 0
            case 0:
                y = 1"
a6d810b970c21948c7fcdeec2cf28769e716e4a9,tests/run/test_patma.py,2844,"match x:
            case True:
                y = 0
            case 1:
                y = 1"
a6d810b970c21948c7fcdeec2cf28769e716e4a9,tests/run/test_patma.py,2859,"match x:
            case None:
                y = 0"
a6d810b970c21948c7fcdeec2cf28769e716e4a9,tests/run/test_patma.py,2868,"match x:
            case False:
                y = 0"
a6d810b970c21948c7fcdeec2cf28769e716e4a9,tests/run/test_patma.py,2877,"match x:
            case True:
                y = 0"
a6d810b970c21948c7fcdeec2cf28769e716e4a9,tests/run/test_patma.py,2886,"match x:
            case None:
                y = 0"
a6d810b970c21948c7fcdeec2cf28769e716e4a9,tests/run/test_patma.py,2895,"match x:
            case (0 as w) as z:
                y = 0"
a6d810b970c21948c7fcdeec2cf28769e716e4a9,tests/run/test_patma.py,2906,"match x:
            case (0 as w) as z:
                y = 0"
a6d810b970c21948c7fcdeec2cf28769e716e4a9,tests/run/test_patma.py,2917,"match x:
            case ((a as b, c as d) as e) as w, ((f as g, h) as i) as z:
                y = 0"
a6d810b970c21948c7fcdeec2cf28769e716e4a9,tests/run/test_patma.py,2937,"match x:
            case {2: 3}:
                y = 0"
a6d810b970c21948c7fcdeec2cf28769e716e4a9,tests/run/test_patma.py,2946,"match x:
            case {2: 3, **z}:
                y = 0"
a6d810b970c21948c7fcdeec2cf28769e716e4a9,tests/run/test_patma.py,2956,"match x:
            case list([({-0-0j: int(real=0+0j, imag=0-0j) | (1) as z},)]):
                y = 0"
a6d810b970c21948c7fcdeec2cf28769e716e4a9,tests/run/test_patma.py,2966,"match x:
            case [y, *_, z]:
                w = 0"
a6d810b970c21948c7fcdeec2cf28769e716e4a9,tests/run/test_patma.py,2977,"match x:
            case [_, *_, y]:
                z = 0"
a6d810b970c21948c7fcdeec2cf28769e716e4a9,tests/run/test_patma.py,2987,"match x:
            case [*_, y]:
                z = 0"
a6d810b970c21948c7fcdeec2cf28769e716e4a9,tests/run/test_patma.py,2997,"match x:
            case {""y"": (0 as y) | (1 as y)}:
                z = 0"
a6d810b970c21948c7fcdeec2cf28769e716e4a9,tests/run/test_patma.py,3007,"match x:
                case ((a, b, c, d, e, f, g, h, i, 9) |
                      (h, g, i, a, b, d, e, c, f, 10) |
                      (g, b, a, c, d, -5, e, h, i, f) |
                      (-1, d, f, b, g, e, i, a, h, c)):
                    w = 0"
a6d810b970c21948c7fcdeec2cf28769e716e4a9,tests/run/test_patma.py,3032,"match x:
                case [y, (a, b, c, d, e, f, g, h, i, 9) |
                         (h, g, i, a, b, d, e, c, f, 10) |
                         (g, b, a, c, d, -5, e, h, i, f) |
                         (-1, d, f, b, g, e, i, a, h, c), z]:
                    w = 0"
a6d810b970c21948c7fcdeec2cf28769e716e4a9,tests/run/test_patma.py,3062,"match x:
            case {'foo': bar}:
                y = bar"
a6d810b970c21948c7fcdeec2cf28769e716e4a9,tests/run/test_patma.py,3075,"match x:
                    # looks up __attr, not _C__attr or _Outer__attr
                    case C(__attr=y):
                        return y"
a6d810b970c21948c7fcdeec2cf28769e716e4a9,tests/run/test_patma.py,3396,"match x:
                case Class(y):
                    z = 0"
a6d810b970c21948c7fcdeec2cf28769e716e4a9,tests/run/test_patma.py,3407,"match x:
                case range(10):
                    y = 0"
a6d810b970c21948c7fcdeec2cf28769e716e4a9,tests/run/test_patma.py,3421,"match x:
                case Class(y, z):
                    w = 0"
a6d810b970c21948c7fcdeec2cf28769e716e4a9,tests/run/test_patma.py,3436,"match x:
                case Class(y, a=z):
                    w = 0"
a6d810b970c21948c7fcdeec2cf28769e716e4a9,tests/run/test_patma.py,3450,"match x:
                case Class(y):
                    z = 0"
a6d810b970c21948c7fcdeec2cf28769e716e4a9,tests/run/test_patma.py,3463,"match x:
                case Class(y):
                    z = 0"
a6d810b970c21948c7fcdeec2cf28769e716e4a9,tests/run/test_patma.py,3476,"match x:
                case Class(y):
                    z = 0"
a6d810b970c21948c7fcdeec2cf28769e716e4a9,tests/run/test_patma.py,3491,"match x:
                case Class(y, z):
                    w = 0"
a6d810b970c21948c7fcdeec2cf28769e716e4a9,tests/run/test_patma.py,3508,"match x:
                case {Keys.KEY: y, ""a"": z}:
                    w = 0"
4f91ac3b5d9b75c460c68f6e2c6bb515bcc4eb4c,tests/run/test_patma.py,187,"match x:
            case [*_]:
                return ""seq""
            case {}:
                return ""map"""
4f91ac3b5d9b75c460c68f6e2c6bb515bcc4eb4c,tests/run/test_patma.py,196,"match x:
            case {}:
                return ""map""
            case [*_]:
                return ""seq"""
4f91ac3b5d9b75c460c68f6e2c6bb515bcc4eb4c,tests/run/test_patma.py,297,"match 0:
            case 0:
                x = True"
4f91ac3b5d9b75c460c68f6e2c6bb515bcc4eb4c,tests/run/test_patma.py,304,"match 0:
            case 0 if False:
                x = False
            case 0 if True:
                x = True"
4f91ac3b5d9b75c460c68f6e2c6bb515bcc4eb4c,tests/run/test_patma.py,313,"match 0:
            case 0:
                x = True
            case 0:
                x = False"
4f91ac3b5d9b75c460c68f6e2c6bb515bcc4eb4c,tests/run/test_patma.py,323,"match 0:
            case 0 | 1 | 2 | 3:
                x = True"
4f91ac3b5d9b75c460c68f6e2c6bb515bcc4eb4c,tests/run/test_patma.py,331,"match 1:
            case 0 | 1 | 2 | 3:
                x = True"
4f91ac3b5d9b75c460c68f6e2c6bb515bcc4eb4c,tests/run/test_patma.py,339,"match 2:
            case 0 | 1 | 2 | 3:
                x = True"
4f91ac3b5d9b75c460c68f6e2c6bb515bcc4eb4c,tests/run/test_patma.py,347,"match 3:
            case 0 | 1 | 2 | 3:
                x = True"
4f91ac3b5d9b75c460c68f6e2c6bb515bcc4eb4c,tests/run/test_patma.py,355,"match 4:
            case 0 | 1 | 2 | 3:
                x = True"
4f91ac3b5d9b75c460c68f6e2c6bb515bcc4eb4c,tests/run/test_patma.py,365,"match x:
            case A.y as z:
                pass"
4f91ac3b5d9b75c460c68f6e2c6bb515bcc4eb4c,tests/run/test_patma.py,375,"match 0:
            case x if x:
                z = 0
            case _ as y if y == x and y:
                z = 1
            case A.B:
                z = 2"
4f91ac3b5d9b75c460c68f6e2c6bb515bcc4eb4c,tests/run/test_patma.py,389,"match ():
            case []:
                x = 0"
4f91ac3b5d9b75c460c68f6e2c6bb515bcc4eb4c,tests/run/test_patma.py,396,"match (0, 1, 2):
            case [*x]:
                y = 0"
4f91ac3b5d9b75c460c68f6e2c6bb515bcc4eb4c,tests/run/test_patma.py,404,"match (0, 1, 2):
            case [0, *x]:
                y = 0"
4f91ac3b5d9b75c460c68f6e2c6bb515bcc4eb4c,tests/run/test_patma.py,412,"match (0, 1, 2):
            case [0, 1, *x,]:
                y = 0"
4f91ac3b5d9b75c460c68f6e2c6bb515bcc4eb4c,tests/run/test_patma.py,420,"match (0, 1, 2):
            case [0, 1, 2, *x]:
                y = 0"
4f91ac3b5d9b75c460c68f6e2c6bb515bcc4eb4c,tests/run/test_patma.py,428,"match (0, 1, 2):
            case [*x, 2,]:
                y = 0"
4f91ac3b5d9b75c460c68f6e2c6bb515bcc4eb4c,tests/run/test_patma.py,436,"match (0, 1, 2):
            case [*x, 1, 2]:
                y = 0"
4f91ac3b5d9b75c460c68f6e2c6bb515bcc4eb4c,tests/run/test_patma.py,444,"match (0, 1, 2):
            case [*x, 0, 1, 2,]:
                y = 0"
4f91ac3b5d9b75c460c68f6e2c6bb515bcc4eb4c,tests/run/test_patma.py,452,"match (0, 1, 2):
            case [0, *x, 2]:
                y = 0"
4f91ac3b5d9b75c460c68f6e2c6bb515bcc4eb4c,tests/run/test_patma.py,460,"match (0, 1, 2):
            case [0, 1, *x, 2,]:
                y = 0"
4f91ac3b5d9b75c460c68f6e2c6bb515bcc4eb4c,tests/run/test_patma.py,468,"match (0, 1, 2):
            case [0, *x, 1, 2]:
                y = 0"
4f91ac3b5d9b75c460c68f6e2c6bb515bcc4eb4c,tests/run/test_patma.py,476,"match (0, 1, 2):
            case [*x,]:
                y = 0"
4f91ac3b5d9b75c460c68f6e2c6bb515bcc4eb4c,tests/run/test_patma.py,485,"match x:
            case {}:
                y = 0"
4f91ac3b5d9b75c460c68f6e2c6bb515bcc4eb4c,tests/run/test_patma.py,494,"match x:
            case {}:
                y = 0"
4f91ac3b5d9b75c460c68f6e2c6bb515bcc4eb4c,tests/run/test_patma.py,504,"match x:
            case {0: 0}:
                y = 0"
4f91ac3b5d9b75c460c68f6e2c6bb515bcc4eb4c,tests/run/test_patma.py,513,"match x:
            case {0: (0 | 1 | 2 as z)}:
                y = 0"
4f91ac3b5d9b75c460c68f6e2c6bb515bcc4eb4c,tests/run/test_patma.py,523,"match x:
            case {0: (0 | 1 | 2 as z)}:
                y = 0"
4f91ac3b5d9b75c460c68f6e2c6bb515bcc4eb4c,tests/run/test_patma.py,533,"match x:
            case {0: (0 | 1 | 2 as z)}:
                y = 0"
4f91ac3b5d9b75c460c68f6e2c6bb515bcc4eb4c,tests/run/test_patma.py,544,"match x:
            case {0: (0 | 1 | 2 as z)}:
                y = 0"
4f91ac3b5d9b75c460c68f6e2c6bb515bcc4eb4c,tests/run/test_patma.py,554,"match x:
            case {0: [1, 2, {}]}:
                y = 0
            case {0: [1, 2, {}], 1: [[]]}:
                y = 1
            case []:
                y = 2"
4f91ac3b5d9b75c460c68f6e2c6bb515bcc4eb4c,tests/run/test_patma.py,567,"match x:
            case {0: [1, 2, {}]}:
                y = 0
            case {0: [1, 2, {}], 1: [[]]}:
                y = 1
            case []:
                y = 2"
4f91ac3b5d9b75c460c68f6e2c6bb515bcc4eb4c,tests/run/test_patma.py,580,"match x:
            case {0: [1, 2, {}]}:
                y = 0
            case {0: [1, 2, {}], 1: [[]]}:
                y = 1
            case []:
                y = 2"
4f91ac3b5d9b75c460c68f6e2c6bb515bcc4eb4c,tests/run/test_patma.py,593,"match x:
            case {0: [1, 2]}:
                y = 0
            case {0: [1, 2, {}], 1: [[]]}:
                y = 1
            case []:
                y = 2"
4f91ac3b5d9b75c460c68f6e2c6bb515bcc4eb4c,tests/run/test_patma.py,606,"match x:
            case {0: [1, 2, {}]}:
                y = 0
            case {0: [1, 2, {}], 1: [[]]}:
                y = 1
            case []:
                y = 2"
4f91ac3b5d9b75c460c68f6e2c6bb515bcc4eb4c,tests/run/test_patma.py,619,"match x:
            case {0: [1, 2, {}]}:
                y = 0
            case {0: ([1, 2, {}] | False)} | {1: [[]]} | {0: [1, 2, {}]} | [] | ""X"" | {}:
                y = 1
            case []:
                y = 2"
4f91ac3b5d9b75c460c68f6e2c6bb515bcc4eb4c,tests/run/test_patma.py,632,"match x:
            case {0: [1, 2, {}]}:
                y = 0
            case {0: [1, 2, {}] | True} | {1: [[]]} | {0: [1, 2, {}]} | [] | ""X"" | {}:
                y = 1
            case []:
                y = 2"
4f91ac3b5d9b75c460c68f6e2c6bb515bcc4eb4c,tests/run/test_patma.py,645,"match x:
            case 0 | 1 | 2:
                y = 0"
4f91ac3b5d9b75c460c68f6e2c6bb515bcc4eb4c,tests/run/test_patma.py,654,"match x:
            case 0 | 1 | 2:
                y = 0"
4f91ac3b5d9b75c460c68f6e2c6bb515bcc4eb4c,tests/run/test_patma.py,663,"match x:
            case 0 | 1 | 2:
                y = 0"
4f91ac3b5d9b75c460c68f6e2c6bb515bcc4eb4c,tests/run/test_patma.py,673,"match x:
            case 0 | 1 | 2:
                y = 0"
4f91ac3b5d9b75c460c68f6e2c6bb515bcc4eb4c,tests/run/test_patma.py,682,"match x:
            case (0 as z) | (1 as z) | (2 as z) if z == x % 2:
                y = 0"
4f91ac3b5d9b75c460c68f6e2c6bb515bcc4eb4c,tests/run/test_patma.py,692,"match x:
            case (0 as z) | (1 as z) | (2 as z) if z == x % 2:
                y = 0"
4f91ac3b5d9b75c460c68f6e2c6bb515bcc4eb4c,tests/run/test_patma.py,703,"match x:
            case (0 as z) | (1 as z) | (2 as z) if z == x % 2:
                y = 0"
4f91ac3b5d9b75c460c68f6e2c6bb515bcc4eb4c,tests/run/test_patma.py,714,"match x:
            case (0 as z) | (1 as z) | (2 as z) if z == x % 2:
                y = 0"
4f91ac3b5d9b75c460c68f6e2c6bb515bcc4eb4c,tests/run/test_patma.py,723,"match x:
            case []:
                y = 0"
4f91ac3b5d9b75c460c68f6e2c6bb515bcc4eb4c,tests/run/test_patma.py,732,"match x:
            case ():
                y = 0"
4f91ac3b5d9b75c460c68f6e2c6bb515bcc4eb4c,tests/run/test_patma.py,741,"match x:
            case [0]:
                y = 0"
4f91ac3b5d9b75c460c68f6e2c6bb515bcc4eb4c,tests/run/test_patma.py,750,"match x:
            case [[]]:
                y = 0"
4f91ac3b5d9b75c460c68f6e2c6bb515bcc4eb4c,tests/run/test_patma.py,759,"match x:
            case [0, 1] | [1, 0]:
                y = 0"
4f91ac3b5d9b75c460c68f6e2c6bb515bcc4eb4c,tests/run/test_patma.py,768,"match x:
            case [0, 1] | [1, 0]:
                y = 0"
4f91ac3b5d9b75c460c68f6e2c6bb515bcc4eb4c,tests/run/test_patma.py,778,"match x:
            case [0, 1] | [1, 0]:
                y = 0"
4f91ac3b5d9b75c460c68f6e2c6bb515bcc4eb4c,tests/run/test_patma.py,788,"match x:
            case [(0 as w)]:
                y = 0
            case [z] | [1, (0 | 1 as z)] | [z]:
                y = 1"
4f91ac3b5d9b75c460c68f6e2c6bb515bcc4eb4c,tests/run/test_patma.py,801,"match x:
            case [0]:
                y = 0
            case [1, 0] if (x := x[:0]):
                y = 1
            case [1, 0]:
                y = 2"
4f91ac3b5d9b75c460c68f6e2c6bb515bcc4eb4c,tests/run/test_patma.py,815,"match x:
            case [0]:
                y = 0"
4f91ac3b5d9b75c460c68f6e2c6bb515bcc4eb4c,tests/run/test_patma.py,825,"match x:
            case []:
                y = 0"
4f91ac3b5d9b75c460c68f6e2c6bb515bcc4eb4c,tests/run/test_patma.py,835,"match x:
            case []:
                y = 0"
4f91ac3b5d9b75c460c68f6e2c6bb515bcc4eb4c,tests/run/test_patma.py,845,"match x:
            case []:
                y = 0"
4f91ac3b5d9b75c460c68f6e2c6bb515bcc4eb4c,tests/run/test_patma.py,855,"match x:
            case [0, 1]:
                y = 0"
4f91ac3b5d9b75c460c68f6e2c6bb515bcc4eb4c,tests/run/test_patma.py,864,"match x:
            case 0:
                y = 0"
4f91ac3b5d9b75c460c68f6e2c6bb515bcc4eb4c,tests/run/test_patma.py,874,"match x:
            case False:
                y = 0"
4f91ac3b5d9b75c460c68f6e2c6bb515bcc4eb4c,tests/run/test_patma.py,884,"match x:
            case 1:
                y = 0"
4f91ac3b5d9b75c460c68f6e2c6bb515bcc4eb4c,tests/run/test_patma.py,894,"match x:
            case None:
                y = 0"
4f91ac3b5d9b75c460c68f6e2c6bb515bcc4eb4c,tests/run/test_patma.py,903,"match x:
            case 0:
                y = 0
            case 0:
                y = 1"
4f91ac3b5d9b75c460c68f6e2c6bb515bcc4eb4c,tests/run/test_patma.py,915,"match x:
            case 1:
                y = 0
            case 1:
                y = 1"
4f91ac3b5d9b75c460c68f6e2c6bb515bcc4eb4c,tests/run/test_patma.py,926,"match x:
            case ""x"":
                y = 0
            case ""y"":
                y = 1"
4f91ac3b5d9b75c460c68f6e2c6bb515bcc4eb4c,tests/run/test_patma.py,937,"match x:
            case ""y"":
                y = 0
            case ""x"":
                y = 1"
4f91ac3b5d9b75c460c68f6e2c6bb515bcc4eb4c,tests/run/test_patma.py,948,"match x:
            case """":
                y = 0
            case ""x"":
                y = 1"
4f91ac3b5d9b75c460c68f6e2c6bb515bcc4eb4c,tests/run/test_patma.py,959,"match x:
            case b""y"":
                y = 0
            case b""x"":
                y = 1"
4f91ac3b5d9b75c460c68f6e2c6bb515bcc4eb4c,tests/run/test_patma.py,970,"match x:
            case 0 if False:
                y = 0
            case 0:
                y = 1"
4f91ac3b5d9b75c460c68f6e2c6bb515bcc4eb4c,tests/run/test_patma.py,982,"match x:
            case 0 if 0:
                y = 0
            case 0 if 0:
                y = 1"
4f91ac3b5d9b75c460c68f6e2c6bb515bcc4eb4c,tests/run/test_patma.py,993,"match x:
            case 0 if True:
                y = 0
            case 0 if True:
                y = 1"
4f91ac3b5d9b75c460c68f6e2c6bb515bcc4eb4c,tests/run/test_patma.py,1004,"match x:
            case 0 if 1:
                y = 0
            case 0 if 1:
                y = 1"
4f91ac3b5d9b75c460c68f6e2c6bb515bcc4eb4c,tests/run/test_patma.py,1015,"match x:
            case 0 if True:
                y = 0
            case 0 if True:
                y = 1"
4f91ac3b5d9b75c460c68f6e2c6bb515bcc4eb4c,tests/run/test_patma.py,1027,"match x:
            case 0 if 0:
                y = 0
            case 0 if 1:
                y = 1"
4f91ac3b5d9b75c460c68f6e2c6bb515bcc4eb4c,tests/run/test_patma.py,1040,"match x:
            case 0 if not (x := 1):
                y = 0
            case 1:
                y = 1"
4f91ac3b5d9b75c460c68f6e2c6bb515bcc4eb4c,tests/run/test_patma.py,1051,"match x:
            case [""x""]:
                y = 0
            case ""x"":
                y = 1"
4f91ac3b5d9b75c460c68f6e2c6bb515bcc4eb4c,tests/run/test_patma.py,1062,"match x:
            case [b""x""]:
                y = 0
            case [""x""]:
                y = 1
            case [120]:
                y = 2
            case b""x"":
                y = 4"
4f91ac3b5d9b75c460c68f6e2c6bb515bcc4eb4c,tests/run/test_patma.py,1078,"match x:
            case [120]:
                y = 0
            case 120:
                y = 1"
4f91ac3b5d9b75c460c68f6e2c6bb515bcc4eb4c,tests/run/test_patma.py,1089,"match x:
            case []:
                y = 0
            case [""""]:
                y = 1
            case """":
                y = 2"
4f91ac3b5d9b75c460c68f6e2c6bb515bcc4eb4c,tests/run/test_patma.py,1102,"match x:
            case [""x"", ""x"", ""x""]:
                y = 0
            case [""xxx""]:
                y = 1
            case ""xxx"":
                y = 2"
4f91ac3b5d9b75c460c68f6e2c6bb515bcc4eb4c,tests/run/test_patma.py,1115,"match x:
            case [120, 120, 120]:
                y = 0
            case [b""xxx""]:
                y = 1
            case b""xxx"":
                y = 2"
4f91ac3b5d9b75c460c68f6e2c6bb515bcc4eb4c,tests/run/test_patma.py,1128,"match x:
            case 0 if not (x := 1):
                y = 0
            case (0 as z):
                y = 1"
4f91ac3b5d9b75c460c68f6e2c6bb515bcc4eb4c,tests/run/test_patma.py,1140,"match x:
            case (1 as z) if not (x := 1):
                y = 0
            case 0:
                y = 1"
4f91ac3b5d9b75c460c68f6e2c6bb515bcc4eb4c,tests/run/test_patma.py,1151,"match x:
            case (0 as z):
                y = 0"
4f91ac3b5d9b75c460c68f6e2c6bb515bcc4eb4c,tests/run/test_patma.py,1162,"match x:
            case (1 as z):
                y = 0"
4f91ac3b5d9b75c460c68f6e2c6bb515bcc4eb4c,tests/run/test_patma.py,1172,"match x:
            case (0 as z) if (w := 0):
                y = 0"
4f91ac3b5d9b75c460c68f6e2c6bb515bcc4eb4c,tests/run/test_patma.py,1183,"match x:
            case ((0 as w) as z):
                y = 0"
4f91ac3b5d9b75c460c68f6e2c6bb515bcc4eb4c,tests/run/test_patma.py,1194,"match x:
            case (0 | 1) | 2:
                y = 0"
4f91ac3b5d9b75c460c68f6e2c6bb515bcc4eb4c,tests/run/test_patma.py,1203,"match x:
            case (0 | 1) | 2:
                y = 0"
4f91ac3b5d9b75c460c68f6e2c6bb515bcc4eb4c,tests/run/test_patma.py,1212,"match x:
            case (0 | 1) | 2:
                y = 0"
4f91ac3b5d9b75c460c68f6e2c6bb515bcc4eb4c,tests/run/test_patma.py,1222,"match x:
            case (0 | 1) | 2:
                y = 0"
4f91ac3b5d9b75c460c68f6e2c6bb515bcc4eb4c,tests/run/test_patma.py,1231,"match x:
            case 0 | (1 | 2):
                y = 0"
4f91ac3b5d9b75c460c68f6e2c6bb515bcc4eb4c,tests/run/test_patma.py,1240,"match x:
            case 0 | (1 | 2):
                y = 0"
4f91ac3b5d9b75c460c68f6e2c6bb515bcc4eb4c,tests/run/test_patma.py,1249,"match x:
            case 0 | (1 | 2):
                y = 0"
4f91ac3b5d9b75c460c68f6e2c6bb515bcc4eb4c,tests/run/test_patma.py,1259,"match x:
            case 0 | (1 | 2):
                y = 0"
4f91ac3b5d9b75c460c68f6e2c6bb515bcc4eb4c,tests/run/test_patma.py,1268,"match x:
            case -0:
                y = 0"
4f91ac3b5d9b75c460c68f6e2c6bb515bcc4eb4c,tests/run/test_patma.py,1277,"match x:
            case -0.0:
                y = 0"
4f91ac3b5d9b75c460c68f6e2c6bb515bcc4eb4c,tests/run/test_patma.py,1286,"match x:
            case -0j:
                y = 0"
4f91ac3b5d9b75c460c68f6e2c6bb515bcc4eb4c,tests/run/test_patma.py,1295,"match x:
            case -0.0j:
                y = 0"
4f91ac3b5d9b75c460c68f6e2c6bb515bcc4eb4c,tests/run/test_patma.py,1304,"match x:
            case -1:
                y = 0"
4f91ac3b5d9b75c460c68f6e2c6bb515bcc4eb4c,tests/run/test_patma.py,1313,"match x:
            case -1.5:
                y = 0"
4f91ac3b5d9b75c460c68f6e2c6bb515bcc4eb4c,tests/run/test_patma.py,1322,"match x:
            case -1j:
                y = 0"
4f91ac3b5d9b75c460c68f6e2c6bb515bcc4eb4c,tests/run/test_patma.py,1331,"match x:
            case -1.5j:
                y = 0"
4f91ac3b5d9b75c460c68f6e2c6bb515bcc4eb4c,tests/run/test_patma.py,1340,"match x:
            case 0 + 0j:
                y = 0"
4f91ac3b5d9b75c460c68f6e2c6bb515bcc4eb4c,tests/run/test_patma.py,1349,"match x:
            case 0 - 0j:
                y = 0"
4f91ac3b5d9b75c460c68f6e2c6bb515bcc4eb4c,tests/run/test_patma.py,1358,"match x:
            case -0 + 0j:
                y = 0"
4f91ac3b5d9b75c460c68f6e2c6bb515bcc4eb4c,tests/run/test_patma.py,1367,"match x:
            case -0 - 0j:
                y = 0"
4f91ac3b5d9b75c460c68f6e2c6bb515bcc4eb4c,tests/run/test_patma.py,1376,"match x:
            case 0.25 + 1.75j:
                y = 0"
4f91ac3b5d9b75c460c68f6e2c6bb515bcc4eb4c,tests/run/test_patma.py,1385,"match x:
            case 0.25 - 1.75j:
                y = 0"
4f91ac3b5d9b75c460c68f6e2c6bb515bcc4eb4c,tests/run/test_patma.py,1394,"match x:
            case -0.25 + 1.75j:
                y = 0"
4f91ac3b5d9b75c460c68f6e2c6bb515bcc4eb4c,tests/run/test_patma.py,1403,"match x:
            case -0.25 - 1.75j:
                y = 0"
4f91ac3b5d9b75c460c68f6e2c6bb515bcc4eb4c,tests/run/test_patma.py,1414,"match x:
            case A.B:
                y = 0"
4f91ac3b5d9b75c460c68f6e2c6bb515bcc4eb4c,tests/run/test_patma.py,1427,"match x:
            case A.B.C:
                y = 0"
4f91ac3b5d9b75c460c68f6e2c6bb515bcc4eb4c,tests/run/test_patma.py,1441,"match x:
            case A.B.C:
                y = 0
            case A.B.D:
                y = 1"
4f91ac3b5d9b75c460c68f6e2c6bb515bcc4eb4c,tests/run/test_patma.py,1458,"match x:
            case A.B.C.D:
                y = 0"
4f91ac3b5d9b75c460c68f6e2c6bb515bcc4eb4c,tests/run/test_patma.py,1473,"match x:
            case A.B.C.D:
                y = 0
            case A.B.C.E:
                y = 1"
4f91ac3b5d9b75c460c68f6e2c6bb515bcc4eb4c,tests/run/test_patma.py,1486,"match match:
            case case:
                x = 0"
4f91ac3b5d9b75c460c68f6e2c6bb515bcc4eb4c,tests/run/test_patma.py,1496,"match case:
            case match:
                x = 0"
4f91ac3b5d9b75c460c68f6e2c6bb515bcc4eb4c,tests/run/test_patma.py,1506,"match x:
            case [*_, _]:
                y = 0
            case []:
                y = 1"
4f91ac3b5d9b75c460c68f6e2c6bb515bcc4eb4c,tests/run/test_patma.py,1517,"match x:
            case {0: 0}:
                y = 0
            case {}:
                y = 1"
4f91ac3b5d9b75c460c68f6e2c6bb515bcc4eb4c,tests/run/test_patma.py,1528,"match x:
            case {0: 0}:
                y = 0
            case {**z}:
                y = 1"
4f91ac3b5d9b75c460c68f6e2c6bb515bcc4eb4c,tests/run/test_patma.py,1539,"match ():
            case ():
                x = 0"
4f91ac3b5d9b75c460c68f6e2c6bb515bcc4eb4c,tests/run/test_patma.py,1546,"match (0, 1, 2):
            case (*x,):
                y = 0"
4f91ac3b5d9b75c460c68f6e2c6bb515bcc4eb4c,tests/run/test_patma.py,1554,"match (0, 1, 2):
            case 0, *x:
                y = 0"
4f91ac3b5d9b75c460c68f6e2c6bb515bcc4eb4c,tests/run/test_patma.py,1562,"match (0, 1, 2):
            case (0, 1, *x,):
                y = 0"
4f91ac3b5d9b75c460c68f6e2c6bb515bcc4eb4c,tests/run/test_patma.py,1570,"match (0, 1, 2):
            case 0, 1, 2, *x:
                y = 0"
4f91ac3b5d9b75c460c68f6e2c6bb515bcc4eb4c,tests/run/test_patma.py,1578,"match (0, 1, 2):
            case *x, 2,:
                y = 0"
4f91ac3b5d9b75c460c68f6e2c6bb515bcc4eb4c,tests/run/test_patma.py,1586,"match (0, 1, 2):
            case (*x, 1, 2):
                y = 0"
4f91ac3b5d9b75c460c68f6e2c6bb515bcc4eb4c,tests/run/test_patma.py,1594,"match (0, 1, 2):
            case *x, 0, 1, 2,:
                y = 0"
4f91ac3b5d9b75c460c68f6e2c6bb515bcc4eb4c,tests/run/test_patma.py,1602,"match (0, 1, 2):
            case (0, *x, 2):
                y = 0"
4f91ac3b5d9b75c460c68f6e2c6bb515bcc4eb4c,tests/run/test_patma.py,1610,"match (0, 1, 2):
            case 0, 1, *x, 2,:
                y = 0"
4f91ac3b5d9b75c460c68f6e2c6bb515bcc4eb4c,tests/run/test_patma.py,1618,"match (0, 1, 2):
            case (0, *x, 1, 2):
                y = 0"
4f91ac3b5d9b75c460c68f6e2c6bb515bcc4eb4c,tests/run/test_patma.py,1626,"match (0, 1, 2):
            case *x,:
                y = 0"
4f91ac3b5d9b75c460c68f6e2c6bb515bcc4eb4c,tests/run/test_patma.py,1635,"match x:
            case {1: 0}:
                y = 0
            case {0: 0}:
                y = 1
            case {}:
                y = 2"
4f91ac3b5d9b75c460c68f6e2c6bb515bcc4eb4c,tests/run/test_patma.py,1648,"match x:
            case {1: 0}:
                y = 0
            case {0: 0}:
                y = 1
            case {**z}:
                y = 2"
4f91ac3b5d9b75c460c68f6e2c6bb515bcc4eb4c,tests/run/test_patma.py,1662,"match x:
            case {1: 0}:
                y = 0
            case {0: 0}:
                y = 1
            case {0: _, **z}:
                y = 2"
4f91ac3b5d9b75c460c68f6e2c6bb515bcc4eb4c,tests/run/test_patma.py,1676,"match x:
            case {1: 0}:
                y = 0
            case {0: 0}:
                y = 0
            case {}:
                y = 1"
4f91ac3b5d9b75c460c68f6e2c6bb515bcc4eb4c,tests/run/test_patma.py,1689,"match x:
            case {1: 0}:
                y = 0
            case {0: 0}:
                y = 0
            case {**z}:
                y = 1"
4f91ac3b5d9b75c460c68f6e2c6bb515bcc4eb4c,tests/run/test_patma.py,1703,"match x:
            case {1: 0}:
                y = 0
            case {0: 0}:
                y = 0
            case {0: _, **z}:
                y = 1"
4f91ac3b5d9b75c460c68f6e2c6bb515bcc4eb4c,tests/run/test_patma.py,1717,"match x:
            case bool(z):
                y = 0"
4f91ac3b5d9b75c460c68f6e2c6bb515bcc4eb4c,tests/run/test_patma.py,1727,"match x:
            case bool(z):
                y = 0"
4f91ac3b5d9b75c460c68f6e2c6bb515bcc4eb4c,tests/run/test_patma.py,1737,"match x:
            case bytearray(z):
                y = 0"
4f91ac3b5d9b75c460c68f6e2c6bb515bcc4eb4c,tests/run/test_patma.py,1747,"match x:
            case bytes(z):
                y = 0"
4f91ac3b5d9b75c460c68f6e2c6bb515bcc4eb4c,tests/run/test_patma.py,1757,"match x:
            case dict(z):
                y = 0"
4f91ac3b5d9b75c460c68f6e2c6bb515bcc4eb4c,tests/run/test_patma.py,1767,"match x:
            case float(z):
                y = 0"
4f91ac3b5d9b75c460c68f6e2c6bb515bcc4eb4c,tests/run/test_patma.py,1777,"match x:
            case frozenset(z):
                y = 0"
4f91ac3b5d9b75c460c68f6e2c6bb515bcc4eb4c,tests/run/test_patma.py,1787,"match x:
            case int(z):
                y = 0"
4f91ac3b5d9b75c460c68f6e2c6bb515bcc4eb4c,tests/run/test_patma.py,1797,"match x:
            case list(z):
                y = 0"
4f91ac3b5d9b75c460c68f6e2c6bb515bcc4eb4c,tests/run/test_patma.py,1807,"match x:
            case set(z):
                y = 0"
4f91ac3b5d9b75c460c68f6e2c6bb515bcc4eb4c,tests/run/test_patma.py,1817,"match x:
            case str(z):
                y = 0"
4f91ac3b5d9b75c460c68f6e2c6bb515bcc4eb4c,tests/run/test_patma.py,1827,"match x:
            case tuple(z):
                y = 0"
4f91ac3b5d9b75c460c68f6e2c6bb515bcc4eb4c,tests/run/test_patma.py,1837,"match x,:
            case y,:
                z = 0"
4f91ac3b5d9b75c460c68f6e2c6bb515bcc4eb4c,tests/run/test_patma.py,1848,"match w, x:
            case y, z:
                v = 0"
4f91ac3b5d9b75c460c68f6e2c6bb515bcc4eb4c,tests/run/test_patma.py,1860,"match w := x,:
            case y as v,:
                z = 0"
4f91ac3b5d9b75c460c68f6e2c6bb515bcc4eb4c,tests/run/test_patma.py,1873,"match x:
            case 0 if x:
                y = 0"
4f91ac3b5d9b75c460c68f6e2c6bb515bcc4eb4c,tests/run/test_patma.py,1883,"match x:
            case 1e1000:
                y = 0"
4f91ac3b5d9b75c460c68f6e2c6bb515bcc4eb4c,tests/run/test_patma.py,1892,"match x:
            case z:
                y = 0"
4f91ac3b5d9b75c460c68f6e2c6bb515bcc4eb4c,tests/run/test_patma.py,1903,"match x:
            case _ if x:
                y = 0"
4f91ac3b5d9b75c460c68f6e2c6bb515bcc4eb4c,tests/run/test_patma.py,1912,"match x:
            case -1e1000:
                y = 0
            case 0:
                y = 1"
4f91ac3b5d9b75c460c68f6e2c6bb515bcc4eb4c,tests/run/test_patma.py,1923,"match x:
            case 0 if not x:
                y = 0
            case 1:
                y = 1"
4f91ac3b5d9b75c460c68f6e2c6bb515bcc4eb4c,tests/run/test_patma.py,1935,"match x:
            case 0:
                y = 0
            case z if x:
                y = 1"
4f91ac3b5d9b75c460c68f6e2c6bb515bcc4eb4c,tests/run/test_patma.py,1947,"match x:
            case 0:
                y = 0
            case _:
                y = 1"
4f91ac3b5d9b75c460c68f6e2c6bb515bcc4eb4c,tests/run/test_patma.py,1958,"match x:
            case 1 if x:
                y = 0
            case 0:
                y = 1"
4f91ac3b5d9b75c460c68f6e2c6bb515bcc4eb4c,tests/run/test_patma.py,1970,"match x:
            case 1:
                y = 0
            case 1 if not x:
                y = 1"
4f91ac3b5d9b75c460c68f6e2c6bb515bcc4eb4c,tests/run/test_patma.py,1981,"match x:
            case 1:
                y = 0
            case z:
                y = 1"
4f91ac3b5d9b75c460c68f6e2c6bb515bcc4eb4c,tests/run/test_patma.py,1993,"match x:
            case 1 if x:
                y = 0
            case _:
                y = 1"
4f91ac3b5d9b75c460c68f6e2c6bb515bcc4eb4c,tests/run/test_patma.py,2004,"match x:
            case z if not z:
                y = 0
            case 0 if x:
                y = 1"
4f91ac3b5d9b75c460c68f6e2c6bb515bcc4eb4c,tests/run/test_patma.py,2016,"match x:
            case z if not z:
                y = 0
            case 1:
                y = 1"
4f91ac3b5d9b75c460c68f6e2c6bb515bcc4eb4c,tests/run/test_patma.py,2028,"match x:
            case z if not x:
                y = 0
            case z:
                y = 1"
4f91ac3b5d9b75c460c68f6e2c6bb515bcc4eb4c,tests/run/test_patma.py,2040,"match x:
            case z if not z:
                y = 0
            case _ if x:
                y = 1"
4f91ac3b5d9b75c460c68f6e2c6bb515bcc4eb4c,tests/run/test_patma.py,2052,"match x:
            case _ if not x:
                y = 0
            case 0:
                y = 1"
4f91ac3b5d9b75c460c68f6e2c6bb515bcc4eb4c,tests/run/test_patma.py,2064,"match x:
            case _ if x:
                y = 0
            case 1:
                y = 1"
4f91ac3b5d9b75c460c68f6e2c6bb515bcc4eb4c,tests/run/test_patma.py,2076,"match x:
            case _ if not x:
                y = 0
            case z if not x:
                y = 1"
4f91ac3b5d9b75c460c68f6e2c6bb515bcc4eb4c,tests/run/test_patma.py,2088,"match x:
            case _ if not x:
                y = 0
            case _:
                y = 1"
4f91ac3b5d9b75c460c68f6e2c6bb515bcc4eb4c,tests/run/test_patma.py,2099,"match status:
                case 400:
                    return ""Bad request""
                case 401:
                    return ""Unauthorized""
                case 403:
                    return ""Forbidden""
                case 404:
                    return ""Not found""
                case 418:
                    return ""I'm a teapot""
                case _:
                    return ""Something else"""
4f91ac3b5d9b75c460c68f6e2c6bb515bcc4eb4c,tests/run/test_patma.py,2124,"match status:
                case 400:
                    return ""Bad request""
                case 401 | 403 | 404:
                    return ""Not allowed""
                case 418:
                    return ""I'm a teapot"""
4f91ac3b5d9b75c460c68f6e2c6bb515bcc4eb4c,tests/run/test_patma.py,2143,"match point:
                case (0, 0):
                    return ""Origin""
                case (0, y):
                    return f""Y={y}""
                case (x, 0):
                    return f""X={x}""
                case (x, y):
                    return f""X={x}, Y={y}""
                case _:
                    return ""Not a point"""
4f91ac3b5d9b75c460c68f6e2c6bb515bcc4eb4c,tests/run/test_patma.py,2163,"match point:
                case Point(0, 0):
                    return ""Origin""
                case Point(0, y):
                    return f""Y={y}""
                case Point(x, 0):
                    return f""X={x}""
                case Point():
                    return ""Somewhere else""
                case _:
                    return ""Not a point"""
4f91ac3b5d9b75c460c68f6e2c6bb515bcc4eb4c,tests/run/test_patma.py,2187,"match point:
                case Point(1, var):
                    return var"
4f91ac3b5d9b75c460c68f6e2c6bb515bcc4eb4c,tests/run/test_patma.py,2196,"match point:
                case Point(1, y=var):
                    return var"
4f91ac3b5d9b75c460c68f6e2c6bb515bcc4eb4c,tests/run/test_patma.py,2205,"match point:
                case Point(x=1, y=var):
                    return var"
4f91ac3b5d9b75c460c68f6e2c6bb515bcc4eb4c,tests/run/test_patma.py,2214,"match point:
                case Point(y=var, x=1):
                    return var"
4f91ac3b5d9b75c460c68f6e2c6bb515bcc4eb4c,tests/run/test_patma.py,2223,"match points:
                case []:
                    return ""No points""
                case [Point(0, 0)]:
                    return ""The origin""
                case [Point(x, y)]:
                    return f""Single point {x}, {y}""
                case [Point(0, y1), Point(0, y2)]:
                    return f""Two on the Y axis at {y1}, {y2}""
                case _:
                    return ""Something else"""
4f91ac3b5d9b75c460c68f6e2c6bb515bcc4eb4c,tests/run/test_patma.py,2246,"match point:
                case Point(x, y) if x == y:
                    return f""Y=X at {x}""
                case Point(x, y):
                    return ""Not on the diagonal"""
4f91ac3b5d9b75c460c68f6e2c6bb515bcc4eb4c,tests/run/test_patma.py,2264,"match Seq():
            case []:
                y = 0"
4f91ac3b5d9b75c460c68f6e2c6bb515bcc4eb4c,tests/run/test_patma.py,2275,"match Seq():
            case [*_]:
                y = 0"
4f91ac3b5d9b75c460c68f6e2c6bb515bcc4eb4c,tests/run/test_patma.py,2287,"match Seq():
            case [x, *_, y]:
                z = 0"
4f91ac3b5d9b75c460c68f6e2c6bb515bcc4eb4c,tests/run/test_patma.py,2297,"match w:
            case [x, y, *rest]:
                z = 0"
4f91ac3b5d9b75c460c68f6e2c6bb515bcc4eb4c,tests/run/test_patma.py,2309,"match w:
            case (x, y, *rest):
                z = 0"
4f91ac3b5d9b75c460c68f6e2c6bb515bcc4eb4c,tests/run/test_patma.py,2321,"match w:
            case x, y, *rest:
                z = 0"
4f91ac3b5d9b75c460c68f6e2c6bb515bcc4eb4c,tests/run/test_patma.py,2333,"match w:
            case [x, y, *_]:
                z = 0"
4f91ac3b5d9b75c460c68f6e2c6bb515bcc4eb4c,tests/run/test_patma.py,2344,"match w:
            case (x, y, *_):
                z = 0"
4f91ac3b5d9b75c460c68f6e2c6bb515bcc4eb4c,tests/run/test_patma.py,2355,"match w:
            case x, y, *_:
                z = 0"
4f91ac3b5d9b75c460c68f6e2c6bb515bcc4eb4c,tests/run/test_patma.py,2366,"match x:
            case {""bandwidth"": b, ""latency"": l}:
                y = 0"
4f91ac3b5d9b75c460c68f6e2c6bb515bcc4eb4c,tests/run/test_patma.py,2377,"match x:
            case {""latency"": l, ""bandwidth"": b}:
                y = 0"
4f91ac3b5d9b75c460c68f6e2c6bb515bcc4eb4c,tests/run/test_patma.py,2388,"match x:
            case {""bandwidth"": b, ""latency"": l, **rest}:
                y = 0"
4f91ac3b5d9b75c460c68f6e2c6bb515bcc4eb4c,tests/run/test_patma.py,2400,"match x:
            case {""latency"": l, ""bandwidth"": b, **rest}:
                y = 0"
4f91ac3b5d9b75c460c68f6e2c6bb515bcc4eb4c,tests/run/test_patma.py,2412,"match w:
            case (Point(x1, y1), Point(x2, y2) as p2):
                z = 0"
4f91ac3b5d9b75c460c68f6e2c6bb515bcc4eb4c,tests/run/test_patma.py,2430,"match color:
                case Color.RED:
                    return ""I see red!""
                case Color.GREEN:
                    return ""Grass is green""
                case Color.BLUE:
                    return ""I'm feeling the blues :("""
4f91ac3b5d9b75c460c68f6e2c6bb515bcc4eb4c,tests/run/test_patma.py,2457,"match color:
                case Color.RED:
                    return ""I see red!""
                case Color.GREEN:
                    return ""Grass is green""
                case Color.BLUE:
                    return ""I'm feeling the blues :("""
4f91ac3b5d9b75c460c68f6e2c6bb515bcc4eb4c,tests/run/test_patma.py,2484,"match c:
            case Class(x, y):
                z = 0"
4f91ac3b5d9b75c460c68f6e2c6bb515bcc4eb4c,tests/run/test_patma.py,2498,"match c:
            case Class(x, b=y):
                z = 0"
4f91ac3b5d9b75c460c68f6e2c6bb515bcc4eb4c,tests/run/test_patma.py,2514,"match c:
            case Parent(x, y):
                z = 0"
4f91ac3b5d9b75c460c68f6e2c6bb515bcc4eb4c,tests/run/test_patma.py,2530,"match c:
            case Parent(x, b=y):
                z = 0"
4f91ac3b5d9b75c460c68f6e2c6bb515bcc4eb4c,tests/run/test_patma.py,2540,"match w:
                case 42:
                    out = locals()
                    del out[""w""]
                    return out"
4f91ac3b5d9b75c460c68f6e2c6bb515bcc4eb4c,tests/run/test_patma.py,2553,"match w:
                case 42.0:
                    out = locals()
                    del out[""w""]
                    return out"
4f91ac3b5d9b75c460c68f6e2c6bb515bcc4eb4c,tests/run/test_patma.py,2566,"match w:
                case 1 | 2 | 3:
                    out = locals()
                    del out[""w""]
                    return out"
4f91ac3b5d9b75c460c68f6e2c6bb515bcc4eb4c,tests/run/test_patma.py,2582,"match w:
                case [1, 2] | [3, 4]:
                    out = locals()
                    del out[""w""]
                    return out"
4f91ac3b5d9b75c460c68f6e2c6bb515bcc4eb4c,tests/run/test_patma.py,2597,"match w:
                case x:
                    out = locals()
                    del out[""w""]
                    return out"
4f91ac3b5d9b75c460c68f6e2c6bb515bcc4eb4c,tests/run/test_patma.py,2609,"match w:
                case _:
                    out = locals()
                    del out[""w""]
                    return out"
4f91ac3b5d9b75c460c68f6e2c6bb515bcc4eb4c,tests/run/test_patma.py,2621,"match w:
                case (x, y, z):
                    out = locals()
                    del out[""w""]
                    return out"
4f91ac3b5d9b75c460c68f6e2c6bb515bcc4eb4c,tests/run/test_patma.py,2639,"match w:
                case {""x"": x, ""y"": ""y"", ""z"": z}:
                    out = locals()
                    del out[""w""]
                    return out"
4f91ac3b5d9b75c460c68f6e2c6bb515bcc4eb4c,tests/run/test_patma.py,2652,"match w:
                case Point(int(xx), y=""hello""):
                    out = locals()
                    del out[""w""]
                    return out"
4f91ac3b5d9b75c460c68f6e2c6bb515bcc4eb4c,tests/run/test_patma.py,2662,"match w:
                case (p, q) as x:
                    out = locals()
                    del out[""w""]
                    return out"
4f91ac3b5d9b75c460c68f6e2c6bb515bcc4eb4c,tests/run/test_patma.py,2675,"match 42:
                case 42:
                    return locals()"
4f91ac3b5d9b75c460c68f6e2c6bb515bcc4eb4c,tests/run/test_patma.py,2683,"match 1:
                case 1 | 2 | 3:
                    return locals()"
4f91ac3b5d9b75c460c68f6e2c6bb515bcc4eb4c,tests/run/test_patma.py,2691,"match ...:
                case _:
                    return locals()"
4f91ac3b5d9b75c460c68f6e2c6bb515bcc4eb4c,tests/run/test_patma.py,2699,"match ...:
                case abc:
                    return locals()"
4f91ac3b5d9b75c460c68f6e2c6bb515bcc4eb4c,tests/run/test_patma.py,2707,"match ..., ...:
                case a, b:
                    return locals()"
4f91ac3b5d9b75c460c68f6e2c6bb515bcc4eb4c,tests/run/test_patma.py,2715,"match {""k"": ..., ""l"": ...}:
                case {""k"": a, ""l"": b}:
                    return locals()"
4f91ac3b5d9b75c460c68f6e2c6bb515bcc4eb4c,tests/run/test_patma.py,2723,"match Point(..., ...):
                case Point(x, y=y):
                    return locals()"
4f91ac3b5d9b75c460c68f6e2c6bb515bcc4eb4c,tests/run/test_patma.py,2731,"match ...:
                case b as a:
                    return locals()"
4f91ac3b5d9b75c460c68f6e2c6bb515bcc4eb4c,tests/run/test_patma.py,2739,"match x:
                case _:
                    return 0"
4f91ac3b5d9b75c460c68f6e2c6bb515bcc4eb4c,tests/run/test_patma.py,2750,"match x:
                case 0:
                    return 0"
4f91ac3b5d9b75c460c68f6e2c6bb515bcc4eb4c,tests/run/test_patma.py,2761,"match x:
                case 0:
                    return 0
                case _:
                    return 1"
4f91ac3b5d9b75c460c68f6e2c6bb515bcc4eb4c,tests/run/test_patma.py,2774,"match x:
                case 0:
                    return 0
                case 1:
                    return 1"
4f91ac3b5d9b75c460c68f6e2c6bb515bcc4eb4c,tests/run/test_patma.py,2787,"match x:
                case 0:
                    return 0
                case 1:
                    return 1
                case _:
                    return 2"
4f91ac3b5d9b75c460c68f6e2c6bb515bcc4eb4c,tests/run/test_patma.py,2802,"match x:
                case 0:
                    return 0
                case 1:
                    return 1
                case 2:
                    return 2"
4f91ac3b5d9b75c460c68f6e2c6bb515bcc4eb4c,tests/run/test_patma.py,2816,"match():
            case():
                x = 0"
4f91ac3b5d9b75c460c68f6e2c6bb515bcc4eb4c,tests/run/test_patma.py,2824,"match(x):
            case(x):
                y = 0"
4f91ac3b5d9b75c460c68f6e2c6bb515bcc4eb4c,tests/run/test_patma.py,2833,"match x:
            case False:
                y = 0
            case 0:
                y = 1"
4f91ac3b5d9b75c460c68f6e2c6bb515bcc4eb4c,tests/run/test_patma.py,2844,"match x:
            case True:
                y = 0
            case 1:
                y = 1"
4f91ac3b5d9b75c460c68f6e2c6bb515bcc4eb4c,tests/run/test_patma.py,2859,"match x:
            case None:
                y = 0"
4f91ac3b5d9b75c460c68f6e2c6bb515bcc4eb4c,tests/run/test_patma.py,2868,"match x:
            case False:
                y = 0"
4f91ac3b5d9b75c460c68f6e2c6bb515bcc4eb4c,tests/run/test_patma.py,2877,"match x:
            case True:
                y = 0"
4f91ac3b5d9b75c460c68f6e2c6bb515bcc4eb4c,tests/run/test_patma.py,2886,"match x:
            case None:
                y = 0"
4f91ac3b5d9b75c460c68f6e2c6bb515bcc4eb4c,tests/run/test_patma.py,2895,"match x:
            case (0 as w) as z:
                y = 0"
4f91ac3b5d9b75c460c68f6e2c6bb515bcc4eb4c,tests/run/test_patma.py,2906,"match x:
            case (0 as w) as z:
                y = 0"
4f91ac3b5d9b75c460c68f6e2c6bb515bcc4eb4c,tests/run/test_patma.py,2917,"match x:
            case ((a as b, c as d) as e) as w, ((f as g, h) as i) as z:
                y = 0"
4f91ac3b5d9b75c460c68f6e2c6bb515bcc4eb4c,tests/run/test_patma.py,2937,"match x:
            case {2: 3}:
                y = 0"
4f91ac3b5d9b75c460c68f6e2c6bb515bcc4eb4c,tests/run/test_patma.py,2946,"match x:
            case {2: 3, **z}:
                y = 0"
4f91ac3b5d9b75c460c68f6e2c6bb515bcc4eb4c,tests/run/test_patma.py,2956,"match x:
            case list([({-0-0j: int(real=0+0j, imag=0-0j) | (1) as z},)]):
                y = 0"
4f91ac3b5d9b75c460c68f6e2c6bb515bcc4eb4c,tests/run/test_patma.py,2966,"match x:
            case [y, *_, z]:
                w = 0"
4f91ac3b5d9b75c460c68f6e2c6bb515bcc4eb4c,tests/run/test_patma.py,2977,"match x:
            case [_, *_, y]:
                z = 0"
4f91ac3b5d9b75c460c68f6e2c6bb515bcc4eb4c,tests/run/test_patma.py,2987,"match x:
            case [*_, y]:
                z = 0"
4f91ac3b5d9b75c460c68f6e2c6bb515bcc4eb4c,tests/run/test_patma.py,2997,"match x:
            case {""y"": (0 as y) | (1 as y)}:
                z = 0"
4f91ac3b5d9b75c460c68f6e2c6bb515bcc4eb4c,tests/run/test_patma.py,3007,"match x:
                case ((a, b, c, d, e, f, g, h, i, 9) |
                      (h, g, i, a, b, d, e, c, f, 10) |
                      (g, b, a, c, d, -5, e, h, i, f) |
                      (-1, d, f, b, g, e, i, a, h, c)):
                    w = 0"
4f91ac3b5d9b75c460c68f6e2c6bb515bcc4eb4c,tests/run/test_patma.py,3032,"match x:
                case [y, (a, b, c, d, e, f, g, h, i, 9) |
                         (h, g, i, a, b, d, e, c, f, 10) |
                         (g, b, a, c, d, -5, e, h, i, f) |
                         (-1, d, f, b, g, e, i, a, h, c), z]:
                    w = 0"
4f91ac3b5d9b75c460c68f6e2c6bb515bcc4eb4c,tests/run/test_patma.py,3062,"match x:
            case {'foo': bar}:
                y = bar"
4f91ac3b5d9b75c460c68f6e2c6bb515bcc4eb4c,tests/run/test_patma.py,3075,"match x:
                    # looks up __attr, not _C__attr or _Outer__attr
                    case C(__attr=y):
                        return y"
4f91ac3b5d9b75c460c68f6e2c6bb515bcc4eb4c,tests/run/test_patma.py,3396,"match x:
                case Class(y):
                    z = 0"
4f91ac3b5d9b75c460c68f6e2c6bb515bcc4eb4c,tests/run/test_patma.py,3407,"match x:
                case range(10):
                    y = 0"
4f91ac3b5d9b75c460c68f6e2c6bb515bcc4eb4c,tests/run/test_patma.py,3421,"match x:
                case Class(y, z):
                    w = 0"
4f91ac3b5d9b75c460c68f6e2c6bb515bcc4eb4c,tests/run/test_patma.py,3436,"match x:
                case Class(y, a=z):
                    w = 0"
4f91ac3b5d9b75c460c68f6e2c6bb515bcc4eb4c,tests/run/test_patma.py,3450,"match x:
                case Class(y):
                    z = 0"
4f91ac3b5d9b75c460c68f6e2c6bb515bcc4eb4c,tests/run/test_patma.py,3463,"match x:
                case Class(y):
                    z = 0"
4f91ac3b5d9b75c460c68f6e2c6bb515bcc4eb4c,tests/run/test_patma.py,3476,"match x:
                case Class(y):
                    z = 0"
4f91ac3b5d9b75c460c68f6e2c6bb515bcc4eb4c,tests/run/test_patma.py,3491,"match x:
                case Class(y, z):
                    w = 0"
4f91ac3b5d9b75c460c68f6e2c6bb515bcc4eb4c,tests/run/test_patma.py,3508,"match x:
                case {Keys.KEY: y, ""a"": z}:
                    w = 0"
230bbfcd7616ed43ccb42daaabf7be5188349ca1,tests/run/test_patma.py,187,"match x:
            case [*_]:
                return ""seq""
            case {}:
                return ""map"""
230bbfcd7616ed43ccb42daaabf7be5188349ca1,tests/run/test_patma.py,196,"match x:
            case {}:
                return ""map""
            case [*_]:
                return ""seq"""
230bbfcd7616ed43ccb42daaabf7be5188349ca1,tests/run/test_patma.py,297,"match 0:
            case 0:
                x = True"
230bbfcd7616ed43ccb42daaabf7be5188349ca1,tests/run/test_patma.py,304,"match 0:
            case 0 if False:
                x = False
            case 0 if True:
                x = True"
230bbfcd7616ed43ccb42daaabf7be5188349ca1,tests/run/test_patma.py,313,"match 0:
            case 0:
                x = True
            case 0:
                x = False"
230bbfcd7616ed43ccb42daaabf7be5188349ca1,tests/run/test_patma.py,323,"match 0:
            case 0 | 1 | 2 | 3:
                x = True"
230bbfcd7616ed43ccb42daaabf7be5188349ca1,tests/run/test_patma.py,331,"match 1:
            case 0 | 1 | 2 | 3:
                x = True"
230bbfcd7616ed43ccb42daaabf7be5188349ca1,tests/run/test_patma.py,339,"match 2:
            case 0 | 1 | 2 | 3:
                x = True"
230bbfcd7616ed43ccb42daaabf7be5188349ca1,tests/run/test_patma.py,347,"match 3:
            case 0 | 1 | 2 | 3:
                x = True"
230bbfcd7616ed43ccb42daaabf7be5188349ca1,tests/run/test_patma.py,355,"match 4:
            case 0 | 1 | 2 | 3:
                x = True"
230bbfcd7616ed43ccb42daaabf7be5188349ca1,tests/run/test_patma.py,365,"match x:
            case A.y as z:
                pass"
230bbfcd7616ed43ccb42daaabf7be5188349ca1,tests/run/test_patma.py,375,"match 0:
            case x if x:
                z = 0
            case _ as y if y == x and y:
                z = 1
            case A.B:
                z = 2"
230bbfcd7616ed43ccb42daaabf7be5188349ca1,tests/run/test_patma.py,389,"match ():
            case []:
                x = 0"
230bbfcd7616ed43ccb42daaabf7be5188349ca1,tests/run/test_patma.py,396,"match (0, 1, 2):
            case [*x]:
                y = 0"
230bbfcd7616ed43ccb42daaabf7be5188349ca1,tests/run/test_patma.py,404,"match (0, 1, 2):
            case [0, *x]:
                y = 0"
230bbfcd7616ed43ccb42daaabf7be5188349ca1,tests/run/test_patma.py,412,"match (0, 1, 2):
            case [0, 1, *x,]:
                y = 0"
230bbfcd7616ed43ccb42daaabf7be5188349ca1,tests/run/test_patma.py,420,"match (0, 1, 2):
            case [0, 1, 2, *x]:
                y = 0"
230bbfcd7616ed43ccb42daaabf7be5188349ca1,tests/run/test_patma.py,428,"match (0, 1, 2):
            case [*x, 2,]:
                y = 0"
230bbfcd7616ed43ccb42daaabf7be5188349ca1,tests/run/test_patma.py,436,"match (0, 1, 2):
            case [*x, 1, 2]:
                y = 0"
230bbfcd7616ed43ccb42daaabf7be5188349ca1,tests/run/test_patma.py,444,"match (0, 1, 2):
            case [*x, 0, 1, 2,]:
                y = 0"
230bbfcd7616ed43ccb42daaabf7be5188349ca1,tests/run/test_patma.py,452,"match (0, 1, 2):
            case [0, *x, 2]:
                y = 0"
230bbfcd7616ed43ccb42daaabf7be5188349ca1,tests/run/test_patma.py,460,"match (0, 1, 2):
            case [0, 1, *x, 2,]:
                y = 0"
230bbfcd7616ed43ccb42daaabf7be5188349ca1,tests/run/test_patma.py,468,"match (0, 1, 2):
            case [0, *x, 1, 2]:
                y = 0"
230bbfcd7616ed43ccb42daaabf7be5188349ca1,tests/run/test_patma.py,476,"match (0, 1, 2):
            case [*x,]:
                y = 0"
230bbfcd7616ed43ccb42daaabf7be5188349ca1,tests/run/test_patma.py,485,"match x:
            case {}:
                y = 0"
230bbfcd7616ed43ccb42daaabf7be5188349ca1,tests/run/test_patma.py,494,"match x:
            case {}:
                y = 0"
230bbfcd7616ed43ccb42daaabf7be5188349ca1,tests/run/test_patma.py,504,"match x:
            case {0: 0}:
                y = 0"
230bbfcd7616ed43ccb42daaabf7be5188349ca1,tests/run/test_patma.py,513,"match x:
            case {0: (0 | 1 | 2 as z)}:
                y = 0"
230bbfcd7616ed43ccb42daaabf7be5188349ca1,tests/run/test_patma.py,523,"match x:
            case {0: (0 | 1 | 2 as z)}:
                y = 0"
230bbfcd7616ed43ccb42daaabf7be5188349ca1,tests/run/test_patma.py,533,"match x:
            case {0: (0 | 1 | 2 as z)}:
                y = 0"
230bbfcd7616ed43ccb42daaabf7be5188349ca1,tests/run/test_patma.py,544,"match x:
            case {0: (0 | 1 | 2 as z)}:
                y = 0"
230bbfcd7616ed43ccb42daaabf7be5188349ca1,tests/run/test_patma.py,554,"match x:
            case {0: [1, 2, {}]}:
                y = 0
            case {0: [1, 2, {}], 1: [[]]}:
                y = 1
            case []:
                y = 2"
230bbfcd7616ed43ccb42daaabf7be5188349ca1,tests/run/test_patma.py,567,"match x:
            case {0: [1, 2, {}]}:
                y = 0
            case {0: [1, 2, {}], 1: [[]]}:
                y = 1
            case []:
                y = 2"
230bbfcd7616ed43ccb42daaabf7be5188349ca1,tests/run/test_patma.py,580,"match x:
            case {0: [1, 2, {}]}:
                y = 0
            case {0: [1, 2, {}], 1: [[]]}:
                y = 1
            case []:
                y = 2"
230bbfcd7616ed43ccb42daaabf7be5188349ca1,tests/run/test_patma.py,593,"match x:
            case {0: [1, 2]}:
                y = 0
            case {0: [1, 2, {}], 1: [[]]}:
                y = 1
            case []:
                y = 2"
230bbfcd7616ed43ccb42daaabf7be5188349ca1,tests/run/test_patma.py,606,"match x:
            case {0: [1, 2, {}]}:
                y = 0
            case {0: [1, 2, {}], 1: [[]]}:
                y = 1
            case []:
                y = 2"
230bbfcd7616ed43ccb42daaabf7be5188349ca1,tests/run/test_patma.py,619,"match x:
            case {0: [1, 2, {}]}:
                y = 0
            case {0: ([1, 2, {}] | False)} | {1: [[]]} | {0: [1, 2, {}]} | [] | ""X"" | {}:
                y = 1
            case []:
                y = 2"
230bbfcd7616ed43ccb42daaabf7be5188349ca1,tests/run/test_patma.py,632,"match x:
            case {0: [1, 2, {}]}:
                y = 0
            case {0: [1, 2, {}] | True} | {1: [[]]} | {0: [1, 2, {}]} | [] | ""X"" | {}:
                y = 1
            case []:
                y = 2"
230bbfcd7616ed43ccb42daaabf7be5188349ca1,tests/run/test_patma.py,645,"match x:
            case 0 | 1 | 2:
                y = 0"
230bbfcd7616ed43ccb42daaabf7be5188349ca1,tests/run/test_patma.py,654,"match x:
            case 0 | 1 | 2:
                y = 0"
230bbfcd7616ed43ccb42daaabf7be5188349ca1,tests/run/test_patma.py,663,"match x:
            case 0 | 1 | 2:
                y = 0"
230bbfcd7616ed43ccb42daaabf7be5188349ca1,tests/run/test_patma.py,673,"match x:
            case 0 | 1 | 2:
                y = 0"
230bbfcd7616ed43ccb42daaabf7be5188349ca1,tests/run/test_patma.py,682,"match x:
            case (0 as z) | (1 as z) | (2 as z) if z == x % 2:
                y = 0"
230bbfcd7616ed43ccb42daaabf7be5188349ca1,tests/run/test_patma.py,692,"match x:
            case (0 as z) | (1 as z) | (2 as z) if z == x % 2:
                y = 0"
230bbfcd7616ed43ccb42daaabf7be5188349ca1,tests/run/test_patma.py,703,"match x:
            case (0 as z) | (1 as z) | (2 as z) if z == x % 2:
                y = 0"
230bbfcd7616ed43ccb42daaabf7be5188349ca1,tests/run/test_patma.py,714,"match x:
            case (0 as z) | (1 as z) | (2 as z) if z == x % 2:
                y = 0"
230bbfcd7616ed43ccb42daaabf7be5188349ca1,tests/run/test_patma.py,723,"match x:
            case []:
                y = 0"
230bbfcd7616ed43ccb42daaabf7be5188349ca1,tests/run/test_patma.py,732,"match x:
            case ():
                y = 0"
230bbfcd7616ed43ccb42daaabf7be5188349ca1,tests/run/test_patma.py,741,"match x:
            case [0]:
                y = 0"
230bbfcd7616ed43ccb42daaabf7be5188349ca1,tests/run/test_patma.py,750,"match x:
            case [[]]:
                y = 0"
230bbfcd7616ed43ccb42daaabf7be5188349ca1,tests/run/test_patma.py,759,"match x:
            case [0, 1] | [1, 0]:
                y = 0"
230bbfcd7616ed43ccb42daaabf7be5188349ca1,tests/run/test_patma.py,768,"match x:
            case [0, 1] | [1, 0]:
                y = 0"
230bbfcd7616ed43ccb42daaabf7be5188349ca1,tests/run/test_patma.py,778,"match x:
            case [0, 1] | [1, 0]:
                y = 0"
230bbfcd7616ed43ccb42daaabf7be5188349ca1,tests/run/test_patma.py,788,"match x:
            case [(0 as w)]:
                y = 0
            case [z] | [1, (0 | 1 as z)] | [z]:
                y = 1"
230bbfcd7616ed43ccb42daaabf7be5188349ca1,tests/run/test_patma.py,801,"match x:
            case [0]:
                y = 0
            case [1, 0] if (x := x[:0]):
                y = 1
            case [1, 0]:
                y = 2"
230bbfcd7616ed43ccb42daaabf7be5188349ca1,tests/run/test_patma.py,815,"match x:
            case [0]:
                y = 0"
230bbfcd7616ed43ccb42daaabf7be5188349ca1,tests/run/test_patma.py,825,"match x:
            case []:
                y = 0"
230bbfcd7616ed43ccb42daaabf7be5188349ca1,tests/run/test_patma.py,835,"match x:
            case []:
                y = 0"
230bbfcd7616ed43ccb42daaabf7be5188349ca1,tests/run/test_patma.py,845,"match x:
            case []:
                y = 0"
230bbfcd7616ed43ccb42daaabf7be5188349ca1,tests/run/test_patma.py,855,"match x:
            case [0, 1]:
                y = 0"
230bbfcd7616ed43ccb42daaabf7be5188349ca1,tests/run/test_patma.py,864,"match x:
            case 0:
                y = 0"
230bbfcd7616ed43ccb42daaabf7be5188349ca1,tests/run/test_patma.py,874,"match x:
            case False:
                y = 0"
230bbfcd7616ed43ccb42daaabf7be5188349ca1,tests/run/test_patma.py,884,"match x:
            case 1:
                y = 0"
230bbfcd7616ed43ccb42daaabf7be5188349ca1,tests/run/test_patma.py,894,"match x:
            case None:
                y = 0"
230bbfcd7616ed43ccb42daaabf7be5188349ca1,tests/run/test_patma.py,903,"match x:
            case 0:
                y = 0
            case 0:
                y = 1"
230bbfcd7616ed43ccb42daaabf7be5188349ca1,tests/run/test_patma.py,915,"match x:
            case 1:
                y = 0
            case 1:
                y = 1"
230bbfcd7616ed43ccb42daaabf7be5188349ca1,tests/run/test_patma.py,926,"match x:
            case ""x"":
                y = 0
            case ""y"":
                y = 1"
230bbfcd7616ed43ccb42daaabf7be5188349ca1,tests/run/test_patma.py,937,"match x:
            case ""y"":
                y = 0
            case ""x"":
                y = 1"
230bbfcd7616ed43ccb42daaabf7be5188349ca1,tests/run/test_patma.py,948,"match x:
            case """":
                y = 0
            case ""x"":
                y = 1"
230bbfcd7616ed43ccb42daaabf7be5188349ca1,tests/run/test_patma.py,959,"match x:
            case b""y"":
                y = 0
            case b""x"":
                y = 1"
230bbfcd7616ed43ccb42daaabf7be5188349ca1,tests/run/test_patma.py,970,"match x:
            case 0 if False:
                y = 0
            case 0:
                y = 1"
230bbfcd7616ed43ccb42daaabf7be5188349ca1,tests/run/test_patma.py,982,"match x:
            case 0 if 0:
                y = 0
            case 0 if 0:
                y = 1"
230bbfcd7616ed43ccb42daaabf7be5188349ca1,tests/run/test_patma.py,993,"match x:
            case 0 if True:
                y = 0
            case 0 if True:
                y = 1"
230bbfcd7616ed43ccb42daaabf7be5188349ca1,tests/run/test_patma.py,1004,"match x:
            case 0 if 1:
                y = 0
            case 0 if 1:
                y = 1"
230bbfcd7616ed43ccb42daaabf7be5188349ca1,tests/run/test_patma.py,1015,"match x:
            case 0 if True:
                y = 0
            case 0 if True:
                y = 1"
230bbfcd7616ed43ccb42daaabf7be5188349ca1,tests/run/test_patma.py,1027,"match x:
            case 0 if 0:
                y = 0
            case 0 if 1:
                y = 1"
230bbfcd7616ed43ccb42daaabf7be5188349ca1,tests/run/test_patma.py,1040,"match x:
            case 0 if not (x := 1):
                y = 0
            case 1:
                y = 1"
230bbfcd7616ed43ccb42daaabf7be5188349ca1,tests/run/test_patma.py,1051,"match x:
            case [""x""]:
                y = 0
            case ""x"":
                y = 1"
230bbfcd7616ed43ccb42daaabf7be5188349ca1,tests/run/test_patma.py,1062,"match x:
            case [b""x""]:
                y = 0
            case [""x""]:
                y = 1
            case [120]:
                y = 2
            case b""x"":
                y = 4"
230bbfcd7616ed43ccb42daaabf7be5188349ca1,tests/run/test_patma.py,1078,"match x:
            case [120]:
                y = 0
            case 120:
                y = 1"
230bbfcd7616ed43ccb42daaabf7be5188349ca1,tests/run/test_patma.py,1089,"match x:
            case []:
                y = 0
            case [""""]:
                y = 1
            case """":
                y = 2"
230bbfcd7616ed43ccb42daaabf7be5188349ca1,tests/run/test_patma.py,1102,"match x:
            case [""x"", ""x"", ""x""]:
                y = 0
            case [""xxx""]:
                y = 1
            case ""xxx"":
                y = 2"
230bbfcd7616ed43ccb42daaabf7be5188349ca1,tests/run/test_patma.py,1115,"match x:
            case [120, 120, 120]:
                y = 0
            case [b""xxx""]:
                y = 1
            case b""xxx"":
                y = 2"
230bbfcd7616ed43ccb42daaabf7be5188349ca1,tests/run/test_patma.py,1128,"match x:
            case 0 if not (x := 1):
                y = 0
            case (0 as z):
                y = 1"
230bbfcd7616ed43ccb42daaabf7be5188349ca1,tests/run/test_patma.py,1140,"match x:
            case (1 as z) if not (x := 1):
                y = 0
            case 0:
                y = 1"
230bbfcd7616ed43ccb42daaabf7be5188349ca1,tests/run/test_patma.py,1151,"match x:
            case (0 as z):
                y = 0"
230bbfcd7616ed43ccb42daaabf7be5188349ca1,tests/run/test_patma.py,1162,"match x:
            case (1 as z):
                y = 0"
230bbfcd7616ed43ccb42daaabf7be5188349ca1,tests/run/test_patma.py,1172,"match x:
            case (0 as z) if (w := 0):
                y = 0"
230bbfcd7616ed43ccb42daaabf7be5188349ca1,tests/run/test_patma.py,1183,"match x:
            case ((0 as w) as z):
                y = 0"
230bbfcd7616ed43ccb42daaabf7be5188349ca1,tests/run/test_patma.py,1194,"match x:
            case (0 | 1) | 2:
                y = 0"
230bbfcd7616ed43ccb42daaabf7be5188349ca1,tests/run/test_patma.py,1203,"match x:
            case (0 | 1) | 2:
                y = 0"
230bbfcd7616ed43ccb42daaabf7be5188349ca1,tests/run/test_patma.py,1212,"match x:
            case (0 | 1) | 2:
                y = 0"
230bbfcd7616ed43ccb42daaabf7be5188349ca1,tests/run/test_patma.py,1222,"match x:
            case (0 | 1) | 2:
                y = 0"
230bbfcd7616ed43ccb42daaabf7be5188349ca1,tests/run/test_patma.py,1231,"match x:
            case 0 | (1 | 2):
                y = 0"
230bbfcd7616ed43ccb42daaabf7be5188349ca1,tests/run/test_patma.py,1240,"match x:
            case 0 | (1 | 2):
                y = 0"
230bbfcd7616ed43ccb42daaabf7be5188349ca1,tests/run/test_patma.py,1249,"match x:
            case 0 | (1 | 2):
                y = 0"
230bbfcd7616ed43ccb42daaabf7be5188349ca1,tests/run/test_patma.py,1259,"match x:
            case 0 | (1 | 2):
                y = 0"
230bbfcd7616ed43ccb42daaabf7be5188349ca1,tests/run/test_patma.py,1268,"match x:
            case -0:
                y = 0"
230bbfcd7616ed43ccb42daaabf7be5188349ca1,tests/run/test_patma.py,1277,"match x:
            case -0.0:
                y = 0"
230bbfcd7616ed43ccb42daaabf7be5188349ca1,tests/run/test_patma.py,1286,"match x:
            case -0j:
                y = 0"
230bbfcd7616ed43ccb42daaabf7be5188349ca1,tests/run/test_patma.py,1295,"match x:
            case -0.0j:
                y = 0"
230bbfcd7616ed43ccb42daaabf7be5188349ca1,tests/run/test_patma.py,1304,"match x:
            case -1:
                y = 0"
230bbfcd7616ed43ccb42daaabf7be5188349ca1,tests/run/test_patma.py,1313,"match x:
            case -1.5:
                y = 0"
230bbfcd7616ed43ccb42daaabf7be5188349ca1,tests/run/test_patma.py,1322,"match x:
            case -1j:
                y = 0"
230bbfcd7616ed43ccb42daaabf7be5188349ca1,tests/run/test_patma.py,1331,"match x:
            case -1.5j:
                y = 0"
230bbfcd7616ed43ccb42daaabf7be5188349ca1,tests/run/test_patma.py,1340,"match x:
            case 0 + 0j:
                y = 0"
230bbfcd7616ed43ccb42daaabf7be5188349ca1,tests/run/test_patma.py,1349,"match x:
            case 0 - 0j:
                y = 0"
230bbfcd7616ed43ccb42daaabf7be5188349ca1,tests/run/test_patma.py,1358,"match x:
            case -0 + 0j:
                y = 0"
230bbfcd7616ed43ccb42daaabf7be5188349ca1,tests/run/test_patma.py,1367,"match x:
            case -0 - 0j:
                y = 0"
230bbfcd7616ed43ccb42daaabf7be5188349ca1,tests/run/test_patma.py,1376,"match x:
            case 0.25 + 1.75j:
                y = 0"
230bbfcd7616ed43ccb42daaabf7be5188349ca1,tests/run/test_patma.py,1385,"match x:
            case 0.25 - 1.75j:
                y = 0"
230bbfcd7616ed43ccb42daaabf7be5188349ca1,tests/run/test_patma.py,1394,"match x:
            case -0.25 + 1.75j:
                y = 0"
230bbfcd7616ed43ccb42daaabf7be5188349ca1,tests/run/test_patma.py,1403,"match x:
            case -0.25 - 1.75j:
                y = 0"
230bbfcd7616ed43ccb42daaabf7be5188349ca1,tests/run/test_patma.py,1414,"match x:
            case A.B:
                y = 0"
230bbfcd7616ed43ccb42daaabf7be5188349ca1,tests/run/test_patma.py,1427,"match x:
            case A.B.C:
                y = 0"
230bbfcd7616ed43ccb42daaabf7be5188349ca1,tests/run/test_patma.py,1441,"match x:
            case A.B.C:
                y = 0
            case A.B.D:
                y = 1"
230bbfcd7616ed43ccb42daaabf7be5188349ca1,tests/run/test_patma.py,1458,"match x:
            case A.B.C.D:
                y = 0"
230bbfcd7616ed43ccb42daaabf7be5188349ca1,tests/run/test_patma.py,1473,"match x:
            case A.B.C.D:
                y = 0
            case A.B.C.E:
                y = 1"
230bbfcd7616ed43ccb42daaabf7be5188349ca1,tests/run/test_patma.py,1486,"match match:
            case case:
                x = 0"
230bbfcd7616ed43ccb42daaabf7be5188349ca1,tests/run/test_patma.py,1496,"match case:
            case match:
                x = 0"
230bbfcd7616ed43ccb42daaabf7be5188349ca1,tests/run/test_patma.py,1506,"match x:
            case [*_, _]:
                y = 0
            case []:
                y = 1"
230bbfcd7616ed43ccb42daaabf7be5188349ca1,tests/run/test_patma.py,1517,"match x:
            case {0: 0}:
                y = 0
            case {}:
                y = 1"
230bbfcd7616ed43ccb42daaabf7be5188349ca1,tests/run/test_patma.py,1528,"match x:
            case {0: 0}:
                y = 0
            case {**z}:
                y = 1"
230bbfcd7616ed43ccb42daaabf7be5188349ca1,tests/run/test_patma.py,1539,"match ():
            case ():
                x = 0"
230bbfcd7616ed43ccb42daaabf7be5188349ca1,tests/run/test_patma.py,1546,"match (0, 1, 2):
            case (*x,):
                y = 0"
230bbfcd7616ed43ccb42daaabf7be5188349ca1,tests/run/test_patma.py,1554,"match (0, 1, 2):
            case 0, *x:
                y = 0"
230bbfcd7616ed43ccb42daaabf7be5188349ca1,tests/run/test_patma.py,1562,"match (0, 1, 2):
            case (0, 1, *x,):
                y = 0"
230bbfcd7616ed43ccb42daaabf7be5188349ca1,tests/run/test_patma.py,1570,"match (0, 1, 2):
            case 0, 1, 2, *x:
                y = 0"
230bbfcd7616ed43ccb42daaabf7be5188349ca1,tests/run/test_patma.py,1578,"match (0, 1, 2):
            case *x, 2,:
                y = 0"
230bbfcd7616ed43ccb42daaabf7be5188349ca1,tests/run/test_patma.py,1586,"match (0, 1, 2):
            case (*x, 1, 2):
                y = 0"
230bbfcd7616ed43ccb42daaabf7be5188349ca1,tests/run/test_patma.py,1594,"match (0, 1, 2):
            case *x, 0, 1, 2,:
                y = 0"
230bbfcd7616ed43ccb42daaabf7be5188349ca1,tests/run/test_patma.py,1602,"match (0, 1, 2):
            case (0, *x, 2):
                y = 0"
230bbfcd7616ed43ccb42daaabf7be5188349ca1,tests/run/test_patma.py,1610,"match (0, 1, 2):
            case 0, 1, *x, 2,:
                y = 0"
230bbfcd7616ed43ccb42daaabf7be5188349ca1,tests/run/test_patma.py,1618,"match (0, 1, 2):
            case (0, *x, 1, 2):
                y = 0"
230bbfcd7616ed43ccb42daaabf7be5188349ca1,tests/run/test_patma.py,1626,"match (0, 1, 2):
            case *x,:
                y = 0"
230bbfcd7616ed43ccb42daaabf7be5188349ca1,tests/run/test_patma.py,1635,"match x:
            case {1: 0}:
                y = 0
            case {0: 0}:
                y = 1
            case {}:
                y = 2"
230bbfcd7616ed43ccb42daaabf7be5188349ca1,tests/run/test_patma.py,1648,"match x:
            case {1: 0}:
                y = 0
            case {0: 0}:
                y = 1
            case {**z}:
                y = 2"
230bbfcd7616ed43ccb42daaabf7be5188349ca1,tests/run/test_patma.py,1662,"match x:
            case {1: 0}:
                y = 0
            case {0: 0}:
                y = 1
            case {0: _, **z}:
                y = 2"
230bbfcd7616ed43ccb42daaabf7be5188349ca1,tests/run/test_patma.py,1676,"match x:
            case {1: 0}:
                y = 0
            case {0: 0}:
                y = 0
            case {}:
                y = 1"
230bbfcd7616ed43ccb42daaabf7be5188349ca1,tests/run/test_patma.py,1689,"match x:
            case {1: 0}:
                y = 0
            case {0: 0}:
                y = 0
            case {**z}:
                y = 1"
230bbfcd7616ed43ccb42daaabf7be5188349ca1,tests/run/test_patma.py,1703,"match x:
            case {1: 0}:
                y = 0
            case {0: 0}:
                y = 0
            case {0: _, **z}:
                y = 1"
230bbfcd7616ed43ccb42daaabf7be5188349ca1,tests/run/test_patma.py,1717,"match x:
            case bool(z):
                y = 0"
230bbfcd7616ed43ccb42daaabf7be5188349ca1,tests/run/test_patma.py,1727,"match x:
            case bool(z):
                y = 0"
230bbfcd7616ed43ccb42daaabf7be5188349ca1,tests/run/test_patma.py,1737,"match x:
            case bytearray(z):
                y = 0"
230bbfcd7616ed43ccb42daaabf7be5188349ca1,tests/run/test_patma.py,1747,"match x:
            case bytes(z):
                y = 0"
230bbfcd7616ed43ccb42daaabf7be5188349ca1,tests/run/test_patma.py,1757,"match x:
            case dict(z):
                y = 0"
230bbfcd7616ed43ccb42daaabf7be5188349ca1,tests/run/test_patma.py,1767,"match x:
            case float(z):
                y = 0"
230bbfcd7616ed43ccb42daaabf7be5188349ca1,tests/run/test_patma.py,1777,"match x:
            case frozenset(z):
                y = 0"
230bbfcd7616ed43ccb42daaabf7be5188349ca1,tests/run/test_patma.py,1787,"match x:
            case int(z):
                y = 0"
230bbfcd7616ed43ccb42daaabf7be5188349ca1,tests/run/test_patma.py,1797,"match x:
            case list(z):
                y = 0"
230bbfcd7616ed43ccb42daaabf7be5188349ca1,tests/run/test_patma.py,1807,"match x:
            case set(z):
                y = 0"
230bbfcd7616ed43ccb42daaabf7be5188349ca1,tests/run/test_patma.py,1817,"match x:
            case str(z):
                y = 0"
230bbfcd7616ed43ccb42daaabf7be5188349ca1,tests/run/test_patma.py,1827,"match x:
            case tuple(z):
                y = 0"
230bbfcd7616ed43ccb42daaabf7be5188349ca1,tests/run/test_patma.py,1837,"match x,:
            case y,:
                z = 0"
230bbfcd7616ed43ccb42daaabf7be5188349ca1,tests/run/test_patma.py,1848,"match w, x:
            case y, z:
                v = 0"
230bbfcd7616ed43ccb42daaabf7be5188349ca1,tests/run/test_patma.py,1860,"match w := x,:
            case y as v,:
                z = 0"
230bbfcd7616ed43ccb42daaabf7be5188349ca1,tests/run/test_patma.py,1873,"match x:
            case 0 if x:
                y = 0"
230bbfcd7616ed43ccb42daaabf7be5188349ca1,tests/run/test_patma.py,1883,"match x:
            case 1e1000:
                y = 0"
230bbfcd7616ed43ccb42daaabf7be5188349ca1,tests/run/test_patma.py,1892,"match x:
            case z:
                y = 0"
230bbfcd7616ed43ccb42daaabf7be5188349ca1,tests/run/test_patma.py,1903,"match x:
            case _ if x:
                y = 0"
230bbfcd7616ed43ccb42daaabf7be5188349ca1,tests/run/test_patma.py,1912,"match x:
            case -1e1000:
                y = 0
            case 0:
                y = 1"
230bbfcd7616ed43ccb42daaabf7be5188349ca1,tests/run/test_patma.py,1923,"match x:
            case 0 if not x:
                y = 0
            case 1:
                y = 1"
230bbfcd7616ed43ccb42daaabf7be5188349ca1,tests/run/test_patma.py,1935,"match x:
            case 0:
                y = 0
            case z if x:
                y = 1"
230bbfcd7616ed43ccb42daaabf7be5188349ca1,tests/run/test_patma.py,1947,"match x:
            case 0:
                y = 0
            case _:
                y = 1"
230bbfcd7616ed43ccb42daaabf7be5188349ca1,tests/run/test_patma.py,1958,"match x:
            case 1 if x:
                y = 0
            case 0:
                y = 1"
230bbfcd7616ed43ccb42daaabf7be5188349ca1,tests/run/test_patma.py,1970,"match x:
            case 1:
                y = 0
            case 1 if not x:
                y = 1"
230bbfcd7616ed43ccb42daaabf7be5188349ca1,tests/run/test_patma.py,1981,"match x:
            case 1:
                y = 0
            case z:
                y = 1"
230bbfcd7616ed43ccb42daaabf7be5188349ca1,tests/run/test_patma.py,1993,"match x:
            case 1 if x:
                y = 0
            case _:
                y = 1"
230bbfcd7616ed43ccb42daaabf7be5188349ca1,tests/run/test_patma.py,2004,"match x:
            case z if not z:
                y = 0
            case 0 if x:
                y = 1"
230bbfcd7616ed43ccb42daaabf7be5188349ca1,tests/run/test_patma.py,2016,"match x:
            case z if not z:
                y = 0
            case 1:
                y = 1"
230bbfcd7616ed43ccb42daaabf7be5188349ca1,tests/run/test_patma.py,2028,"match x:
            case z if not x:
                y = 0
            case z:
                y = 1"
230bbfcd7616ed43ccb42daaabf7be5188349ca1,tests/run/test_patma.py,2040,"match x:
            case z if not z:
                y = 0
            case _ if x:
                y = 1"
230bbfcd7616ed43ccb42daaabf7be5188349ca1,tests/run/test_patma.py,2052,"match x:
            case _ if not x:
                y = 0
            case 0:
                y = 1"
230bbfcd7616ed43ccb42daaabf7be5188349ca1,tests/run/test_patma.py,2064,"match x:
            case _ if x:
                y = 0
            case 1:
                y = 1"
230bbfcd7616ed43ccb42daaabf7be5188349ca1,tests/run/test_patma.py,2076,"match x:
            case _ if not x:
                y = 0
            case z if not x:
                y = 1"
230bbfcd7616ed43ccb42daaabf7be5188349ca1,tests/run/test_patma.py,2088,"match x:
            case _ if not x:
                y = 0
            case _:
                y = 1"
230bbfcd7616ed43ccb42daaabf7be5188349ca1,tests/run/test_patma.py,2099,"match status:
                case 400:
                    return ""Bad request""
                case 401:
                    return ""Unauthorized""
                case 403:
                    return ""Forbidden""
                case 404:
                    return ""Not found""
                case 418:
                    return ""I'm a teapot""
                case _:
                    return ""Something else"""
230bbfcd7616ed43ccb42daaabf7be5188349ca1,tests/run/test_patma.py,2124,"match status:
                case 400:
                    return ""Bad request""
                case 401 | 403 | 404:
                    return ""Not allowed""
                case 418:
                    return ""I'm a teapot"""
230bbfcd7616ed43ccb42daaabf7be5188349ca1,tests/run/test_patma.py,2143,"match point:
                case (0, 0):
                    return ""Origin""
                case (0, y):
                    return f""Y={y}""
                case (x, 0):
                    return f""X={x}""
                case (x, y):
                    return f""X={x}, Y={y}""
                case _:
                    return ""Not a point"""
230bbfcd7616ed43ccb42daaabf7be5188349ca1,tests/run/test_patma.py,2163,"match point:
                case Point(0, 0):
                    return ""Origin""
                case Point(0, y):
                    return f""Y={y}""
                case Point(x, 0):
                    return f""X={x}""
                case Point():
                    return ""Somewhere else""
                case _:
                    return ""Not a point"""
230bbfcd7616ed43ccb42daaabf7be5188349ca1,tests/run/test_patma.py,2187,"match point:
                case Point(1, var):
                    return var"
230bbfcd7616ed43ccb42daaabf7be5188349ca1,tests/run/test_patma.py,2196,"match point:
                case Point(1, y=var):
                    return var"
230bbfcd7616ed43ccb42daaabf7be5188349ca1,tests/run/test_patma.py,2205,"match point:
                case Point(x=1, y=var):
                    return var"
230bbfcd7616ed43ccb42daaabf7be5188349ca1,tests/run/test_patma.py,2214,"match point:
                case Point(y=var, x=1):
                    return var"
230bbfcd7616ed43ccb42daaabf7be5188349ca1,tests/run/test_patma.py,2223,"match points:
                case []:
                    return ""No points""
                case [Point(0, 0)]:
                    return ""The origin""
                case [Point(x, y)]:
                    return f""Single point {x}, {y}""
                case [Point(0, y1), Point(0, y2)]:
                    return f""Two on the Y axis at {y1}, {y2}""
                case _:
                    return ""Something else"""
230bbfcd7616ed43ccb42daaabf7be5188349ca1,tests/run/test_patma.py,2246,"match point:
                case Point(x, y) if x == y:
                    return f""Y=X at {x}""
                case Point(x, y):
                    return ""Not on the diagonal"""
230bbfcd7616ed43ccb42daaabf7be5188349ca1,tests/run/test_patma.py,2264,"match Seq():
            case []:
                y = 0"
230bbfcd7616ed43ccb42daaabf7be5188349ca1,tests/run/test_patma.py,2275,"match Seq():
            case [*_]:
                y = 0"
230bbfcd7616ed43ccb42daaabf7be5188349ca1,tests/run/test_patma.py,2287,"match Seq():
            case [x, *_, y]:
                z = 0"
230bbfcd7616ed43ccb42daaabf7be5188349ca1,tests/run/test_patma.py,2297,"match w:
            case [x, y, *rest]:
                z = 0"
230bbfcd7616ed43ccb42daaabf7be5188349ca1,tests/run/test_patma.py,2309,"match w:
            case (x, y, *rest):
                z = 0"
230bbfcd7616ed43ccb42daaabf7be5188349ca1,tests/run/test_patma.py,2321,"match w:
            case x, y, *rest:
                z = 0"
230bbfcd7616ed43ccb42daaabf7be5188349ca1,tests/run/test_patma.py,2333,"match w:
            case [x, y, *_]:
                z = 0"
230bbfcd7616ed43ccb42daaabf7be5188349ca1,tests/run/test_patma.py,2344,"match w:
            case (x, y, *_):
                z = 0"
230bbfcd7616ed43ccb42daaabf7be5188349ca1,tests/run/test_patma.py,2355,"match w:
            case x, y, *_:
                z = 0"
230bbfcd7616ed43ccb42daaabf7be5188349ca1,tests/run/test_patma.py,2366,"match x:
            case {""bandwidth"": b, ""latency"": l}:
                y = 0"
230bbfcd7616ed43ccb42daaabf7be5188349ca1,tests/run/test_patma.py,2377,"match x:
            case {""latency"": l, ""bandwidth"": b}:
                y = 0"
230bbfcd7616ed43ccb42daaabf7be5188349ca1,tests/run/test_patma.py,2388,"match x:
            case {""bandwidth"": b, ""latency"": l, **rest}:
                y = 0"
230bbfcd7616ed43ccb42daaabf7be5188349ca1,tests/run/test_patma.py,2400,"match x:
            case {""latency"": l, ""bandwidth"": b, **rest}:
                y = 0"
230bbfcd7616ed43ccb42daaabf7be5188349ca1,tests/run/test_patma.py,2412,"match w:
            case (Point(x1, y1), Point(x2, y2) as p2):
                z = 0"
230bbfcd7616ed43ccb42daaabf7be5188349ca1,tests/run/test_patma.py,2430,"match color:
                case Color.RED:
                    return ""I see red!""
                case Color.GREEN:
                    return ""Grass is green""
                case Color.BLUE:
                    return ""I'm feeling the blues :("""
230bbfcd7616ed43ccb42daaabf7be5188349ca1,tests/run/test_patma.py,2457,"match color:
                case Color.RED:
                    return ""I see red!""
                case Color.GREEN:
                    return ""Grass is green""
                case Color.BLUE:
                    return ""I'm feeling the blues :("""
230bbfcd7616ed43ccb42daaabf7be5188349ca1,tests/run/test_patma.py,2484,"match c:
            case Class(x, y):
                z = 0"
230bbfcd7616ed43ccb42daaabf7be5188349ca1,tests/run/test_patma.py,2498,"match c:
            case Class(x, b=y):
                z = 0"
230bbfcd7616ed43ccb42daaabf7be5188349ca1,tests/run/test_patma.py,2514,"match c:
            case Parent(x, y):
                z = 0"
230bbfcd7616ed43ccb42daaabf7be5188349ca1,tests/run/test_patma.py,2530,"match c:
            case Parent(x, b=y):
                z = 0"
230bbfcd7616ed43ccb42daaabf7be5188349ca1,tests/run/test_patma.py,2540,"match w:
                case 42:
                    out = locals()
                    del out[""w""]
                    return out"
230bbfcd7616ed43ccb42daaabf7be5188349ca1,tests/run/test_patma.py,2553,"match w:
                case 42.0:
                    out = locals()
                    del out[""w""]
                    return out"
230bbfcd7616ed43ccb42daaabf7be5188349ca1,tests/run/test_patma.py,2566,"match w:
                case 1 | 2 | 3:
                    out = locals()
                    del out[""w""]
                    return out"
230bbfcd7616ed43ccb42daaabf7be5188349ca1,tests/run/test_patma.py,2582,"match w:
                case [1, 2] | [3, 4]:
                    out = locals()
                    del out[""w""]
                    return out"
230bbfcd7616ed43ccb42daaabf7be5188349ca1,tests/run/test_patma.py,2597,"match w:
                case x:
                    out = locals()
                    del out[""w""]
                    return out"
230bbfcd7616ed43ccb42daaabf7be5188349ca1,tests/run/test_patma.py,2609,"match w:
                case _:
                    out = locals()
                    del out[""w""]
                    return out"
230bbfcd7616ed43ccb42daaabf7be5188349ca1,tests/run/test_patma.py,2621,"match w:
                case (x, y, z):
                    out = locals()
                    del out[""w""]
                    return out"
230bbfcd7616ed43ccb42daaabf7be5188349ca1,tests/run/test_patma.py,2639,"match w:
                case {""x"": x, ""y"": ""y"", ""z"": z}:
                    out = locals()
                    del out[""w""]
                    return out"
230bbfcd7616ed43ccb42daaabf7be5188349ca1,tests/run/test_patma.py,2652,"match w:
                case Point(int(xx), y=""hello""):
                    out = locals()
                    del out[""w""]
                    return out"
230bbfcd7616ed43ccb42daaabf7be5188349ca1,tests/run/test_patma.py,2662,"match w:
                case (p, q) as x:
                    out = locals()
                    del out[""w""]
                    return out"
230bbfcd7616ed43ccb42daaabf7be5188349ca1,tests/run/test_patma.py,2675,"match 42:
                case 42:
                    return locals()"
230bbfcd7616ed43ccb42daaabf7be5188349ca1,tests/run/test_patma.py,2683,"match 1:
                case 1 | 2 | 3:
                    return locals()"
230bbfcd7616ed43ccb42daaabf7be5188349ca1,tests/run/test_patma.py,2691,"match ...:
                case _:
                    return locals()"
230bbfcd7616ed43ccb42daaabf7be5188349ca1,tests/run/test_patma.py,2699,"match ...:
                case abc:
                    return locals()"
230bbfcd7616ed43ccb42daaabf7be5188349ca1,tests/run/test_patma.py,2707,"match ..., ...:
                case a, b:
                    return locals()"
230bbfcd7616ed43ccb42daaabf7be5188349ca1,tests/run/test_patma.py,2715,"match {""k"": ..., ""l"": ...}:
                case {""k"": a, ""l"": b}:
                    return locals()"
230bbfcd7616ed43ccb42daaabf7be5188349ca1,tests/run/test_patma.py,2723,"match Point(..., ...):
                case Point(x, y=y):
                    return locals()"
230bbfcd7616ed43ccb42daaabf7be5188349ca1,tests/run/test_patma.py,2731,"match ...:
                case b as a:
                    return locals()"
230bbfcd7616ed43ccb42daaabf7be5188349ca1,tests/run/test_patma.py,2739,"match x:
                case _:
                    return 0"
230bbfcd7616ed43ccb42daaabf7be5188349ca1,tests/run/test_patma.py,2750,"match x:
                case 0:
                    return 0"
230bbfcd7616ed43ccb42daaabf7be5188349ca1,tests/run/test_patma.py,2761,"match x:
                case 0:
                    return 0
                case _:
                    return 1"
230bbfcd7616ed43ccb42daaabf7be5188349ca1,tests/run/test_patma.py,2774,"match x:
                case 0:
                    return 0
                case 1:
                    return 1"
230bbfcd7616ed43ccb42daaabf7be5188349ca1,tests/run/test_patma.py,2787,"match x:
                case 0:
                    return 0
                case 1:
                    return 1
                case _:
                    return 2"
230bbfcd7616ed43ccb42daaabf7be5188349ca1,tests/run/test_patma.py,2802,"match x:
                case 0:
                    return 0
                case 1:
                    return 1
                case 2:
                    return 2"
230bbfcd7616ed43ccb42daaabf7be5188349ca1,tests/run/test_patma.py,2816,"match():
            case():
                x = 0"
230bbfcd7616ed43ccb42daaabf7be5188349ca1,tests/run/test_patma.py,2824,"match(x):
            case(x):
                y = 0"
230bbfcd7616ed43ccb42daaabf7be5188349ca1,tests/run/test_patma.py,2833,"match x:
            case False:
                y = 0
            case 0:
                y = 1"
230bbfcd7616ed43ccb42daaabf7be5188349ca1,tests/run/test_patma.py,2844,"match x:
            case True:
                y = 0
            case 1:
                y = 1"
230bbfcd7616ed43ccb42daaabf7be5188349ca1,tests/run/test_patma.py,2859,"match x:
            case None:
                y = 0"
230bbfcd7616ed43ccb42daaabf7be5188349ca1,tests/run/test_patma.py,2868,"match x:
            case False:
                y = 0"
230bbfcd7616ed43ccb42daaabf7be5188349ca1,tests/run/test_patma.py,2877,"match x:
            case True:
                y = 0"
230bbfcd7616ed43ccb42daaabf7be5188349ca1,tests/run/test_patma.py,2886,"match x:
            case None:
                y = 0"
230bbfcd7616ed43ccb42daaabf7be5188349ca1,tests/run/test_patma.py,2895,"match x:
            case (0 as w) as z:
                y = 0"
230bbfcd7616ed43ccb42daaabf7be5188349ca1,tests/run/test_patma.py,2906,"match x:
            case (0 as w) as z:
                y = 0"
230bbfcd7616ed43ccb42daaabf7be5188349ca1,tests/run/test_patma.py,2917,"match x:
            case ((a as b, c as d) as e) as w, ((f as g, h) as i) as z:
                y = 0"
230bbfcd7616ed43ccb42daaabf7be5188349ca1,tests/run/test_patma.py,2937,"match x:
            case {2: 3}:
                y = 0"
230bbfcd7616ed43ccb42daaabf7be5188349ca1,tests/run/test_patma.py,2946,"match x:
            case {2: 3, **z}:
                y = 0"
230bbfcd7616ed43ccb42daaabf7be5188349ca1,tests/run/test_patma.py,2956,"match x:
            case list([({-0-0j: int(real=0+0j, imag=0-0j) | (1) as z},)]):
                y = 0"
230bbfcd7616ed43ccb42daaabf7be5188349ca1,tests/run/test_patma.py,2966,"match x:
            case [y, *_, z]:
                w = 0"
230bbfcd7616ed43ccb42daaabf7be5188349ca1,tests/run/test_patma.py,2977,"match x:
            case [_, *_, y]:
                z = 0"
230bbfcd7616ed43ccb42daaabf7be5188349ca1,tests/run/test_patma.py,2987,"match x:
            case [*_, y]:
                z = 0"
230bbfcd7616ed43ccb42daaabf7be5188349ca1,tests/run/test_patma.py,2997,"match x:
            case {""y"": (0 as y) | (1 as y)}:
                z = 0"
230bbfcd7616ed43ccb42daaabf7be5188349ca1,tests/run/test_patma.py,3007,"match x:
                case ((a, b, c, d, e, f, g, h, i, 9) |
                      (h, g, i, a, b, d, e, c, f, 10) |
                      (g, b, a, c, d, -5, e, h, i, f) |
                      (-1, d, f, b, g, e, i, a, h, c)):
                    w = 0"
230bbfcd7616ed43ccb42daaabf7be5188349ca1,tests/run/test_patma.py,3032,"match x:
                case [y, (a, b, c, d, e, f, g, h, i, 9) |
                         (h, g, i, a, b, d, e, c, f, 10) |
                         (g, b, a, c, d, -5, e, h, i, f) |
                         (-1, d, f, b, g, e, i, a, h, c), z]:
                    w = 0"
230bbfcd7616ed43ccb42daaabf7be5188349ca1,tests/run/test_patma.py,3062,"match x:
            case {'foo': bar}:
                y = bar"
230bbfcd7616ed43ccb42daaabf7be5188349ca1,tests/run/test_patma.py,3075,"match x:
                    # looks up __attr, not _C__attr or _Outer__attr
                    case C(__attr=y):
                        return y"
230bbfcd7616ed43ccb42daaabf7be5188349ca1,tests/run/test_patma.py,3396,"match x:
                case Class(y):
                    z = 0"
230bbfcd7616ed43ccb42daaabf7be5188349ca1,tests/run/test_patma.py,3407,"match x:
                case range(10):
                    y = 0"
230bbfcd7616ed43ccb42daaabf7be5188349ca1,tests/run/test_patma.py,3421,"match x:
                case Class(y, z):
                    w = 0"
230bbfcd7616ed43ccb42daaabf7be5188349ca1,tests/run/test_patma.py,3436,"match x:
                case Class(y, a=z):
                    w = 0"
230bbfcd7616ed43ccb42daaabf7be5188349ca1,tests/run/test_patma.py,3450,"match x:
                case Class(y):
                    z = 0"
230bbfcd7616ed43ccb42daaabf7be5188349ca1,tests/run/test_patma.py,3463,"match x:
                case Class(y):
                    z = 0"
230bbfcd7616ed43ccb42daaabf7be5188349ca1,tests/run/test_patma.py,3476,"match x:
                case Class(y):
                    z = 0"
230bbfcd7616ed43ccb42daaabf7be5188349ca1,tests/run/test_patma.py,3491,"match x:
                case Class(y, z):
                    w = 0"
230bbfcd7616ed43ccb42daaabf7be5188349ca1,tests/run/test_patma.py,3508,"match x:
                case {Keys.KEY: y, ""a"": z}:
                    w = 0"
db8fe61e008596a0cec2f39edacf8984e9b8e9f5,tests/run/test_patma.py,187,"match x:
            case [*_]:
                return ""seq""
            case {}:
                return ""map"""
db8fe61e008596a0cec2f39edacf8984e9b8e9f5,tests/run/test_patma.py,196,"match x:
            case {}:
                return ""map""
            case [*_]:
                return ""seq"""
db8fe61e008596a0cec2f39edacf8984e9b8e9f5,tests/run/test_patma.py,297,"match 0:
            case 0:
                x = True"
db8fe61e008596a0cec2f39edacf8984e9b8e9f5,tests/run/test_patma.py,304,"match 0:
            case 0 if False:
                x = False
            case 0 if True:
                x = True"
db8fe61e008596a0cec2f39edacf8984e9b8e9f5,tests/run/test_patma.py,313,"match 0:
            case 0:
                x = True
            case 0:
                x = False"
db8fe61e008596a0cec2f39edacf8984e9b8e9f5,tests/run/test_patma.py,323,"match 0:
            case 0 | 1 | 2 | 3:
                x = True"
db8fe61e008596a0cec2f39edacf8984e9b8e9f5,tests/run/test_patma.py,331,"match 1:
            case 0 | 1 | 2 | 3:
                x = True"
db8fe61e008596a0cec2f39edacf8984e9b8e9f5,tests/run/test_patma.py,339,"match 2:
            case 0 | 1 | 2 | 3:
                x = True"
db8fe61e008596a0cec2f39edacf8984e9b8e9f5,tests/run/test_patma.py,347,"match 3:
            case 0 | 1 | 2 | 3:
                x = True"
db8fe61e008596a0cec2f39edacf8984e9b8e9f5,tests/run/test_patma.py,355,"match 4:
            case 0 | 1 | 2 | 3:
                x = True"
db8fe61e008596a0cec2f39edacf8984e9b8e9f5,tests/run/test_patma.py,365,"match x:
            case A.y as z:
                pass"
db8fe61e008596a0cec2f39edacf8984e9b8e9f5,tests/run/test_patma.py,375,"match 0:
            case x if x:
                z = 0
            case _ as y if y == x and y:
                z = 1
            case A.B:
                z = 2"
db8fe61e008596a0cec2f39edacf8984e9b8e9f5,tests/run/test_patma.py,389,"match ():
            case []:
                x = 0"
db8fe61e008596a0cec2f39edacf8984e9b8e9f5,tests/run/test_patma.py,396,"match (0, 1, 2):
            case [*x]:
                y = 0"
db8fe61e008596a0cec2f39edacf8984e9b8e9f5,tests/run/test_patma.py,404,"match (0, 1, 2):
            case [0, *x]:
                y = 0"
db8fe61e008596a0cec2f39edacf8984e9b8e9f5,tests/run/test_patma.py,412,"match (0, 1, 2):
            case [0, 1, *x,]:
                y = 0"
db8fe61e008596a0cec2f39edacf8984e9b8e9f5,tests/run/test_patma.py,420,"match (0, 1, 2):
            case [0, 1, 2, *x]:
                y = 0"
db8fe61e008596a0cec2f39edacf8984e9b8e9f5,tests/run/test_patma.py,428,"match (0, 1, 2):
            case [*x, 2,]:
                y = 0"
db8fe61e008596a0cec2f39edacf8984e9b8e9f5,tests/run/test_patma.py,436,"match (0, 1, 2):
            case [*x, 1, 2]:
                y = 0"
db8fe61e008596a0cec2f39edacf8984e9b8e9f5,tests/run/test_patma.py,444,"match (0, 1, 2):
            case [*x, 0, 1, 2,]:
                y = 0"
db8fe61e008596a0cec2f39edacf8984e9b8e9f5,tests/run/test_patma.py,452,"match (0, 1, 2):
            case [0, *x, 2]:
                y = 0"
db8fe61e008596a0cec2f39edacf8984e9b8e9f5,tests/run/test_patma.py,460,"match (0, 1, 2):
            case [0, 1, *x, 2,]:
                y = 0"
db8fe61e008596a0cec2f39edacf8984e9b8e9f5,tests/run/test_patma.py,468,"match (0, 1, 2):
            case [0, *x, 1, 2]:
                y = 0"
db8fe61e008596a0cec2f39edacf8984e9b8e9f5,tests/run/test_patma.py,476,"match (0, 1, 2):
            case [*x,]:
                y = 0"
db8fe61e008596a0cec2f39edacf8984e9b8e9f5,tests/run/test_patma.py,485,"match x:
            case {}:
                y = 0"
db8fe61e008596a0cec2f39edacf8984e9b8e9f5,tests/run/test_patma.py,494,"match x:
            case {}:
                y = 0"
db8fe61e008596a0cec2f39edacf8984e9b8e9f5,tests/run/test_patma.py,504,"match x:
            case {0: 0}:
                y = 0"
db8fe61e008596a0cec2f39edacf8984e9b8e9f5,tests/run/test_patma.py,513,"match x:
            case {0: (0 | 1 | 2 as z)}:
                y = 0"
db8fe61e008596a0cec2f39edacf8984e9b8e9f5,tests/run/test_patma.py,523,"match x:
            case {0: (0 | 1 | 2 as z)}:
                y = 0"
db8fe61e008596a0cec2f39edacf8984e9b8e9f5,tests/run/test_patma.py,533,"match x:
            case {0: (0 | 1 | 2 as z)}:
                y = 0"
db8fe61e008596a0cec2f39edacf8984e9b8e9f5,tests/run/test_patma.py,544,"match x:
            case {0: (0 | 1 | 2 as z)}:
                y = 0"
db8fe61e008596a0cec2f39edacf8984e9b8e9f5,tests/run/test_patma.py,554,"match x:
            case {0: [1, 2, {}]}:
                y = 0
            case {0: [1, 2, {}], 1: [[]]}:
                y = 1
            case []:
                y = 2"
db8fe61e008596a0cec2f39edacf8984e9b8e9f5,tests/run/test_patma.py,567,"match x:
            case {0: [1, 2, {}]}:
                y = 0
            case {0: [1, 2, {}], 1: [[]]}:
                y = 1
            case []:
                y = 2"
db8fe61e008596a0cec2f39edacf8984e9b8e9f5,tests/run/test_patma.py,580,"match x:
            case {0: [1, 2, {}]}:
                y = 0
            case {0: [1, 2, {}], 1: [[]]}:
                y = 1
            case []:
                y = 2"
db8fe61e008596a0cec2f39edacf8984e9b8e9f5,tests/run/test_patma.py,593,"match x:
            case {0: [1, 2]}:
                y = 0
            case {0: [1, 2, {}], 1: [[]]}:
                y = 1
            case []:
                y = 2"
db8fe61e008596a0cec2f39edacf8984e9b8e9f5,tests/run/test_patma.py,606,"match x:
            case {0: [1, 2, {}]}:
                y = 0
            case {0: [1, 2, {}], 1: [[]]}:
                y = 1
            case []:
                y = 2"
db8fe61e008596a0cec2f39edacf8984e9b8e9f5,tests/run/test_patma.py,619,"match x:
            case {0: [1, 2, {}]}:
                y = 0
            case {0: ([1, 2, {}] | False)} | {1: [[]]} | {0: [1, 2, {}]} | [] | ""X"" | {}:
                y = 1
            case []:
                y = 2"
db8fe61e008596a0cec2f39edacf8984e9b8e9f5,tests/run/test_patma.py,632,"match x:
            case {0: [1, 2, {}]}:
                y = 0
            case {0: [1, 2, {}] | True} | {1: [[]]} | {0: [1, 2, {}]} | [] | ""X"" | {}:
                y = 1
            case []:
                y = 2"
db8fe61e008596a0cec2f39edacf8984e9b8e9f5,tests/run/test_patma.py,645,"match x:
            case 0 | 1 | 2:
                y = 0"
db8fe61e008596a0cec2f39edacf8984e9b8e9f5,tests/run/test_patma.py,654,"match x:
            case 0 | 1 | 2:
                y = 0"
db8fe61e008596a0cec2f39edacf8984e9b8e9f5,tests/run/test_patma.py,663,"match x:
            case 0 | 1 | 2:
                y = 0"
db8fe61e008596a0cec2f39edacf8984e9b8e9f5,tests/run/test_patma.py,673,"match x:
            case 0 | 1 | 2:
                y = 0"
db8fe61e008596a0cec2f39edacf8984e9b8e9f5,tests/run/test_patma.py,682,"match x:
            case (0 as z) | (1 as z) | (2 as z) if z == x % 2:
                y = 0"
db8fe61e008596a0cec2f39edacf8984e9b8e9f5,tests/run/test_patma.py,692,"match x:
            case (0 as z) | (1 as z) | (2 as z) if z == x % 2:
                y = 0"
db8fe61e008596a0cec2f39edacf8984e9b8e9f5,tests/run/test_patma.py,703,"match x:
            case (0 as z) | (1 as z) | (2 as z) if z == x % 2:
                y = 0"
db8fe61e008596a0cec2f39edacf8984e9b8e9f5,tests/run/test_patma.py,714,"match x:
            case (0 as z) | (1 as z) | (2 as z) if z == x % 2:
                y = 0"
db8fe61e008596a0cec2f39edacf8984e9b8e9f5,tests/run/test_patma.py,723,"match x:
            case []:
                y = 0"
db8fe61e008596a0cec2f39edacf8984e9b8e9f5,tests/run/test_patma.py,732,"match x:
            case ():
                y = 0"
db8fe61e008596a0cec2f39edacf8984e9b8e9f5,tests/run/test_patma.py,741,"match x:
            case [0]:
                y = 0"
db8fe61e008596a0cec2f39edacf8984e9b8e9f5,tests/run/test_patma.py,750,"match x:
            case [[]]:
                y = 0"
db8fe61e008596a0cec2f39edacf8984e9b8e9f5,tests/run/test_patma.py,759,"match x:
            case [0, 1] | [1, 0]:
                y = 0"
db8fe61e008596a0cec2f39edacf8984e9b8e9f5,tests/run/test_patma.py,768,"match x:
            case [0, 1] | [1, 0]:
                y = 0"
db8fe61e008596a0cec2f39edacf8984e9b8e9f5,tests/run/test_patma.py,778,"match x:
            case [0, 1] | [1, 0]:
                y = 0"
db8fe61e008596a0cec2f39edacf8984e9b8e9f5,tests/run/test_patma.py,788,"match x:
            case [(0 as w)]:
                y = 0
            case [z] | [1, (0 | 1 as z)] | [z]:
                y = 1"
db8fe61e008596a0cec2f39edacf8984e9b8e9f5,tests/run/test_patma.py,801,"match x:
            case [0]:
                y = 0
            case [1, 0] if (x := x[:0]):
                y = 1
            case [1, 0]:
                y = 2"
db8fe61e008596a0cec2f39edacf8984e9b8e9f5,tests/run/test_patma.py,815,"match x:
            case [0]:
                y = 0"
db8fe61e008596a0cec2f39edacf8984e9b8e9f5,tests/run/test_patma.py,825,"match x:
            case []:
                y = 0"
db8fe61e008596a0cec2f39edacf8984e9b8e9f5,tests/run/test_patma.py,835,"match x:
            case []:
                y = 0"
db8fe61e008596a0cec2f39edacf8984e9b8e9f5,tests/run/test_patma.py,845,"match x:
            case []:
                y = 0"
db8fe61e008596a0cec2f39edacf8984e9b8e9f5,tests/run/test_patma.py,855,"match x:
            case [0, 1]:
                y = 0"
db8fe61e008596a0cec2f39edacf8984e9b8e9f5,tests/run/test_patma.py,864,"match x:
            case 0:
                y = 0"
db8fe61e008596a0cec2f39edacf8984e9b8e9f5,tests/run/test_patma.py,874,"match x:
            case False:
                y = 0"
db8fe61e008596a0cec2f39edacf8984e9b8e9f5,tests/run/test_patma.py,884,"match x:
            case 1:
                y = 0"
db8fe61e008596a0cec2f39edacf8984e9b8e9f5,tests/run/test_patma.py,894,"match x:
            case None:
                y = 0"
db8fe61e008596a0cec2f39edacf8984e9b8e9f5,tests/run/test_patma.py,903,"match x:
            case 0:
                y = 0
            case 0:
                y = 1"
db8fe61e008596a0cec2f39edacf8984e9b8e9f5,tests/run/test_patma.py,915,"match x:
            case 1:
                y = 0
            case 1:
                y = 1"
db8fe61e008596a0cec2f39edacf8984e9b8e9f5,tests/run/test_patma.py,926,"match x:
            case ""x"":
                y = 0
            case ""y"":
                y = 1"
db8fe61e008596a0cec2f39edacf8984e9b8e9f5,tests/run/test_patma.py,937,"match x:
            case ""y"":
                y = 0
            case ""x"":
                y = 1"
db8fe61e008596a0cec2f39edacf8984e9b8e9f5,tests/run/test_patma.py,948,"match x:
            case """":
                y = 0
            case ""x"":
                y = 1"
db8fe61e008596a0cec2f39edacf8984e9b8e9f5,tests/run/test_patma.py,959,"match x:
            case b""y"":
                y = 0
            case b""x"":
                y = 1"
db8fe61e008596a0cec2f39edacf8984e9b8e9f5,tests/run/test_patma.py,970,"match x:
            case 0 if False:
                y = 0
            case 0:
                y = 1"
db8fe61e008596a0cec2f39edacf8984e9b8e9f5,tests/run/test_patma.py,982,"match x:
            case 0 if 0:
                y = 0
            case 0 if 0:
                y = 1"
db8fe61e008596a0cec2f39edacf8984e9b8e9f5,tests/run/test_patma.py,993,"match x:
            case 0 if True:
                y = 0
            case 0 if True:
                y = 1"
db8fe61e008596a0cec2f39edacf8984e9b8e9f5,tests/run/test_patma.py,1004,"match x:
            case 0 if 1:
                y = 0
            case 0 if 1:
                y = 1"
db8fe61e008596a0cec2f39edacf8984e9b8e9f5,tests/run/test_patma.py,1015,"match x:
            case 0 if True:
                y = 0
            case 0 if True:
                y = 1"
db8fe61e008596a0cec2f39edacf8984e9b8e9f5,tests/run/test_patma.py,1027,"match x:
            case 0 if 0:
                y = 0
            case 0 if 1:
                y = 1"
db8fe61e008596a0cec2f39edacf8984e9b8e9f5,tests/run/test_patma.py,1040,"match x:
            case 0 if not (x := 1):
                y = 0
            case 1:
                y = 1"
db8fe61e008596a0cec2f39edacf8984e9b8e9f5,tests/run/test_patma.py,1051,"match x:
            case [""x""]:
                y = 0
            case ""x"":
                y = 1"
db8fe61e008596a0cec2f39edacf8984e9b8e9f5,tests/run/test_patma.py,1062,"match x:
            case [b""x""]:
                y = 0
            case [""x""]:
                y = 1
            case [120]:
                y = 2
            case b""x"":
                y = 4"
db8fe61e008596a0cec2f39edacf8984e9b8e9f5,tests/run/test_patma.py,1078,"match x:
            case [120]:
                y = 0
            case 120:
                y = 1"
db8fe61e008596a0cec2f39edacf8984e9b8e9f5,tests/run/test_patma.py,1089,"match x:
            case []:
                y = 0
            case [""""]:
                y = 1
            case """":
                y = 2"
db8fe61e008596a0cec2f39edacf8984e9b8e9f5,tests/run/test_patma.py,1102,"match x:
            case [""x"", ""x"", ""x""]:
                y = 0
            case [""xxx""]:
                y = 1
            case ""xxx"":
                y = 2"
db8fe61e008596a0cec2f39edacf8984e9b8e9f5,tests/run/test_patma.py,1115,"match x:
            case [120, 120, 120]:
                y = 0
            case [b""xxx""]:
                y = 1
            case b""xxx"":
                y = 2"
db8fe61e008596a0cec2f39edacf8984e9b8e9f5,tests/run/test_patma.py,1128,"match x:
            case 0 if not (x := 1):
                y = 0
            case (0 as z):
                y = 1"
db8fe61e008596a0cec2f39edacf8984e9b8e9f5,tests/run/test_patma.py,1140,"match x:
            case (1 as z) if not (x := 1):
                y = 0
            case 0:
                y = 1"
db8fe61e008596a0cec2f39edacf8984e9b8e9f5,tests/run/test_patma.py,1151,"match x:
            case (0 as z):
                y = 0"
db8fe61e008596a0cec2f39edacf8984e9b8e9f5,tests/run/test_patma.py,1162,"match x:
            case (1 as z):
                y = 0"
db8fe61e008596a0cec2f39edacf8984e9b8e9f5,tests/run/test_patma.py,1172,"match x:
            case (0 as z) if (w := 0):
                y = 0"
db8fe61e008596a0cec2f39edacf8984e9b8e9f5,tests/run/test_patma.py,1183,"match x:
            case ((0 as w) as z):
                y = 0"
db8fe61e008596a0cec2f39edacf8984e9b8e9f5,tests/run/test_patma.py,1194,"match x:
            case (0 | 1) | 2:
                y = 0"
db8fe61e008596a0cec2f39edacf8984e9b8e9f5,tests/run/test_patma.py,1203,"match x:
            case (0 | 1) | 2:
                y = 0"
db8fe61e008596a0cec2f39edacf8984e9b8e9f5,tests/run/test_patma.py,1212,"match x:
            case (0 | 1) | 2:
                y = 0"
db8fe61e008596a0cec2f39edacf8984e9b8e9f5,tests/run/test_patma.py,1222,"match x:
            case (0 | 1) | 2:
                y = 0"
db8fe61e008596a0cec2f39edacf8984e9b8e9f5,tests/run/test_patma.py,1231,"match x:
            case 0 | (1 | 2):
                y = 0"
db8fe61e008596a0cec2f39edacf8984e9b8e9f5,tests/run/test_patma.py,1240,"match x:
            case 0 | (1 | 2):
                y = 0"
db8fe61e008596a0cec2f39edacf8984e9b8e9f5,tests/run/test_patma.py,1249,"match x:
            case 0 | (1 | 2):
                y = 0"
db8fe61e008596a0cec2f39edacf8984e9b8e9f5,tests/run/test_patma.py,1259,"match x:
            case 0 | (1 | 2):
                y = 0"
db8fe61e008596a0cec2f39edacf8984e9b8e9f5,tests/run/test_patma.py,1268,"match x:
            case -0:
                y = 0"
db8fe61e008596a0cec2f39edacf8984e9b8e9f5,tests/run/test_patma.py,1277,"match x:
            case -0.0:
                y = 0"
db8fe61e008596a0cec2f39edacf8984e9b8e9f5,tests/run/test_patma.py,1286,"match x:
            case -0j:
                y = 0"
db8fe61e008596a0cec2f39edacf8984e9b8e9f5,tests/run/test_patma.py,1295,"match x:
            case -0.0j:
                y = 0"
db8fe61e008596a0cec2f39edacf8984e9b8e9f5,tests/run/test_patma.py,1304,"match x:
            case -1:
                y = 0"
db8fe61e008596a0cec2f39edacf8984e9b8e9f5,tests/run/test_patma.py,1313,"match x:
            case -1.5:
                y = 0"
db8fe61e008596a0cec2f39edacf8984e9b8e9f5,tests/run/test_patma.py,1322,"match x:
            case -1j:
                y = 0"
db8fe61e008596a0cec2f39edacf8984e9b8e9f5,tests/run/test_patma.py,1331,"match x:
            case -1.5j:
                y = 0"
db8fe61e008596a0cec2f39edacf8984e9b8e9f5,tests/run/test_patma.py,1340,"match x:
            case 0 + 0j:
                y = 0"
db8fe61e008596a0cec2f39edacf8984e9b8e9f5,tests/run/test_patma.py,1349,"match x:
            case 0 - 0j:
                y = 0"
db8fe61e008596a0cec2f39edacf8984e9b8e9f5,tests/run/test_patma.py,1358,"match x:
            case -0 + 0j:
                y = 0"
db8fe61e008596a0cec2f39edacf8984e9b8e9f5,tests/run/test_patma.py,1367,"match x:
            case -0 - 0j:
                y = 0"
db8fe61e008596a0cec2f39edacf8984e9b8e9f5,tests/run/test_patma.py,1376,"match x:
            case 0.25 + 1.75j:
                y = 0"
db8fe61e008596a0cec2f39edacf8984e9b8e9f5,tests/run/test_patma.py,1385,"match x:
            case 0.25 - 1.75j:
                y = 0"
db8fe61e008596a0cec2f39edacf8984e9b8e9f5,tests/run/test_patma.py,1394,"match x:
            case -0.25 + 1.75j:
                y = 0"
db8fe61e008596a0cec2f39edacf8984e9b8e9f5,tests/run/test_patma.py,1403,"match x:
            case -0.25 - 1.75j:
                y = 0"
db8fe61e008596a0cec2f39edacf8984e9b8e9f5,tests/run/test_patma.py,1414,"match x:
            case A.B:
                y = 0"
db8fe61e008596a0cec2f39edacf8984e9b8e9f5,tests/run/test_patma.py,1427,"match x:
            case A.B.C:
                y = 0"
db8fe61e008596a0cec2f39edacf8984e9b8e9f5,tests/run/test_patma.py,1441,"match x:
            case A.B.C:
                y = 0
            case A.B.D:
                y = 1"
db8fe61e008596a0cec2f39edacf8984e9b8e9f5,tests/run/test_patma.py,1458,"match x:
            case A.B.C.D:
                y = 0"
db8fe61e008596a0cec2f39edacf8984e9b8e9f5,tests/run/test_patma.py,1473,"match x:
            case A.B.C.D:
                y = 0
            case A.B.C.E:
                y = 1"
db8fe61e008596a0cec2f39edacf8984e9b8e9f5,tests/run/test_patma.py,1486,"match match:
            case case:
                x = 0"
db8fe61e008596a0cec2f39edacf8984e9b8e9f5,tests/run/test_patma.py,1496,"match case:
            case match:
                x = 0"
db8fe61e008596a0cec2f39edacf8984e9b8e9f5,tests/run/test_patma.py,1506,"match x:
            case [*_, _]:
                y = 0
            case []:
                y = 1"
db8fe61e008596a0cec2f39edacf8984e9b8e9f5,tests/run/test_patma.py,1517,"match x:
            case {0: 0}:
                y = 0
            case {}:
                y = 1"
db8fe61e008596a0cec2f39edacf8984e9b8e9f5,tests/run/test_patma.py,1528,"match x:
            case {0: 0}:
                y = 0
            case {**z}:
                y = 1"
db8fe61e008596a0cec2f39edacf8984e9b8e9f5,tests/run/test_patma.py,1539,"match ():
            case ():
                x = 0"
db8fe61e008596a0cec2f39edacf8984e9b8e9f5,tests/run/test_patma.py,1546,"match (0, 1, 2):
            case (*x,):
                y = 0"
db8fe61e008596a0cec2f39edacf8984e9b8e9f5,tests/run/test_patma.py,1554,"match (0, 1, 2):
            case 0, *x:
                y = 0"
db8fe61e008596a0cec2f39edacf8984e9b8e9f5,tests/run/test_patma.py,1562,"match (0, 1, 2):
            case (0, 1, *x,):
                y = 0"
db8fe61e008596a0cec2f39edacf8984e9b8e9f5,tests/run/test_patma.py,1570,"match (0, 1, 2):
            case 0, 1, 2, *x:
                y = 0"
db8fe61e008596a0cec2f39edacf8984e9b8e9f5,tests/run/test_patma.py,1578,"match (0, 1, 2):
            case *x, 2,:
                y = 0"
db8fe61e008596a0cec2f39edacf8984e9b8e9f5,tests/run/test_patma.py,1586,"match (0, 1, 2):
            case (*x, 1, 2):
                y = 0"
db8fe61e008596a0cec2f39edacf8984e9b8e9f5,tests/run/test_patma.py,1594,"match (0, 1, 2):
            case *x, 0, 1, 2,:
                y = 0"
db8fe61e008596a0cec2f39edacf8984e9b8e9f5,tests/run/test_patma.py,1602,"match (0, 1, 2):
            case (0, *x, 2):
                y = 0"
db8fe61e008596a0cec2f39edacf8984e9b8e9f5,tests/run/test_patma.py,1610,"match (0, 1, 2):
            case 0, 1, *x, 2,:
                y = 0"
db8fe61e008596a0cec2f39edacf8984e9b8e9f5,tests/run/test_patma.py,1618,"match (0, 1, 2):
            case (0, *x, 1, 2):
                y = 0"
db8fe61e008596a0cec2f39edacf8984e9b8e9f5,tests/run/test_patma.py,1626,"match (0, 1, 2):
            case *x,:
                y = 0"
db8fe61e008596a0cec2f39edacf8984e9b8e9f5,tests/run/test_patma.py,1635,"match x:
            case {1: 0}:
                y = 0
            case {0: 0}:
                y = 1
            case {}:
                y = 2"
db8fe61e008596a0cec2f39edacf8984e9b8e9f5,tests/run/test_patma.py,1648,"match x:
            case {1: 0}:
                y = 0
            case {0: 0}:
                y = 1
            case {**z}:
                y = 2"
db8fe61e008596a0cec2f39edacf8984e9b8e9f5,tests/run/test_patma.py,1662,"match x:
            case {1: 0}:
                y = 0
            case {0: 0}:
                y = 1
            case {0: _, **z}:
                y = 2"
db8fe61e008596a0cec2f39edacf8984e9b8e9f5,tests/run/test_patma.py,1676,"match x:
            case {1: 0}:
                y = 0
            case {0: 0}:
                y = 0
            case {}:
                y = 1"
db8fe61e008596a0cec2f39edacf8984e9b8e9f5,tests/run/test_patma.py,1689,"match x:
            case {1: 0}:
                y = 0
            case {0: 0}:
                y = 0
            case {**z}:
                y = 1"
db8fe61e008596a0cec2f39edacf8984e9b8e9f5,tests/run/test_patma.py,1703,"match x:
            case {1: 0}:
                y = 0
            case {0: 0}:
                y = 0
            case {0: _, **z}:
                y = 1"
db8fe61e008596a0cec2f39edacf8984e9b8e9f5,tests/run/test_patma.py,1717,"match x:
            case bool(z):
                y = 0"
db8fe61e008596a0cec2f39edacf8984e9b8e9f5,tests/run/test_patma.py,1727,"match x:
            case bool(z):
                y = 0"
db8fe61e008596a0cec2f39edacf8984e9b8e9f5,tests/run/test_patma.py,1737,"match x:
            case bytearray(z):
                y = 0"
db8fe61e008596a0cec2f39edacf8984e9b8e9f5,tests/run/test_patma.py,1747,"match x:
            case bytes(z):
                y = 0"
db8fe61e008596a0cec2f39edacf8984e9b8e9f5,tests/run/test_patma.py,1757,"match x:
            case dict(z):
                y = 0"
db8fe61e008596a0cec2f39edacf8984e9b8e9f5,tests/run/test_patma.py,1767,"match x:
            case float(z):
                y = 0"
db8fe61e008596a0cec2f39edacf8984e9b8e9f5,tests/run/test_patma.py,1777,"match x:
            case frozenset(z):
                y = 0"
db8fe61e008596a0cec2f39edacf8984e9b8e9f5,tests/run/test_patma.py,1787,"match x:
            case int(z):
                y = 0"
db8fe61e008596a0cec2f39edacf8984e9b8e9f5,tests/run/test_patma.py,1797,"match x:
            case list(z):
                y = 0"
db8fe61e008596a0cec2f39edacf8984e9b8e9f5,tests/run/test_patma.py,1807,"match x:
            case set(z):
                y = 0"
db8fe61e008596a0cec2f39edacf8984e9b8e9f5,tests/run/test_patma.py,1817,"match x:
            case str(z):
                y = 0"
db8fe61e008596a0cec2f39edacf8984e9b8e9f5,tests/run/test_patma.py,1827,"match x:
            case tuple(z):
                y = 0"
db8fe61e008596a0cec2f39edacf8984e9b8e9f5,tests/run/test_patma.py,1837,"match x,:
            case y,:
                z = 0"
db8fe61e008596a0cec2f39edacf8984e9b8e9f5,tests/run/test_patma.py,1848,"match w, x:
            case y, z:
                v = 0"
db8fe61e008596a0cec2f39edacf8984e9b8e9f5,tests/run/test_patma.py,1860,"match w := x,:
            case y as v,:
                z = 0"
db8fe61e008596a0cec2f39edacf8984e9b8e9f5,tests/run/test_patma.py,1873,"match x:
            case 0 if x:
                y = 0"
db8fe61e008596a0cec2f39edacf8984e9b8e9f5,tests/run/test_patma.py,1883,"match x:
            case 1e1000:
                y = 0"
db8fe61e008596a0cec2f39edacf8984e9b8e9f5,tests/run/test_patma.py,1892,"match x:
            case z:
                y = 0"
db8fe61e008596a0cec2f39edacf8984e9b8e9f5,tests/run/test_patma.py,1903,"match x:
            case _ if x:
                y = 0"
db8fe61e008596a0cec2f39edacf8984e9b8e9f5,tests/run/test_patma.py,1912,"match x:
            case -1e1000:
                y = 0
            case 0:
                y = 1"
db8fe61e008596a0cec2f39edacf8984e9b8e9f5,tests/run/test_patma.py,1923,"match x:
            case 0 if not x:
                y = 0
            case 1:
                y = 1"
db8fe61e008596a0cec2f39edacf8984e9b8e9f5,tests/run/test_patma.py,1935,"match x:
            case 0:
                y = 0
            case z if x:
                y = 1"
db8fe61e008596a0cec2f39edacf8984e9b8e9f5,tests/run/test_patma.py,1947,"match x:
            case 0:
                y = 0
            case _:
                y = 1"
db8fe61e008596a0cec2f39edacf8984e9b8e9f5,tests/run/test_patma.py,1958,"match x:
            case 1 if x:
                y = 0
            case 0:
                y = 1"
db8fe61e008596a0cec2f39edacf8984e9b8e9f5,tests/run/test_patma.py,1970,"match x:
            case 1:
                y = 0
            case 1 if not x:
                y = 1"
db8fe61e008596a0cec2f39edacf8984e9b8e9f5,tests/run/test_patma.py,1981,"match x:
            case 1:
                y = 0
            case z:
                y = 1"
db8fe61e008596a0cec2f39edacf8984e9b8e9f5,tests/run/test_patma.py,1993,"match x:
            case 1 if x:
                y = 0
            case _:
                y = 1"
db8fe61e008596a0cec2f39edacf8984e9b8e9f5,tests/run/test_patma.py,2004,"match x:
            case z if not z:
                y = 0
            case 0 if x:
                y = 1"
db8fe61e008596a0cec2f39edacf8984e9b8e9f5,tests/run/test_patma.py,2016,"match x:
            case z if not z:
                y = 0
            case 1:
                y = 1"
db8fe61e008596a0cec2f39edacf8984e9b8e9f5,tests/run/test_patma.py,2028,"match x:
            case z if not x:
                y = 0
            case z:
                y = 1"
db8fe61e008596a0cec2f39edacf8984e9b8e9f5,tests/run/test_patma.py,2040,"match x:
            case z if not z:
                y = 0
            case _ if x:
                y = 1"
db8fe61e008596a0cec2f39edacf8984e9b8e9f5,tests/run/test_patma.py,2052,"match x:
            case _ if not x:
                y = 0
            case 0:
                y = 1"
db8fe61e008596a0cec2f39edacf8984e9b8e9f5,tests/run/test_patma.py,2064,"match x:
            case _ if x:
                y = 0
            case 1:
                y = 1"
db8fe61e008596a0cec2f39edacf8984e9b8e9f5,tests/run/test_patma.py,2076,"match x:
            case _ if not x:
                y = 0
            case z if not x:
                y = 1"
db8fe61e008596a0cec2f39edacf8984e9b8e9f5,tests/run/test_patma.py,2088,"match x:
            case _ if not x:
                y = 0
            case _:
                y = 1"
db8fe61e008596a0cec2f39edacf8984e9b8e9f5,tests/run/test_patma.py,2099,"match status:
                case 400:
                    return ""Bad request""
                case 401:
                    return ""Unauthorized""
                case 403:
                    return ""Forbidden""
                case 404:
                    return ""Not found""
                case 418:
                    return ""I'm a teapot""
                case _:
                    return ""Something else"""
db8fe61e008596a0cec2f39edacf8984e9b8e9f5,tests/run/test_patma.py,2124,"match status:
                case 400:
                    return ""Bad request""
                case 401 | 403 | 404:
                    return ""Not allowed""
                case 418:
                    return ""I'm a teapot"""
db8fe61e008596a0cec2f39edacf8984e9b8e9f5,tests/run/test_patma.py,2143,"match point:
                case (0, 0):
                    return ""Origin""
                case (0, y):
                    return f""Y={y}""
                case (x, 0):
                    return f""X={x}""
                case (x, y):
                    return f""X={x}, Y={y}""
                case _:
                    return ""Not a point"""
db8fe61e008596a0cec2f39edacf8984e9b8e9f5,tests/run/test_patma.py,2163,"match point:
                case Point(0, 0):
                    return ""Origin""
                case Point(0, y):
                    return f""Y={y}""
                case Point(x, 0):
                    return f""X={x}""
                case Point():
                    return ""Somewhere else""
                case _:
                    return ""Not a point"""
db8fe61e008596a0cec2f39edacf8984e9b8e9f5,tests/run/test_patma.py,2187,"match point:
                case Point(1, var):
                    return var"
db8fe61e008596a0cec2f39edacf8984e9b8e9f5,tests/run/test_patma.py,2196,"match point:
                case Point(1, y=var):
                    return var"
db8fe61e008596a0cec2f39edacf8984e9b8e9f5,tests/run/test_patma.py,2205,"match point:
                case Point(x=1, y=var):
                    return var"
db8fe61e008596a0cec2f39edacf8984e9b8e9f5,tests/run/test_patma.py,2214,"match point:
                case Point(y=var, x=1):
                    return var"
db8fe61e008596a0cec2f39edacf8984e9b8e9f5,tests/run/test_patma.py,2223,"match points:
                case []:
                    return ""No points""
                case [Point(0, 0)]:
                    return ""The origin""
                case [Point(x, y)]:
                    return f""Single point {x}, {y}""
                case [Point(0, y1), Point(0, y2)]:
                    return f""Two on the Y axis at {y1}, {y2}""
                case _:
                    return ""Something else"""
db8fe61e008596a0cec2f39edacf8984e9b8e9f5,tests/run/test_patma.py,2246,"match point:
                case Point(x, y) if x == y:
                    return f""Y=X at {x}""
                case Point(x, y):
                    return ""Not on the diagonal"""
db8fe61e008596a0cec2f39edacf8984e9b8e9f5,tests/run/test_patma.py,2264,"match Seq():
            case []:
                y = 0"
db8fe61e008596a0cec2f39edacf8984e9b8e9f5,tests/run/test_patma.py,2275,"match Seq():
            case [*_]:
                y = 0"
db8fe61e008596a0cec2f39edacf8984e9b8e9f5,tests/run/test_patma.py,2287,"match Seq():
            case [x, *_, y]:
                z = 0"
db8fe61e008596a0cec2f39edacf8984e9b8e9f5,tests/run/test_patma.py,2297,"match w:
            case [x, y, *rest]:
                z = 0"
db8fe61e008596a0cec2f39edacf8984e9b8e9f5,tests/run/test_patma.py,2309,"match w:
            case (x, y, *rest):
                z = 0"
db8fe61e008596a0cec2f39edacf8984e9b8e9f5,tests/run/test_patma.py,2321,"match w:
            case x, y, *rest:
                z = 0"
db8fe61e008596a0cec2f39edacf8984e9b8e9f5,tests/run/test_patma.py,2333,"match w:
            case [x, y, *_]:
                z = 0"
db8fe61e008596a0cec2f39edacf8984e9b8e9f5,tests/run/test_patma.py,2344,"match w:
            case (x, y, *_):
                z = 0"
db8fe61e008596a0cec2f39edacf8984e9b8e9f5,tests/run/test_patma.py,2355,"match w:
            case x, y, *_:
                z = 0"
db8fe61e008596a0cec2f39edacf8984e9b8e9f5,tests/run/test_patma.py,2366,"match x:
            case {""bandwidth"": b, ""latency"": l}:
                y = 0"
db8fe61e008596a0cec2f39edacf8984e9b8e9f5,tests/run/test_patma.py,2377,"match x:
            case {""latency"": l, ""bandwidth"": b}:
                y = 0"
db8fe61e008596a0cec2f39edacf8984e9b8e9f5,tests/run/test_patma.py,2388,"match x:
            case {""bandwidth"": b, ""latency"": l, **rest}:
                y = 0"
db8fe61e008596a0cec2f39edacf8984e9b8e9f5,tests/run/test_patma.py,2400,"match x:
            case {""latency"": l, ""bandwidth"": b, **rest}:
                y = 0"
db8fe61e008596a0cec2f39edacf8984e9b8e9f5,tests/run/test_patma.py,2412,"match w:
            case (Point(x1, y1), Point(x2, y2) as p2):
                z = 0"
db8fe61e008596a0cec2f39edacf8984e9b8e9f5,tests/run/test_patma.py,2430,"match color:
                case Color.RED:
                    return ""I see red!""
                case Color.GREEN:
                    return ""Grass is green""
                case Color.BLUE:
                    return ""I'm feeling the blues :("""
db8fe61e008596a0cec2f39edacf8984e9b8e9f5,tests/run/test_patma.py,2457,"match color:
                case Color.RED:
                    return ""I see red!""
                case Color.GREEN:
                    return ""Grass is green""
                case Color.BLUE:
                    return ""I'm feeling the blues :("""
db8fe61e008596a0cec2f39edacf8984e9b8e9f5,tests/run/test_patma.py,2484,"match c:
            case Class(x, y):
                z = 0"
db8fe61e008596a0cec2f39edacf8984e9b8e9f5,tests/run/test_patma.py,2498,"match c:
            case Class(x, b=y):
                z = 0"
db8fe61e008596a0cec2f39edacf8984e9b8e9f5,tests/run/test_patma.py,2514,"match c:
            case Parent(x, y):
                z = 0"
db8fe61e008596a0cec2f39edacf8984e9b8e9f5,tests/run/test_patma.py,2530,"match c:
            case Parent(x, b=y):
                z = 0"
db8fe61e008596a0cec2f39edacf8984e9b8e9f5,tests/run/test_patma.py,2540,"match w:
                case 42:
                    out = locals()
                    del out[""w""]
                    return out"
db8fe61e008596a0cec2f39edacf8984e9b8e9f5,tests/run/test_patma.py,2553,"match w:
                case 42.0:
                    out = locals()
                    del out[""w""]
                    return out"
db8fe61e008596a0cec2f39edacf8984e9b8e9f5,tests/run/test_patma.py,2566,"match w:
                case 1 | 2 | 3:
                    out = locals()
                    del out[""w""]
                    return out"
db8fe61e008596a0cec2f39edacf8984e9b8e9f5,tests/run/test_patma.py,2582,"match w:
                case [1, 2] | [3, 4]:
                    out = locals()
                    del out[""w""]
                    return out"
db8fe61e008596a0cec2f39edacf8984e9b8e9f5,tests/run/test_patma.py,2597,"match w:
                case x:
                    out = locals()
                    del out[""w""]
                    return out"
db8fe61e008596a0cec2f39edacf8984e9b8e9f5,tests/run/test_patma.py,2609,"match w:
                case _:
                    out = locals()
                    del out[""w""]
                    return out"
db8fe61e008596a0cec2f39edacf8984e9b8e9f5,tests/run/test_patma.py,2621,"match w:
                case (x, y, z):
                    out = locals()
                    del out[""w""]
                    return out"
db8fe61e008596a0cec2f39edacf8984e9b8e9f5,tests/run/test_patma.py,2639,"match w:
                case {""x"": x, ""y"": ""y"", ""z"": z}:
                    out = locals()
                    del out[""w""]
                    return out"
db8fe61e008596a0cec2f39edacf8984e9b8e9f5,tests/run/test_patma.py,2652,"match w:
                case Point(int(xx), y=""hello""):
                    out = locals()
                    del out[""w""]
                    return out"
db8fe61e008596a0cec2f39edacf8984e9b8e9f5,tests/run/test_patma.py,2662,"match w:
                case (p, q) as x:
                    out = locals()
                    del out[""w""]
                    return out"
db8fe61e008596a0cec2f39edacf8984e9b8e9f5,tests/run/test_patma.py,2675,"match 42:
                case 42:
                    return locals()"
db8fe61e008596a0cec2f39edacf8984e9b8e9f5,tests/run/test_patma.py,2683,"match 1:
                case 1 | 2 | 3:
                    return locals()"
db8fe61e008596a0cec2f39edacf8984e9b8e9f5,tests/run/test_patma.py,2691,"match ...:
                case _:
                    return locals()"
db8fe61e008596a0cec2f39edacf8984e9b8e9f5,tests/run/test_patma.py,2699,"match ...:
                case abc:
                    return locals()"
db8fe61e008596a0cec2f39edacf8984e9b8e9f5,tests/run/test_patma.py,2707,"match ..., ...:
                case a, b:
                    return locals()"
db8fe61e008596a0cec2f39edacf8984e9b8e9f5,tests/run/test_patma.py,2715,"match {""k"": ..., ""l"": ...}:
                case {""k"": a, ""l"": b}:
                    return locals()"
db8fe61e008596a0cec2f39edacf8984e9b8e9f5,tests/run/test_patma.py,2723,"match Point(..., ...):
                case Point(x, y=y):
                    return locals()"
db8fe61e008596a0cec2f39edacf8984e9b8e9f5,tests/run/test_patma.py,2731,"match ...:
                case b as a:
                    return locals()"
db8fe61e008596a0cec2f39edacf8984e9b8e9f5,tests/run/test_patma.py,2739,"match x:
                case _:
                    return 0"
db8fe61e008596a0cec2f39edacf8984e9b8e9f5,tests/run/test_patma.py,2750,"match x:
                case 0:
                    return 0"
db8fe61e008596a0cec2f39edacf8984e9b8e9f5,tests/run/test_patma.py,2761,"match x:
                case 0:
                    return 0
                case _:
                    return 1"
db8fe61e008596a0cec2f39edacf8984e9b8e9f5,tests/run/test_patma.py,2774,"match x:
                case 0:
                    return 0
                case 1:
                    return 1"
db8fe61e008596a0cec2f39edacf8984e9b8e9f5,tests/run/test_patma.py,2787,"match x:
                case 0:
                    return 0
                case 1:
                    return 1
                case _:
                    return 2"
db8fe61e008596a0cec2f39edacf8984e9b8e9f5,tests/run/test_patma.py,2802,"match x:
                case 0:
                    return 0
                case 1:
                    return 1
                case 2:
                    return 2"
db8fe61e008596a0cec2f39edacf8984e9b8e9f5,tests/run/test_patma.py,2816,"match():
            case():
                x = 0"
db8fe61e008596a0cec2f39edacf8984e9b8e9f5,tests/run/test_patma.py,2824,"match(x):
            case(x):
                y = 0"
db8fe61e008596a0cec2f39edacf8984e9b8e9f5,tests/run/test_patma.py,2833,"match x:
            case False:
                y = 0
            case 0:
                y = 1"
db8fe61e008596a0cec2f39edacf8984e9b8e9f5,tests/run/test_patma.py,2844,"match x:
            case True:
                y = 0
            case 1:
                y = 1"
db8fe61e008596a0cec2f39edacf8984e9b8e9f5,tests/run/test_patma.py,2859,"match x:
            case None:
                y = 0"
db8fe61e008596a0cec2f39edacf8984e9b8e9f5,tests/run/test_patma.py,2868,"match x:
            case False:
                y = 0"
db8fe61e008596a0cec2f39edacf8984e9b8e9f5,tests/run/test_patma.py,2877,"match x:
            case True:
                y = 0"
db8fe61e008596a0cec2f39edacf8984e9b8e9f5,tests/run/test_patma.py,2886,"match x:
            case None:
                y = 0"
db8fe61e008596a0cec2f39edacf8984e9b8e9f5,tests/run/test_patma.py,2895,"match x:
            case (0 as w) as z:
                y = 0"
db8fe61e008596a0cec2f39edacf8984e9b8e9f5,tests/run/test_patma.py,2906,"match x:
            case (0 as w) as z:
                y = 0"
db8fe61e008596a0cec2f39edacf8984e9b8e9f5,tests/run/test_patma.py,2917,"match x:
            case ((a as b, c as d) as e) as w, ((f as g, h) as i) as z:
                y = 0"
db8fe61e008596a0cec2f39edacf8984e9b8e9f5,tests/run/test_patma.py,2937,"match x:
            case {2: 3}:
                y = 0"
db8fe61e008596a0cec2f39edacf8984e9b8e9f5,tests/run/test_patma.py,2946,"match x:
            case {2: 3, **z}:
                y = 0"
db8fe61e008596a0cec2f39edacf8984e9b8e9f5,tests/run/test_patma.py,2956,"match x:
            case list([({-0-0j: int(real=0+0j, imag=0-0j) | (1) as z},)]):
                y = 0"
db8fe61e008596a0cec2f39edacf8984e9b8e9f5,tests/run/test_patma.py,2966,"match x:
            case [y, *_, z]:
                w = 0"
db8fe61e008596a0cec2f39edacf8984e9b8e9f5,tests/run/test_patma.py,2977,"match x:
            case [_, *_, y]:
                z = 0"
db8fe61e008596a0cec2f39edacf8984e9b8e9f5,tests/run/test_patma.py,2987,"match x:
            case [*_, y]:
                z = 0"
db8fe61e008596a0cec2f39edacf8984e9b8e9f5,tests/run/test_patma.py,2997,"match x:
            case {""y"": (0 as y) | (1 as y)}:
                z = 0"
db8fe61e008596a0cec2f39edacf8984e9b8e9f5,tests/run/test_patma.py,3007,"match x:
                case ((a, b, c, d, e, f, g, h, i, 9) |
                      (h, g, i, a, b, d, e, c, f, 10) |
                      (g, b, a, c, d, -5, e, h, i, f) |
                      (-1, d, f, b, g, e, i, a, h, c)):
                    w = 0"
db8fe61e008596a0cec2f39edacf8984e9b8e9f5,tests/run/test_patma.py,3032,"match x:
                case [y, (a, b, c, d, e, f, g, h, i, 9) |
                         (h, g, i, a, b, d, e, c, f, 10) |
                         (g, b, a, c, d, -5, e, h, i, f) |
                         (-1, d, f, b, g, e, i, a, h, c), z]:
                    w = 0"
db8fe61e008596a0cec2f39edacf8984e9b8e9f5,tests/run/test_patma.py,3062,"match x:
            case {'foo': bar}:
                y = bar"
db8fe61e008596a0cec2f39edacf8984e9b8e9f5,tests/run/test_patma.py,3075,"match x:
                    # looks up __attr, not _C__attr or _Outer__attr
                    case C(__attr=y):
                        return y"
db8fe61e008596a0cec2f39edacf8984e9b8e9f5,tests/run/test_patma.py,3396,"match x:
                case Class(y):
                    z = 0"
db8fe61e008596a0cec2f39edacf8984e9b8e9f5,tests/run/test_patma.py,3407,"match x:
                case range(10):
                    y = 0"
db8fe61e008596a0cec2f39edacf8984e9b8e9f5,tests/run/test_patma.py,3421,"match x:
                case Class(y, z):
                    w = 0"
db8fe61e008596a0cec2f39edacf8984e9b8e9f5,tests/run/test_patma.py,3436,"match x:
                case Class(y, a=z):
                    w = 0"
db8fe61e008596a0cec2f39edacf8984e9b8e9f5,tests/run/test_patma.py,3450,"match x:
                case Class(y):
                    z = 0"
db8fe61e008596a0cec2f39edacf8984e9b8e9f5,tests/run/test_patma.py,3463,"match x:
                case Class(y):
                    z = 0"
db8fe61e008596a0cec2f39edacf8984e9b8e9f5,tests/run/test_patma.py,3476,"match x:
                case Class(y):
                    z = 0"
db8fe61e008596a0cec2f39edacf8984e9b8e9f5,tests/run/test_patma.py,3491,"match x:
                case Class(y, z):
                    w = 0"
db8fe61e008596a0cec2f39edacf8984e9b8e9f5,tests/run/test_patma.py,3508,"match x:
                case {Keys.KEY: y, ""a"": z}:
                    w = 0"
cec7ac08bb0a59d7371bb9316c3209d81ca28d02,tests/run/test_patma.py,187,"match x:
            case [*_]:
                return ""seq""
            case {}:
                return ""map"""
cec7ac08bb0a59d7371bb9316c3209d81ca28d02,tests/run/test_patma.py,196,"match x:
            case {}:
                return ""map""
            case [*_]:
                return ""seq"""
cec7ac08bb0a59d7371bb9316c3209d81ca28d02,tests/run/test_patma.py,297,"match 0:
            case 0:
                x = True"
cec7ac08bb0a59d7371bb9316c3209d81ca28d02,tests/run/test_patma.py,304,"match 0:
            case 0 if False:
                x = False
            case 0 if True:
                x = True"
cec7ac08bb0a59d7371bb9316c3209d81ca28d02,tests/run/test_patma.py,313,"match 0:
            case 0:
                x = True
            case 0:
                x = False"
cec7ac08bb0a59d7371bb9316c3209d81ca28d02,tests/run/test_patma.py,323,"match 0:
            case 0 | 1 | 2 | 3:
                x = True"
cec7ac08bb0a59d7371bb9316c3209d81ca28d02,tests/run/test_patma.py,331,"match 1:
            case 0 | 1 | 2 | 3:
                x = True"
cec7ac08bb0a59d7371bb9316c3209d81ca28d02,tests/run/test_patma.py,339,"match 2:
            case 0 | 1 | 2 | 3:
                x = True"
cec7ac08bb0a59d7371bb9316c3209d81ca28d02,tests/run/test_patma.py,347,"match 3:
            case 0 | 1 | 2 | 3:
                x = True"
cec7ac08bb0a59d7371bb9316c3209d81ca28d02,tests/run/test_patma.py,355,"match 4:
            case 0 | 1 | 2 | 3:
                x = True"
cec7ac08bb0a59d7371bb9316c3209d81ca28d02,tests/run/test_patma.py,365,"match x:
            case A.y as z:
                pass"
cec7ac08bb0a59d7371bb9316c3209d81ca28d02,tests/run/test_patma.py,375,"match 0:
            case x if x:
                z = 0
            case _ as y if y == x and y:
                z = 1
            case A.B:
                z = 2"
cec7ac08bb0a59d7371bb9316c3209d81ca28d02,tests/run/test_patma.py,389,"match ():
            case []:
                x = 0"
cec7ac08bb0a59d7371bb9316c3209d81ca28d02,tests/run/test_patma.py,396,"match (0, 1, 2):
            case [*x]:
                y = 0"
cec7ac08bb0a59d7371bb9316c3209d81ca28d02,tests/run/test_patma.py,404,"match (0, 1, 2):
            case [0, *x]:
                y = 0"
cec7ac08bb0a59d7371bb9316c3209d81ca28d02,tests/run/test_patma.py,412,"match (0, 1, 2):
            case [0, 1, *x,]:
                y = 0"
cec7ac08bb0a59d7371bb9316c3209d81ca28d02,tests/run/test_patma.py,420,"match (0, 1, 2):
            case [0, 1, 2, *x]:
                y = 0"
cec7ac08bb0a59d7371bb9316c3209d81ca28d02,tests/run/test_patma.py,428,"match (0, 1, 2):
            case [*x, 2,]:
                y = 0"
cec7ac08bb0a59d7371bb9316c3209d81ca28d02,tests/run/test_patma.py,436,"match (0, 1, 2):
            case [*x, 1, 2]:
                y = 0"
cec7ac08bb0a59d7371bb9316c3209d81ca28d02,tests/run/test_patma.py,444,"match (0, 1, 2):
            case [*x, 0, 1, 2,]:
                y = 0"
cec7ac08bb0a59d7371bb9316c3209d81ca28d02,tests/run/test_patma.py,452,"match (0, 1, 2):
            case [0, *x, 2]:
                y = 0"
cec7ac08bb0a59d7371bb9316c3209d81ca28d02,tests/run/test_patma.py,460,"match (0, 1, 2):
            case [0, 1, *x, 2,]:
                y = 0"
cec7ac08bb0a59d7371bb9316c3209d81ca28d02,tests/run/test_patma.py,468,"match (0, 1, 2):
            case [0, *x, 1, 2]:
                y = 0"
cec7ac08bb0a59d7371bb9316c3209d81ca28d02,tests/run/test_patma.py,476,"match (0, 1, 2):
            case [*x,]:
                y = 0"
cec7ac08bb0a59d7371bb9316c3209d81ca28d02,tests/run/test_patma.py,485,"match x:
            case {}:
                y = 0"
cec7ac08bb0a59d7371bb9316c3209d81ca28d02,tests/run/test_patma.py,494,"match x:
            case {}:
                y = 0"
cec7ac08bb0a59d7371bb9316c3209d81ca28d02,tests/run/test_patma.py,504,"match x:
            case {0: 0}:
                y = 0"
cec7ac08bb0a59d7371bb9316c3209d81ca28d02,tests/run/test_patma.py,513,"match x:
            case {0: (0 | 1 | 2 as z)}:
                y = 0"
cec7ac08bb0a59d7371bb9316c3209d81ca28d02,tests/run/test_patma.py,523,"match x:
            case {0: (0 | 1 | 2 as z)}:
                y = 0"
cec7ac08bb0a59d7371bb9316c3209d81ca28d02,tests/run/test_patma.py,533,"match x:
            case {0: (0 | 1 | 2 as z)}:
                y = 0"
cec7ac08bb0a59d7371bb9316c3209d81ca28d02,tests/run/test_patma.py,544,"match x:
            case {0: (0 | 1 | 2 as z)}:
                y = 0"
cec7ac08bb0a59d7371bb9316c3209d81ca28d02,tests/run/test_patma.py,554,"match x:
            case {0: [1, 2, {}]}:
                y = 0
            case {0: [1, 2, {}], 1: [[]]}:
                y = 1
            case []:
                y = 2"
cec7ac08bb0a59d7371bb9316c3209d81ca28d02,tests/run/test_patma.py,567,"match x:
            case {0: [1, 2, {}]}:
                y = 0
            case {0: [1, 2, {}], 1: [[]]}:
                y = 1
            case []:
                y = 2"
cec7ac08bb0a59d7371bb9316c3209d81ca28d02,tests/run/test_patma.py,580,"match x:
            case {0: [1, 2, {}]}:
                y = 0
            case {0: [1, 2, {}], 1: [[]]}:
                y = 1
            case []:
                y = 2"
cec7ac08bb0a59d7371bb9316c3209d81ca28d02,tests/run/test_patma.py,593,"match x:
            case {0: [1, 2]}:
                y = 0
            case {0: [1, 2, {}], 1: [[]]}:
                y = 1
            case []:
                y = 2"
cec7ac08bb0a59d7371bb9316c3209d81ca28d02,tests/run/test_patma.py,606,"match x:
            case {0: [1, 2, {}]}:
                y = 0
            case {0: [1, 2, {}], 1: [[]]}:
                y = 1
            case []:
                y = 2"
cec7ac08bb0a59d7371bb9316c3209d81ca28d02,tests/run/test_patma.py,619,"match x:
            case {0: [1, 2, {}]}:
                y = 0
            case {0: ([1, 2, {}] | False)} | {1: [[]]} | {0: [1, 2, {}]} | [] | ""X"" | {}:
                y = 1
            case []:
                y = 2"
cec7ac08bb0a59d7371bb9316c3209d81ca28d02,tests/run/test_patma.py,632,"match x:
            case {0: [1, 2, {}]}:
                y = 0
            case {0: [1, 2, {}] | True} | {1: [[]]} | {0: [1, 2, {}]} | [] | ""X"" | {}:
                y = 1
            case []:
                y = 2"
cec7ac08bb0a59d7371bb9316c3209d81ca28d02,tests/run/test_patma.py,645,"match x:
            case 0 | 1 | 2:
                y = 0"
cec7ac08bb0a59d7371bb9316c3209d81ca28d02,tests/run/test_patma.py,654,"match x:
            case 0 | 1 | 2:
                y = 0"
cec7ac08bb0a59d7371bb9316c3209d81ca28d02,tests/run/test_patma.py,663,"match x:
            case 0 | 1 | 2:
                y = 0"
cec7ac08bb0a59d7371bb9316c3209d81ca28d02,tests/run/test_patma.py,673,"match x:
            case 0 | 1 | 2:
                y = 0"
cec7ac08bb0a59d7371bb9316c3209d81ca28d02,tests/run/test_patma.py,682,"match x:
            case (0 as z) | (1 as z) | (2 as z) if z == x % 2:
                y = 0"
cec7ac08bb0a59d7371bb9316c3209d81ca28d02,tests/run/test_patma.py,692,"match x:
            case (0 as z) | (1 as z) | (2 as z) if z == x % 2:
                y = 0"
cec7ac08bb0a59d7371bb9316c3209d81ca28d02,tests/run/test_patma.py,703,"match x:
            case (0 as z) | (1 as z) | (2 as z) if z == x % 2:
                y = 0"
cec7ac08bb0a59d7371bb9316c3209d81ca28d02,tests/run/test_patma.py,714,"match x:
            case (0 as z) | (1 as z) | (2 as z) if z == x % 2:
                y = 0"
cec7ac08bb0a59d7371bb9316c3209d81ca28d02,tests/run/test_patma.py,723,"match x:
            case []:
                y = 0"
cec7ac08bb0a59d7371bb9316c3209d81ca28d02,tests/run/test_patma.py,732,"match x:
            case ():
                y = 0"
cec7ac08bb0a59d7371bb9316c3209d81ca28d02,tests/run/test_patma.py,741,"match x:
            case [0]:
                y = 0"
cec7ac08bb0a59d7371bb9316c3209d81ca28d02,tests/run/test_patma.py,750,"match x:
            case [[]]:
                y = 0"
cec7ac08bb0a59d7371bb9316c3209d81ca28d02,tests/run/test_patma.py,759,"match x:
            case [0, 1] | [1, 0]:
                y = 0"
cec7ac08bb0a59d7371bb9316c3209d81ca28d02,tests/run/test_patma.py,768,"match x:
            case [0, 1] | [1, 0]:
                y = 0"
cec7ac08bb0a59d7371bb9316c3209d81ca28d02,tests/run/test_patma.py,778,"match x:
            case [0, 1] | [1, 0]:
                y = 0"
cec7ac08bb0a59d7371bb9316c3209d81ca28d02,tests/run/test_patma.py,788,"match x:
            case [(0 as w)]:
                y = 0
            case [z] | [1, (0 | 1 as z)] | [z]:
                y = 1"
cec7ac08bb0a59d7371bb9316c3209d81ca28d02,tests/run/test_patma.py,801,"match x:
            case [0]:
                y = 0
            case [1, 0] if (x := x[:0]):
                y = 1
            case [1, 0]:
                y = 2"
cec7ac08bb0a59d7371bb9316c3209d81ca28d02,tests/run/test_patma.py,815,"match x:
            case [0]:
                y = 0"
cec7ac08bb0a59d7371bb9316c3209d81ca28d02,tests/run/test_patma.py,825,"match x:
            case []:
                y = 0"
cec7ac08bb0a59d7371bb9316c3209d81ca28d02,tests/run/test_patma.py,835,"match x:
            case []:
                y = 0"
cec7ac08bb0a59d7371bb9316c3209d81ca28d02,tests/run/test_patma.py,845,"match x:
            case []:
                y = 0"
cec7ac08bb0a59d7371bb9316c3209d81ca28d02,tests/run/test_patma.py,855,"match x:
            case [0, 1]:
                y = 0"
cec7ac08bb0a59d7371bb9316c3209d81ca28d02,tests/run/test_patma.py,864,"match x:
            case 0:
                y = 0"
cec7ac08bb0a59d7371bb9316c3209d81ca28d02,tests/run/test_patma.py,874,"match x:
            case False:
                y = 0"
cec7ac08bb0a59d7371bb9316c3209d81ca28d02,tests/run/test_patma.py,884,"match x:
            case 1:
                y = 0"
cec7ac08bb0a59d7371bb9316c3209d81ca28d02,tests/run/test_patma.py,894,"match x:
            case None:
                y = 0"
cec7ac08bb0a59d7371bb9316c3209d81ca28d02,tests/run/test_patma.py,903,"match x:
            case 0:
                y = 0
            case 0:
                y = 1"
cec7ac08bb0a59d7371bb9316c3209d81ca28d02,tests/run/test_patma.py,915,"match x:
            case 1:
                y = 0
            case 1:
                y = 1"
cec7ac08bb0a59d7371bb9316c3209d81ca28d02,tests/run/test_patma.py,926,"match x:
            case ""x"":
                y = 0
            case ""y"":
                y = 1"
cec7ac08bb0a59d7371bb9316c3209d81ca28d02,tests/run/test_patma.py,937,"match x:
            case ""y"":
                y = 0
            case ""x"":
                y = 1"
cec7ac08bb0a59d7371bb9316c3209d81ca28d02,tests/run/test_patma.py,948,"match x:
            case """":
                y = 0
            case ""x"":
                y = 1"
cec7ac08bb0a59d7371bb9316c3209d81ca28d02,tests/run/test_patma.py,959,"match x:
            case b""y"":
                y = 0
            case b""x"":
                y = 1"
cec7ac08bb0a59d7371bb9316c3209d81ca28d02,tests/run/test_patma.py,970,"match x:
            case 0 if False:
                y = 0
            case 0:
                y = 1"
cec7ac08bb0a59d7371bb9316c3209d81ca28d02,tests/run/test_patma.py,982,"match x:
            case 0 if 0:
                y = 0
            case 0 if 0:
                y = 1"
cec7ac08bb0a59d7371bb9316c3209d81ca28d02,tests/run/test_patma.py,993,"match x:
            case 0 if True:
                y = 0
            case 0 if True:
                y = 1"
cec7ac08bb0a59d7371bb9316c3209d81ca28d02,tests/run/test_patma.py,1004,"match x:
            case 0 if 1:
                y = 0
            case 0 if 1:
                y = 1"
cec7ac08bb0a59d7371bb9316c3209d81ca28d02,tests/run/test_patma.py,1015,"match x:
            case 0 if True:
                y = 0
            case 0 if True:
                y = 1"
cec7ac08bb0a59d7371bb9316c3209d81ca28d02,tests/run/test_patma.py,1027,"match x:
            case 0 if 0:
                y = 0
            case 0 if 1:
                y = 1"
cec7ac08bb0a59d7371bb9316c3209d81ca28d02,tests/run/test_patma.py,1040,"match x:
            case 0 if not (x := 1):
                y = 0
            case 1:
                y = 1"
cec7ac08bb0a59d7371bb9316c3209d81ca28d02,tests/run/test_patma.py,1051,"match x:
            case [""x""]:
                y = 0
            case ""x"":
                y = 1"
cec7ac08bb0a59d7371bb9316c3209d81ca28d02,tests/run/test_patma.py,1062,"match x:
            case [b""x""]:
                y = 0
            case [""x""]:
                y = 1
            case [120]:
                y = 2
            case b""x"":
                y = 4"
cec7ac08bb0a59d7371bb9316c3209d81ca28d02,tests/run/test_patma.py,1078,"match x:
            case [120]:
                y = 0
            case 120:
                y = 1"
cec7ac08bb0a59d7371bb9316c3209d81ca28d02,tests/run/test_patma.py,1089,"match x:
            case []:
                y = 0
            case [""""]:
                y = 1
            case """":
                y = 2"
cec7ac08bb0a59d7371bb9316c3209d81ca28d02,tests/run/test_patma.py,1102,"match x:
            case [""x"", ""x"", ""x""]:
                y = 0
            case [""xxx""]:
                y = 1
            case ""xxx"":
                y = 2"
cec7ac08bb0a59d7371bb9316c3209d81ca28d02,tests/run/test_patma.py,1115,"match x:
            case [120, 120, 120]:
                y = 0
            case [b""xxx""]:
                y = 1
            case b""xxx"":
                y = 2"
cec7ac08bb0a59d7371bb9316c3209d81ca28d02,tests/run/test_patma.py,1128,"match x:
            case 0 if not (x := 1):
                y = 0
            case (0 as z):
                y = 1"
cec7ac08bb0a59d7371bb9316c3209d81ca28d02,tests/run/test_patma.py,1140,"match x:
            case (1 as z) if not (x := 1):
                y = 0
            case 0:
                y = 1"
cec7ac08bb0a59d7371bb9316c3209d81ca28d02,tests/run/test_patma.py,1151,"match x:
            case (0 as z):
                y = 0"
cec7ac08bb0a59d7371bb9316c3209d81ca28d02,tests/run/test_patma.py,1162,"match x:
            case (1 as z):
                y = 0"
cec7ac08bb0a59d7371bb9316c3209d81ca28d02,tests/run/test_patma.py,1172,"match x:
            case (0 as z) if (w := 0):
                y = 0"
cec7ac08bb0a59d7371bb9316c3209d81ca28d02,tests/run/test_patma.py,1183,"match x:
            case ((0 as w) as z):
                y = 0"
cec7ac08bb0a59d7371bb9316c3209d81ca28d02,tests/run/test_patma.py,1194,"match x:
            case (0 | 1) | 2:
                y = 0"
cec7ac08bb0a59d7371bb9316c3209d81ca28d02,tests/run/test_patma.py,1203,"match x:
            case (0 | 1) | 2:
                y = 0"
cec7ac08bb0a59d7371bb9316c3209d81ca28d02,tests/run/test_patma.py,1212,"match x:
            case (0 | 1) | 2:
                y = 0"
cec7ac08bb0a59d7371bb9316c3209d81ca28d02,tests/run/test_patma.py,1222,"match x:
            case (0 | 1) | 2:
                y = 0"
cec7ac08bb0a59d7371bb9316c3209d81ca28d02,tests/run/test_patma.py,1231,"match x:
            case 0 | (1 | 2):
                y = 0"
cec7ac08bb0a59d7371bb9316c3209d81ca28d02,tests/run/test_patma.py,1240,"match x:
            case 0 | (1 | 2):
                y = 0"
cec7ac08bb0a59d7371bb9316c3209d81ca28d02,tests/run/test_patma.py,1249,"match x:
            case 0 | (1 | 2):
                y = 0"
cec7ac08bb0a59d7371bb9316c3209d81ca28d02,tests/run/test_patma.py,1259,"match x:
            case 0 | (1 | 2):
                y = 0"
cec7ac08bb0a59d7371bb9316c3209d81ca28d02,tests/run/test_patma.py,1268,"match x:
            case -0:
                y = 0"
cec7ac08bb0a59d7371bb9316c3209d81ca28d02,tests/run/test_patma.py,1277,"match x:
            case -0.0:
                y = 0"
cec7ac08bb0a59d7371bb9316c3209d81ca28d02,tests/run/test_patma.py,1286,"match x:
            case -0j:
                y = 0"
cec7ac08bb0a59d7371bb9316c3209d81ca28d02,tests/run/test_patma.py,1295,"match x:
            case -0.0j:
                y = 0"
cec7ac08bb0a59d7371bb9316c3209d81ca28d02,tests/run/test_patma.py,1304,"match x:
            case -1:
                y = 0"
cec7ac08bb0a59d7371bb9316c3209d81ca28d02,tests/run/test_patma.py,1313,"match x:
            case -1.5:
                y = 0"
cec7ac08bb0a59d7371bb9316c3209d81ca28d02,tests/run/test_patma.py,1322,"match x:
            case -1j:
                y = 0"
cec7ac08bb0a59d7371bb9316c3209d81ca28d02,tests/run/test_patma.py,1331,"match x:
            case -1.5j:
                y = 0"
cec7ac08bb0a59d7371bb9316c3209d81ca28d02,tests/run/test_patma.py,1340,"match x:
            case 0 + 0j:
                y = 0"
cec7ac08bb0a59d7371bb9316c3209d81ca28d02,tests/run/test_patma.py,1349,"match x:
            case 0 - 0j:
                y = 0"
cec7ac08bb0a59d7371bb9316c3209d81ca28d02,tests/run/test_patma.py,1358,"match x:
            case -0 + 0j:
                y = 0"
cec7ac08bb0a59d7371bb9316c3209d81ca28d02,tests/run/test_patma.py,1367,"match x:
            case -0 - 0j:
                y = 0"
cec7ac08bb0a59d7371bb9316c3209d81ca28d02,tests/run/test_patma.py,1376,"match x:
            case 0.25 + 1.75j:
                y = 0"
cec7ac08bb0a59d7371bb9316c3209d81ca28d02,tests/run/test_patma.py,1385,"match x:
            case 0.25 - 1.75j:
                y = 0"
cec7ac08bb0a59d7371bb9316c3209d81ca28d02,tests/run/test_patma.py,1394,"match x:
            case -0.25 + 1.75j:
                y = 0"
cec7ac08bb0a59d7371bb9316c3209d81ca28d02,tests/run/test_patma.py,1403,"match x:
            case -0.25 - 1.75j:
                y = 0"
cec7ac08bb0a59d7371bb9316c3209d81ca28d02,tests/run/test_patma.py,1414,"match x:
            case A.B:
                y = 0"
cec7ac08bb0a59d7371bb9316c3209d81ca28d02,tests/run/test_patma.py,1427,"match x:
            case A.B.C:
                y = 0"
cec7ac08bb0a59d7371bb9316c3209d81ca28d02,tests/run/test_patma.py,1441,"match x:
            case A.B.C:
                y = 0
            case A.B.D:
                y = 1"
cec7ac08bb0a59d7371bb9316c3209d81ca28d02,tests/run/test_patma.py,1458,"match x:
            case A.B.C.D:
                y = 0"
cec7ac08bb0a59d7371bb9316c3209d81ca28d02,tests/run/test_patma.py,1473,"match x:
            case A.B.C.D:
                y = 0
            case A.B.C.E:
                y = 1"
cec7ac08bb0a59d7371bb9316c3209d81ca28d02,tests/run/test_patma.py,1486,"match match:
            case case:
                x = 0"
cec7ac08bb0a59d7371bb9316c3209d81ca28d02,tests/run/test_patma.py,1496,"match case:
            case match:
                x = 0"
cec7ac08bb0a59d7371bb9316c3209d81ca28d02,tests/run/test_patma.py,1506,"match x:
            case [*_, _]:
                y = 0
            case []:
                y = 1"
cec7ac08bb0a59d7371bb9316c3209d81ca28d02,tests/run/test_patma.py,1517,"match x:
            case {0: 0}:
                y = 0
            case {}:
                y = 1"
cec7ac08bb0a59d7371bb9316c3209d81ca28d02,tests/run/test_patma.py,1528,"match x:
            case {0: 0}:
                y = 0
            case {**z}:
                y = 1"
cec7ac08bb0a59d7371bb9316c3209d81ca28d02,tests/run/test_patma.py,1539,"match ():
            case ():
                x = 0"
cec7ac08bb0a59d7371bb9316c3209d81ca28d02,tests/run/test_patma.py,1546,"match (0, 1, 2):
            case (*x,):
                y = 0"
cec7ac08bb0a59d7371bb9316c3209d81ca28d02,tests/run/test_patma.py,1554,"match (0, 1, 2):
            case 0, *x:
                y = 0"
cec7ac08bb0a59d7371bb9316c3209d81ca28d02,tests/run/test_patma.py,1562,"match (0, 1, 2):
            case (0, 1, *x,):
                y = 0"
cec7ac08bb0a59d7371bb9316c3209d81ca28d02,tests/run/test_patma.py,1570,"match (0, 1, 2):
            case 0, 1, 2, *x:
                y = 0"
cec7ac08bb0a59d7371bb9316c3209d81ca28d02,tests/run/test_patma.py,1578,"match (0, 1, 2):
            case *x, 2,:
                y = 0"
cec7ac08bb0a59d7371bb9316c3209d81ca28d02,tests/run/test_patma.py,1586,"match (0, 1, 2):
            case (*x, 1, 2):
                y = 0"
cec7ac08bb0a59d7371bb9316c3209d81ca28d02,tests/run/test_patma.py,1594,"match (0, 1, 2):
            case *x, 0, 1, 2,:
                y = 0"
cec7ac08bb0a59d7371bb9316c3209d81ca28d02,tests/run/test_patma.py,1602,"match (0, 1, 2):
            case (0, *x, 2):
                y = 0"
cec7ac08bb0a59d7371bb9316c3209d81ca28d02,tests/run/test_patma.py,1610,"match (0, 1, 2):
            case 0, 1, *x, 2,:
                y = 0"
cec7ac08bb0a59d7371bb9316c3209d81ca28d02,tests/run/test_patma.py,1618,"match (0, 1, 2):
            case (0, *x, 1, 2):
                y = 0"
cec7ac08bb0a59d7371bb9316c3209d81ca28d02,tests/run/test_patma.py,1626,"match (0, 1, 2):
            case *x,:
                y = 0"
cec7ac08bb0a59d7371bb9316c3209d81ca28d02,tests/run/test_patma.py,1635,"match x:
            case {1: 0}:
                y = 0
            case {0: 0}:
                y = 1
            case {}:
                y = 2"
cec7ac08bb0a59d7371bb9316c3209d81ca28d02,tests/run/test_patma.py,1648,"match x:
            case {1: 0}:
                y = 0
            case {0: 0}:
                y = 1
            case {**z}:
                y = 2"
cec7ac08bb0a59d7371bb9316c3209d81ca28d02,tests/run/test_patma.py,1662,"match x:
            case {1: 0}:
                y = 0
            case {0: 0}:
                y = 1
            case {0: _, **z}:
                y = 2"
cec7ac08bb0a59d7371bb9316c3209d81ca28d02,tests/run/test_patma.py,1676,"match x:
            case {1: 0}:
                y = 0
            case {0: 0}:
                y = 0
            case {}:
                y = 1"
cec7ac08bb0a59d7371bb9316c3209d81ca28d02,tests/run/test_patma.py,1689,"match x:
            case {1: 0}:
                y = 0
            case {0: 0}:
                y = 0
            case {**z}:
                y = 1"
cec7ac08bb0a59d7371bb9316c3209d81ca28d02,tests/run/test_patma.py,1703,"match x:
            case {1: 0}:
                y = 0
            case {0: 0}:
                y = 0
            case {0: _, **z}:
                y = 1"
cec7ac08bb0a59d7371bb9316c3209d81ca28d02,tests/run/test_patma.py,1717,"match x:
            case bool(z):
                y = 0"
cec7ac08bb0a59d7371bb9316c3209d81ca28d02,tests/run/test_patma.py,1727,"match x:
            case bool(z):
                y = 0"
cec7ac08bb0a59d7371bb9316c3209d81ca28d02,tests/run/test_patma.py,1737,"match x:
            case bytearray(z):
                y = 0"
cec7ac08bb0a59d7371bb9316c3209d81ca28d02,tests/run/test_patma.py,1747,"match x:
            case bytes(z):
                y = 0"
cec7ac08bb0a59d7371bb9316c3209d81ca28d02,tests/run/test_patma.py,1757,"match x:
            case dict(z):
                y = 0"
cec7ac08bb0a59d7371bb9316c3209d81ca28d02,tests/run/test_patma.py,1767,"match x:
            case float(z):
                y = 0"
cec7ac08bb0a59d7371bb9316c3209d81ca28d02,tests/run/test_patma.py,1777,"match x:
            case frozenset(z):
                y = 0"
cec7ac08bb0a59d7371bb9316c3209d81ca28d02,tests/run/test_patma.py,1787,"match x:
            case int(z):
                y = 0"
cec7ac08bb0a59d7371bb9316c3209d81ca28d02,tests/run/test_patma.py,1797,"match x:
            case list(z):
                y = 0"
cec7ac08bb0a59d7371bb9316c3209d81ca28d02,tests/run/test_patma.py,1807,"match x:
            case set(z):
                y = 0"
cec7ac08bb0a59d7371bb9316c3209d81ca28d02,tests/run/test_patma.py,1817,"match x:
            case str(z):
                y = 0"
cec7ac08bb0a59d7371bb9316c3209d81ca28d02,tests/run/test_patma.py,1827,"match x:
            case tuple(z):
                y = 0"
cec7ac08bb0a59d7371bb9316c3209d81ca28d02,tests/run/test_patma.py,1837,"match x,:
            case y,:
                z = 0"
cec7ac08bb0a59d7371bb9316c3209d81ca28d02,tests/run/test_patma.py,1848,"match w, x:
            case y, z:
                v = 0"
cec7ac08bb0a59d7371bb9316c3209d81ca28d02,tests/run/test_patma.py,1860,"match w := x,:
            case y as v,:
                z = 0"
cec7ac08bb0a59d7371bb9316c3209d81ca28d02,tests/run/test_patma.py,1873,"match x:
            case 0 if x:
                y = 0"
cec7ac08bb0a59d7371bb9316c3209d81ca28d02,tests/run/test_patma.py,1883,"match x:
            case 1e1000:
                y = 0"
cec7ac08bb0a59d7371bb9316c3209d81ca28d02,tests/run/test_patma.py,1892,"match x:
            case z:
                y = 0"
cec7ac08bb0a59d7371bb9316c3209d81ca28d02,tests/run/test_patma.py,1903,"match x:
            case _ if x:
                y = 0"
cec7ac08bb0a59d7371bb9316c3209d81ca28d02,tests/run/test_patma.py,1912,"match x:
            case -1e1000:
                y = 0
            case 0:
                y = 1"
cec7ac08bb0a59d7371bb9316c3209d81ca28d02,tests/run/test_patma.py,1923,"match x:
            case 0 if not x:
                y = 0
            case 1:
                y = 1"
cec7ac08bb0a59d7371bb9316c3209d81ca28d02,tests/run/test_patma.py,1935,"match x:
            case 0:
                y = 0
            case z if x:
                y = 1"
cec7ac08bb0a59d7371bb9316c3209d81ca28d02,tests/run/test_patma.py,1947,"match x:
            case 0:
                y = 0
            case _:
                y = 1"
cec7ac08bb0a59d7371bb9316c3209d81ca28d02,tests/run/test_patma.py,1958,"match x:
            case 1 if x:
                y = 0
            case 0:
                y = 1"
cec7ac08bb0a59d7371bb9316c3209d81ca28d02,tests/run/test_patma.py,1970,"match x:
            case 1:
                y = 0
            case 1 if not x:
                y = 1"
cec7ac08bb0a59d7371bb9316c3209d81ca28d02,tests/run/test_patma.py,1981,"match x:
            case 1:
                y = 0
            case z:
                y = 1"
cec7ac08bb0a59d7371bb9316c3209d81ca28d02,tests/run/test_patma.py,1993,"match x:
            case 1 if x:
                y = 0
            case _:
                y = 1"
cec7ac08bb0a59d7371bb9316c3209d81ca28d02,tests/run/test_patma.py,2004,"match x:
            case z if not z:
                y = 0
            case 0 if x:
                y = 1"
cec7ac08bb0a59d7371bb9316c3209d81ca28d02,tests/run/test_patma.py,2016,"match x:
            case z if not z:
                y = 0
            case 1:
                y = 1"
cec7ac08bb0a59d7371bb9316c3209d81ca28d02,tests/run/test_patma.py,2028,"match x:
            case z if not x:
                y = 0
            case z:
                y = 1"
cec7ac08bb0a59d7371bb9316c3209d81ca28d02,tests/run/test_patma.py,2040,"match x:
            case z if not z:
                y = 0
            case _ if x:
                y = 1"
cec7ac08bb0a59d7371bb9316c3209d81ca28d02,tests/run/test_patma.py,2052,"match x:
            case _ if not x:
                y = 0
            case 0:
                y = 1"
cec7ac08bb0a59d7371bb9316c3209d81ca28d02,tests/run/test_patma.py,2064,"match x:
            case _ if x:
                y = 0
            case 1:
                y = 1"
cec7ac08bb0a59d7371bb9316c3209d81ca28d02,tests/run/test_patma.py,2076,"match x:
            case _ if not x:
                y = 0
            case z if not x:
                y = 1"
cec7ac08bb0a59d7371bb9316c3209d81ca28d02,tests/run/test_patma.py,2088,"match x:
            case _ if not x:
                y = 0
            case _:
                y = 1"
cec7ac08bb0a59d7371bb9316c3209d81ca28d02,tests/run/test_patma.py,2099,"match status:
                case 400:
                    return ""Bad request""
                case 401:
                    return ""Unauthorized""
                case 403:
                    return ""Forbidden""
                case 404:
                    return ""Not found""
                case 418:
                    return ""I'm a teapot""
                case _:
                    return ""Something else"""
cec7ac08bb0a59d7371bb9316c3209d81ca28d02,tests/run/test_patma.py,2124,"match status:
                case 400:
                    return ""Bad request""
                case 401 | 403 | 404:
                    return ""Not allowed""
                case 418:
                    return ""I'm a teapot"""
cec7ac08bb0a59d7371bb9316c3209d81ca28d02,tests/run/test_patma.py,2143,"match point:
                case (0, 0):
                    return ""Origin""
                case (0, y):
                    return f""Y={y}""
                case (x, 0):
                    return f""X={x}""
                case (x, y):
                    return f""X={x}, Y={y}""
                case _:
                    return ""Not a point"""
cec7ac08bb0a59d7371bb9316c3209d81ca28d02,tests/run/test_patma.py,2163,"match point:
                case Point(0, 0):
                    return ""Origin""
                case Point(0, y):
                    return f""Y={y}""
                case Point(x, 0):
                    return f""X={x}""
                case Point():
                    return ""Somewhere else""
                case _:
                    return ""Not a point"""
cec7ac08bb0a59d7371bb9316c3209d81ca28d02,tests/run/test_patma.py,2187,"match point:
                case Point(1, var):
                    return var"
cec7ac08bb0a59d7371bb9316c3209d81ca28d02,tests/run/test_patma.py,2196,"match point:
                case Point(1, y=var):
                    return var"
cec7ac08bb0a59d7371bb9316c3209d81ca28d02,tests/run/test_patma.py,2205,"match point:
                case Point(x=1, y=var):
                    return var"
cec7ac08bb0a59d7371bb9316c3209d81ca28d02,tests/run/test_patma.py,2214,"match point:
                case Point(y=var, x=1):
                    return var"
cec7ac08bb0a59d7371bb9316c3209d81ca28d02,tests/run/test_patma.py,2223,"match points:
                case []:
                    return ""No points""
                case [Point(0, 0)]:
                    return ""The origin""
                case [Point(x, y)]:
                    return f""Single point {x}, {y}""
                case [Point(0, y1), Point(0, y2)]:
                    return f""Two on the Y axis at {y1}, {y2}""
                case _:
                    return ""Something else"""
cec7ac08bb0a59d7371bb9316c3209d81ca28d02,tests/run/test_patma.py,2246,"match point:
                case Point(x, y) if x == y:
                    return f""Y=X at {x}""
                case Point(x, y):
                    return ""Not on the diagonal"""
cec7ac08bb0a59d7371bb9316c3209d81ca28d02,tests/run/test_patma.py,2264,"match Seq():
            case []:
                y = 0"
cec7ac08bb0a59d7371bb9316c3209d81ca28d02,tests/run/test_patma.py,2275,"match Seq():
            case [*_]:
                y = 0"
cec7ac08bb0a59d7371bb9316c3209d81ca28d02,tests/run/test_patma.py,2287,"match Seq():
            case [x, *_, y]:
                z = 0"
cec7ac08bb0a59d7371bb9316c3209d81ca28d02,tests/run/test_patma.py,2297,"match w:
            case [x, y, *rest]:
                z = 0"
cec7ac08bb0a59d7371bb9316c3209d81ca28d02,tests/run/test_patma.py,2309,"match w:
            case (x, y, *rest):
                z = 0"
cec7ac08bb0a59d7371bb9316c3209d81ca28d02,tests/run/test_patma.py,2321,"match w:
            case x, y, *rest:
                z = 0"
cec7ac08bb0a59d7371bb9316c3209d81ca28d02,tests/run/test_patma.py,2333,"match w:
            case [x, y, *_]:
                z = 0"
cec7ac08bb0a59d7371bb9316c3209d81ca28d02,tests/run/test_patma.py,2344,"match w:
            case (x, y, *_):
                z = 0"
cec7ac08bb0a59d7371bb9316c3209d81ca28d02,tests/run/test_patma.py,2355,"match w:
            case x, y, *_:
                z = 0"
cec7ac08bb0a59d7371bb9316c3209d81ca28d02,tests/run/test_patma.py,2366,"match x:
            case {""bandwidth"": b, ""latency"": l}:
                y = 0"
cec7ac08bb0a59d7371bb9316c3209d81ca28d02,tests/run/test_patma.py,2377,"match x:
            case {""latency"": l, ""bandwidth"": b}:
                y = 0"
cec7ac08bb0a59d7371bb9316c3209d81ca28d02,tests/run/test_patma.py,2388,"match x:
            case {""bandwidth"": b, ""latency"": l, **rest}:
                y = 0"
cec7ac08bb0a59d7371bb9316c3209d81ca28d02,tests/run/test_patma.py,2400,"match x:
            case {""latency"": l, ""bandwidth"": b, **rest}:
                y = 0"
cec7ac08bb0a59d7371bb9316c3209d81ca28d02,tests/run/test_patma.py,2412,"match w:
            case (Point(x1, y1), Point(x2, y2) as p2):
                z = 0"
cec7ac08bb0a59d7371bb9316c3209d81ca28d02,tests/run/test_patma.py,2430,"match color:
                case Color.RED:
                    return ""I see red!""
                case Color.GREEN:
                    return ""Grass is green""
                case Color.BLUE:
                    return ""I'm feeling the blues :("""
cec7ac08bb0a59d7371bb9316c3209d81ca28d02,tests/run/test_patma.py,2457,"match color:
                case Color.RED:
                    return ""I see red!""
                case Color.GREEN:
                    return ""Grass is green""
                case Color.BLUE:
                    return ""I'm feeling the blues :("""
cec7ac08bb0a59d7371bb9316c3209d81ca28d02,tests/run/test_patma.py,2484,"match c:
            case Class(x, y):
                z = 0"
cec7ac08bb0a59d7371bb9316c3209d81ca28d02,tests/run/test_patma.py,2498,"match c:
            case Class(x, b=y):
                z = 0"
cec7ac08bb0a59d7371bb9316c3209d81ca28d02,tests/run/test_patma.py,2514,"match c:
            case Parent(x, y):
                z = 0"
cec7ac08bb0a59d7371bb9316c3209d81ca28d02,tests/run/test_patma.py,2530,"match c:
            case Parent(x, b=y):
                z = 0"
cec7ac08bb0a59d7371bb9316c3209d81ca28d02,tests/run/test_patma.py,2540,"match w:
                case 42:
                    out = locals()
                    del out[""w""]
                    return out"
cec7ac08bb0a59d7371bb9316c3209d81ca28d02,tests/run/test_patma.py,2553,"match w:
                case 42.0:
                    out = locals()
                    del out[""w""]
                    return out"
cec7ac08bb0a59d7371bb9316c3209d81ca28d02,tests/run/test_patma.py,2566,"match w:
                case 1 | 2 | 3:
                    out = locals()
                    del out[""w""]
                    return out"
cec7ac08bb0a59d7371bb9316c3209d81ca28d02,tests/run/test_patma.py,2582,"match w:
                case [1, 2] | [3, 4]:
                    out = locals()
                    del out[""w""]
                    return out"
cec7ac08bb0a59d7371bb9316c3209d81ca28d02,tests/run/test_patma.py,2597,"match w:
                case x:
                    out = locals()
                    del out[""w""]
                    return out"
cec7ac08bb0a59d7371bb9316c3209d81ca28d02,tests/run/test_patma.py,2609,"match w:
                case _:
                    out = locals()
                    del out[""w""]
                    return out"
cec7ac08bb0a59d7371bb9316c3209d81ca28d02,tests/run/test_patma.py,2621,"match w:
                case (x, y, z):
                    out = locals()
                    del out[""w""]
                    return out"
cec7ac08bb0a59d7371bb9316c3209d81ca28d02,tests/run/test_patma.py,2639,"match w:
                case {""x"": x, ""y"": ""y"", ""z"": z}:
                    out = locals()
                    del out[""w""]
                    return out"
cec7ac08bb0a59d7371bb9316c3209d81ca28d02,tests/run/test_patma.py,2652,"match w:
                case Point(int(xx), y=""hello""):
                    out = locals()
                    del out[""w""]
                    return out"
cec7ac08bb0a59d7371bb9316c3209d81ca28d02,tests/run/test_patma.py,2662,"match w:
                case (p, q) as x:
                    out = locals()
                    del out[""w""]
                    return out"
cec7ac08bb0a59d7371bb9316c3209d81ca28d02,tests/run/test_patma.py,2675,"match 42:
                case 42:
                    return locals()"
cec7ac08bb0a59d7371bb9316c3209d81ca28d02,tests/run/test_patma.py,2683,"match 1:
                case 1 | 2 | 3:
                    return locals()"
cec7ac08bb0a59d7371bb9316c3209d81ca28d02,tests/run/test_patma.py,2691,"match ...:
                case _:
                    return locals()"
cec7ac08bb0a59d7371bb9316c3209d81ca28d02,tests/run/test_patma.py,2699,"match ...:
                case abc:
                    return locals()"
cec7ac08bb0a59d7371bb9316c3209d81ca28d02,tests/run/test_patma.py,2707,"match ..., ...:
                case a, b:
                    return locals()"
cec7ac08bb0a59d7371bb9316c3209d81ca28d02,tests/run/test_patma.py,2715,"match {""k"": ..., ""l"": ...}:
                case {""k"": a, ""l"": b}:
                    return locals()"
cec7ac08bb0a59d7371bb9316c3209d81ca28d02,tests/run/test_patma.py,2723,"match Point(..., ...):
                case Point(x, y=y):
                    return locals()"
cec7ac08bb0a59d7371bb9316c3209d81ca28d02,tests/run/test_patma.py,2731,"match ...:
                case b as a:
                    return locals()"
cec7ac08bb0a59d7371bb9316c3209d81ca28d02,tests/run/test_patma.py,2739,"match x:
                case _:
                    return 0"
cec7ac08bb0a59d7371bb9316c3209d81ca28d02,tests/run/test_patma.py,2750,"match x:
                case 0:
                    return 0"
cec7ac08bb0a59d7371bb9316c3209d81ca28d02,tests/run/test_patma.py,2761,"match x:
                case 0:
                    return 0
                case _:
                    return 1"
cec7ac08bb0a59d7371bb9316c3209d81ca28d02,tests/run/test_patma.py,2774,"match x:
                case 0:
                    return 0
                case 1:
                    return 1"
cec7ac08bb0a59d7371bb9316c3209d81ca28d02,tests/run/test_patma.py,2787,"match x:
                case 0:
                    return 0
                case 1:
                    return 1
                case _:
                    return 2"
cec7ac08bb0a59d7371bb9316c3209d81ca28d02,tests/run/test_patma.py,2802,"match x:
                case 0:
                    return 0
                case 1:
                    return 1
                case 2:
                    return 2"
cec7ac08bb0a59d7371bb9316c3209d81ca28d02,tests/run/test_patma.py,2816,"match():
            case():
                x = 0"
cec7ac08bb0a59d7371bb9316c3209d81ca28d02,tests/run/test_patma.py,2824,"match(x):
            case(x):
                y = 0"
cec7ac08bb0a59d7371bb9316c3209d81ca28d02,tests/run/test_patma.py,2833,"match x:
            case False:
                y = 0
            case 0:
                y = 1"
cec7ac08bb0a59d7371bb9316c3209d81ca28d02,tests/run/test_patma.py,2844,"match x:
            case True:
                y = 0
            case 1:
                y = 1"
cec7ac08bb0a59d7371bb9316c3209d81ca28d02,tests/run/test_patma.py,2859,"match x:
            case None:
                y = 0"
cec7ac08bb0a59d7371bb9316c3209d81ca28d02,tests/run/test_patma.py,2868,"match x:
            case False:
                y = 0"
cec7ac08bb0a59d7371bb9316c3209d81ca28d02,tests/run/test_patma.py,2877,"match x:
            case True:
                y = 0"
cec7ac08bb0a59d7371bb9316c3209d81ca28d02,tests/run/test_patma.py,2886,"match x:
            case None:
                y = 0"
cec7ac08bb0a59d7371bb9316c3209d81ca28d02,tests/run/test_patma.py,2895,"match x:
            case (0 as w) as z:
                y = 0"
cec7ac08bb0a59d7371bb9316c3209d81ca28d02,tests/run/test_patma.py,2906,"match x:
            case (0 as w) as z:
                y = 0"
cec7ac08bb0a59d7371bb9316c3209d81ca28d02,tests/run/test_patma.py,2917,"match x:
            case ((a as b, c as d) as e) as w, ((f as g, h) as i) as z:
                y = 0"
cec7ac08bb0a59d7371bb9316c3209d81ca28d02,tests/run/test_patma.py,2937,"match x:
            case {2: 3}:
                y = 0"
cec7ac08bb0a59d7371bb9316c3209d81ca28d02,tests/run/test_patma.py,2946,"match x:
            case {2: 3, **z}:
                y = 0"
cec7ac08bb0a59d7371bb9316c3209d81ca28d02,tests/run/test_patma.py,2956,"match x:
            case list([({-0-0j: int(real=0+0j, imag=0-0j) | (1) as z},)]):
                y = 0"
cec7ac08bb0a59d7371bb9316c3209d81ca28d02,tests/run/test_patma.py,2966,"match x:
            case [y, *_, z]:
                w = 0"
cec7ac08bb0a59d7371bb9316c3209d81ca28d02,tests/run/test_patma.py,2977,"match x:
            case [_, *_, y]:
                z = 0"
cec7ac08bb0a59d7371bb9316c3209d81ca28d02,tests/run/test_patma.py,2987,"match x:
            case [*_, y]:
                z = 0"
cec7ac08bb0a59d7371bb9316c3209d81ca28d02,tests/run/test_patma.py,2997,"match x:
            case {""y"": (0 as y) | (1 as y)}:
                z = 0"
cec7ac08bb0a59d7371bb9316c3209d81ca28d02,tests/run/test_patma.py,3007,"match x:
                case ((a, b, c, d, e, f, g, h, i, 9) |
                      (h, g, i, a, b, d, e, c, f, 10) |
                      (g, b, a, c, d, -5, e, h, i, f) |
                      (-1, d, f, b, g, e, i, a, h, c)):
                    w = 0"
cec7ac08bb0a59d7371bb9316c3209d81ca28d02,tests/run/test_patma.py,3032,"match x:
                case [y, (a, b, c, d, e, f, g, h, i, 9) |
                         (h, g, i, a, b, d, e, c, f, 10) |
                         (g, b, a, c, d, -5, e, h, i, f) |
                         (-1, d, f, b, g, e, i, a, h, c), z]:
                    w = 0"
cec7ac08bb0a59d7371bb9316c3209d81ca28d02,tests/run/test_patma.py,3062,"match x:
            case {'foo': bar}:
                y = bar"
cec7ac08bb0a59d7371bb9316c3209d81ca28d02,tests/run/test_patma.py,3075,"match x:
                    # looks up __attr, not _C__attr or _Outer__attr
                    case C(__attr=y):
                        return y"
cec7ac08bb0a59d7371bb9316c3209d81ca28d02,tests/run/test_patma.py,3396,"match x:
                case Class(y):
                    z = 0"
cec7ac08bb0a59d7371bb9316c3209d81ca28d02,tests/run/test_patma.py,3407,"match x:
                case range(10):
                    y = 0"
cec7ac08bb0a59d7371bb9316c3209d81ca28d02,tests/run/test_patma.py,3421,"match x:
                case Class(y, z):
                    w = 0"
cec7ac08bb0a59d7371bb9316c3209d81ca28d02,tests/run/test_patma.py,3436,"match x:
                case Class(y, a=z):
                    w = 0"
cec7ac08bb0a59d7371bb9316c3209d81ca28d02,tests/run/test_patma.py,3450,"match x:
                case Class(y):
                    z = 0"
cec7ac08bb0a59d7371bb9316c3209d81ca28d02,tests/run/test_patma.py,3463,"match x:
                case Class(y):
                    z = 0"
cec7ac08bb0a59d7371bb9316c3209d81ca28d02,tests/run/test_patma.py,3476,"match x:
                case Class(y):
                    z = 0"
cec7ac08bb0a59d7371bb9316c3209d81ca28d02,tests/run/test_patma.py,3491,"match x:
                case Class(y, z):
                    w = 0"
cec7ac08bb0a59d7371bb9316c3209d81ca28d02,tests/run/test_patma.py,3508,"match x:
                case {Keys.KEY: y, ""a"": z}:
                    w = 0"
e9bbce163c70c05863a6863368c07c0bde2afabc,tests/run/test_patma.py,187,"match x:
            case [*_]:
                return ""seq""
            case {}:
                return ""map"""
e9bbce163c70c05863a6863368c07c0bde2afabc,tests/run/test_patma.py,196,"match x:
            case {}:
                return ""map""
            case [*_]:
                return ""seq"""
e9bbce163c70c05863a6863368c07c0bde2afabc,tests/run/test_patma.py,297,"match 0:
            case 0:
                x = True"
e9bbce163c70c05863a6863368c07c0bde2afabc,tests/run/test_patma.py,304,"match 0:
            case 0 if False:
                x = False
            case 0 if True:
                x = True"
e9bbce163c70c05863a6863368c07c0bde2afabc,tests/run/test_patma.py,313,"match 0:
            case 0:
                x = True
            case 0:
                x = False"
e9bbce163c70c05863a6863368c07c0bde2afabc,tests/run/test_patma.py,323,"match 0:
            case 0 | 1 | 2 | 3:
                x = True"
e9bbce163c70c05863a6863368c07c0bde2afabc,tests/run/test_patma.py,331,"match 1:
            case 0 | 1 | 2 | 3:
                x = True"
e9bbce163c70c05863a6863368c07c0bde2afabc,tests/run/test_patma.py,339,"match 2:
            case 0 | 1 | 2 | 3:
                x = True"
e9bbce163c70c05863a6863368c07c0bde2afabc,tests/run/test_patma.py,347,"match 3:
            case 0 | 1 | 2 | 3:
                x = True"
e9bbce163c70c05863a6863368c07c0bde2afabc,tests/run/test_patma.py,355,"match 4:
            case 0 | 1 | 2 | 3:
                x = True"
e9bbce163c70c05863a6863368c07c0bde2afabc,tests/run/test_patma.py,365,"match x:
            case A.y as z:
                pass"
e9bbce163c70c05863a6863368c07c0bde2afabc,tests/run/test_patma.py,375,"match 0:
            case x if x:
                z = 0
            case _ as y if y == x and y:
                z = 1
            case A.B:
                z = 2"
e9bbce163c70c05863a6863368c07c0bde2afabc,tests/run/test_patma.py,389,"match ():
            case []:
                x = 0"
e9bbce163c70c05863a6863368c07c0bde2afabc,tests/run/test_patma.py,396,"match (0, 1, 2):
            case [*x]:
                y = 0"
e9bbce163c70c05863a6863368c07c0bde2afabc,tests/run/test_patma.py,404,"match (0, 1, 2):
            case [0, *x]:
                y = 0"
e9bbce163c70c05863a6863368c07c0bde2afabc,tests/run/test_patma.py,412,"match (0, 1, 2):
            case [0, 1, *x,]:
                y = 0"
e9bbce163c70c05863a6863368c07c0bde2afabc,tests/run/test_patma.py,420,"match (0, 1, 2):
            case [0, 1, 2, *x]:
                y = 0"
e9bbce163c70c05863a6863368c07c0bde2afabc,tests/run/test_patma.py,428,"match (0, 1, 2):
            case [*x, 2,]:
                y = 0"
e9bbce163c70c05863a6863368c07c0bde2afabc,tests/run/test_patma.py,436,"match (0, 1, 2):
            case [*x, 1, 2]:
                y = 0"
e9bbce163c70c05863a6863368c07c0bde2afabc,tests/run/test_patma.py,444,"match (0, 1, 2):
            case [*x, 0, 1, 2,]:
                y = 0"
e9bbce163c70c05863a6863368c07c0bde2afabc,tests/run/test_patma.py,452,"match (0, 1, 2):
            case [0, *x, 2]:
                y = 0"
e9bbce163c70c05863a6863368c07c0bde2afabc,tests/run/test_patma.py,460,"match (0, 1, 2):
            case [0, 1, *x, 2,]:
                y = 0"
e9bbce163c70c05863a6863368c07c0bde2afabc,tests/run/test_patma.py,468,"match (0, 1, 2):
            case [0, *x, 1, 2]:
                y = 0"
e9bbce163c70c05863a6863368c07c0bde2afabc,tests/run/test_patma.py,476,"match (0, 1, 2):
            case [*x,]:
                y = 0"
e9bbce163c70c05863a6863368c07c0bde2afabc,tests/run/test_patma.py,485,"match x:
            case {}:
                y = 0"
e9bbce163c70c05863a6863368c07c0bde2afabc,tests/run/test_patma.py,494,"match x:
            case {}:
                y = 0"
e9bbce163c70c05863a6863368c07c0bde2afabc,tests/run/test_patma.py,504,"match x:
            case {0: 0}:
                y = 0"
e9bbce163c70c05863a6863368c07c0bde2afabc,tests/run/test_patma.py,513,"match x:
            case {0: (0 | 1 | 2 as z)}:
                y = 0"
e9bbce163c70c05863a6863368c07c0bde2afabc,tests/run/test_patma.py,523,"match x:
            case {0: (0 | 1 | 2 as z)}:
                y = 0"
e9bbce163c70c05863a6863368c07c0bde2afabc,tests/run/test_patma.py,533,"match x:
            case {0: (0 | 1 | 2 as z)}:
                y = 0"
e9bbce163c70c05863a6863368c07c0bde2afabc,tests/run/test_patma.py,544,"match x:
            case {0: (0 | 1 | 2 as z)}:
                y = 0"
e9bbce163c70c05863a6863368c07c0bde2afabc,tests/run/test_patma.py,554,"match x:
            case {0: [1, 2, {}]}:
                y = 0
            case {0: [1, 2, {}], 1: [[]]}:
                y = 1
            case []:
                y = 2"
e9bbce163c70c05863a6863368c07c0bde2afabc,tests/run/test_patma.py,567,"match x:
            case {0: [1, 2, {}]}:
                y = 0
            case {0: [1, 2, {}], 1: [[]]}:
                y = 1
            case []:
                y = 2"
e9bbce163c70c05863a6863368c07c0bde2afabc,tests/run/test_patma.py,580,"match x:
            case {0: [1, 2, {}]}:
                y = 0
            case {0: [1, 2, {}], 1: [[]]}:
                y = 1
            case []:
                y = 2"
e9bbce163c70c05863a6863368c07c0bde2afabc,tests/run/test_patma.py,593,"match x:
            case {0: [1, 2]}:
                y = 0
            case {0: [1, 2, {}], 1: [[]]}:
                y = 1
            case []:
                y = 2"
e9bbce163c70c05863a6863368c07c0bde2afabc,tests/run/test_patma.py,606,"match x:
            case {0: [1, 2, {}]}:
                y = 0
            case {0: [1, 2, {}], 1: [[]]}:
                y = 1
            case []:
                y = 2"
e9bbce163c70c05863a6863368c07c0bde2afabc,tests/run/test_patma.py,619,"match x:
            case {0: [1, 2, {}]}:
                y = 0
            case {0: ([1, 2, {}] | False)} | {1: [[]]} | {0: [1, 2, {}]} | [] | ""X"" | {}:
                y = 1
            case []:
                y = 2"
e9bbce163c70c05863a6863368c07c0bde2afabc,tests/run/test_patma.py,632,"match x:
            case {0: [1, 2, {}]}:
                y = 0
            case {0: [1, 2, {}] | True} | {1: [[]]} | {0: [1, 2, {}]} | [] | ""X"" | {}:
                y = 1
            case []:
                y = 2"
e9bbce163c70c05863a6863368c07c0bde2afabc,tests/run/test_patma.py,645,"match x:
            case 0 | 1 | 2:
                y = 0"
e9bbce163c70c05863a6863368c07c0bde2afabc,tests/run/test_patma.py,654,"match x:
            case 0 | 1 | 2:
                y = 0"
e9bbce163c70c05863a6863368c07c0bde2afabc,tests/run/test_patma.py,663,"match x:
            case 0 | 1 | 2:
                y = 0"
e9bbce163c70c05863a6863368c07c0bde2afabc,tests/run/test_patma.py,673,"match x:
            case 0 | 1 | 2:
                y = 0"
e9bbce163c70c05863a6863368c07c0bde2afabc,tests/run/test_patma.py,682,"match x:
            case (0 as z) | (1 as z) | (2 as z) if z == x % 2:
                y = 0"
e9bbce163c70c05863a6863368c07c0bde2afabc,tests/run/test_patma.py,692,"match x:
            case (0 as z) | (1 as z) | (2 as z) if z == x % 2:
                y = 0"
e9bbce163c70c05863a6863368c07c0bde2afabc,tests/run/test_patma.py,703,"match x:
            case (0 as z) | (1 as z) | (2 as z) if z == x % 2:
                y = 0"
e9bbce163c70c05863a6863368c07c0bde2afabc,tests/run/test_patma.py,714,"match x:
            case (0 as z) | (1 as z) | (2 as z) if z == x % 2:
                y = 0"
e9bbce163c70c05863a6863368c07c0bde2afabc,tests/run/test_patma.py,723,"match x:
            case []:
                y = 0"
e9bbce163c70c05863a6863368c07c0bde2afabc,tests/run/test_patma.py,732,"match x:
            case ():
                y = 0"
e9bbce163c70c05863a6863368c07c0bde2afabc,tests/run/test_patma.py,741,"match x:
            case [0]:
                y = 0"
e9bbce163c70c05863a6863368c07c0bde2afabc,tests/run/test_patma.py,750,"match x:
            case [[]]:
                y = 0"
e9bbce163c70c05863a6863368c07c0bde2afabc,tests/run/test_patma.py,759,"match x:
            case [0, 1] | [1, 0]:
                y = 0"
e9bbce163c70c05863a6863368c07c0bde2afabc,tests/run/test_patma.py,768,"match x:
            case [0, 1] | [1, 0]:
                y = 0"
e9bbce163c70c05863a6863368c07c0bde2afabc,tests/run/test_patma.py,778,"match x:
            case [0, 1] | [1, 0]:
                y = 0"
e9bbce163c70c05863a6863368c07c0bde2afabc,tests/run/test_patma.py,788,"match x:
            case [(0 as w)]:
                y = 0
            case [z] | [1, (0 | 1 as z)] | [z]:
                y = 1"
e9bbce163c70c05863a6863368c07c0bde2afabc,tests/run/test_patma.py,801,"match x:
            case [0]:
                y = 0
            case [1, 0] if (x := x[:0]):
                y = 1
            case [1, 0]:
                y = 2"
e9bbce163c70c05863a6863368c07c0bde2afabc,tests/run/test_patma.py,815,"match x:
            case [0]:
                y = 0"
e9bbce163c70c05863a6863368c07c0bde2afabc,tests/run/test_patma.py,825,"match x:
            case []:
                y = 0"
e9bbce163c70c05863a6863368c07c0bde2afabc,tests/run/test_patma.py,835,"match x:
            case []:
                y = 0"
e9bbce163c70c05863a6863368c07c0bde2afabc,tests/run/test_patma.py,845,"match x:
            case []:
                y = 0"
e9bbce163c70c05863a6863368c07c0bde2afabc,tests/run/test_patma.py,855,"match x:
            case [0, 1]:
                y = 0"
e9bbce163c70c05863a6863368c07c0bde2afabc,tests/run/test_patma.py,864,"match x:
            case 0:
                y = 0"
e9bbce163c70c05863a6863368c07c0bde2afabc,tests/run/test_patma.py,874,"match x:
            case False:
                y = 0"
e9bbce163c70c05863a6863368c07c0bde2afabc,tests/run/test_patma.py,884,"match x:
            case 1:
                y = 0"
e9bbce163c70c05863a6863368c07c0bde2afabc,tests/run/test_patma.py,894,"match x:
            case None:
                y = 0"
e9bbce163c70c05863a6863368c07c0bde2afabc,tests/run/test_patma.py,903,"match x:
            case 0:
                y = 0
            case 0:
                y = 1"
e9bbce163c70c05863a6863368c07c0bde2afabc,tests/run/test_patma.py,915,"match x:
            case 1:
                y = 0
            case 1:
                y = 1"
e9bbce163c70c05863a6863368c07c0bde2afabc,tests/run/test_patma.py,926,"match x:
            case ""x"":
                y = 0
            case ""y"":
                y = 1"
e9bbce163c70c05863a6863368c07c0bde2afabc,tests/run/test_patma.py,937,"match x:
            case ""y"":
                y = 0
            case ""x"":
                y = 1"
e9bbce163c70c05863a6863368c07c0bde2afabc,tests/run/test_patma.py,948,"match x:
            case """":
                y = 0
            case ""x"":
                y = 1"
e9bbce163c70c05863a6863368c07c0bde2afabc,tests/run/test_patma.py,959,"match x:
            case b""y"":
                y = 0
            case b""x"":
                y = 1"
e9bbce163c70c05863a6863368c07c0bde2afabc,tests/run/test_patma.py,970,"match x:
            case 0 if False:
                y = 0
            case 0:
                y = 1"
e9bbce163c70c05863a6863368c07c0bde2afabc,tests/run/test_patma.py,982,"match x:
            case 0 if 0:
                y = 0
            case 0 if 0:
                y = 1"
e9bbce163c70c05863a6863368c07c0bde2afabc,tests/run/test_patma.py,993,"match x:
            case 0 if True:
                y = 0
            case 0 if True:
                y = 1"
e9bbce163c70c05863a6863368c07c0bde2afabc,tests/run/test_patma.py,1004,"match x:
            case 0 if 1:
                y = 0
            case 0 if 1:
                y = 1"
e9bbce163c70c05863a6863368c07c0bde2afabc,tests/run/test_patma.py,1015,"match x:
            case 0 if True:
                y = 0
            case 0 if True:
                y = 1"
e9bbce163c70c05863a6863368c07c0bde2afabc,tests/run/test_patma.py,1027,"match x:
            case 0 if 0:
                y = 0
            case 0 if 1:
                y = 1"
e9bbce163c70c05863a6863368c07c0bde2afabc,tests/run/test_patma.py,1040,"match x:
            case 0 if not (x := 1):
                y = 0
            case 1:
                y = 1"
e9bbce163c70c05863a6863368c07c0bde2afabc,tests/run/test_patma.py,1051,"match x:
            case [""x""]:
                y = 0
            case ""x"":
                y = 1"
e9bbce163c70c05863a6863368c07c0bde2afabc,tests/run/test_patma.py,1062,"match x:
            case [b""x""]:
                y = 0
            case [""x""]:
                y = 1
            case [120]:
                y = 2
            case b""x"":
                y = 4"
e9bbce163c70c05863a6863368c07c0bde2afabc,tests/run/test_patma.py,1078,"match x:
            case [120]:
                y = 0
            case 120:
                y = 1"
e9bbce163c70c05863a6863368c07c0bde2afabc,tests/run/test_patma.py,1089,"match x:
            case []:
                y = 0
            case [""""]:
                y = 1
            case """":
                y = 2"
e9bbce163c70c05863a6863368c07c0bde2afabc,tests/run/test_patma.py,1102,"match x:
            case [""x"", ""x"", ""x""]:
                y = 0
            case [""xxx""]:
                y = 1
            case ""xxx"":
                y = 2"
e9bbce163c70c05863a6863368c07c0bde2afabc,tests/run/test_patma.py,1115,"match x:
            case [120, 120, 120]:
                y = 0
            case [b""xxx""]:
                y = 1
            case b""xxx"":
                y = 2"
e9bbce163c70c05863a6863368c07c0bde2afabc,tests/run/test_patma.py,1128,"match x:
            case 0 if not (x := 1):
                y = 0
            case (0 as z):
                y = 1"
e9bbce163c70c05863a6863368c07c0bde2afabc,tests/run/test_patma.py,1140,"match x:
            case (1 as z) if not (x := 1):
                y = 0
            case 0:
                y = 1"
e9bbce163c70c05863a6863368c07c0bde2afabc,tests/run/test_patma.py,1151,"match x:
            case (0 as z):
                y = 0"
e9bbce163c70c05863a6863368c07c0bde2afabc,tests/run/test_patma.py,1162,"match x:
            case (1 as z):
                y = 0"
e9bbce163c70c05863a6863368c07c0bde2afabc,tests/run/test_patma.py,1172,"match x:
            case (0 as z) if (w := 0):
                y = 0"
e9bbce163c70c05863a6863368c07c0bde2afabc,tests/run/test_patma.py,1183,"match x:
            case ((0 as w) as z):
                y = 0"
e9bbce163c70c05863a6863368c07c0bde2afabc,tests/run/test_patma.py,1194,"match x:
            case (0 | 1) | 2:
                y = 0"
e9bbce163c70c05863a6863368c07c0bde2afabc,tests/run/test_patma.py,1203,"match x:
            case (0 | 1) | 2:
                y = 0"
e9bbce163c70c05863a6863368c07c0bde2afabc,tests/run/test_patma.py,1212,"match x:
            case (0 | 1) | 2:
                y = 0"
e9bbce163c70c05863a6863368c07c0bde2afabc,tests/run/test_patma.py,1222,"match x:
            case (0 | 1) | 2:
                y = 0"
e9bbce163c70c05863a6863368c07c0bde2afabc,tests/run/test_patma.py,1231,"match x:
            case 0 | (1 | 2):
                y = 0"
e9bbce163c70c05863a6863368c07c0bde2afabc,tests/run/test_patma.py,1240,"match x:
            case 0 | (1 | 2):
                y = 0"
e9bbce163c70c05863a6863368c07c0bde2afabc,tests/run/test_patma.py,1249,"match x:
            case 0 | (1 | 2):
                y = 0"
e9bbce163c70c05863a6863368c07c0bde2afabc,tests/run/test_patma.py,1259,"match x:
            case 0 | (1 | 2):
                y = 0"
e9bbce163c70c05863a6863368c07c0bde2afabc,tests/run/test_patma.py,1268,"match x:
            case -0:
                y = 0"
e9bbce163c70c05863a6863368c07c0bde2afabc,tests/run/test_patma.py,1277,"match x:
            case -0.0:
                y = 0"
e9bbce163c70c05863a6863368c07c0bde2afabc,tests/run/test_patma.py,1286,"match x:
            case -0j:
                y = 0"
e9bbce163c70c05863a6863368c07c0bde2afabc,tests/run/test_patma.py,1295,"match x:
            case -0.0j:
                y = 0"
e9bbce163c70c05863a6863368c07c0bde2afabc,tests/run/test_patma.py,1304,"match x:
            case -1:
                y = 0"
e9bbce163c70c05863a6863368c07c0bde2afabc,tests/run/test_patma.py,1313,"match x:
            case -1.5:
                y = 0"
e9bbce163c70c05863a6863368c07c0bde2afabc,tests/run/test_patma.py,1322,"match x:
            case -1j:
                y = 0"
e9bbce163c70c05863a6863368c07c0bde2afabc,tests/run/test_patma.py,1331,"match x:
            case -1.5j:
                y = 0"
e9bbce163c70c05863a6863368c07c0bde2afabc,tests/run/test_patma.py,1340,"match x:
            case 0 + 0j:
                y = 0"
e9bbce163c70c05863a6863368c07c0bde2afabc,tests/run/test_patma.py,1349,"match x:
            case 0 - 0j:
                y = 0"
e9bbce163c70c05863a6863368c07c0bde2afabc,tests/run/test_patma.py,1358,"match x:
            case -0 + 0j:
                y = 0"
e9bbce163c70c05863a6863368c07c0bde2afabc,tests/run/test_patma.py,1367,"match x:
            case -0 - 0j:
                y = 0"
e9bbce163c70c05863a6863368c07c0bde2afabc,tests/run/test_patma.py,1376,"match x:
            case 0.25 + 1.75j:
                y = 0"
e9bbce163c70c05863a6863368c07c0bde2afabc,tests/run/test_patma.py,1385,"match x:
            case 0.25 - 1.75j:
                y = 0"
e9bbce163c70c05863a6863368c07c0bde2afabc,tests/run/test_patma.py,1394,"match x:
            case -0.25 + 1.75j:
                y = 0"
e9bbce163c70c05863a6863368c07c0bde2afabc,tests/run/test_patma.py,1403,"match x:
            case -0.25 - 1.75j:
                y = 0"
e9bbce163c70c05863a6863368c07c0bde2afabc,tests/run/test_patma.py,1414,"match x:
            case A.B:
                y = 0"
e9bbce163c70c05863a6863368c07c0bde2afabc,tests/run/test_patma.py,1427,"match x:
            case A.B.C:
                y = 0"
e9bbce163c70c05863a6863368c07c0bde2afabc,tests/run/test_patma.py,1441,"match x:
            case A.B.C:
                y = 0
            case A.B.D:
                y = 1"
e9bbce163c70c05863a6863368c07c0bde2afabc,tests/run/test_patma.py,1458,"match x:
            case A.B.C.D:
                y = 0"
e9bbce163c70c05863a6863368c07c0bde2afabc,tests/run/test_patma.py,1473,"match x:
            case A.B.C.D:
                y = 0
            case A.B.C.E:
                y = 1"
e9bbce163c70c05863a6863368c07c0bde2afabc,tests/run/test_patma.py,1486,"match match:
            case case:
                x = 0"
e9bbce163c70c05863a6863368c07c0bde2afabc,tests/run/test_patma.py,1496,"match case:
            case match:
                x = 0"
e9bbce163c70c05863a6863368c07c0bde2afabc,tests/run/test_patma.py,1506,"match x:
            case [*_, _]:
                y = 0
            case []:
                y = 1"
e9bbce163c70c05863a6863368c07c0bde2afabc,tests/run/test_patma.py,1517,"match x:
            case {0: 0}:
                y = 0
            case {}:
                y = 1"
e9bbce163c70c05863a6863368c07c0bde2afabc,tests/run/test_patma.py,1528,"match x:
            case {0: 0}:
                y = 0
            case {**z}:
                y = 1"
e9bbce163c70c05863a6863368c07c0bde2afabc,tests/run/test_patma.py,1539,"match ():
            case ():
                x = 0"
e9bbce163c70c05863a6863368c07c0bde2afabc,tests/run/test_patma.py,1546,"match (0, 1, 2):
            case (*x,):
                y = 0"
e9bbce163c70c05863a6863368c07c0bde2afabc,tests/run/test_patma.py,1554,"match (0, 1, 2):
            case 0, *x:
                y = 0"
e9bbce163c70c05863a6863368c07c0bde2afabc,tests/run/test_patma.py,1562,"match (0, 1, 2):
            case (0, 1, *x,):
                y = 0"
e9bbce163c70c05863a6863368c07c0bde2afabc,tests/run/test_patma.py,1570,"match (0, 1, 2):
            case 0, 1, 2, *x:
                y = 0"
e9bbce163c70c05863a6863368c07c0bde2afabc,tests/run/test_patma.py,1578,"match (0, 1, 2):
            case *x, 2,:
                y = 0"
e9bbce163c70c05863a6863368c07c0bde2afabc,tests/run/test_patma.py,1586,"match (0, 1, 2):
            case (*x, 1, 2):
                y = 0"
e9bbce163c70c05863a6863368c07c0bde2afabc,tests/run/test_patma.py,1594,"match (0, 1, 2):
            case *x, 0, 1, 2,:
                y = 0"
e9bbce163c70c05863a6863368c07c0bde2afabc,tests/run/test_patma.py,1602,"match (0, 1, 2):
            case (0, *x, 2):
                y = 0"
e9bbce163c70c05863a6863368c07c0bde2afabc,tests/run/test_patma.py,1610,"match (0, 1, 2):
            case 0, 1, *x, 2,:
                y = 0"
e9bbce163c70c05863a6863368c07c0bde2afabc,tests/run/test_patma.py,1618,"match (0, 1, 2):
            case (0, *x, 1, 2):
                y = 0"
e9bbce163c70c05863a6863368c07c0bde2afabc,tests/run/test_patma.py,1626,"match (0, 1, 2):
            case *x,:
                y = 0"
e9bbce163c70c05863a6863368c07c0bde2afabc,tests/run/test_patma.py,1635,"match x:
            case {1: 0}:
                y = 0
            case {0: 0}:
                y = 1
            case {}:
                y = 2"
e9bbce163c70c05863a6863368c07c0bde2afabc,tests/run/test_patma.py,1648,"match x:
            case {1: 0}:
                y = 0
            case {0: 0}:
                y = 1
            case {**z}:
                y = 2"
e9bbce163c70c05863a6863368c07c0bde2afabc,tests/run/test_patma.py,1662,"match x:
            case {1: 0}:
                y = 0
            case {0: 0}:
                y = 1
            case {0: _, **z}:
                y = 2"
e9bbce163c70c05863a6863368c07c0bde2afabc,tests/run/test_patma.py,1676,"match x:
            case {1: 0}:
                y = 0
            case {0: 0}:
                y = 0
            case {}:
                y = 1"
e9bbce163c70c05863a6863368c07c0bde2afabc,tests/run/test_patma.py,1689,"match x:
            case {1: 0}:
                y = 0
            case {0: 0}:
                y = 0
            case {**z}:
                y = 1"
e9bbce163c70c05863a6863368c07c0bde2afabc,tests/run/test_patma.py,1703,"match x:
            case {1: 0}:
                y = 0
            case {0: 0}:
                y = 0
            case {0: _, **z}:
                y = 1"
e9bbce163c70c05863a6863368c07c0bde2afabc,tests/run/test_patma.py,1717,"match x:
            case bool(z):
                y = 0"
e9bbce163c70c05863a6863368c07c0bde2afabc,tests/run/test_patma.py,1727,"match x:
            case bool(z):
                y = 0"
e9bbce163c70c05863a6863368c07c0bde2afabc,tests/run/test_patma.py,1737,"match x:
            case bytearray(z):
                y = 0"
e9bbce163c70c05863a6863368c07c0bde2afabc,tests/run/test_patma.py,1747,"match x:
            case bytes(z):
                y = 0"
e9bbce163c70c05863a6863368c07c0bde2afabc,tests/run/test_patma.py,1757,"match x:
            case dict(z):
                y = 0"
e9bbce163c70c05863a6863368c07c0bde2afabc,tests/run/test_patma.py,1767,"match x:
            case float(z):
                y = 0"
e9bbce163c70c05863a6863368c07c0bde2afabc,tests/run/test_patma.py,1777,"match x:
            case frozenset(z):
                y = 0"
e9bbce163c70c05863a6863368c07c0bde2afabc,tests/run/test_patma.py,1787,"match x:
            case int(z):
                y = 0"
e9bbce163c70c05863a6863368c07c0bde2afabc,tests/run/test_patma.py,1797,"match x:
            case list(z):
                y = 0"
e9bbce163c70c05863a6863368c07c0bde2afabc,tests/run/test_patma.py,1807,"match x:
            case set(z):
                y = 0"
e9bbce163c70c05863a6863368c07c0bde2afabc,tests/run/test_patma.py,1817,"match x:
            case str(z):
                y = 0"
e9bbce163c70c05863a6863368c07c0bde2afabc,tests/run/test_patma.py,1827,"match x:
            case tuple(z):
                y = 0"
e9bbce163c70c05863a6863368c07c0bde2afabc,tests/run/test_patma.py,1837,"match x,:
            case y,:
                z = 0"
e9bbce163c70c05863a6863368c07c0bde2afabc,tests/run/test_patma.py,1848,"match w, x:
            case y, z:
                v = 0"
e9bbce163c70c05863a6863368c07c0bde2afabc,tests/run/test_patma.py,1860,"match w := x,:
            case y as v,:
                z = 0"
e9bbce163c70c05863a6863368c07c0bde2afabc,tests/run/test_patma.py,1873,"match x:
            case 0 if x:
                y = 0"
e9bbce163c70c05863a6863368c07c0bde2afabc,tests/run/test_patma.py,1883,"match x:
            case 1e1000:
                y = 0"
e9bbce163c70c05863a6863368c07c0bde2afabc,tests/run/test_patma.py,1892,"match x:
            case z:
                y = 0"
e9bbce163c70c05863a6863368c07c0bde2afabc,tests/run/test_patma.py,1903,"match x:
            case _ if x:
                y = 0"
e9bbce163c70c05863a6863368c07c0bde2afabc,tests/run/test_patma.py,1912,"match x:
            case -1e1000:
                y = 0
            case 0:
                y = 1"
e9bbce163c70c05863a6863368c07c0bde2afabc,tests/run/test_patma.py,1923,"match x:
            case 0 if not x:
                y = 0
            case 1:
                y = 1"
e9bbce163c70c05863a6863368c07c0bde2afabc,tests/run/test_patma.py,1935,"match x:
            case 0:
                y = 0
            case z if x:
                y = 1"
e9bbce163c70c05863a6863368c07c0bde2afabc,tests/run/test_patma.py,1947,"match x:
            case 0:
                y = 0
            case _:
                y = 1"
e9bbce163c70c05863a6863368c07c0bde2afabc,tests/run/test_patma.py,1958,"match x:
            case 1 if x:
                y = 0
            case 0:
                y = 1"
e9bbce163c70c05863a6863368c07c0bde2afabc,tests/run/test_patma.py,1970,"match x:
            case 1:
                y = 0
            case 1 if not x:
                y = 1"
e9bbce163c70c05863a6863368c07c0bde2afabc,tests/run/test_patma.py,1981,"match x:
            case 1:
                y = 0
            case z:
                y = 1"
e9bbce163c70c05863a6863368c07c0bde2afabc,tests/run/test_patma.py,1993,"match x:
            case 1 if x:
                y = 0
            case _:
                y = 1"
e9bbce163c70c05863a6863368c07c0bde2afabc,tests/run/test_patma.py,2004,"match x:
            case z if not z:
                y = 0
            case 0 if x:
                y = 1"
e9bbce163c70c05863a6863368c07c0bde2afabc,tests/run/test_patma.py,2016,"match x:
            case z if not z:
                y = 0
            case 1:
                y = 1"
e9bbce163c70c05863a6863368c07c0bde2afabc,tests/run/test_patma.py,2028,"match x:
            case z if not x:
                y = 0
            case z:
                y = 1"
e9bbce163c70c05863a6863368c07c0bde2afabc,tests/run/test_patma.py,2040,"match x:
            case z if not z:
                y = 0
            case _ if x:
                y = 1"
e9bbce163c70c05863a6863368c07c0bde2afabc,tests/run/test_patma.py,2052,"match x:
            case _ if not x:
                y = 0
            case 0:
                y = 1"
e9bbce163c70c05863a6863368c07c0bde2afabc,tests/run/test_patma.py,2064,"match x:
            case _ if x:
                y = 0
            case 1:
                y = 1"
e9bbce163c70c05863a6863368c07c0bde2afabc,tests/run/test_patma.py,2076,"match x:
            case _ if not x:
                y = 0
            case z if not x:
                y = 1"
e9bbce163c70c05863a6863368c07c0bde2afabc,tests/run/test_patma.py,2088,"match x:
            case _ if not x:
                y = 0
            case _:
                y = 1"
e9bbce163c70c05863a6863368c07c0bde2afabc,tests/run/test_patma.py,2099,"match status:
                case 400:
                    return ""Bad request""
                case 401:
                    return ""Unauthorized""
                case 403:
                    return ""Forbidden""
                case 404:
                    return ""Not found""
                case 418:
                    return ""I'm a teapot""
                case _:
                    return ""Something else"""
e9bbce163c70c05863a6863368c07c0bde2afabc,tests/run/test_patma.py,2124,"match status:
                case 400:
                    return ""Bad request""
                case 401 | 403 | 404:
                    return ""Not allowed""
                case 418:
                    return ""I'm a teapot"""
e9bbce163c70c05863a6863368c07c0bde2afabc,tests/run/test_patma.py,2143,"match point:
                case (0, 0):
                    return ""Origin""
                case (0, y):
                    return f""Y={y}""
                case (x, 0):
                    return f""X={x}""
                case (x, y):
                    return f""X={x}, Y={y}""
                case _:
                    return ""Not a point"""
e9bbce163c70c05863a6863368c07c0bde2afabc,tests/run/test_patma.py,2163,"match point:
                case Point(0, 0):
                    return ""Origin""
                case Point(0, y):
                    return f""Y={y}""
                case Point(x, 0):
                    return f""X={x}""
                case Point():
                    return ""Somewhere else""
                case _:
                    return ""Not a point"""
e9bbce163c70c05863a6863368c07c0bde2afabc,tests/run/test_patma.py,2187,"match point:
                case Point(1, var):
                    return var"
e9bbce163c70c05863a6863368c07c0bde2afabc,tests/run/test_patma.py,2196,"match point:
                case Point(1, y=var):
                    return var"
e9bbce163c70c05863a6863368c07c0bde2afabc,tests/run/test_patma.py,2205,"match point:
                case Point(x=1, y=var):
                    return var"
e9bbce163c70c05863a6863368c07c0bde2afabc,tests/run/test_patma.py,2214,"match point:
                case Point(y=var, x=1):
                    return var"
e9bbce163c70c05863a6863368c07c0bde2afabc,tests/run/test_patma.py,2223,"match points:
                case []:
                    return ""No points""
                case [Point(0, 0)]:
                    return ""The origin""
                case [Point(x, y)]:
                    return f""Single point {x}, {y}""
                case [Point(0, y1), Point(0, y2)]:
                    return f""Two on the Y axis at {y1}, {y2}""
                case _:
                    return ""Something else"""
e9bbce163c70c05863a6863368c07c0bde2afabc,tests/run/test_patma.py,2246,"match point:
                case Point(x, y) if x == y:
                    return f""Y=X at {x}""
                case Point(x, y):
                    return ""Not on the diagonal"""
e9bbce163c70c05863a6863368c07c0bde2afabc,tests/run/test_patma.py,2264,"match Seq():
            case []:
                y = 0"
e9bbce163c70c05863a6863368c07c0bde2afabc,tests/run/test_patma.py,2275,"match Seq():
            case [*_]:
                y = 0"
e9bbce163c70c05863a6863368c07c0bde2afabc,tests/run/test_patma.py,2287,"match Seq():
            case [x, *_, y]:
                z = 0"
e9bbce163c70c05863a6863368c07c0bde2afabc,tests/run/test_patma.py,2297,"match w:
            case [x, y, *rest]:
                z = 0"
e9bbce163c70c05863a6863368c07c0bde2afabc,tests/run/test_patma.py,2309,"match w:
            case (x, y, *rest):
                z = 0"
e9bbce163c70c05863a6863368c07c0bde2afabc,tests/run/test_patma.py,2321,"match w:
            case x, y, *rest:
                z = 0"
e9bbce163c70c05863a6863368c07c0bde2afabc,tests/run/test_patma.py,2333,"match w:
            case [x, y, *_]:
                z = 0"
e9bbce163c70c05863a6863368c07c0bde2afabc,tests/run/test_patma.py,2344,"match w:
            case (x, y, *_):
                z = 0"
e9bbce163c70c05863a6863368c07c0bde2afabc,tests/run/test_patma.py,2355,"match w:
            case x, y, *_:
                z = 0"
e9bbce163c70c05863a6863368c07c0bde2afabc,tests/run/test_patma.py,2366,"match x:
            case {""bandwidth"": b, ""latency"": l}:
                y = 0"
e9bbce163c70c05863a6863368c07c0bde2afabc,tests/run/test_patma.py,2377,"match x:
            case {""latency"": l, ""bandwidth"": b}:
                y = 0"
e9bbce163c70c05863a6863368c07c0bde2afabc,tests/run/test_patma.py,2388,"match x:
            case {""bandwidth"": b, ""latency"": l, **rest}:
                y = 0"
e9bbce163c70c05863a6863368c07c0bde2afabc,tests/run/test_patma.py,2400,"match x:
            case {""latency"": l, ""bandwidth"": b, **rest}:
                y = 0"
e9bbce163c70c05863a6863368c07c0bde2afabc,tests/run/test_patma.py,2412,"match w:
            case (Point(x1, y1), Point(x2, y2) as p2):
                z = 0"
e9bbce163c70c05863a6863368c07c0bde2afabc,tests/run/test_patma.py,2430,"match color:
                case Color.RED:
                    return ""I see red!""
                case Color.GREEN:
                    return ""Grass is green""
                case Color.BLUE:
                    return ""I'm feeling the blues :("""
e9bbce163c70c05863a6863368c07c0bde2afabc,tests/run/test_patma.py,2457,"match color:
                case Color.RED:
                    return ""I see red!""
                case Color.GREEN:
                    return ""Grass is green""
                case Color.BLUE:
                    return ""I'm feeling the blues :("""
e9bbce163c70c05863a6863368c07c0bde2afabc,tests/run/test_patma.py,2484,"match c:
            case Class(x, y):
                z = 0"
e9bbce163c70c05863a6863368c07c0bde2afabc,tests/run/test_patma.py,2498,"match c:
            case Class(x, b=y):
                z = 0"
e9bbce163c70c05863a6863368c07c0bde2afabc,tests/run/test_patma.py,2514,"match c:
            case Parent(x, y):
                z = 0"
e9bbce163c70c05863a6863368c07c0bde2afabc,tests/run/test_patma.py,2530,"match c:
            case Parent(x, b=y):
                z = 0"
e9bbce163c70c05863a6863368c07c0bde2afabc,tests/run/test_patma.py,2540,"match w:
                case 42:
                    out = locals()
                    del out[""w""]
                    return out"
e9bbce163c70c05863a6863368c07c0bde2afabc,tests/run/test_patma.py,2553,"match w:
                case 42.0:
                    out = locals()
                    del out[""w""]
                    return out"
e9bbce163c70c05863a6863368c07c0bde2afabc,tests/run/test_patma.py,2566,"match w:
                case 1 | 2 | 3:
                    out = locals()
                    del out[""w""]
                    return out"
e9bbce163c70c05863a6863368c07c0bde2afabc,tests/run/test_patma.py,2582,"match w:
                case [1, 2] | [3, 4]:
                    out = locals()
                    del out[""w""]
                    return out"
e9bbce163c70c05863a6863368c07c0bde2afabc,tests/run/test_patma.py,2597,"match w:
                case x:
                    out = locals()
                    del out[""w""]
                    return out"
e9bbce163c70c05863a6863368c07c0bde2afabc,tests/run/test_patma.py,2609,"match w:
                case _:
                    out = locals()
                    del out[""w""]
                    return out"
e9bbce163c70c05863a6863368c07c0bde2afabc,tests/run/test_patma.py,2621,"match w:
                case (x, y, z):
                    out = locals()
                    del out[""w""]
                    return out"
e9bbce163c70c05863a6863368c07c0bde2afabc,tests/run/test_patma.py,2639,"match w:
                case {""x"": x, ""y"": ""y"", ""z"": z}:
                    out = locals()
                    del out[""w""]
                    return out"
e9bbce163c70c05863a6863368c07c0bde2afabc,tests/run/test_patma.py,2652,"match w:
                case Point(int(xx), y=""hello""):
                    out = locals()
                    del out[""w""]
                    return out"
e9bbce163c70c05863a6863368c07c0bde2afabc,tests/run/test_patma.py,2662,"match w:
                case (p, q) as x:
                    out = locals()
                    del out[""w""]
                    return out"
e9bbce163c70c05863a6863368c07c0bde2afabc,tests/run/test_patma.py,2675,"match 42:
                case 42:
                    return locals()"
e9bbce163c70c05863a6863368c07c0bde2afabc,tests/run/test_patma.py,2683,"match 1:
                case 1 | 2 | 3:
                    return locals()"
e9bbce163c70c05863a6863368c07c0bde2afabc,tests/run/test_patma.py,2691,"match ...:
                case _:
                    return locals()"
e9bbce163c70c05863a6863368c07c0bde2afabc,tests/run/test_patma.py,2699,"match ...:
                case abc:
                    return locals()"
e9bbce163c70c05863a6863368c07c0bde2afabc,tests/run/test_patma.py,2707,"match ..., ...:
                case a, b:
                    return locals()"
e9bbce163c70c05863a6863368c07c0bde2afabc,tests/run/test_patma.py,2715,"match {""k"": ..., ""l"": ...}:
                case {""k"": a, ""l"": b}:
                    return locals()"
e9bbce163c70c05863a6863368c07c0bde2afabc,tests/run/test_patma.py,2723,"match Point(..., ...):
                case Point(x, y=y):
                    return locals()"
e9bbce163c70c05863a6863368c07c0bde2afabc,tests/run/test_patma.py,2731,"match ...:
                case b as a:
                    return locals()"
e9bbce163c70c05863a6863368c07c0bde2afabc,tests/run/test_patma.py,2739,"match x:
                case _:
                    return 0"
e9bbce163c70c05863a6863368c07c0bde2afabc,tests/run/test_patma.py,2750,"match x:
                case 0:
                    return 0"
e9bbce163c70c05863a6863368c07c0bde2afabc,tests/run/test_patma.py,2761,"match x:
                case 0:
                    return 0
                case _:
                    return 1"
e9bbce163c70c05863a6863368c07c0bde2afabc,tests/run/test_patma.py,2774,"match x:
                case 0:
                    return 0
                case 1:
                    return 1"
e9bbce163c70c05863a6863368c07c0bde2afabc,tests/run/test_patma.py,2787,"match x:
                case 0:
                    return 0
                case 1:
                    return 1
                case _:
                    return 2"
e9bbce163c70c05863a6863368c07c0bde2afabc,tests/run/test_patma.py,2802,"match x:
                case 0:
                    return 0
                case 1:
                    return 1
                case 2:
                    return 2"
e9bbce163c70c05863a6863368c07c0bde2afabc,tests/run/test_patma.py,2816,"match():
            case():
                x = 0"
e9bbce163c70c05863a6863368c07c0bde2afabc,tests/run/test_patma.py,2824,"match(x):
            case(x):
                y = 0"
e9bbce163c70c05863a6863368c07c0bde2afabc,tests/run/test_patma.py,2833,"match x:
            case False:
                y = 0
            case 0:
                y = 1"
e9bbce163c70c05863a6863368c07c0bde2afabc,tests/run/test_patma.py,2844,"match x:
            case True:
                y = 0
            case 1:
                y = 1"
e9bbce163c70c05863a6863368c07c0bde2afabc,tests/run/test_patma.py,2859,"match x:
            case None:
                y = 0"
e9bbce163c70c05863a6863368c07c0bde2afabc,tests/run/test_patma.py,2868,"match x:
            case False:
                y = 0"
e9bbce163c70c05863a6863368c07c0bde2afabc,tests/run/test_patma.py,2877,"match x:
            case True:
                y = 0"
e9bbce163c70c05863a6863368c07c0bde2afabc,tests/run/test_patma.py,2886,"match x:
            case None:
                y = 0"
e9bbce163c70c05863a6863368c07c0bde2afabc,tests/run/test_patma.py,2895,"match x:
            case (0 as w) as z:
                y = 0"
e9bbce163c70c05863a6863368c07c0bde2afabc,tests/run/test_patma.py,2906,"match x:
            case (0 as w) as z:
                y = 0"
e9bbce163c70c05863a6863368c07c0bde2afabc,tests/run/test_patma.py,2917,"match x:
            case ((a as b, c as d) as e) as w, ((f as g, h) as i) as z:
                y = 0"
e9bbce163c70c05863a6863368c07c0bde2afabc,tests/run/test_patma.py,2937,"match x:
            case {2: 3}:
                y = 0"
e9bbce163c70c05863a6863368c07c0bde2afabc,tests/run/test_patma.py,2946,"match x:
            case {2: 3, **z}:
                y = 0"
e9bbce163c70c05863a6863368c07c0bde2afabc,tests/run/test_patma.py,2956,"match x:
            case list([({-0-0j: int(real=0+0j, imag=0-0j) | (1) as z},)]):
                y = 0"
e9bbce163c70c05863a6863368c07c0bde2afabc,tests/run/test_patma.py,2966,"match x:
            case [y, *_, z]:
                w = 0"
e9bbce163c70c05863a6863368c07c0bde2afabc,tests/run/test_patma.py,2977,"match x:
            case [_, *_, y]:
                z = 0"
e9bbce163c70c05863a6863368c07c0bde2afabc,tests/run/test_patma.py,2987,"match x:
            case [*_, y]:
                z = 0"
e9bbce163c70c05863a6863368c07c0bde2afabc,tests/run/test_patma.py,2997,"match x:
            case {""y"": (0 as y) | (1 as y)}:
                z = 0"
e9bbce163c70c05863a6863368c07c0bde2afabc,tests/run/test_patma.py,3007,"match x:
                case ((a, b, c, d, e, f, g, h, i, 9) |
                      (h, g, i, a, b, d, e, c, f, 10) |
                      (g, b, a, c, d, -5, e, h, i, f) |
                      (-1, d, f, b, g, e, i, a, h, c)):
                    w = 0"
e9bbce163c70c05863a6863368c07c0bde2afabc,tests/run/test_patma.py,3032,"match x:
                case [y, (a, b, c, d, e, f, g, h, i, 9) |
                         (h, g, i, a, b, d, e, c, f, 10) |
                         (g, b, a, c, d, -5, e, h, i, f) |
                         (-1, d, f, b, g, e, i, a, h, c), z]:
                    w = 0"
e9bbce163c70c05863a6863368c07c0bde2afabc,tests/run/test_patma.py,3062,"match x:
            case {'foo': bar}:
                y = bar"
e9bbce163c70c05863a6863368c07c0bde2afabc,tests/run/test_patma.py,3075,"match x:
                    # looks up __attr, not _C__attr or _Outer__attr
                    case C(__attr=y):
                        return y"
e9bbce163c70c05863a6863368c07c0bde2afabc,tests/run/test_patma.py,3396,"match x:
                case Class(y):
                    z = 0"
e9bbce163c70c05863a6863368c07c0bde2afabc,tests/run/test_patma.py,3407,"match x:
                case range(10):
                    y = 0"
e9bbce163c70c05863a6863368c07c0bde2afabc,tests/run/test_patma.py,3421,"match x:
                case Class(y, z):
                    w = 0"
e9bbce163c70c05863a6863368c07c0bde2afabc,tests/run/test_patma.py,3436,"match x:
                case Class(y, a=z):
                    w = 0"
e9bbce163c70c05863a6863368c07c0bde2afabc,tests/run/test_patma.py,3450,"match x:
                case Class(y):
                    z = 0"
e9bbce163c70c05863a6863368c07c0bde2afabc,tests/run/test_patma.py,3463,"match x:
                case Class(y):
                    z = 0"
e9bbce163c70c05863a6863368c07c0bde2afabc,tests/run/test_patma.py,3476,"match x:
                case Class(y):
                    z = 0"
e9bbce163c70c05863a6863368c07c0bde2afabc,tests/run/test_patma.py,3491,"match x:
                case Class(y, z):
                    w = 0"
e9bbce163c70c05863a6863368c07c0bde2afabc,tests/run/test_patma.py,3508,"match x:
                case {Keys.KEY: y, ""a"": z}:
                    w = 0"
f5d3341f9aa8d549a14b7523360ed59aa8efb1f5,tests/run/test_patma.py,187,"match x:
            case [*_]:
                return ""seq""
            case {}:
                return ""map"""
f5d3341f9aa8d549a14b7523360ed59aa8efb1f5,tests/run/test_patma.py,196,"match x:
            case {}:
                return ""map""
            case [*_]:
                return ""seq"""
f5d3341f9aa8d549a14b7523360ed59aa8efb1f5,tests/run/test_patma.py,297,"match 0:
            case 0:
                x = True"
f5d3341f9aa8d549a14b7523360ed59aa8efb1f5,tests/run/test_patma.py,304,"match 0:
            case 0 if False:
                x = False
            case 0 if True:
                x = True"
f5d3341f9aa8d549a14b7523360ed59aa8efb1f5,tests/run/test_patma.py,313,"match 0:
            case 0:
                x = True
            case 0:
                x = False"
f5d3341f9aa8d549a14b7523360ed59aa8efb1f5,tests/run/test_patma.py,323,"match 0:
            case 0 | 1 | 2 | 3:
                x = True"
f5d3341f9aa8d549a14b7523360ed59aa8efb1f5,tests/run/test_patma.py,331,"match 1:
            case 0 | 1 | 2 | 3:
                x = True"
f5d3341f9aa8d549a14b7523360ed59aa8efb1f5,tests/run/test_patma.py,339,"match 2:
            case 0 | 1 | 2 | 3:
                x = True"
f5d3341f9aa8d549a14b7523360ed59aa8efb1f5,tests/run/test_patma.py,347,"match 3:
            case 0 | 1 | 2 | 3:
                x = True"
f5d3341f9aa8d549a14b7523360ed59aa8efb1f5,tests/run/test_patma.py,355,"match 4:
            case 0 | 1 | 2 | 3:
                x = True"
f5d3341f9aa8d549a14b7523360ed59aa8efb1f5,tests/run/test_patma.py,365,"match x:
            case A.y as z:
                pass"
f5d3341f9aa8d549a14b7523360ed59aa8efb1f5,tests/run/test_patma.py,375,"match 0:
            case x if x:
                z = 0
            case _ as y if y == x and y:
                z = 1
            case A.B:
                z = 2"
f5d3341f9aa8d549a14b7523360ed59aa8efb1f5,tests/run/test_patma.py,389,"match ():
            case []:
                x = 0"
f5d3341f9aa8d549a14b7523360ed59aa8efb1f5,tests/run/test_patma.py,396,"match (0, 1, 2):
            case [*x]:
                y = 0"
f5d3341f9aa8d549a14b7523360ed59aa8efb1f5,tests/run/test_patma.py,404,"match (0, 1, 2):
            case [0, *x]:
                y = 0"
f5d3341f9aa8d549a14b7523360ed59aa8efb1f5,tests/run/test_patma.py,412,"match (0, 1, 2):
            case [0, 1, *x,]:
                y = 0"
f5d3341f9aa8d549a14b7523360ed59aa8efb1f5,tests/run/test_patma.py,420,"match (0, 1, 2):
            case [0, 1, 2, *x]:
                y = 0"
f5d3341f9aa8d549a14b7523360ed59aa8efb1f5,tests/run/test_patma.py,428,"match (0, 1, 2):
            case [*x, 2,]:
                y = 0"
f5d3341f9aa8d549a14b7523360ed59aa8efb1f5,tests/run/test_patma.py,436,"match (0, 1, 2):
            case [*x, 1, 2]:
                y = 0"
f5d3341f9aa8d549a14b7523360ed59aa8efb1f5,tests/run/test_patma.py,444,"match (0, 1, 2):
            case [*x, 0, 1, 2,]:
                y = 0"
f5d3341f9aa8d549a14b7523360ed59aa8efb1f5,tests/run/test_patma.py,452,"match (0, 1, 2):
            case [0, *x, 2]:
                y = 0"
f5d3341f9aa8d549a14b7523360ed59aa8efb1f5,tests/run/test_patma.py,460,"match (0, 1, 2):
            case [0, 1, *x, 2,]:
                y = 0"
f5d3341f9aa8d549a14b7523360ed59aa8efb1f5,tests/run/test_patma.py,468,"match (0, 1, 2):
            case [0, *x, 1, 2]:
                y = 0"
f5d3341f9aa8d549a14b7523360ed59aa8efb1f5,tests/run/test_patma.py,476,"match (0, 1, 2):
            case [*x,]:
                y = 0"
f5d3341f9aa8d549a14b7523360ed59aa8efb1f5,tests/run/test_patma.py,485,"match x:
            case {}:
                y = 0"
f5d3341f9aa8d549a14b7523360ed59aa8efb1f5,tests/run/test_patma.py,494,"match x:
            case {}:
                y = 0"
f5d3341f9aa8d549a14b7523360ed59aa8efb1f5,tests/run/test_patma.py,504,"match x:
            case {0: 0}:
                y = 0"
f5d3341f9aa8d549a14b7523360ed59aa8efb1f5,tests/run/test_patma.py,513,"match x:
            case {0: (0 | 1 | 2 as z)}:
                y = 0"
f5d3341f9aa8d549a14b7523360ed59aa8efb1f5,tests/run/test_patma.py,523,"match x:
            case {0: (0 | 1 | 2 as z)}:
                y = 0"
f5d3341f9aa8d549a14b7523360ed59aa8efb1f5,tests/run/test_patma.py,533,"match x:
            case {0: (0 | 1 | 2 as z)}:
                y = 0"
f5d3341f9aa8d549a14b7523360ed59aa8efb1f5,tests/run/test_patma.py,544,"match x:
            case {0: (0 | 1 | 2 as z)}:
                y = 0"
f5d3341f9aa8d549a14b7523360ed59aa8efb1f5,tests/run/test_patma.py,554,"match x:
            case {0: [1, 2, {}]}:
                y = 0
            case {0: [1, 2, {}], 1: [[]]}:
                y = 1
            case []:
                y = 2"
f5d3341f9aa8d549a14b7523360ed59aa8efb1f5,tests/run/test_patma.py,567,"match x:
            case {0: [1, 2, {}]}:
                y = 0
            case {0: [1, 2, {}], 1: [[]]}:
                y = 1
            case []:
                y = 2"
f5d3341f9aa8d549a14b7523360ed59aa8efb1f5,tests/run/test_patma.py,580,"match x:
            case {0: [1, 2, {}]}:
                y = 0
            case {0: [1, 2, {}], 1: [[]]}:
                y = 1
            case []:
                y = 2"
f5d3341f9aa8d549a14b7523360ed59aa8efb1f5,tests/run/test_patma.py,593,"match x:
            case {0: [1, 2]}:
                y = 0
            case {0: [1, 2, {}], 1: [[]]}:
                y = 1
            case []:
                y = 2"
f5d3341f9aa8d549a14b7523360ed59aa8efb1f5,tests/run/test_patma.py,606,"match x:
            case {0: [1, 2, {}]}:
                y = 0
            case {0: [1, 2, {}], 1: [[]]}:
                y = 1
            case []:
                y = 2"
f5d3341f9aa8d549a14b7523360ed59aa8efb1f5,tests/run/test_patma.py,619,"match x:
            case {0: [1, 2, {}]}:
                y = 0
            case {0: ([1, 2, {}] | False)} | {1: [[]]} | {0: [1, 2, {}]} | [] | ""X"" | {}:
                y = 1
            case []:
                y = 2"
f5d3341f9aa8d549a14b7523360ed59aa8efb1f5,tests/run/test_patma.py,632,"match x:
            case {0: [1, 2, {}]}:
                y = 0
            case {0: [1, 2, {}] | True} | {1: [[]]} | {0: [1, 2, {}]} | [] | ""X"" | {}:
                y = 1
            case []:
                y = 2"
f5d3341f9aa8d549a14b7523360ed59aa8efb1f5,tests/run/test_patma.py,645,"match x:
            case 0 | 1 | 2:
                y = 0"
f5d3341f9aa8d549a14b7523360ed59aa8efb1f5,tests/run/test_patma.py,654,"match x:
            case 0 | 1 | 2:
                y = 0"
f5d3341f9aa8d549a14b7523360ed59aa8efb1f5,tests/run/test_patma.py,663,"match x:
            case 0 | 1 | 2:
                y = 0"
f5d3341f9aa8d549a14b7523360ed59aa8efb1f5,tests/run/test_patma.py,673,"match x:
            case 0 | 1 | 2:
                y = 0"
f5d3341f9aa8d549a14b7523360ed59aa8efb1f5,tests/run/test_patma.py,682,"match x:
            case (0 as z) | (1 as z) | (2 as z) if z == x % 2:
                y = 0"
f5d3341f9aa8d549a14b7523360ed59aa8efb1f5,tests/run/test_patma.py,692,"match x:
            case (0 as z) | (1 as z) | (2 as z) if z == x % 2:
                y = 0"
f5d3341f9aa8d549a14b7523360ed59aa8efb1f5,tests/run/test_patma.py,703,"match x:
            case (0 as z) | (1 as z) | (2 as z) if z == x % 2:
                y = 0"
f5d3341f9aa8d549a14b7523360ed59aa8efb1f5,tests/run/test_patma.py,714,"match x:
            case (0 as z) | (1 as z) | (2 as z) if z == x % 2:
                y = 0"
f5d3341f9aa8d549a14b7523360ed59aa8efb1f5,tests/run/test_patma.py,723,"match x:
            case []:
                y = 0"
f5d3341f9aa8d549a14b7523360ed59aa8efb1f5,tests/run/test_patma.py,732,"match x:
            case ():
                y = 0"
f5d3341f9aa8d549a14b7523360ed59aa8efb1f5,tests/run/test_patma.py,741,"match x:
            case [0]:
                y = 0"
f5d3341f9aa8d549a14b7523360ed59aa8efb1f5,tests/run/test_patma.py,750,"match x:
            case [[]]:
                y = 0"
f5d3341f9aa8d549a14b7523360ed59aa8efb1f5,tests/run/test_patma.py,759,"match x:
            case [0, 1] | [1, 0]:
                y = 0"
f5d3341f9aa8d549a14b7523360ed59aa8efb1f5,tests/run/test_patma.py,768,"match x:
            case [0, 1] | [1, 0]:
                y = 0"
f5d3341f9aa8d549a14b7523360ed59aa8efb1f5,tests/run/test_patma.py,778,"match x:
            case [0, 1] | [1, 0]:
                y = 0"
f5d3341f9aa8d549a14b7523360ed59aa8efb1f5,tests/run/test_patma.py,788,"match x:
            case [(0 as w)]:
                y = 0
            case [z] | [1, (0 | 1 as z)] | [z]:
                y = 1"
f5d3341f9aa8d549a14b7523360ed59aa8efb1f5,tests/run/test_patma.py,801,"match x:
            case [0]:
                y = 0
            case [1, 0] if (x := x[:0]):
                y = 1
            case [1, 0]:
                y = 2"
f5d3341f9aa8d549a14b7523360ed59aa8efb1f5,tests/run/test_patma.py,815,"match x:
            case [0]:
                y = 0"
f5d3341f9aa8d549a14b7523360ed59aa8efb1f5,tests/run/test_patma.py,825,"match x:
            case []:
                y = 0"
f5d3341f9aa8d549a14b7523360ed59aa8efb1f5,tests/run/test_patma.py,835,"match x:
            case []:
                y = 0"
f5d3341f9aa8d549a14b7523360ed59aa8efb1f5,tests/run/test_patma.py,845,"match x:
            case []:
                y = 0"
f5d3341f9aa8d549a14b7523360ed59aa8efb1f5,tests/run/test_patma.py,855,"match x:
            case [0, 1]:
                y = 0"
f5d3341f9aa8d549a14b7523360ed59aa8efb1f5,tests/run/test_patma.py,864,"match x:
            case 0:
                y = 0"
f5d3341f9aa8d549a14b7523360ed59aa8efb1f5,tests/run/test_patma.py,874,"match x:
            case False:
                y = 0"
f5d3341f9aa8d549a14b7523360ed59aa8efb1f5,tests/run/test_patma.py,884,"match x:
            case 1:
                y = 0"
f5d3341f9aa8d549a14b7523360ed59aa8efb1f5,tests/run/test_patma.py,894,"match x:
            case None:
                y = 0"
f5d3341f9aa8d549a14b7523360ed59aa8efb1f5,tests/run/test_patma.py,903,"match x:
            case 0:
                y = 0
            case 0:
                y = 1"
f5d3341f9aa8d549a14b7523360ed59aa8efb1f5,tests/run/test_patma.py,915,"match x:
            case 1:
                y = 0
            case 1:
                y = 1"
f5d3341f9aa8d549a14b7523360ed59aa8efb1f5,tests/run/test_patma.py,926,"match x:
            case ""x"":
                y = 0
            case ""y"":
                y = 1"
f5d3341f9aa8d549a14b7523360ed59aa8efb1f5,tests/run/test_patma.py,937,"match x:
            case ""y"":
                y = 0
            case ""x"":
                y = 1"
f5d3341f9aa8d549a14b7523360ed59aa8efb1f5,tests/run/test_patma.py,948,"match x:
            case """":
                y = 0
            case ""x"":
                y = 1"
f5d3341f9aa8d549a14b7523360ed59aa8efb1f5,tests/run/test_patma.py,959,"match x:
            case b""y"":
                y = 0
            case b""x"":
                y = 1"
f5d3341f9aa8d549a14b7523360ed59aa8efb1f5,tests/run/test_patma.py,970,"match x:
            case 0 if False:
                y = 0
            case 0:
                y = 1"
f5d3341f9aa8d549a14b7523360ed59aa8efb1f5,tests/run/test_patma.py,982,"match x:
            case 0 if 0:
                y = 0
            case 0 if 0:
                y = 1"
f5d3341f9aa8d549a14b7523360ed59aa8efb1f5,tests/run/test_patma.py,993,"match x:
            case 0 if True:
                y = 0
            case 0 if True:
                y = 1"
f5d3341f9aa8d549a14b7523360ed59aa8efb1f5,tests/run/test_patma.py,1004,"match x:
            case 0 if 1:
                y = 0
            case 0 if 1:
                y = 1"
f5d3341f9aa8d549a14b7523360ed59aa8efb1f5,tests/run/test_patma.py,1015,"match x:
            case 0 if True:
                y = 0
            case 0 if True:
                y = 1"
f5d3341f9aa8d549a14b7523360ed59aa8efb1f5,tests/run/test_patma.py,1027,"match x:
            case 0 if 0:
                y = 0
            case 0 if 1:
                y = 1"
f5d3341f9aa8d549a14b7523360ed59aa8efb1f5,tests/run/test_patma.py,1040,"match x:
            case 0 if not (x := 1):
                y = 0
            case 1:
                y = 1"
f5d3341f9aa8d549a14b7523360ed59aa8efb1f5,tests/run/test_patma.py,1051,"match x:
            case [""x""]:
                y = 0
            case ""x"":
                y = 1"
f5d3341f9aa8d549a14b7523360ed59aa8efb1f5,tests/run/test_patma.py,1062,"match x:
            case [b""x""]:
                y = 0
            case [""x""]:
                y = 1
            case [120]:
                y = 2
            case b""x"":
                y = 4"
f5d3341f9aa8d549a14b7523360ed59aa8efb1f5,tests/run/test_patma.py,1078,"match x:
            case [120]:
                y = 0
            case 120:
                y = 1"
f5d3341f9aa8d549a14b7523360ed59aa8efb1f5,tests/run/test_patma.py,1089,"match x:
            case []:
                y = 0
            case [""""]:
                y = 1
            case """":
                y = 2"
f5d3341f9aa8d549a14b7523360ed59aa8efb1f5,tests/run/test_patma.py,1102,"match x:
            case [""x"", ""x"", ""x""]:
                y = 0
            case [""xxx""]:
                y = 1
            case ""xxx"":
                y = 2"
f5d3341f9aa8d549a14b7523360ed59aa8efb1f5,tests/run/test_patma.py,1115,"match x:
            case [120, 120, 120]:
                y = 0
            case [b""xxx""]:
                y = 1
            case b""xxx"":
                y = 2"
f5d3341f9aa8d549a14b7523360ed59aa8efb1f5,tests/run/test_patma.py,1128,"match x:
            case 0 if not (x := 1):
                y = 0
            case (0 as z):
                y = 1"
f5d3341f9aa8d549a14b7523360ed59aa8efb1f5,tests/run/test_patma.py,1140,"match x:
            case (1 as z) if not (x := 1):
                y = 0
            case 0:
                y = 1"
f5d3341f9aa8d549a14b7523360ed59aa8efb1f5,tests/run/test_patma.py,1151,"match x:
            case (0 as z):
                y = 0"
f5d3341f9aa8d549a14b7523360ed59aa8efb1f5,tests/run/test_patma.py,1162,"match x:
            case (1 as z):
                y = 0"
f5d3341f9aa8d549a14b7523360ed59aa8efb1f5,tests/run/test_patma.py,1172,"match x:
            case (0 as z) if (w := 0):
                y = 0"
f5d3341f9aa8d549a14b7523360ed59aa8efb1f5,tests/run/test_patma.py,1183,"match x:
            case ((0 as w) as z):
                y = 0"
f5d3341f9aa8d549a14b7523360ed59aa8efb1f5,tests/run/test_patma.py,1194,"match x:
            case (0 | 1) | 2:
                y = 0"
f5d3341f9aa8d549a14b7523360ed59aa8efb1f5,tests/run/test_patma.py,1203,"match x:
            case (0 | 1) | 2:
                y = 0"
f5d3341f9aa8d549a14b7523360ed59aa8efb1f5,tests/run/test_patma.py,1212,"match x:
            case (0 | 1) | 2:
                y = 0"
f5d3341f9aa8d549a14b7523360ed59aa8efb1f5,tests/run/test_patma.py,1222,"match x:
            case (0 | 1) | 2:
                y = 0"
f5d3341f9aa8d549a14b7523360ed59aa8efb1f5,tests/run/test_patma.py,1231,"match x:
            case 0 | (1 | 2):
                y = 0"
f5d3341f9aa8d549a14b7523360ed59aa8efb1f5,tests/run/test_patma.py,1240,"match x:
            case 0 | (1 | 2):
                y = 0"
f5d3341f9aa8d549a14b7523360ed59aa8efb1f5,tests/run/test_patma.py,1249,"match x:
            case 0 | (1 | 2):
                y = 0"
f5d3341f9aa8d549a14b7523360ed59aa8efb1f5,tests/run/test_patma.py,1259,"match x:
            case 0 | (1 | 2):
                y = 0"
f5d3341f9aa8d549a14b7523360ed59aa8efb1f5,tests/run/test_patma.py,1268,"match x:
            case -0:
                y = 0"
f5d3341f9aa8d549a14b7523360ed59aa8efb1f5,tests/run/test_patma.py,1277,"match x:
            case -0.0:
                y = 0"
f5d3341f9aa8d549a14b7523360ed59aa8efb1f5,tests/run/test_patma.py,1286,"match x:
            case -0j:
                y = 0"
f5d3341f9aa8d549a14b7523360ed59aa8efb1f5,tests/run/test_patma.py,1295,"match x:
            case -0.0j:
                y = 0"
f5d3341f9aa8d549a14b7523360ed59aa8efb1f5,tests/run/test_patma.py,1304,"match x:
            case -1:
                y = 0"
f5d3341f9aa8d549a14b7523360ed59aa8efb1f5,tests/run/test_patma.py,1313,"match x:
            case -1.5:
                y = 0"
f5d3341f9aa8d549a14b7523360ed59aa8efb1f5,tests/run/test_patma.py,1322,"match x:
            case -1j:
                y = 0"
f5d3341f9aa8d549a14b7523360ed59aa8efb1f5,tests/run/test_patma.py,1331,"match x:
            case -1.5j:
                y = 0"
f5d3341f9aa8d549a14b7523360ed59aa8efb1f5,tests/run/test_patma.py,1340,"match x:
            case 0 + 0j:
                y = 0"
f5d3341f9aa8d549a14b7523360ed59aa8efb1f5,tests/run/test_patma.py,1349,"match x:
            case 0 - 0j:
                y = 0"
f5d3341f9aa8d549a14b7523360ed59aa8efb1f5,tests/run/test_patma.py,1358,"match x:
            case -0 + 0j:
                y = 0"
f5d3341f9aa8d549a14b7523360ed59aa8efb1f5,tests/run/test_patma.py,1367,"match x:
            case -0 - 0j:
                y = 0"
f5d3341f9aa8d549a14b7523360ed59aa8efb1f5,tests/run/test_patma.py,1376,"match x:
            case 0.25 + 1.75j:
                y = 0"
f5d3341f9aa8d549a14b7523360ed59aa8efb1f5,tests/run/test_patma.py,1385,"match x:
            case 0.25 - 1.75j:
                y = 0"
f5d3341f9aa8d549a14b7523360ed59aa8efb1f5,tests/run/test_patma.py,1394,"match x:
            case -0.25 + 1.75j:
                y = 0"
f5d3341f9aa8d549a14b7523360ed59aa8efb1f5,tests/run/test_patma.py,1403,"match x:
            case -0.25 - 1.75j:
                y = 0"
f5d3341f9aa8d549a14b7523360ed59aa8efb1f5,tests/run/test_patma.py,1414,"match x:
            case A.B:
                y = 0"
f5d3341f9aa8d549a14b7523360ed59aa8efb1f5,tests/run/test_patma.py,1427,"match x:
            case A.B.C:
                y = 0"
f5d3341f9aa8d549a14b7523360ed59aa8efb1f5,tests/run/test_patma.py,1441,"match x:
            case A.B.C:
                y = 0
            case A.B.D:
                y = 1"
f5d3341f9aa8d549a14b7523360ed59aa8efb1f5,tests/run/test_patma.py,1458,"match x:
            case A.B.C.D:
                y = 0"
f5d3341f9aa8d549a14b7523360ed59aa8efb1f5,tests/run/test_patma.py,1473,"match x:
            case A.B.C.D:
                y = 0
            case A.B.C.E:
                y = 1"
f5d3341f9aa8d549a14b7523360ed59aa8efb1f5,tests/run/test_patma.py,1486,"match match:
            case case:
                x = 0"
f5d3341f9aa8d549a14b7523360ed59aa8efb1f5,tests/run/test_patma.py,1496,"match case:
            case match:
                x = 0"
f5d3341f9aa8d549a14b7523360ed59aa8efb1f5,tests/run/test_patma.py,1506,"match x:
            case [*_, _]:
                y = 0
            case []:
                y = 1"
f5d3341f9aa8d549a14b7523360ed59aa8efb1f5,tests/run/test_patma.py,1517,"match x:
            case {0: 0}:
                y = 0
            case {}:
                y = 1"
f5d3341f9aa8d549a14b7523360ed59aa8efb1f5,tests/run/test_patma.py,1528,"match x:
            case {0: 0}:
                y = 0
            case {**z}:
                y = 1"
f5d3341f9aa8d549a14b7523360ed59aa8efb1f5,tests/run/test_patma.py,1539,"match ():
            case ():
                x = 0"
f5d3341f9aa8d549a14b7523360ed59aa8efb1f5,tests/run/test_patma.py,1546,"match (0, 1, 2):
            case (*x,):
                y = 0"
f5d3341f9aa8d549a14b7523360ed59aa8efb1f5,tests/run/test_patma.py,1554,"match (0, 1, 2):
            case 0, *x:
                y = 0"
f5d3341f9aa8d549a14b7523360ed59aa8efb1f5,tests/run/test_patma.py,1562,"match (0, 1, 2):
            case (0, 1, *x,):
                y = 0"
f5d3341f9aa8d549a14b7523360ed59aa8efb1f5,tests/run/test_patma.py,1570,"match (0, 1, 2):
            case 0, 1, 2, *x:
                y = 0"
f5d3341f9aa8d549a14b7523360ed59aa8efb1f5,tests/run/test_patma.py,1578,"match (0, 1, 2):
            case *x, 2,:
                y = 0"
f5d3341f9aa8d549a14b7523360ed59aa8efb1f5,tests/run/test_patma.py,1586,"match (0, 1, 2):
            case (*x, 1, 2):
                y = 0"
f5d3341f9aa8d549a14b7523360ed59aa8efb1f5,tests/run/test_patma.py,1594,"match (0, 1, 2):
            case *x, 0, 1, 2,:
                y = 0"
f5d3341f9aa8d549a14b7523360ed59aa8efb1f5,tests/run/test_patma.py,1602,"match (0, 1, 2):
            case (0, *x, 2):
                y = 0"
f5d3341f9aa8d549a14b7523360ed59aa8efb1f5,tests/run/test_patma.py,1610,"match (0, 1, 2):
            case 0, 1, *x, 2,:
                y = 0"
f5d3341f9aa8d549a14b7523360ed59aa8efb1f5,tests/run/test_patma.py,1618,"match (0, 1, 2):
            case (0, *x, 1, 2):
                y = 0"
f5d3341f9aa8d549a14b7523360ed59aa8efb1f5,tests/run/test_patma.py,1626,"match (0, 1, 2):
            case *x,:
                y = 0"
f5d3341f9aa8d549a14b7523360ed59aa8efb1f5,tests/run/test_patma.py,1635,"match x:
            case {1: 0}:
                y = 0
            case {0: 0}:
                y = 1
            case {}:
                y = 2"
f5d3341f9aa8d549a14b7523360ed59aa8efb1f5,tests/run/test_patma.py,1648,"match x:
            case {1: 0}:
                y = 0
            case {0: 0}:
                y = 1
            case {**z}:
                y = 2"
f5d3341f9aa8d549a14b7523360ed59aa8efb1f5,tests/run/test_patma.py,1662,"match x:
            case {1: 0}:
                y = 0
            case {0: 0}:
                y = 1
            case {0: _, **z}:
                y = 2"
f5d3341f9aa8d549a14b7523360ed59aa8efb1f5,tests/run/test_patma.py,1676,"match x:
            case {1: 0}:
                y = 0
            case {0: 0}:
                y = 0
            case {}:
                y = 1"
f5d3341f9aa8d549a14b7523360ed59aa8efb1f5,tests/run/test_patma.py,1689,"match x:
            case {1: 0}:
                y = 0
            case {0: 0}:
                y = 0
            case {**z}:
                y = 1"
f5d3341f9aa8d549a14b7523360ed59aa8efb1f5,tests/run/test_patma.py,1703,"match x:
            case {1: 0}:
                y = 0
            case {0: 0}:
                y = 0
            case {0: _, **z}:
                y = 1"
f5d3341f9aa8d549a14b7523360ed59aa8efb1f5,tests/run/test_patma.py,1717,"match x:
            case bool(z):
                y = 0"
f5d3341f9aa8d549a14b7523360ed59aa8efb1f5,tests/run/test_patma.py,1727,"match x:
            case bool(z):
                y = 0"
f5d3341f9aa8d549a14b7523360ed59aa8efb1f5,tests/run/test_patma.py,1737,"match x:
            case bytearray(z):
                y = 0"
f5d3341f9aa8d549a14b7523360ed59aa8efb1f5,tests/run/test_patma.py,1747,"match x:
            case bytes(z):
                y = 0"
f5d3341f9aa8d549a14b7523360ed59aa8efb1f5,tests/run/test_patma.py,1757,"match x:
            case dict(z):
                y = 0"
f5d3341f9aa8d549a14b7523360ed59aa8efb1f5,tests/run/test_patma.py,1767,"match x:
            case float(z):
                y = 0"
f5d3341f9aa8d549a14b7523360ed59aa8efb1f5,tests/run/test_patma.py,1777,"match x:
            case frozenset(z):
                y = 0"
f5d3341f9aa8d549a14b7523360ed59aa8efb1f5,tests/run/test_patma.py,1787,"match x:
            case int(z):
                y = 0"
f5d3341f9aa8d549a14b7523360ed59aa8efb1f5,tests/run/test_patma.py,1797,"match x:
            case list(z):
                y = 0"
f5d3341f9aa8d549a14b7523360ed59aa8efb1f5,tests/run/test_patma.py,1807,"match x:
            case set(z):
                y = 0"
f5d3341f9aa8d549a14b7523360ed59aa8efb1f5,tests/run/test_patma.py,1817,"match x:
            case str(z):
                y = 0"
f5d3341f9aa8d549a14b7523360ed59aa8efb1f5,tests/run/test_patma.py,1827,"match x:
            case tuple(z):
                y = 0"
f5d3341f9aa8d549a14b7523360ed59aa8efb1f5,tests/run/test_patma.py,1837,"match x,:
            case y,:
                z = 0"
f5d3341f9aa8d549a14b7523360ed59aa8efb1f5,tests/run/test_patma.py,1848,"match w, x:
            case y, z:
                v = 0"
f5d3341f9aa8d549a14b7523360ed59aa8efb1f5,tests/run/test_patma.py,1860,"match w := x,:
            case y as v,:
                z = 0"
f5d3341f9aa8d549a14b7523360ed59aa8efb1f5,tests/run/test_patma.py,1873,"match x:
            case 0 if x:
                y = 0"
f5d3341f9aa8d549a14b7523360ed59aa8efb1f5,tests/run/test_patma.py,1883,"match x:
            case 1e1000:
                y = 0"
f5d3341f9aa8d549a14b7523360ed59aa8efb1f5,tests/run/test_patma.py,1892,"match x:
            case z:
                y = 0"
f5d3341f9aa8d549a14b7523360ed59aa8efb1f5,tests/run/test_patma.py,1903,"match x:
            case _ if x:
                y = 0"
f5d3341f9aa8d549a14b7523360ed59aa8efb1f5,tests/run/test_patma.py,1912,"match x:
            case -1e1000:
                y = 0
            case 0:
                y = 1"
f5d3341f9aa8d549a14b7523360ed59aa8efb1f5,tests/run/test_patma.py,1923,"match x:
            case 0 if not x:
                y = 0
            case 1:
                y = 1"
f5d3341f9aa8d549a14b7523360ed59aa8efb1f5,tests/run/test_patma.py,1935,"match x:
            case 0:
                y = 0
            case z if x:
                y = 1"
f5d3341f9aa8d549a14b7523360ed59aa8efb1f5,tests/run/test_patma.py,1947,"match x:
            case 0:
                y = 0
            case _:
                y = 1"
f5d3341f9aa8d549a14b7523360ed59aa8efb1f5,tests/run/test_patma.py,1958,"match x:
            case 1 if x:
                y = 0
            case 0:
                y = 1"
f5d3341f9aa8d549a14b7523360ed59aa8efb1f5,tests/run/test_patma.py,1970,"match x:
            case 1:
                y = 0
            case 1 if not x:
                y = 1"
f5d3341f9aa8d549a14b7523360ed59aa8efb1f5,tests/run/test_patma.py,1981,"match x:
            case 1:
                y = 0
            case z:
                y = 1"
f5d3341f9aa8d549a14b7523360ed59aa8efb1f5,tests/run/test_patma.py,1993,"match x:
            case 1 if x:
                y = 0
            case _:
                y = 1"
f5d3341f9aa8d549a14b7523360ed59aa8efb1f5,tests/run/test_patma.py,2004,"match x:
            case z if not z:
                y = 0
            case 0 if x:
                y = 1"
f5d3341f9aa8d549a14b7523360ed59aa8efb1f5,tests/run/test_patma.py,2016,"match x:
            case z if not z:
                y = 0
            case 1:
                y = 1"
f5d3341f9aa8d549a14b7523360ed59aa8efb1f5,tests/run/test_patma.py,2028,"match x:
            case z if not x:
                y = 0
            case z:
                y = 1"
f5d3341f9aa8d549a14b7523360ed59aa8efb1f5,tests/run/test_patma.py,2040,"match x:
            case z if not z:
                y = 0
            case _ if x:
                y = 1"
f5d3341f9aa8d549a14b7523360ed59aa8efb1f5,tests/run/test_patma.py,2052,"match x:
            case _ if not x:
                y = 0
            case 0:
                y = 1"
f5d3341f9aa8d549a14b7523360ed59aa8efb1f5,tests/run/test_patma.py,2064,"match x:
            case _ if x:
                y = 0
            case 1:
                y = 1"
f5d3341f9aa8d549a14b7523360ed59aa8efb1f5,tests/run/test_patma.py,2076,"match x:
            case _ if not x:
                y = 0
            case z if not x:
                y = 1"
f5d3341f9aa8d549a14b7523360ed59aa8efb1f5,tests/run/test_patma.py,2088,"match x:
            case _ if not x:
                y = 0
            case _:
                y = 1"
f5d3341f9aa8d549a14b7523360ed59aa8efb1f5,tests/run/test_patma.py,2099,"match status:
                case 400:
                    return ""Bad request""
                case 401:
                    return ""Unauthorized""
                case 403:
                    return ""Forbidden""
                case 404:
                    return ""Not found""
                case 418:
                    return ""I'm a teapot""
                case _:
                    return ""Something else"""
f5d3341f9aa8d549a14b7523360ed59aa8efb1f5,tests/run/test_patma.py,2124,"match status:
                case 400:
                    return ""Bad request""
                case 401 | 403 | 404:
                    return ""Not allowed""
                case 418:
                    return ""I'm a teapot"""
f5d3341f9aa8d549a14b7523360ed59aa8efb1f5,tests/run/test_patma.py,2143,"match point:
                case (0, 0):
                    return ""Origin""
                case (0, y):
                    return f""Y={y}""
                case (x, 0):
                    return f""X={x}""
                case (x, y):
                    return f""X={x}, Y={y}""
                case _:
                    return ""Not a point"""
f5d3341f9aa8d549a14b7523360ed59aa8efb1f5,tests/run/test_patma.py,2163,"match point:
                case Point(0, 0):
                    return ""Origin""
                case Point(0, y):
                    return f""Y={y}""
                case Point(x, 0):
                    return f""X={x}""
                case Point():
                    return ""Somewhere else""
                case _:
                    return ""Not a point"""
f5d3341f9aa8d549a14b7523360ed59aa8efb1f5,tests/run/test_patma.py,2187,"match point:
                case Point(1, var):
                    return var"
f5d3341f9aa8d549a14b7523360ed59aa8efb1f5,tests/run/test_patma.py,2196,"match point:
                case Point(1, y=var):
                    return var"
f5d3341f9aa8d549a14b7523360ed59aa8efb1f5,tests/run/test_patma.py,2205,"match point:
                case Point(x=1, y=var):
                    return var"
f5d3341f9aa8d549a14b7523360ed59aa8efb1f5,tests/run/test_patma.py,2214,"match point:
                case Point(y=var, x=1):
                    return var"
f5d3341f9aa8d549a14b7523360ed59aa8efb1f5,tests/run/test_patma.py,2223,"match points:
                case []:
                    return ""No points""
                case [Point(0, 0)]:
                    return ""The origin""
                case [Point(x, y)]:
                    return f""Single point {x}, {y}""
                case [Point(0, y1), Point(0, y2)]:
                    return f""Two on the Y axis at {y1}, {y2}""
                case _:
                    return ""Something else"""
f5d3341f9aa8d549a14b7523360ed59aa8efb1f5,tests/run/test_patma.py,2246,"match point:
                case Point(x, y) if x == y:
                    return f""Y=X at {x}""
                case Point(x, y):
                    return ""Not on the diagonal"""
f5d3341f9aa8d549a14b7523360ed59aa8efb1f5,tests/run/test_patma.py,2264,"match Seq():
            case []:
                y = 0"
f5d3341f9aa8d549a14b7523360ed59aa8efb1f5,tests/run/test_patma.py,2275,"match Seq():
            case [*_]:
                y = 0"
f5d3341f9aa8d549a14b7523360ed59aa8efb1f5,tests/run/test_patma.py,2287,"match Seq():
            case [x, *_, y]:
                z = 0"
f5d3341f9aa8d549a14b7523360ed59aa8efb1f5,tests/run/test_patma.py,2297,"match w:
            case [x, y, *rest]:
                z = 0"
f5d3341f9aa8d549a14b7523360ed59aa8efb1f5,tests/run/test_patma.py,2309,"match w:
            case (x, y, *rest):
                z = 0"
f5d3341f9aa8d549a14b7523360ed59aa8efb1f5,tests/run/test_patma.py,2321,"match w:
            case x, y, *rest:
                z = 0"
f5d3341f9aa8d549a14b7523360ed59aa8efb1f5,tests/run/test_patma.py,2333,"match w:
            case [x, y, *_]:
                z = 0"
f5d3341f9aa8d549a14b7523360ed59aa8efb1f5,tests/run/test_patma.py,2344,"match w:
            case (x, y, *_):
                z = 0"
f5d3341f9aa8d549a14b7523360ed59aa8efb1f5,tests/run/test_patma.py,2355,"match w:
            case x, y, *_:
                z = 0"
f5d3341f9aa8d549a14b7523360ed59aa8efb1f5,tests/run/test_patma.py,2366,"match x:
            case {""bandwidth"": b, ""latency"": l}:
                y = 0"
f5d3341f9aa8d549a14b7523360ed59aa8efb1f5,tests/run/test_patma.py,2377,"match x:
            case {""latency"": l, ""bandwidth"": b}:
                y = 0"
f5d3341f9aa8d549a14b7523360ed59aa8efb1f5,tests/run/test_patma.py,2388,"match x:
            case {""bandwidth"": b, ""latency"": l, **rest}:
                y = 0"
f5d3341f9aa8d549a14b7523360ed59aa8efb1f5,tests/run/test_patma.py,2400,"match x:
            case {""latency"": l, ""bandwidth"": b, **rest}:
                y = 0"
f5d3341f9aa8d549a14b7523360ed59aa8efb1f5,tests/run/test_patma.py,2412,"match w:
            case (Point(x1, y1), Point(x2, y2) as p2):
                z = 0"
f5d3341f9aa8d549a14b7523360ed59aa8efb1f5,tests/run/test_patma.py,2430,"match color:
                case Color.RED:
                    return ""I see red!""
                case Color.GREEN:
                    return ""Grass is green""
                case Color.BLUE:
                    return ""I'm feeling the blues :("""
f5d3341f9aa8d549a14b7523360ed59aa8efb1f5,tests/run/test_patma.py,2457,"match color:
                case Color.RED:
                    return ""I see red!""
                case Color.GREEN:
                    return ""Grass is green""
                case Color.BLUE:
                    return ""I'm feeling the blues :("""
f5d3341f9aa8d549a14b7523360ed59aa8efb1f5,tests/run/test_patma.py,2484,"match c:
            case Class(x, y):
                z = 0"
f5d3341f9aa8d549a14b7523360ed59aa8efb1f5,tests/run/test_patma.py,2498,"match c:
            case Class(x, b=y):
                z = 0"
f5d3341f9aa8d549a14b7523360ed59aa8efb1f5,tests/run/test_patma.py,2514,"match c:
            case Parent(x, y):
                z = 0"
f5d3341f9aa8d549a14b7523360ed59aa8efb1f5,tests/run/test_patma.py,2530,"match c:
            case Parent(x, b=y):
                z = 0"
f5d3341f9aa8d549a14b7523360ed59aa8efb1f5,tests/run/test_patma.py,2540,"match w:
                case 42:
                    out = locals()
                    del out[""w""]
                    return out"
f5d3341f9aa8d549a14b7523360ed59aa8efb1f5,tests/run/test_patma.py,2553,"match w:
                case 42.0:
                    out = locals()
                    del out[""w""]
                    return out"
f5d3341f9aa8d549a14b7523360ed59aa8efb1f5,tests/run/test_patma.py,2566,"match w:
                case 1 | 2 | 3:
                    out = locals()
                    del out[""w""]
                    return out"
f5d3341f9aa8d549a14b7523360ed59aa8efb1f5,tests/run/test_patma.py,2582,"match w:
                case [1, 2] | [3, 4]:
                    out = locals()
                    del out[""w""]
                    return out"
f5d3341f9aa8d549a14b7523360ed59aa8efb1f5,tests/run/test_patma.py,2597,"match w:
                case x:
                    out = locals()
                    del out[""w""]
                    return out"
f5d3341f9aa8d549a14b7523360ed59aa8efb1f5,tests/run/test_patma.py,2609,"match w:
                case _:
                    out = locals()
                    del out[""w""]
                    return out"
f5d3341f9aa8d549a14b7523360ed59aa8efb1f5,tests/run/test_patma.py,2621,"match w:
                case (x, y, z):
                    out = locals()
                    del out[""w""]
                    return out"
f5d3341f9aa8d549a14b7523360ed59aa8efb1f5,tests/run/test_patma.py,2639,"match w:
                case {""x"": x, ""y"": ""y"", ""z"": z}:
                    out = locals()
                    del out[""w""]
                    return out"
f5d3341f9aa8d549a14b7523360ed59aa8efb1f5,tests/run/test_patma.py,2652,"match w:
                case Point(int(xx), y=""hello""):
                    out = locals()
                    del out[""w""]
                    return out"
f5d3341f9aa8d549a14b7523360ed59aa8efb1f5,tests/run/test_patma.py,2662,"match w:
                case (p, q) as x:
                    out = locals()
                    del out[""w""]
                    return out"
f5d3341f9aa8d549a14b7523360ed59aa8efb1f5,tests/run/test_patma.py,2675,"match 42:
                case 42:
                    return locals()"
f5d3341f9aa8d549a14b7523360ed59aa8efb1f5,tests/run/test_patma.py,2683,"match 1:
                case 1 | 2 | 3:
                    return locals()"
f5d3341f9aa8d549a14b7523360ed59aa8efb1f5,tests/run/test_patma.py,2691,"match ...:
                case _:
                    return locals()"
f5d3341f9aa8d549a14b7523360ed59aa8efb1f5,tests/run/test_patma.py,2699,"match ...:
                case abc:
                    return locals()"
f5d3341f9aa8d549a14b7523360ed59aa8efb1f5,tests/run/test_patma.py,2707,"match ..., ...:
                case a, b:
                    return locals()"
f5d3341f9aa8d549a14b7523360ed59aa8efb1f5,tests/run/test_patma.py,2715,"match {""k"": ..., ""l"": ...}:
                case {""k"": a, ""l"": b}:
                    return locals()"
f5d3341f9aa8d549a14b7523360ed59aa8efb1f5,tests/run/test_patma.py,2723,"match Point(..., ...):
                case Point(x, y=y):
                    return locals()"
f5d3341f9aa8d549a14b7523360ed59aa8efb1f5,tests/run/test_patma.py,2731,"match ...:
                case b as a:
                    return locals()"
f5d3341f9aa8d549a14b7523360ed59aa8efb1f5,tests/run/test_patma.py,2739,"match x:
                case _:
                    return 0"
f5d3341f9aa8d549a14b7523360ed59aa8efb1f5,tests/run/test_patma.py,2750,"match x:
                case 0:
                    return 0"
f5d3341f9aa8d549a14b7523360ed59aa8efb1f5,tests/run/test_patma.py,2761,"match x:
                case 0:
                    return 0
                case _:
                    return 1"
f5d3341f9aa8d549a14b7523360ed59aa8efb1f5,tests/run/test_patma.py,2774,"match x:
                case 0:
                    return 0
                case 1:
                    return 1"
f5d3341f9aa8d549a14b7523360ed59aa8efb1f5,tests/run/test_patma.py,2787,"match x:
                case 0:
                    return 0
                case 1:
                    return 1
                case _:
                    return 2"
f5d3341f9aa8d549a14b7523360ed59aa8efb1f5,tests/run/test_patma.py,2802,"match x:
                case 0:
                    return 0
                case 1:
                    return 1
                case 2:
                    return 2"
f5d3341f9aa8d549a14b7523360ed59aa8efb1f5,tests/run/test_patma.py,2816,"match():
            case():
                x = 0"
f5d3341f9aa8d549a14b7523360ed59aa8efb1f5,tests/run/test_patma.py,2824,"match(x):
            case(x):
                y = 0"
f5d3341f9aa8d549a14b7523360ed59aa8efb1f5,tests/run/test_patma.py,2833,"match x:
            case False:
                y = 0
            case 0:
                y = 1"
f5d3341f9aa8d549a14b7523360ed59aa8efb1f5,tests/run/test_patma.py,2844,"match x:
            case True:
                y = 0
            case 1:
                y = 1"
f5d3341f9aa8d549a14b7523360ed59aa8efb1f5,tests/run/test_patma.py,2859,"match x:
            case None:
                y = 0"
f5d3341f9aa8d549a14b7523360ed59aa8efb1f5,tests/run/test_patma.py,2868,"match x:
            case False:
                y = 0"
f5d3341f9aa8d549a14b7523360ed59aa8efb1f5,tests/run/test_patma.py,2877,"match x:
            case True:
                y = 0"
f5d3341f9aa8d549a14b7523360ed59aa8efb1f5,tests/run/test_patma.py,2886,"match x:
            case None:
                y = 0"
f5d3341f9aa8d549a14b7523360ed59aa8efb1f5,tests/run/test_patma.py,2895,"match x:
            case (0 as w) as z:
                y = 0"
f5d3341f9aa8d549a14b7523360ed59aa8efb1f5,tests/run/test_patma.py,2906,"match x:
            case (0 as w) as z:
                y = 0"
f5d3341f9aa8d549a14b7523360ed59aa8efb1f5,tests/run/test_patma.py,2917,"match x:
            case ((a as b, c as d) as e) as w, ((f as g, h) as i) as z:
                y = 0"
f5d3341f9aa8d549a14b7523360ed59aa8efb1f5,tests/run/test_patma.py,2937,"match x:
            case {2: 3}:
                y = 0"
f5d3341f9aa8d549a14b7523360ed59aa8efb1f5,tests/run/test_patma.py,2946,"match x:
            case {2: 3, **z}:
                y = 0"
f5d3341f9aa8d549a14b7523360ed59aa8efb1f5,tests/run/test_patma.py,2956,"match x:
            case list([({-0-0j: int(real=0+0j, imag=0-0j) | (1) as z},)]):
                y = 0"
f5d3341f9aa8d549a14b7523360ed59aa8efb1f5,tests/run/test_patma.py,2966,"match x:
            case [y, *_, z]:
                w = 0"
f5d3341f9aa8d549a14b7523360ed59aa8efb1f5,tests/run/test_patma.py,2977,"match x:
            case [_, *_, y]:
                z = 0"
f5d3341f9aa8d549a14b7523360ed59aa8efb1f5,tests/run/test_patma.py,2987,"match x:
            case [*_, y]:
                z = 0"
f5d3341f9aa8d549a14b7523360ed59aa8efb1f5,tests/run/test_patma.py,2997,"match x:
            case {""y"": (0 as y) | (1 as y)}:
                z = 0"
f5d3341f9aa8d549a14b7523360ed59aa8efb1f5,tests/run/test_patma.py,3007,"match x:
                case ((a, b, c, d, e, f, g, h, i, 9) |
                      (h, g, i, a, b, d, e, c, f, 10) |
                      (g, b, a, c, d, -5, e, h, i, f) |
                      (-1, d, f, b, g, e, i, a, h, c)):
                    w = 0"
f5d3341f9aa8d549a14b7523360ed59aa8efb1f5,tests/run/test_patma.py,3032,"match x:
                case [y, (a, b, c, d, e, f, g, h, i, 9) |
                         (h, g, i, a, b, d, e, c, f, 10) |
                         (g, b, a, c, d, -5, e, h, i, f) |
                         (-1, d, f, b, g, e, i, a, h, c), z]:
                    w = 0"
f5d3341f9aa8d549a14b7523360ed59aa8efb1f5,tests/run/test_patma.py,3062,"match x:
            case {'foo': bar}:
                y = bar"
f5d3341f9aa8d549a14b7523360ed59aa8efb1f5,tests/run/test_patma.py,3075,"match x:
                    # looks up __attr, not _C__attr or _Outer__attr
                    case C(__attr=y):
                        return y"
f5d3341f9aa8d549a14b7523360ed59aa8efb1f5,tests/run/test_patma.py,3396,"match x:
                case Class(y):
                    z = 0"
f5d3341f9aa8d549a14b7523360ed59aa8efb1f5,tests/run/test_patma.py,3407,"match x:
                case range(10):
                    y = 0"
f5d3341f9aa8d549a14b7523360ed59aa8efb1f5,tests/run/test_patma.py,3421,"match x:
                case Class(y, z):
                    w = 0"
f5d3341f9aa8d549a14b7523360ed59aa8efb1f5,tests/run/test_patma.py,3436,"match x:
                case Class(y, a=z):
                    w = 0"
f5d3341f9aa8d549a14b7523360ed59aa8efb1f5,tests/run/test_patma.py,3450,"match x:
                case Class(y):
                    z = 0"
f5d3341f9aa8d549a14b7523360ed59aa8efb1f5,tests/run/test_patma.py,3463,"match x:
                case Class(y):
                    z = 0"
f5d3341f9aa8d549a14b7523360ed59aa8efb1f5,tests/run/test_patma.py,3476,"match x:
                case Class(y):
                    z = 0"
f5d3341f9aa8d549a14b7523360ed59aa8efb1f5,tests/run/test_patma.py,3491,"match x:
                case Class(y, z):
                    w = 0"
f5d3341f9aa8d549a14b7523360ed59aa8efb1f5,tests/run/test_patma.py,3508,"match x:
                case {Keys.KEY: y, ""a"": z}:
                    w = 0"
